MFR URL,Ref URL 1,Ref URL 2,Ref URL 3,Ref URL 4,Ref URL 5,PART_NUMBER,Dept,Class,Fine,SKU - MY_PART_NUMBER,Mfg_Part_Num,Part_Desc,E1_Brand,Unilog_Brand,DIB_Brand,Part_Manuf,MANUFACTURER_NAME,BRAND_NAME,TRADE_NAME,MANUFACTURER_PART_NUMBER,ALTERNATE_PART_NUMBER,Classpath,MOBILE_DESC,INVOICE_DESC,SHORT_DESC,LONG_DESC1,RETAIL_DESC,MARKETING_DESCRIPTION,ITEM_FEATURES_1,ITEM_FEATURES_2,ITEM_FEATURES_3,ITEM_FEATURES_4,ITEM_FEATURES_5,ITEM_FEATURES_6,ITEM_FEATURES_7,ITEM_FEATURES_8,ITEM_FEATURES_9,ITEM_FEATURES_10,ITEM_FEATURES_11,ITEM_FEATURES_12,ITEM_FEATURES_13,ITEM_FEATURES_14,ITEM_FEATURES_15,ITEM_FEATURES_16,ITEM_FEATURES_17,ITEM_FEATURES_18,ITEM_FEATURES_19,ITEM_FEATURES_20,With,Standard/Approvals,Prop 65,Application,Includes,Product Name,ATTRIBUTE_LABEL 1,ATTRIBUTE_VALUE 1,ATTRIBUTE_UOM 1,ATTRIBUTE_LABEL 2,ATTRIBUTE_VALUE 2,ATTRIBUTE_UOM 2,ATTRIBUTE_LABEL 3,ATTRIBUTE_VALUE 3,ATTRIBUTE_UOM 3,ATTRIBUTE_LABEL 4,ATTRIBUTE_VALUE 4,ATTRIBUTE_UOM 4,ATTRIBUTE_LABEL 5,ATTRIBUTE_VALUE 5,ATTRIBUTE_UOM 5,ATTRIBUTE_LABEL 6,ATTRIBUTE_VALUE 6,ATTRIBUTE_UOM 6,ATTRIBUTE_LABEL 7,ATTRIBUTE_VALUE 7,ATTRIBUTE_UOM 7,ATTRIBUTE_LABEL 8,ATTRIBUTE_VALUE 8,ATTRIBUTE_UOM 8,ATTRIBUTE_LABEL 9,ATTRIBUTE_VALUE 9,ATTRIBUTE_UOM 9,ATTRIBUTE_LABEL 10,ATTRIBUTE_VALUE 10,ATTRIBUTE_UOM 10,ATTRIBUTE_LABEL 11,ATTRIBUTE_VALUE 11,ATTRIBUTE_UOM 11,ATTRIBUTE_LABEL 12,ATTRIBUTE_VALUE 12,ATTRIBUTE_UOM 12,ATTRIBUTE_LABEL 13,ATTRIBUTE_VALUE 13,ATTRIBUTE_UOM 13,ATTRIBUTE_LABEL 14,ATTRIBUTE_VALUE 14,ATTRIBUTE_UOM 14,ATTRIBUTE_LABEL 15,ATTRIBUTE_VALUE 15,ATTRIBUTE_UOM 15,ATTRIBUTE_LABEL 16,ATTRIBUTE_VALUE 16,ATTRIBUTE_UOM 16,ATTRIBUTE_LABEL 17,ATTRIBUTE_VALUE 17,ATTRIBUTE_UOM 17,ATTRIBUTE_LABEL 18,ATTRIBUTE_VALUE 18,ATTRIBUTE_UOM 18,ATTRIBUTE_LABEL 19,ATTRIBUTE_VALUE 19,ATTRIBUTE_UOM 19,ATTRIBUTE_LABEL 20,ATTRIBUTE_VALUE 20,ATTRIBUTE_UOM 20,ATTRIBUTE_LABEL 21,ATTRIBUTE_VALUE 21,ATTRIBUTE_UOM 21,ATTRIBUTE_LABEL 22,ATTRIBUTE_VALUE 22,ATTRIBUTE_UOM 22,ATTRIBUTE_LABEL 23,ATTRIBUTE_VALUE 23,ATTRIBUTE_UOM 23,ATTRIBUTE_LABEL 24,ATTRIBUTE_VALUE 24,ATTRIBUTE_UOM 24,ATTRIBUTE_LABEL 25,ATTRIBUTE_VALUE 25,ATTRIBUTE_UOM 25,ATTRIBUTE_LABEL 26,ATTRIBUTE_VALUE 26,ATTRIBUTE_UOM 26,ATTRIBUTE_LABEL 27,ATTRIBUTE_VALUE 27,ATTRIBUTE_UOM 27,ATTRIBUTE_LABEL 28,ATTRIBUTE_VALUE 28,ATTRIBUTE_UOM 28,ATTRIBUTE_LABEL 29,ATTRIBUTE_VALUE 29,ATTRIBUTE_UOM 29,ATTRIBUTE_LABEL 30,ATTRIBUTE_VALUE 30,ATTRIBUTE_UOM 30,ATTRIBUTE_LABEL 31,ATTRIBUTE_VALUE 31,ATTRIBUTE_UOM 31,ATTRIBUTE_LABEL 32,ATTRIBUTE_VALUE 32,ATTRIBUTE_UOM 32,ATTRIBUTE_LABEL 33,ATTRIBUTE_VALUE 33,ATTRIBUTE_UOM 33,ATTRIBUTE_LABEL 34,ATTRIBUTE_VALUE 34,ATTRIBUTE_UOM 34,ATTRIBUTE_LABEL 35,ATTRIBUTE_VALUE 35,ATTRIBUTE_UOM 35,ATTRIBUTE_LABEL 36,ATTRIBUTE_VALUE 36,ATTRIBUTE_UOM 36,ATTRIBUTE_LABEL 37,ATTRIBUTE_VALUE 37,ATTRIBUTE_UOM 37,ATTRIBUTE_LABEL 38,ATTRIBUTE_VALUE 38,ATTRIBUTE_UOM 38,ATTRIBUTE_LABEL 39,ATTRIBUTE_VALUE 39,ATTRIBUTE_UOM 39,ATTRIBUTE_LABEL 40,ATTRIBUTE_VALUE 40,ATTRIBUTE_UOM 40,ATTRIBUTE_LABEL 41,ATTRIBUTE_VALUE 41,ATTRIBUTE_UOM 41,ATTRIBUTE_LABEL 42,ATTRIBUTE_VALUE 42,ATTRIBUTE_UOM 42,ATTRIBUTE_LABEL 43,ATTRIBUTE_VALUE 43,ATTRIBUTE_UOM 43,ATTRIBUTE_LABEL 44,ATTRIBUTE_VALUE 44,ATTRIBUTE_UOM 44,ATTRIBUTE_LABEL 45,ATTRIBUTE_VALUE 45,ATTRIBUTE_UOM 45,ATTRIBUTE_LABEL 46,ATTRIBUTE_VALUE 46,ATTRIBUTE_UOM 46,ATTRIBUTE_LABEL 47,ATTRIBUTE_VALUE 47,ATTRIBUTE_UOM 47,ATTRIBUTE_LABEL 48,ATTRIBUTE_VALUE 48,ATTRIBUTE_UOM 48,ATTRIBUTE_LABEL 49,ATTRIBUTE_VALUE 49,ATTRIBUTE_UOM 49,ATTRIBUTE_LABEL 50,ATTRIBUTE_VALUE 50,ATTRIBUTE_UOM 50,UPC,EAN,GTIN,UNSPSC,Warranty,List Price,Selling Qty,Selling UOM,Standard Packaging Information,LENGTH,LENGTH_UOM,HEIGHT,HEIGHT_UOM,WIDTH,WIDTH_UOM,WEIGHT,WEIGHT_UOM,VOLUME,VOLUME_UOM,Product Image,Alternate Image 1,Alternate Image 2,Alternate Image 3,Alternate Image 4,SDS,SDS_1,Warranty Information,Catalog,Specification Sheet,Instruction/Installation Manual,Service Manual,Owners/User Manual,Line Drawing,MTR,RoHS,Full Engineering Drawing,Energy Star Guide,Technical Bulletin,Submittal,Compatibility Chart,Size Chart,Product Label/Insert,Video Link,Video Link 1,Country Of Origin,Discontinued,Actual Image (Yes/No)
,,,,,,,,,,,DCB518ASTS06G,"DCB518ASTS06G Diablo 1/2""x18"" - Sanding Belt 6pc",-- Unbranded --,-- No Unilog Brand --,-- No DIB Brand --,Freud Inc (2435),"Freud America, Inc",,,DCB518ASTS06G,,UNKNOWN,"Freud America, Inc, UNKNOWN, DCB518ASTS06G",UNKNOWN,"Freud America, Inc DCB518ASTS06G UNKNOWN",,UNKNOWN,,,,,,,,,,,,,,,,,,,,,,,,,,,,,,,,,,,,,,,,,,,,,,,,,,,,,,,,,,,,,,,,,,,,,,,,,,,,,,,,,,,,,,,,,,,,,,,,,,,,,,,,,,,,,,,,,,,,,,,,,,,,,,,,,,,,,,,,,,,,,,,,,,,,,,,,,,,,,,,,,,,,,,,,,,,,,,,,,,,,,,,,,,,,,,,,,,,,,,,,,,,,,,,,,,,,,,,,,,,,,,,,
,,,,,,,,,,,3MABR-7100075678,3M 775L Stikit Film P150 - Cubitron II 50 Disc/Box,-- Unbranded --,-- No Unilog Brand --,-- No DIB Brand --,Jam Industrial Supply LLC (JAMIN),,,,3MABR-7100075678,,UNKNOWN,"UNKNOWN, 3MABR-7100075678",UNKNOWN,3MABR-7100075678 UNKNOWN,,UNKNOWN,,,,,,,,,,,,,,,,,,,,,,,,,,,,,,,,,,,,,,,,,,,,,,,,,,,,,,,,,,,,,,,,,,,,,,,,,,,,,,,,,,,,,,,,,,,,,,,,,,,,,,,,,,,,,,,,,,,,,,,,,,,,,,,,,,,,,,,,,,,,,,,,,,,,,,,,,,,,,,,,,,,,,,,,,,,,,,,,,,,,,,,,,,,,,,,,,,,,,,,,,,,,,,,,,,,,,,,,,,,,,,,,
,,,,,,,,,,,3MABR-7100045865,3M 775L Stikit Film P120 - Cubitron II 50 Disc/Box,-- Unbranded --,-- No Unilog Brand --,-- No DIB Brand --,Jam Industrial Supply LLC (JAMIN),,,,3MABR-7100045865,,UNKNOWN,"UNKNOWN, 3MABR-7100045865",UNKNOWN,3MABR-7100045865 UNKNOWN,,UNKNOWN,,,,,,,,,,,,,,,,,,,,,,,,,,,,,,,,,,,,,,,,,,,,,,,,,,,,,,,,,,,,,,,,,,,,,,,,,,,,,,,,,,,,,,,,,,,,,,,,,,,,,,,,,,,,,,,,,,,,,,,,,,,,,,,,,,,,,,,,,,,,,,,,,,,,,,,,,,,,,,,,,,,,,,,,,,,,,,,,,,,,,,,,,,,,,,,,,,,,,,,,,,,,,,,,,,,,,,,,,,,,,,,,
,,,,,,,,,,,3MABR-7100048736,3M 775L Stikit Film P80 - Cubitron II 50 Disc/Box,-- Unbranded --,-- No Unilog Brand --,-- No DIB Brand --,Jam Industrial Supply LLC (JAMIN),,,,3MABR-7100048736,,UNKNOWN,"UNKNOWN, 3MABR-7100048736",UNKNOWN,3MABR-7100048736 UNKNOWN,,UNKNOWN,,,,,,,,,,,,,,,,,,,,,,,,,,,,,,,,,,,,,,,,,,,,,,,,,,,,,,,,,,,,,,,,,,,,,,,,,,,,,,,,,,,,,,,,,,,,,,,,,,,,,,,,,,,,,,,,,,,,,,,,,,,,,,,,,,,,,,,,,,,,,,,,,,,,,,,,,,,,,,,,,,,,,,,,,,,,,,,,,,,,,,,,,,,,,,,,,,,,,,,,,,,,,,,,,,,,,,,,,,,,,,,,
,,,,,,,,,,,3MABR-7100075690,3M 775L Stikit Film P180 - Cubitron II 50 Disc/Box,-- Unbranded --,-- No Unilog Brand --,-- No DIB Brand --,Jam Industrial Supply LLC (JAMIN),,,,3MABR-7100075690,,UNKNOWN,"UNKNOWN, 3MABR-7100075690",UNKNOWN,3MABR-7100075690 UNKNOWN,,UNKNOWN,,,,,,,,,,,,,,,,,,,,,,,,,,,,,,,,,,,,,,,,,,,,,,,,,,,,,,,,,,,,,,,,,,,,,,,,,,,,,,,,,,,,,,,,,,,,,,,,,,,,,,,,,,,,,,,,,,,,,,,,,,,,,,,,,,,,,,,,,,,,,,,,,,,,,,,,,,,,,,,,,,,,,,,,,,,,,,,,,,,,,,,,,,,,,,,,,,,,,,,,,,,,,,,,,,,,,,,,,,,,,,,,
,,,,,,,,,,,3MABR-7100075692,3M 775L Stikit Film P220 - Cubitron II 50 Disc/Box,-- Unbranded --,-- No Unilog Brand --,-- No DIB Brand --,Jam Industrial Supply LLC (JAMIN),,,,3MABR-7100075692,,UNKNOWN,"UNKNOWN, 3MABR-7100075692",UNKNOWN,3MABR-7100075692 UNKNOWN,,UNKNOWN,,,,,,,,,,,,,,,,,,,,,,,,,,,,,,,,,,,,,,,,,,,,,,,,,,,,,,,,,,,,,,,,,,,,,,,,,,,,,,,,,,,,,,,,,,,,,,,,,,,,,,,,,,,,,,,,,,,,,,,,,,,,,,,,,,,,,,,,,,,,,,,,,,,,,,,,,,,,,,,,,,,,,,,,,,,,,,,,,,,,,,,,,,,,,,,,,,,,,,,,,,,,,,,,,,,,,,,,,,,,,,,,
,,,,,,,,,,,3MABR-7100145365,3M 775L Stikit Film P320 - Cubitron II 50 Disc/Box,-- Unbranded --,-- No Unilog Brand --,-- No DIB Brand --,Jam Industrial Supply LLC (JAMIN),,,,3MABR-7100145365,,UNKNOWN,"UNKNOWN, 3MABR-7100145365",UNKNOWN,3MABR-7100145365 UNKNOWN,,UNKNOWN,,,,,,,,,,,,,,,,,,,,,,,,,,,,,,,,,,,,,,,,,,,,,,,,,,,,,,,,,,,,,,,,,,,,,,,,,,,,,,,,,,,,,,,,,,,,,,,,,,,,,,,,,,,,,,,,,,,,,,,,,,,,,,,,,,,,,,,,,,,,,,,,,,,,,,,,,,,,,,,,,,,,,,,,,,,,,,,,,,,,,,,,,,,,,,,,,,,,,,,,,,,,,,,,,,,,,,,,,,,,,,,,
,,,,,,,,,,,5B-332-080,"5B-332-080 HIOLIT 5"" P80",-- Unbranded --,-- No Unilog Brand --,-- No DIB Brand --,Mirka Abrasives Inc (MIRUS),Mirka Ltd,,,5B-332-080,,Tools & Equipment>Power Tools>Oscillating Tools>Oscillating Tool Sandpaper & Sanding Pads,"Mirka Ltd, Oscillating Tool Sandpaper & Sanding Pad, 5B-332-080",OSCILLATING TOOL SANDPAPER & SANDING PAD,Mirka Ltd 5B-332-080 Oscillating Tool Sandpaper & Sanding Pad,"The Mirka Ltd 5B-332-080 sandpaper and sanding pads, part of the Abranet Series, are designed for efficient sanding with a length of 5 inches and a width of 100 mm. Featuring P80 grit size and grade, these pads utilize aluminum oxide as the abrasive material and have a polyamide net backing material. The resin on resin bond type ensures durability, and with a closed coating, these sanding pads are suitable for a variety of applications including chipboard, paint sanding, paint stripping, plaster, plastic, primer, and removal tasks. The light brown color and specific design make them a reliable choice for various sanding needs.",Oscillating Tool Sandpaper & Sanding Pad,"Efficiently sand various surfaces with the Mirka Ltd 5B-332-080 sandpaper and sanding pads, featuring durable aluminum oxide abrasive and a polyamide net backing for consistent results.",,,,,,,,,,,,,,,,,,,,,,,,,,,Series,Abranet Series,,Length,5,mm,Width,100,mm,Grit Size,P80,,Grit Grade,P80,,Abrasive Material,Aluminum Oxide,,Backing Material,Polyamide Net,,Backing Weight,,,Bond Type,Resin On Resin,,Cut Materials,"Chipboard, Paint Sanding, Paint Stripping, Plaster, Plastic, Primer, Removal",,Color,Light Brown,,Number of Sheets,,,Additional Information,Closed Coating,,,,,,,,,,,,,,,,,,,,,,,,,,,,,,,,,,,,,,,,,,,,,,,,,,,,,,,,,,,,,,,,,,,,,,,,,,,,,,,,,,,,,,,,,,,,,,,,,,,,,,,,,,,,,,,,,,,,,,,,,,,,,,,,,,,,,,,,,,,,,,,,,,,,,,,,,,,,,,,
,,,,,,,,,,,5B-332-120,"5B-332-120 HIOLIT 5"" P120",-- Unbranded --,-- No Unilog Brand --,-- No DIB Brand --,Mirka Abrasives Inc (MIRUS),Mirka Ltd,,,5B-332-120,,Tools & Equipment>Power Tools>Oscillating Tools>Oscillating Tool Sandpaper & Sanding Pads,"Mirka Ltd, Oscillating Tool Sandpaper & Sanding Pad, 5B-332-120",OSCILLATING TOOL SANDPAPER & SANDING PAD,Mirka Ltd 5B-332-120 Oscillating Tool Sandpaper & Sanding Pad,,Oscillating Tool Sandpaper & Sanding Pad,,,,,,,,,,,,,,,,,,,,,,,,,,,,Series,Abranet Series,,Length,5,mm,Width,100,mm,Grit Size,120,,Grit Grade,P120,,Abrasive Material,Aluminum Oxide,,Backing Material,Polyamide Net,,Backing Weight,,,Bond Type,Resin On Resin,,Cut Materials,"Chipboard, Paint Sanding, Paint Stripping, Plaster, Plastic, Primer, Removal",,Color,HIOLIT,,Number of Sheets,1,,Additional Information,Closed Coating,,,,,,,,,,,,,,,,,,,,,,,,,,,,,,,,,,,,,,,,,,,,,,,,,,,,,,,,,,,,,,,,,,,,,,,,,,,,,,,,,,,,,,,,,,,,,,,,,,,,,,,,,,,,,,,,,,,,,,,,,,,,,,,,,,,,,,,,,,,,,,,,,,,,,,,,,,,,,,,
,,,,,,,,,,,9A-570-240,9A-570-240 Abranet 2.75x30,-- Unbranded --,-- No Unilog Brand --,-- No DIB Brand --,Mirka Abrasives Inc (MIRUS),Mirka Ltd,,,9A-570-240,,Tools & Equipment>Power Tools>Oscillating Tools>Oscillating Tool Sandpaper & Sanding Pads,"Mirka Ltd, Oscillating Tool Sandpaper & Sanding Pad, 9A-570-240",OSCILLATING TOOL SANDPAPER & SANDING PAD,Mirka Ltd 9A-570-240 Oscillating Tool Sandpaper & Sanding Pad,,Oscillating Tool Sandpaper & Sanding Pad,,,,,,,,,,,,,,,,,,,,,,,,,,,,Series,Abranet Series,,Length,2.75,mm,Width,30,mm,Grit Size,120,,Grit Grade,,,Abrasive Material,,,Backing Material,,,Backing Weight,,,Bond Type,Resin On Resin,,Cut Materials,,,Color,,,Number of Sheets,,,Additional Information,,,,,,,,,,,,,,,,,,,,,,,,,,,,,,,,,,,,,,,,,,,,,,,,,,,,,,,,,,,,,,,,,,,,,,,,,,,,,,,,,,,,,,,,,,,,,,,,,,,,,,,,,,,,,,,,,,,,,,,,,,,,,,,,,,,,,,,,,,,,,,,,,,,,,,,,,,,,,,,,
,,,,,,,,,,,9A-570-320,9A-570-320 Abranet 2.75x30,-- Unbranded --,-- No Unilog Brand --,-- No DIB Brand --,Mirka Abrasives Inc (MIRUS),Mirka Ltd,,,9A-570-320,,Tools & Equipment>Power Tools>Oscillating Tools>Oscillating Tool Sandpaper & Sanding Pads,"Mirka Ltd, Oscillating Tool Sandpaper & Sanding Pad, 9A-570-320",OSCILLATING TOOL SANDPAPER & SANDING PAD,Mirka Ltd 9A-570-320 Oscillating Tool Sandpaper & Sanding Pad,"The Mirka Ltd 9A-570-320 oscillating tool sandpaper and sanding pads, part of the Abranet Series, offer a length of 2.75 inches and a width of 30 inches, making them suitable for various sanding tasks. With a grit size of 120, these sanding pads provide a medium level of abrasiveness, ideal for smoothing out surfaces. The resin on resin bond type ensures a strong and durable bond between the abrasive grains and the backing material, allowing for efficient sanding performance.",Oscillating Tool Sandpaper & Sanding Pad,"Achieve efficient sanding results with the Mirka Ltd 9A-570-320 oscillating tool sandpaper and sanding pads, featuring a 120 grit size and resin on resin bond type for durable performance.",,,,,,,,,,,,,,,,,,,,,,,,,,,Series,Abranet Series,,Length,2.75,mm,Width,30,mm,Grit Size,120,,Grit Grade,,,Abrasive Material,,,Backing Material,,,Backing Weight,,,Bond Type,Resin On Resin,,Cut Materials,,,Color,,,Number of Sheets,,,Additional Information,,,,,,,,,,,,,,,,,,,,,,,,,,,,,,,,,,,,,,,,,,,,,,,,,,,,,,,,,,,,,,,,,,,,,,,,,,,,,,,,,,,,,,,,,,,,,,,,,,,,,,,,,,,,,,,,,,,,,,,,,,,,,,,,,,,,,,,,,,,,,,,,,,,,,,,,,,,,,,,,
,,,,,,,,,,,DBD090094101F,"DBD090094101F Diablo 9"" - Metal Cut-Off Disc",-- Unbranded --,-- No Unilog Brand --,-- No DIB Brand --,Freud Inc (2435),"Freud America, Inc",,,DBD090094101F,,Tools & Equipment>Power Tools>Power Saw Blades>Circular Saw Blades,"Freud America, Inc, Circular Saw Blade, DBD090094101F",CIRCULAR SAW BLADE WOOD DEMON™ SERIES 9,"Freud America, Inc DBD090094101F Circular Saw Blade",,Circular Saw Blade,,,,,,,,,,,,,,,,,,,,,,,,,,,,Series,Wood Demon™ Series,,Diameter,9,in,Cutting Edge Material,Carbide,,Blade Material,Metal,,Blade Thickness,,,Teeth Type,,,Number of Teeth,,,Teeth per Inch,,,Arbor Type,Diamond Knock Out,,Arbor Size,5/8,in,Cut Type,Cross,,Cut Width,,,Maximum Cutting Depth,,,Kerf,0.059,in,Grade,,,Hook Angle,,,Maximum Speed Rating,8000,rpm,Finish,Perma-Shield-Coated,,Color,,,Cut Materials,"Crosscut Wood, Hardwood, Laminate, Melamine, Plywood, Softwood, Veneered Plywood",,Suitable For Use With,"Cordless Circular Saws, Corded Circular Saws, Cordless Slide Miter Saws, Corded Slide Miter Saws",,Number of Pieces,1,,Additional Information,,,,,,,,,,,,,,,,,,,,,,,,,,,,,,,,,,,,,,,,,,,,,,,,,,,,,,,,,,,,,,,,,,,,,,,,,,,,,,,,,,,,,,,,,,,,,,,,,,,,,,,,,,,,,,,,,,,,,,,,,,,,,,,,,,
,,,,,,,,,,,DBDS12125A01F,"DBDS12125A01F Diablo 12"" - Steel Demon Metal Cut-Off Disc",-- Unbranded --,-- No Unilog Brand --,-- No DIB Brand --,Freud Inc (2435),"Freud America, Inc",,,DBDS12125A01F,,Tools & Equipment>Power Tools>Power Saw Blades>Circular Saw Blades,"Freud America, Inc, Circular Saw Blade, DBDS12125A01F",CIRCULAR SAW BLADE,"Freud America, Inc DBDS12125A01F Circular Saw Blade",,Circular Saw Blade,,,,,,,,,,,,,,,,,,,,,,,,,,,,Series,,,Diameter,,,Cutting Edge Material,,,Blade Material,,,Blade Thickness,,,Teeth Type,,,Number of Teeth,,,Teeth per Inch,,,Arbor Type,,,Arbor Size,,,Cut Type,,,Cut Width,,,Maximum Cutting Depth,,,Kerf,,,Grade,,,Hook Angle,,,Maximum Speed Rating,,,Finish,,,Color,,,Cut Materials,,,Suitable For Use With,,,Number of Pieces,,,Additional Information,,,,,,,,,,,,,,,,,,,,,,,,,,,,,,,,,,,,,,,,,,,,,,,,,,,,,,,,,,,,,,,,,,,,,,,,,,,,,,,,,,,,,,,,,,,,,,,,,,,,,,,,,,,,,,,,,,,,,,,,,,,,,,,,,,
,,,,,,,,,,,DBDS12125G01F,"DBDS12125G01F Diablo 12""x20mm - Speed Demon Metal Cut-Off Disc",-- Unbranded --,-- No Unilog Brand --,-- No DIB Brand --,Freud Inc (2435),"Freud America, Inc",,,DBDS12125G01F,,Tools & Equipment>Power Tools>Power Saw Blades>Circular Saw Blades,"Freud America, Inc, Circular Saw Blade, DBDS12125G01F",CIRCULAR SAW BLADE,"Freud America, Inc DBDS12125G01F Circular Saw Blade",,Circular Saw Blade,,,,,,,,,,,,,,,,,,,,,,,,,,,,Series,,,Diameter,,,Cutting Edge Material,,,Blade Material,,,Blade Thickness,,,Teeth Type,,,Number of Teeth,,,Teeth per Inch,,,Arbor Type,,,Arbor Size,,,Cut Type,,,Cut Width,,,Maximum Cutting Depth,,,Kerf,,,Grade,,,Hook Angle,,,Maximum Speed Rating,,,Finish,,,Color,,,Cut Materials,,,Suitable For Use With,,,Number of Pieces,,,Additional Information,,,,,,,,,,,,,,,,,,,,,,,,,,,,,,,,,,,,,,,,,,,,,,,,,,,,,,,,,,,,,,,,,,,,,,,,,,,,,,,,,,,,,,,,,,,,,,,,,,,,,,,,,,,,,,,,,,,,,,,,,,,,,,,,,,
,,,,,,,,,,,DBDS14125A01F,"DBDS14125A01F Diablo 14""x1"" - Steel Demon Metal Cut-Off Disc",-- Unbranded --,-- No Unilog Brand --,-- No DIB Brand --,Freud Inc (2435),"Freud America, Inc",,,DBDS14125A01F,,Tools & Equipment>Power Tools>Power Saw Blades>Circular Saw Blades,"Freud America, Inc, Circular Saw Blade, DBDS14125A01F",CIRCULAR SAW BLADE WOOD DEMON™ SERIES 14,"Freud America, Inc DBDS14125A01F Circular Saw Blade",,Circular Saw Blade,,,,,,,,,,,,,,,,,,,,,,,,,,,,Series,Wood Demon™ Series,,Diameter,14,in,Cutting Edge Material,Carbide,,Blade Material,Steel,,Blade Thickness,0.04,in,Teeth Type,Hi-ATB,,Number of Teeth,60,,Teeth per Inch,,,Arbor Type,Diamond Knock Out,,Arbor Size,5/8,in,Cut Type,Crosscut Wood,,Cut Width,,,Maximum Cutting Depth,,,Kerf,,,Grade,,,Hook Angle,,,Maximum Speed Rating,8000,rpm,Finish,Perma-Shield-Coated,,Color,,,Cut Materials,,,Suitable For Use With,,,Number of Pieces,1,,Additional Information,,,,,,,,,,,,,,,,,,,,,,,,,,,,,,,,,,,,,,,,,,,,,,,,,,,,,,,,,,,,,,,,,,,,,,,,,,,,,,,,,,,,,,,,,,,,,,,,,,,,,,,,,,,,,,,,,,,,,,,,,,,,,,,,,,
,,,,,,,,,,,DBDS14125G01F,"DBDS14125G01F Diablo 14""x20mm - Steel Demon Metal Cut-Off Disc",-- Unbranded --,-- No Unilog Brand --,-- No DIB Brand --,Freud Inc (2435),"Freud America, Inc",,,DBDS14125G01F,,Tools & Equipment>Power Tools>Power Saw Blades>Circular Saw Blades,"Freud America, Inc, Circular Saw Blade, DBDS14125G01F",CIRCULAR SAW BLADE,"Freud America, Inc DBDS14125G01F Circular Saw Blade",,Circular Saw Blade,,,,,,,,,,,,,,,,,,,,,,,,,,,,Series,,,Diameter,,,Cutting Edge Material,,,Blade Material,,,Blade Thickness,,,Teeth Type,,,Number of Teeth,,,Teeth per Inch,,,Arbor Type,,,Arbor Size,,,Cut Type,,,Cut Width,,,Maximum Cutting Depth,,,Kerf,,,Grade,,,Hook Angle,,,Maximum Speed Rating,,,Finish,,,Color,,,Cut Materials,,,Suitable For Use With,,,Number of Pieces,,,Additional Information,,,,,,,,,,,,,,,,,,,,,,,,,,,,,,,,,,,,,,,,,,,,,,,,,,,,,,,,,,,,,,,,,,,,,,,,,,,,,,,,,,,,,,,,,,,,,,,,,,,,,,,,,,,,,,,,,,,,,,,,,,,,,,,,,,
,,,,,,,,,,,49-94-0013,"49-94-0013 Milw 5""x.045""x7/8"" Metal Cut Off Disc",-- Unbranded --,-- No Unilog Brand --,-- No DIB Brand --,Milwaukee Accessory (4031),Milwaukee Tool,,,49-94-0013,,Tools & Equipment>Power Tools>Power Saw Blades>Diamond Saw Blades,"Milwaukee Tool, Diamond Saw Blade, 49-94-0013",DIAMOND SAW BLADE,Milwaukee Tool 49-94-0013 Diamond Saw Blade,,Diamond Saw Blade,,,,,,,,,,,,,,,,,,,,,,,,,,,,Series,,,Diameter,,,Thickness,,,Rim Type,,,Cut Type,,,Cut Width,,,Maximum Cutting Depth,,,Arbor Type,,,Arbor Size,,,Grade,,,Maximum Speed Rating,,,Cutting Edge Material,,,Blade Material,,,Color,,,Cut Materials,,,Suitable For Use With,,,Number of Pieces,,,Additional Information,,,,,,,,,,,,,,,,,,,,,,,,,,,,,,,,,,,,,,,,,,,,,,,,,,,,,,,,,,,,,,,,,,,,,,,,,,,,,,,,,,,,,,,,,,,,,,,,,,,,,,,,,,,,,,,,,,,,,,,,,,,,,,,,,,,,,,,,,,,,,,,,,
,,,,,,,,,,,49-94-0029,"49-94-0029 Milw 6-1/2""x1/8""x5/8"" DKO Metal Cut Off Disc",-- Unbranded --,-- No Unilog Brand --,-- No DIB Brand --,Milwaukee Accessory (4031),Milwaukee Tool,,,49-94-0029,,Tools & Equipment>Power Tools>Power Saw Blades>Diamond Saw Blades,"Milwaukee Tool, Diamond Saw Blade, 49-94-0029",DIAMOND SAW BLADE,Milwaukee Tool 49-94-0029 Diamond Saw Blade,,Diamond Saw Blade,,,,,,,,,,,,,,,,,,,,,,,,,,,,Series,,,Diameter,,,Thickness,,,Rim Type,,,Cut Type,,,Cut Width,,,Maximum Cutting Depth,,,Arbor Type,,,Arbor Size,,,Grade,,,Maximum Speed Rating,,,Cutting Edge Material,,,Blade Material,,,Color,,,Cut Materials,,,Suitable For Use With,,,Number of Pieces,,,Additional Information,,,,,,,,,,,,,,,,,,,,,,,,,,,,,,,,,,,,,,,,,,,,,,,,,,,,,,,,,,,,,,,,,,,,,,,,,,,,,,,,,,,,,,,,,,,,,,,,,,,,,,,,,,,,,,,,,,,,,,,,,,,,,,,,,,,,,,,,,,,,,,,,,
,,,,,,,,,,,49-94-0033,"49-94-0033 Milw 7""x1/16""x7/8"" Metal Cut Off Disc",-- Unbranded --,-- No Unilog Brand --,-- No DIB Brand --,Milwaukee Accessory (4031),Milwaukee Tool,,,49-94-0033,,Tools & Equipment>Power Tools>Power Saw Blades>Diamond Saw Blades,"Milwaukee Tool, Diamond Saw Blade, 49-94-0033",DIAMOND SAW BLADE,Milwaukee Tool 49-94-0033 Diamond Saw Blade,,Diamond Saw Blade,,,,,,,,,,,,,,,,,,,,,,,,,,,,Series,,,Diameter,,,Thickness,,,Rim Type,,,Cut Type,,,Cut Width,,,Maximum Cutting Depth,,,Arbor Type,,,Arbor Size,,,Grade,,,Maximum Speed Rating,,,Cutting Edge Material,,,Blade Material,,,Color,,,Cut Materials,,,Suitable For Use With,,,Number of Pieces,,,Additional Information,,,,,,,,,,,,,,,,,,,,,,,,,,,,,,,,,,,,,,,,,,,,,,,,,,,,,,,,,,,,,,,,,,,,,,,,,,,,,,,,,,,,,,,,,,,,,,,,,,,,,,,,,,,,,,,,,,,,,,,,,,,,,,,,,,,,,,,,,,,,,,,,,
,,,,,,,,,,,49-94-0001,"49-94-0001 Milw 4""x.040""x5/8"" Metal Cut Off Disc",-- Unbranded --,-- No Unilog Brand --,-- No DIB Brand --,Milwaukee Accessory (4031),Milwaukee Tool,,,49-94-0001,,Tools & Equipment>Power Tools>Power Saw Blades>Diamond Saw Blades,"Milwaukee Tool, Diamond Saw Blade, 49-94-0001",DIAMOND SAW BLADE,Milwaukee Tool 49-94-0001 Diamond Saw Blade,,Diamond Saw Blade,,,,,,,,,,,,,,,,,,,,,,,,,,,,Series,,,Diameter,,,Thickness,,,Rim Type,,,Cut Type,,,Cut Width,,,Maximum Cutting Depth,,,Arbor Type,,,Arbor Size,,,Grade,,,Maximum Speed Rating,,,Cutting Edge Material,,,Blade Material,,,Color,,,Cut Materials,,,Suitable For Use With,,,Number of Pieces,,,Additional Information,,,,,,,,,,,,,,,,,,,,,,,,,,,,,,,,,,,,,,,,,,,,,,,,,,,,,,,,,,,,,,,,,,,,,,,,,,,,,,,,,,,,,,,,,,,,,,,,,,,,,,,,,,,,,,,,,,,,,,,,,,,,,,,,,,,,,,,,,,,,,,,,,
,,,,,,,,,,,49-94-0039,"49-94-0039 Milw 7""x1/8""x5/8"" DKO Metal Cut Off Disc",-- Unbranded --,-- No Unilog Brand --,-- No DIB Brand --,Milwaukee Accessory (4031),Milwaukee Tool,,,49-94-0039,,Tools & Equipment>Power Tools>Power Saw Blades>Diamond Saw Blades,"Milwaukee Tool, Diamond Saw Blade, 49-94-0039",DIAMOND SAW BLADE,Milwaukee Tool 49-94-0039 Diamond Saw Blade,,Diamond Saw Blade,,,,,,,,,,,,,,,,,,,,,,,,,,,,Series,,,Diameter,,,Thickness,,,Rim Type,,,Cut Type,,,Cut Width,,,Maximum Cutting Depth,,,Arbor Type,,,Arbor Size,,,Grade,,,Maximum Speed Rating,,,Cutting Edge Material,,,Blade Material,,,Color,,,Cut Materials,,,Suitable For Use With,,,Number of Pieces,,,Additional Information,,,,,,,,,,,,,,,,,,,,,,,,,,,,,,,,,,,,,,,,,,,,,,,,,,,,,,,,,,,,,,,,,,,,,,,,,,,,,,,,,,,,,,,,,,,,,,,,,,,,,,,,,,,,,,,,,,,,,,,,,,,,,,,,,,,,,,,,,,,,,,,,,
,,,,,,,,,,,49-94-0043,"49-94-0043 Milw 9""x3/32""x7/8"" Metal Cut Off Disc",-- Unbranded --,-- No Unilog Brand --,-- No DIB Brand --,Milwaukee Accessory (4031),Milwaukee Tool,,,49-94-0043,,Tools & Equipment>Power Tools>Power Saw Blades>Diamond Saw Blades,"Milwaukee Tool, Diamond Saw Blade, 49-94-0043",DIAMOND SAW BLADE,Milwaukee Tool 49-94-0043 Diamond Saw Blade,,Diamond Saw Blade,,,,,,,,,,,,,,,,,,,,,,,,,,,,Series,,,Diameter,,,Thickness,,,Rim Type,,,Cut Type,,,Cut Width,,,Maximum Cutting Depth,,,Arbor Type,,,Arbor Size,,,Grade,,,Maximum Speed Rating,,,Cutting Edge Material,,,Blade Material,,,Color,,,Cut Materials,,,Suitable For Use With,,,Number of Pieces,,,Additional Information,,,,,,,,,,,,,,,,,,,,,,,,,,,,,,,,,,,,,,,,,,,,,,,,,,,,,,,,,,,,,,,,,,,,,,,,,,,,,,,,,,,,,,,,,,,,,,,,,,,,,,,,,,,,,,,,,,,,,,,,,,,,,,,,,,,,,,,,,,,,,,,,,
,,,,,,,,,,,49-94-0048,"49-94-0048 Milw 12""x7/64""x1"" Metal Cut Off Disc General Purpose",-- Unbranded --,-- No Unilog Brand --,-- No DIB Brand --,Milwaukee Accessory (4031),Milwaukee Tool,,,49-94-0048,,Tools & Equipment>Power Tools>Power Saw Blades>Diamond Saw Blades,"Milwaukee Tool, Diamond Saw Blade, 49-94-0048",DIAMOND SAW BLADE,Milwaukee Tool 49-94-0048 Diamond Saw Blade,,Diamond Saw Blade,,,,,,,,,,,,,,,,,,,,,,,,,,,,Series,,,Diameter,,,Thickness,,,Rim Type,,,Cut Type,,,Cut Width,,,Maximum Cutting Depth,,,Arbor Type,,,Arbor Size,,,Grade,,,Maximum Speed Rating,,,Cutting Edge Material,,,Blade Material,,,Color,,,Cut Materials,,,Suitable For Use With,,,Number of Pieces,,,Additional Information,,,,,,,,,,,,,,,,,,,,,,,,,,,,,,,,,,,,,,,,,,,,,,,,,,,,,,,,,,,,,,,,,,,,,,,,,,,,,,,,,,,,,,,,,,,,,,,,,,,,,,,,,,,,,,,,,,,,,,,,,,,,,,,,,,,,,,,,,,,,,,,,,
,,,,,,,,,,,49-94-0053,"49-94-0053 Milw 12""x1/8""x1"" Metal Cut Off Disc",-- Unbranded --,-- No Unilog Brand --,-- No DIB Brand --,Milwaukee Accessory (4031),Milwaukee Tool,,,49-94-0053,,Tools & Equipment>Power Tools>Power Saw Blades>Diamond Saw Blades,"Milwaukee Tool, Diamond Saw Blade, 49-94-0053",DIAMOND SAW BLADE,Milwaukee Tool 49-94-0053 Diamond Saw Blade,,Diamond Saw Blade,,,,,,,,,,,,,,,,,,,,,,,,,,,,Series,,,Diameter,,,Thickness,,,Rim Type,,,Cut Type,,,Cut Width,,,Maximum Cutting Depth,,,Arbor Type,,,Arbor Size,,,Grade,,,Maximum Speed Rating,,,Cutting Edge Material,,,Blade Material,,,Color,,,Cut Materials,,,Suitable For Use With,,,Number of Pieces,,,Additional Information,,,,,,,,,,,,,,,,,,,,,,,,,,,,,,,,,,,,,,,,,,,,,,,,,,,,,,,,,,,,,,,,,,,,,,,,,,,,,,,,,,,,,,,,,,,,,,,,,,,,,,,,,,,,,,,,,,,,,,,,,,,,,,,,,,,,,,,,,,,,,,,,,
,,,,,,,,,,,49-94-0058,"49-94-0058 Milw 12""x1/8""x20mm Metal Cut Off Disc",-- Unbranded --,-- No Unilog Brand --,-- No DIB Brand --,Milwaukee Accessory (4031),Milwaukee Tool,,,49-94-0058,,Tools & Equipment>Power Tools>Power Saw Blades>Diamond Saw Blades,"Milwaukee Tool, Diamond Saw Blade, 49-94-0058",DIAMOND SAW BLADE,Milwaukee Tool 49-94-0058 Diamond Saw Blade,,Diamond Saw Blade,,,,,,,,,,,,,,,,,,,,,,,,,,,,Series,,,Diameter,,,Thickness,,,Rim Type,,,Cut Type,,,Cut Width,,,Maximum Cutting Depth,,,Arbor Type,,,Arbor Size,,,Grade,,,Maximum Speed Rating,,,Cutting Edge Material,,,Blade Material,,,Color,,,Cut Materials,,,Suitable For Use With,,,Number of Pieces,,,Additional Information,,,,,,,,,,,,,,,,,,,,,,,,,,,,,,,,,,,,,,,,,,,,,,,,,,,,,,,,,,,,,,,,,,,,,,,,,,,,,,,,,,,,,,,,,,,,,,,,,,,,,,,,,,,,,,,,,,,,,,,,,,,,,,,,,,,,,,,,,,,,,,,,,
,,,,,,,,,,,49-94-0063,"49-94-0063 Milw 14""x7/64""x1"" Metal Cut Off Disc General Purpose",-- Unbranded --,-- No Unilog Brand --,-- No DIB Brand --,Milwaukee Accessory (4031),Milwaukee Tool,,,49-94-0063,,Tools & Equipment>Power Tools>Power Saw Blades>Diamond Saw Blades,"Milwaukee Tool, Diamond Saw Blade, 49-94-0063",DIAMOND SAW BLADE,Milwaukee Tool 49-94-0063 Diamond Saw Blade,,Diamond Saw Blade,,,,,,,,,,,,,,,,,,,,,,,,,,,,Series,,,Diameter,,,Thickness,,,Rim Type,,,Cut Type,,,Cut Width,,,Maximum Cutting Depth,,,Arbor Type,,,Arbor Size,,,Grade,,,Maximum Speed Rating,,,Cutting Edge Material,,,Blade Material,,,Color,,,Cut Materials,,,Suitable For Use With,,,Number of Pieces,,,Additional Information,,,,,,,,,,,,,,,,,,,,,,,,,,,,,,,,,,,,,,,,,,,,,,,,,,,,,,,,,,,,,,,,,,,,,,,,,,,,,,,,,,,,,,,,,,,,,,,,,,,,,,,,,,,,,,,,,,,,,,,,,,,,,,,,,,,,,,,,,,,,,,,,,
,,,,,,,,,,,49-94-0068,"49-94-0068 Milw 14""x1/8""x20mm Metal Cut Off Disc",-- Unbranded --,-- No Unilog Brand --,-- No DIB Brand --,Milwaukee Accessory (4031),Milwaukee Tool,,,49-94-0068,,Tools & Equipment>Power Tools>Power Saw Blades>Diamond Saw Blades,"Milwaukee Tool, Diamond Saw Blade, 49-94-0068",DIAMOND SAW BLADE,Milwaukee Tool 49-94-0068 Diamond Saw Blade,,Diamond Saw Blade,,,,,,,,,,,,,,,,,,,,,,,,,,,,Series,,,Diameter,,,Thickness,,,Rim Type,,,Cut Type,,,Cut Width,,,Maximum Cutting Depth,,,Arbor Type,,,Arbor Size,,,Grade,,,Maximum Speed Rating,,,Cutting Edge Material,,,Blade Material,,,Color,,,Cut Materials,,,Suitable For Use With,,,Number of Pieces,,,Additional Information,,,,,,,,,,,,,,,,,,,,,,,,,,,,,,,,,,,,,,,,,,,,,,,,,,,,,,,,,,,,,,,,,,,,,,,,,,,,,,,,,,,,,,,,,,,,,,,,,,,,,,,,,,,,,,,,,,,,,,,,,,,,,,,,,,,,,,,,,,,,,,,,,
,,,,,,,,,,,49-94-0073,"49-94-0073 Milw 14""x1/8""x1"" Metal Cut Off Disc",-- Unbranded --,-- No Unilog Brand --,-- No DIB Brand --,Milwaukee Accessory (4031),Milwaukee Tool,,,49-94-0073,,Tools & Equipment>Power Tools>Power Saw Blades>Diamond Saw Blades,"Milwaukee Tool, Diamond Saw Blade, 49-94-0073",DIAMOND SAW BLADE,Milwaukee Tool 49-94-0073 Diamond Saw Blade,,Diamond Saw Blade,,,,,,,,,,,,,,,,,,,,,,,,,,,,Series,,,Diameter,,,Thickness,,,Rim Type,,,Cut Type,,,Cut Width,,,Maximum Cutting Depth,,,Arbor Type,,,Arbor Size,,,Grade,,,Maximum Speed Rating,,,Cutting Edge Material,,,Blade Material,,,Color,,,Cut Materials,,,Suitable For Use With,,,Number of Pieces,,,Additional Information,,,,,,,,,,,,,,,,,,,,,,,,,,,,,,,,,,,,,,,,,,,,,,,,,,,,,,,,,,,,,,,,,,,,,,,,,,,,,,,,,,,,,,,,,,,,,,,,,,,,,,,,,,,,,,,,,,,,,,,,,,,,,,,,,,,,,,,,,,,,,,,,,
,,,,,,,,,,,49-94-0101,"49-94-0101 Milw 4-1/2""x.045""x7/8"" Perform+ Metal Cut Off Disc 10pc",-- Unbranded --,-- No Unilog Brand --,-- No DIB Brand --,Milwaukee Accessory (4031),Milwaukee Tool,,,49-94-0101,,Tools & Equipment>Power Tools>Power Saw Blades>Planer Blades,"Milwaukee Tool, Planer Blade, 49-94-0101",PLANER BLADE,Milwaukee Tool 49-94-0101 Planer Blade,,Planer Blade,,,,,,,,,,,,,,,,,,,,,,,,,,,,Series,,,Length,,,Width,,,Thickness,,,Cut Style,,,Material,,,Cut Materials,,,Suitable For Use With,,,Number of Pieces,,,Additional Information,,,,,,,,,,,,,,,,,,,,,,,,,,,,,,,,,,,,,,,,,,,,,,,,,,,,,,,,,,,,,,,,,,,,,,,,,,,,,,,,,,,,,,,,,,,,,,,,,,,,,,,,,,,,,,,,,,,,,,,,,,,,,,,,,,,,,,,,,,,,,,,,,,,,,,,,,,,,,,,,,,,,,,,,,
,,,,,,,,,,,49-94-0107,"49-94-0107 Milw 4-1/2""x.045""x7/8"" Performance+ Metal Cut Off Disc",-- Unbranded --,-- No Unilog Brand --,-- No DIB Brand --,Milwaukee Accessory (4031),Milwaukee Tool,,,49-94-0107,,Tools & Equipment>Power Tools>Power Saw Blades>Diamond Saw Blades,"Milwaukee Tool, Diamond Saw Blade, 49-94-0107",DIAMOND SAW BLADE,Milwaukee Tool 49-94-0107 Diamond Saw Blade,,Diamond Saw Blade,,,,,,,,,,,,,,,,,,,,,,,,,,,,Series,,,Diameter,,,Thickness,,,Rim Type,,,Cut Type,,,Cut Width,,,Maximum Cutting Depth,,,Arbor Type,,,Arbor Size,,,Grade,,,Maximum Speed Rating,,,Cutting Edge Material,,,Blade Material,,,Color,,,Cut Materials,,,Suitable For Use With,,,Number of Pieces,,,Additional Information,,,,,,,,,,,,,,,,,,,,,,,,,,,,,,,,,,,,,,,,,,,,,,,,,,,,,,,,,,,,,,,,,,,,,,,,,,,,,,,,,,,,,,,,,,,,,,,,,,,,,,,,,,,,,,,,,,,,,,,,,,,,,,,,,,,,,,,,,,,,,,,,,
,,,,,,,,,,,49-94-0117,"49-94-0117 Milw 5""x.045""x7/8"" Performance+ Metal Cut Off Disc",-- Unbranded --,-- No Unilog Brand --,-- No DIB Brand --,Milwaukee Accessory (4031),Milwaukee Tool,,,49-94-0117,,Tools & Equipment>Power Tools>Power Saw Blades>Diamond Saw Blades,"Milwaukee Tool, Diamond Saw Blade, 49-94-0117",DIAMOND SAW BLADE,Milwaukee Tool 49-94-0117 Diamond Saw Blade,,Diamond Saw Blade,,,,,,,,,,,,,,,,,,,,,,,,,,,,Series,,,Diameter,,,Thickness,,,Rim Type,,,Cut Type,,,Cut Width,,,Maximum Cutting Depth,,,Arbor Type,,,Arbor Size,,,Grade,,,Maximum Speed Rating,,,Cutting Edge Material,,,Blade Material,,,Color,,,Cut Materials,,,Suitable For Use With,,,Number of Pieces,,,Additional Information,,,,,,,,,,,,,,,,,,,,,,,,,,,,,,,,,,,,,,,,,,,,,,,,,,,,,,,,,,,,,,,,,,,,,,,,,,,,,,,,,,,,,,,,,,,,,,,,,,,,,,,,,,,,,,,,,,,,,,,,,,,,,,,,,,,,,,,,,,,,,,,,,
,,,,,,,,,,,49-94-0123,"49-94-0123 Milw 6""x.045""x7/8"" Performance+ Metal Cut Off Disc",-- Unbranded --,-- No Unilog Brand --,-- No DIB Brand --,Milwaukee Accessory (4031),Milwaukee Tool,,,49-94-0123,,Tools & Equipment>Power Tools>Power Saw Blades>Diamond Saw Blades,"Milwaukee Tool, Diamond Saw Blade, 49-94-0123",DIAMOND SAW BLADE,Milwaukee Tool 49-94-0123 Diamond Saw Blade,,Diamond Saw Blade,,,,,,,,,,,,,,,,,,,,,,,,,,,,Series,,,Diameter,,,Thickness,,,Rim Type,,,Cut Type,,,Cut Width,,,Maximum Cutting Depth,,,Arbor Type,,,Arbor Size,,,Grade,,,Maximum Speed Rating,,,Cutting Edge Material,,,Blade Material,,,Color,,,Cut Materials,,,Suitable For Use With,,,Number of Pieces,,,Additional Information,,,,,,,,,,,,,,,,,,,,,,,,,,,,,,,,,,,,,,,,,,,,,,,,,,,,,,,,,,,,,,,,,,,,,,,,,,,,,,,,,,,,,,,,,,,,,,,,,,,,,,,,,,,,,,,,,,,,,,,,,,,,,,,,,,,,,,,,,,,,,,,,,
,,,,,,,,,,,49-94-0023,"49-94-0023 Milw 6""x.045""x7/8"" Metal Cut Off Disc",-- Unbranded --,-- No Unilog Brand --,-- No DIB Brand --,Milwaukee Accessory (4031),Milwaukee Tool,,,49-94-0023,,Tools & Equipment>Power Tools>Power Saw Blades>Diamond Saw Blades,"Milwaukee Tool, Diamond Saw Blade, 49-94-0023",DIAMOND SAW BLADE,Milwaukee Tool 49-94-0023 Diamond Saw Blade,,Diamond Saw Blade,,,,,,,,,,,,,,,,,,,,,,,,,,,,Series,,,Diameter,,,Thickness,,,Rim Type,,,Cut Type,,,Cut Width,,,Maximum Cutting Depth,,,Arbor Type,,,Arbor Size,,,Grade,,,Maximum Speed Rating,,,Cutting Edge Material,,,Blade Material,,,Color,,,Cut Materials,,,Suitable For Use With,,,Number of Pieces,,,Additional Information,,,,,,,,,,,,,,,,,,,,,,,,,,,,,,,,,,,,,,,,,,,,,,,,,,,,,,,,,,,,,,,,,,,,,,,,,,,,,,,,,,,,,,,,,,,,,,,,,,,,,,,,,,,,,,,,,,,,,,,,,,,,,,,,,,,,,,,,,,,,,,,,,
,,,,,,,,,,,49-94-0121,"49-94-0121 Milw 6""x.045""x7/8"" Performance+ Metal Cut Off Disc 10pc",-- Unbranded --,-- No Unilog Brand --,-- No DIB Brand --,Milwaukee Accessory (4031),Milwaukee Tool,,,49-94-0121,,Tools & Equipment>Power Tools>Power Saw Blades>Planer Blades,"Milwaukee Tool, Planer Blade, 49-94-0121",PLANER BLADE,Milwaukee Tool 49-94-0121 Planer Blade,,Planer Blade,,,,,,,,,,,,,,,,,,,,,,,,,,,,Series,,,Length,,,Width,,,Thickness,,,Cut Style,,,Material,,,Cut Materials,,,Suitable For Use With,,,Number of Pieces,,,Additional Information,,,,,,,,,,,,,,,,,,,,,,,,,,,,,,,,,,,,,,,,,,,,,,,,,,,,,,,,,,,,,,,,,,,,,,,,,,,,,,,,,,,,,,,,,,,,,,,,,,,,,,,,,,,,,,,,,,,,,,,,,,,,,,,,,,,,,,,,,,,,,,,,,,,,,,,,,,,,,,,,,,,,,,,,,
,,,,,,,,,,,49-94-0127,"49-94-0127 Milw 6""x.045""x7/8"" Performance+Metal Cut Off Disc",-- Unbranded --,-- No Unilog Brand --,-- No DIB Brand --,Milwaukee Accessory (4031),Milwaukee Tool,,,49-94-0127,,Tools & Equipment>Power Tools>Power Saw Blades>Diamond Saw Blades,"Milwaukee Tool, Diamond Saw Blade, 49-94-0127",DIAMOND SAW BLADE,Milwaukee Tool 49-94-0127 Diamond Saw Blade,,Diamond Saw Blade,,,,,,,,,,,,,,,,,,,,,,,,,,,,Series,,,Diameter,,,Thickness,,,Rim Type,,,Cut Type,,,Cut Width,,,Maximum Cutting Depth,,,Arbor Type,,,Arbor Size,,,Grade,,,Maximum Speed Rating,,,Cutting Edge Material,,,Blade Material,,,Color,,,Cut Materials,,,Suitable For Use With,,,Number of Pieces,,,Additional Information,,,,,,,,,,,,,,,,,,,,,,,,,,,,,,,,,,,,,,,,,,,,,,,,,,,,,,,,,,,,,,,,,,,,,,,,,,,,,,,,,,,,,,,,,,,,,,,,,,,,,,,,,,,,,,,,,,,,,,,,,,,,,,,,,,,,,,,,,,,,,,,,,
,,,,,,,,,,,49-94-0137,"49-94-0137 Milw 7""x3/32""x7/8"" Performance+ Metal Cut Off Disc",-- Unbranded --,-- No Unilog Brand --,-- No DIB Brand --,Milwaukee Accessory (4031),Milwaukee Tool,,,49-94-0137,,Tools & Equipment>Power Tools>Power Saw Blades>Diamond Saw Blades,"Milwaukee Tool, Diamond Saw Blade, 49-94-0137",DIAMOND SAW BLADE,Milwaukee Tool 49-94-0137 Diamond Saw Blade,,Diamond Saw Blade,,,,,,,,,,,,,,,,,,,,,,,,,,,,Series,,,Diameter,,,Thickness,,,Rim Type,,,Cut Type,,,Cut Width,,,Maximum Cutting Depth,,,Arbor Type,,,Arbor Size,,,Grade,,,Maximum Speed Rating,,,Cutting Edge Material,,,Blade Material,,,Color,,,Cut Materials,,,Suitable For Use With,,,Number of Pieces,,,Additional Information,,,,,,,,,,,,,,,,,,,,,,,,,,,,,,,,,,,,,,,,,,,,,,,,,,,,,,,,,,,,,,,,,,,,,,,,,,,,,,,,,,,,,,,,,,,,,,,,,,,,,,,,,,,,,,,,,,,,,,,,,,,,,,,,,,,,,,,,,,,,,,,,,
,,,,,,,,,,,49-94-0160,"49-94-0160 Milw 14""x7/64""x1"" Performance+ Metal Cut Off Disc",-- Unbranded --,-- No Unilog Brand --,-- No DIB Brand --,Milwaukee Accessory (4031),Milwaukee Tool,,,49-94-0160,,Tools & Equipment>Power Tools>Power Saw Blades>Diamond Saw Blades,"Milwaukee Tool, Diamond Saw Blade, 49-94-0160",DIAMOND SAW BLADE,Milwaukee Tool 49-94-0160 Diamond Saw Blade,,Diamond Saw Blade,,,,,,,,,,,,,,,,,,,,,,,,,,,,Series,,,Diameter,,,Thickness,,,Rim Type,,,Cut Type,,,Cut Width,,,Maximum Cutting Depth,,,Arbor Type,,,Arbor Size,,,Grade,,,Maximum Speed Rating,,,Cutting Edge Material,,,Blade Material,,,Color,,,Cut Materials,,,Suitable For Use With,,,Number of Pieces,,,Additional Information,,,,,,,,,,,,,,,,,,,,,,,,,,,,,,,,,,,,,,,,,,,,,,,,,,,,,,,,,,,,,,,,,,,,,,,,,,,,,,,,,,,,,,,,,,,,,,,,,,,,,,,,,,,,,,,,,,,,,,,,,,,,,,,,,,,,,,,,,,,,,,,,,
,,,,,,,,,,,49-94-0223,"49-94-0223 Milw 6""x.045""x7/8"" Ceramic+ Metal Cut Off Disc",-- Unbranded --,-- No Unilog Brand --,-- No DIB Brand --,Milwaukee Accessory (4031),Milwaukee Tool,,,49-94-0223,,Tools & Equipment>Power Tools>Power Saw Blades>Diamond Saw Blades,"Milwaukee Tool, Diamond Saw Blade, 49-94-0223",DIAMOND SAW BLADE,Milwaukee Tool 49-94-0223 Diamond Saw Blade,,Diamond Saw Blade,,,,,,,,,,,,,,,,,,,,,,,,,,,,Series,,,Diameter,,,Thickness,,,Rim Type,,,Cut Type,,,Cut Width,,,Maximum Cutting Depth,,,Arbor Type,,,Arbor Size,,,Grade,,,Maximum Speed Rating,,,Cutting Edge Material,,,Blade Material,,,Color,,,Cut Materials,,,Suitable For Use With,,,Number of Pieces,,,Additional Information,,,,,,,,,,,,,,,,,,,,,,,,,,,,,,,,,,,,,,,,,,,,,,,,,,,,,,,,,,,,,,,,,,,,,,,,,,,,,,,,,,,,,,,,,,,,,,,,,,,,,,,,,,,,,,,,,,,,,,,,,,,,,,,,,,,,,,,,,,,,,,,,,
,,,,,,,,,,,49-94-0445,"49-94-0445 Milw 10""x3/32""x5/8"" Performance+ Metal Cut Off Disc",-- Unbranded --,-- No Unilog Brand --,-- No DIB Brand --,Milwaukee Accessory (4031),Milwaukee Tool,,,49-94-0445,,Tools & Equipment>Power Tools>Power Saw Blades>Diamond Saw Blades,"Milwaukee Tool, Diamond Saw Blade, 49-94-0445",DIAMOND SAW BLADE,Milwaukee Tool 49-94-0445 Diamond Saw Blade,,Diamond Saw Blade,,,,,,,,,,,,,,,,,,,,,,,,,,,,Series,,,Diameter,,,Thickness,,,Rim Type,,,Cut Type,,,Cut Width,,,Maximum Cutting Depth,,,Arbor Type,,,Arbor Size,,,Grade,,,Maximum Speed Rating,,,Cutting Edge Material,,,Blade Material,,,Color,,,Cut Materials,,,Suitable For Use With,,,Number of Pieces,,,Additional Information,,,,,,,,,,,,,,,,,,,,,,,,,,,,,,,,,,,,,,,,,,,,,,,,,,,,,,,,,,,,,,,,,,,,,,,,,,,,,,,,,,,,,,,,,,,,,,,,,,,,,,,,,,,,,,,,,,,,,,,,,,,,,,,,,,,,,,,,,,,,,,,,,
,,,,,,,,,,,49-94-0803,"49-94-0803 Milw 4-1/2""x1/8""x7/8"" Dual Metal Cut and Grind Disc",-- Unbranded --,-- No Unilog Brand --,-- No DIB Brand --,Milwaukee Accessory (4031),Milwaukee Tool,,,49-94-0803,,Tools & Equipment>Power Tools>Power Saw Blades>Diamond Saw Blades,"Milwaukee Tool, Diamond Saw Blade, 49-94-0803",DIAMOND SAW BLADE,Milwaukee Tool 49-94-0803 Diamond Saw Blade,,Diamond Saw Blade,,,,,,,,,,,,,,,,,,,,,,,,,,,,Series,,,Diameter,,,Thickness,,,Rim Type,,,Cut Type,,,Cut Width,,,Maximum Cutting Depth,,,Arbor Type,,,Arbor Size,,,Grade,,,Maximum Speed Rating,,,Cutting Edge Material,,,Blade Material,,,Color,,,Cut Materials,,,Suitable For Use With,,,Number of Pieces,,,Additional Information,,,,,,,,,,,,,,,,,,,,,,,,,,,,,,,,,,,,,,,,,,,,,,,,,,,,,,,,,,,,,,,,,,,,,,,,,,,,,,,,,,,,,,,,,,,,,,,,,,,,,,,,,,,,,,,,,,,,,,,,,,,,,,,,,,,,,,,,,,,,,,,,,
,,,,,,,,,,,49-94-0903,"49-94-0903 Milw 4-1/2""x1/8""x7/8""Perform+Dual Metal Cut and Grind Disc",-- Unbranded --,-- No Unilog Brand --,-- No DIB Brand --,Milwaukee Accessory (4031),Milwaukee Tool,,,49-94-0903,,Tools & Equipment>Power Tools>Power Saw Blades>Diamond Saw Blades,"Milwaukee Tool, Diamond Saw Blade, 49-94-0903",DIAMOND SAW BLADE,Milwaukee Tool 49-94-0903 Diamond Saw Blade,,Diamond Saw Blade,,,,,,,,,,,,,,,,,,,,,,,,,,,,Series,,,Diameter,,,Thickness,,,Rim Type,,,Cut Type,,,Cut Width,,,Maximum Cutting Depth,,,Arbor Type,,,Arbor Size,,,Grade,,,Maximum Speed Rating,,,Cutting Edge Material,,,Blade Material,,,Color,,,Cut Materials,,,Suitable For Use With,,,Number of Pieces,,,Additional Information,,,,,,,,,,,,,,,,,,,,,,,,,,,,,,,,,,,,,,,,,,,,,,,,,,,,,,,,,,,,,,,,,,,,,,,,,,,,,,,,,,,,,,,,,,,,,,,,,,,,,,,,,,,,,,,,,,,,,,,,,,,,,,,,,,,,,,,,,,,,,,,,,
,,,,,,,,,,,49-94-0907,"49-94-0907 Milw 4-1/2""x1/8""x5/8-11""Perform+Dual Metal Cut n Grind Disc",-- Unbranded --,-- No Unilog Brand --,-- No DIB Brand --,Milwaukee Accessory (4031),Milwaukee Tool,,,49-94-0907,,Tools & Equipment>Power Tools>Power Saw Blades>Diamond Saw Blades,"Milwaukee Tool, Diamond Saw Blade, 49-94-0907",DIAMOND SAW BLADE,Milwaukee Tool 49-94-0907 Diamond Saw Blade,,Diamond Saw Blade,,,,,,,,,,,,,,,,,,,,,,,,,,,,Series,,,Diameter,,,Thickness,,,Rim Type,,,Cut Type,,,Cut Width,,,Maximum Cutting Depth,,,Arbor Type,,,Arbor Size,,,Grade,,,Maximum Speed Rating,,,Cutting Edge Material,,,Blade Material,,,Color,,,Cut Materials,,,Suitable For Use With,,,Number of Pieces,,,Additional Information,,,,,,,,,,,,,,,,,,,,,,,,,,,,,,,,,,,,,,,,,,,,,,,,,,,,,,,,,,,,,,,,,,,,,,,,,,,,,,,,,,,,,,,,,,,,,,,,,,,,,,,,,,,,,,,,,,,,,,,,,,,,,,,,,,,,,,,,,,,,,,,,,
,,,,,,,,,,,49-94-0923,"49-94-0923 Milw 6""x1/8""x7/8"" Perform+Dual Metal Cut and Grind Disc",-- Unbranded --,-- No Unilog Brand --,-- No DIB Brand --,Milwaukee Accessory (4031),Milwaukee Tool,,,49-94-0923,,Tools & Equipment>Power Tools>Power Saw Blades>Diamond Saw Blades,"Milwaukee Tool, Diamond Saw Blade, 49-94-0923",DIAMOND SAW BLADE,Milwaukee Tool 49-94-0923 Diamond Saw Blade,,Diamond Saw Blade,,,,,,,,,,,,,,,,,,,,,,,,,,,,Series,,,Diameter,,,Thickness,,,Rim Type,,,Cut Type,,,Cut Width,,,Maximum Cutting Depth,,,Arbor Type,,,Arbor Size,,,Grade,,,Maximum Speed Rating,,,Cutting Edge Material,,,Blade Material,,,Color,,,Cut Materials,,,Suitable For Use With,,,Number of Pieces,,,Additional Information,,,,,,,,,,,,,,,,,,,,,,,,,,,,,,,,,,,,,,,,,,,,,,,,,,,,,,,,,,,,,,,,,,,,,,,,,,,,,,,,,,,,,,,,,,,,,,,,,,,,,,,,,,,,,,,,,,,,,,,,,,,,,,,,,,,,,,,,,,,,,,,,,
,,,,,,,,,,,49-94-1900,"49-94-1900 Milw 4""x1/8""x5/8"" Masonry Cut Off Disc",-- Unbranded --,-- No Unilog Brand --,-- No DIB Brand --,Milwaukee Accessory (4031),Milwaukee Tool,,,49-94-1900,,Tools & Equipment>Power Tools>Power Saw Blades>Diamond Saw Blades,"Milwaukee Tool, Diamond Saw Blade, 49-94-1900",DIAMOND SAW BLADE,Milwaukee Tool 49-94-1900 Diamond Saw Blade,,Diamond Saw Blade,,,,,,,,,,,,,,,,,,,,,,,,,,,,Series,,,Diameter,,,Thickness,,,Rim Type,,,Cut Type,,,Cut Width,,,Maximum Cutting Depth,,,Arbor Type,,,Arbor Size,,,Grade,,,Maximum Speed Rating,,,Cutting Edge Material,,,Blade Material,,,Color,,,Cut Materials,,,Suitable For Use With,,,Number of Pieces,,,Additional Information,,,,,,,,,,,,,,,,,,,,,,,,,,,,,,,,,,,,,,,,,,,,,,,,,,,,,,,,,,,,,,,,,,,,,,,,,,,,,,,,,,,,,,,,,,,,,,,,,,,,,,,,,,,,,,,,,,,,,,,,,,,,,,,,,,,,,,,,,,,,,,,,,
,,,,,,,,,,,49-94-1905,"49-94-1905 Milw 4-1/2""x1/8""x7/8"" Masonry Cut Off Disc",-- Unbranded --,-- No Unilog Brand --,-- No DIB Brand --,Milwaukee Accessory (4031),Milwaukee Tool,,,49-94-1905,,Tools & Equipment>Power Tools>Power Saw Blades>Diamond Saw Blades,"Milwaukee Tool, Diamond Saw Blade, 49-94-1905",DIAMOND SAW BLADE,Milwaukee Tool 49-94-1905 Diamond Saw Blade,,Diamond Saw Blade,,,,,,,,,,,,,,,,,,,,,,,,,,,,Series,,,Diameter,,,Thickness,,,Rim Type,,,Cut Type,,,Cut Width,,,Maximum Cutting Depth,,,Arbor Type,,,Arbor Size,,,Grade,,,Maximum Speed Rating,,,Cutting Edge Material,,,Blade Material,,,Color,,,Cut Materials,,,Suitable For Use With,,,Number of Pieces,,,Additional Information,,,,,,,,,,,,,,,,,,,,,,,,,,,,,,,,,,,,,,,,,,,,,,,,,,,,,,,,,,,,,,,,,,,,,,,,,,,,,,,,,,,,,,,,,,,,,,,,,,,,,,,,,,,,,,,,,,,,,,,,,,,,,,,,,,,,,,,,,,,,,,,,,
,,,,,,,,,,,49-94-1915,"49-94-1915 Milw 6-1/2""x1/8""x5/8"" DKO Masonry Cut Off Disc",-- Unbranded --,-- No Unilog Brand --,-- No DIB Brand --,Milwaukee Accessory (4031),Milwaukee Tool,,,49-94-1915,,Tools & Equipment>Power Tools>Power Saw Blades>Diamond Saw Blades,"Milwaukee Tool, Diamond Saw Blade, 49-94-1915",DIAMOND SAW BLADE,Milwaukee Tool 49-94-1915 Diamond Saw Blade,,Diamond Saw Blade,,,,,,,,,,,,,,,,,,,,,,,,,,,,Series,,,Diameter,,,Thickness,,,Rim Type,,,Cut Type,,,Cut Width,,,Maximum Cutting Depth,,,Arbor Type,,,Arbor Size,,,Grade,,,Maximum Speed Rating,,,Cutting Edge Material,,,Blade Material,,,Color,,,Cut Materials,,,Suitable For Use With,,,Number of Pieces,,,Additional Information,,,,,,,,,,,,,,,,,,,,,,,,,,,,,,,,,,,,,,,,,,,,,,,,,,,,,,,,,,,,,,,,,,,,,,,,,,,,,,,,,,,,,,,,,,,,,,,,,,,,,,,,,,,,,,,,,,,,,,,,,,,,,,,,,,,,,,,,,,,,,,,,,
,,,,,,,,,,,49-94-1920,"49-94-1920 Milw 7""x1/8""x5/8"" DKO Masonry Cut Off Disc",-- Unbranded --,-- No Unilog Brand --,-- No DIB Brand --,Milwaukee Accessory (4031),Milwaukee Tool,,,49-94-1920,,Tools & Equipment>Power Tools>Power Saw Blades>Diamond Saw Blades,"Milwaukee Tool, Diamond Saw Blade, 49-94-1920",DIAMOND SAW BLADE,Milwaukee Tool 49-94-1920 Diamond Saw Blade,,Diamond Saw Blade,,,,,,,,,,,,,,,,,,,,,,,,,,,,Series,,,Diameter,,,Thickness,,,Rim Type,,,Cut Type,,,Cut Width,,,Maximum Cutting Depth,,,Arbor Type,,,Arbor Size,,,Grade,,,Maximum Speed Rating,,,Cutting Edge Material,,,Blade Material,,,Color,,,Cut Materials,,,Suitable For Use With,,,Number of Pieces,,,Additional Information,,,,,,,,,,,,,,,,,,,,,,,,,,,,,,,,,,,,,,,,,,,,,,,,,,,,,,,,,,,,,,,,,,,,,,,,,,,,,,,,,,,,,,,,,,,,,,,,,,,,,,,,,,,,,,,,,,,,,,,,,,,,,,,,,,,,,,,,,,,,,,,,,
,,,,,,,,,,,49-94-1925,"49-94-1925 Milw 10""x1/8""x5/8"" Masonry Cut Off Disc",-- Unbranded --,-- No Unilog Brand --,-- No DIB Brand --,Milwaukee Accessory (4031),Milwaukee Tool,,,49-94-1925,,Tools & Equipment>Power Tools>Power Saw Blades>Diamond Saw Blades,"Milwaukee Tool, Diamond Saw Blade, 49-94-1925",DIAMOND SAW BLADE,Milwaukee Tool 49-94-1925 Diamond Saw Blade,,Diamond Saw Blade,,,,,,,,,,,,,,,,,,,,,,,,,,,,Series,,,Diameter,,,Thickness,,,Rim Type,,,Cut Type,,,Cut Width,,,Maximum Cutting Depth,,,Arbor Type,,,Arbor Size,,,Grade,,,Maximum Speed Rating,,,Cutting Edge Material,,,Blade Material,,,Color,,,Cut Materials,,,Suitable For Use With,,,Number of Pieces,,,Additional Information,,,,,,,,,,,,,,,,,,,,,,,,,,,,,,,,,,,,,,,,,,,,,,,,,,,,,,,,,,,,,,,,,,,,,,,,,,,,,,,,,,,,,,,,,,,,,,,,,,,,,,,,,,,,,,,,,,,,,,,,,,,,,,,,,,,,,,,,,,,,,,,,,
,,,,,,,,,,,49-94-1935,"49-94-1935 Milw 12""x1/8""x1"" Masonry Cut Off Disc",-- Unbranded --,-- No Unilog Brand --,-- No DIB Brand --,Milwaukee Accessory (4031),Milwaukee Tool,,,49-94-1935,,Tools & Equipment>Power Tools>Power Saw Blades>Diamond Saw Blades,"Milwaukee Tool, Diamond Saw Blade, 49-94-1935",DIAMOND SAW BLADE,Milwaukee Tool 49-94-1935 Diamond Saw Blade,,Diamond Saw Blade,,,,,,,,,,,,,,,,,,,,,,,,,,,,Series,,,Diameter,,,Thickness,,,Rim Type,,,Cut Type,,,Cut Width,,,Maximum Cutting Depth,,,Arbor Type,,,Arbor Size,,,Grade,,,Maximum Speed Rating,,,Cutting Edge Material,,,Blade Material,,,Color,,,Cut Materials,,,Suitable For Use With,,,Number of Pieces,,,Additional Information,,,,,,,,,,,,,,,,,,,,,,,,,,,,,,,,,,,,,,,,,,,,,,,,,,,,,,,,,,,,,,,,,,,,,,,,,,,,,,,,,,,,,,,,,,,,,,,,,,,,,,,,,,,,,,,,,,,,,,,,,,,,,,,,,,,,,,,,,,,,,,,,,
,,,,,,,,,,,49-94-1940,"49-94-1940 Milw 14""x1/8""x1"" Masonry Cut Off Disc",-- Unbranded --,-- No Unilog Brand --,-- No DIB Brand --,Milwaukee Accessory (4031),Milwaukee Tool,,,49-94-1940,,Tools & Equipment>Power Tools>Power Saw Blades>Diamond Saw Blades,"Milwaukee Tool, Diamond Saw Blade, 49-94-1940",DIAMOND SAW BLADE,Milwaukee Tool 49-94-1940 Diamond Saw Blade,,Diamond Saw Blade,,,,,,,,,,,,,,,,,,,,,,,,,,,,Series,,,Diameter,,,Thickness,,,Rim Type,,,Cut Type,,,Cut Width,,,Maximum Cutting Depth,,,Arbor Type,,,Arbor Size,,,Grade,,,Maximum Speed Rating,,,Cutting Edge Material,,,Blade Material,,,Color,,,Cut Materials,,,Suitable For Use With,,,Number of Pieces,,,Additional Information,,,,,,,,,,,,,,,,,,,,,,,,,,,,,,,,,,,,,,,,,,,,,,,,,,,,,,,,,,,,,,,,,,,,,,,,,,,,,,,,,,,,,,,,,,,,,,,,,,,,,,,,,,,,,,,,,,,,,,,,,,,,,,,,,,,,,,,,,,,,,,,,,
,,,,,,,,,,,49-94-0501,"49-94-0501 Milw 4""x1/4""x5/8"" Metal Grinding Wheel",-- Unbranded --,-- No Unilog Brand --,-- No DIB Brand --,Milwaukee Accessory (4031),Milwaukee Tool,,,49-94-0501,,Tools & Equipment>Power Tools>Power Saw Blades>Diamond Saw Blades,"Milwaukee Tool, Diamond Saw Blade, 49-94-0501",DIAMOND SAW BLADE,Milwaukee Tool 49-94-0501 Diamond Saw Blade,,Diamond Saw Blade,,,,,,,,,,,,,,,,,,,,,,,,,,,,Series,,,Diameter,,,Thickness,,,Rim Type,,,Cut Type,,,Cut Width,,,Maximum Cutting Depth,,,Arbor Type,,,Arbor Size,,,Grade,,,Maximum Speed Rating,,,Cutting Edge Material,,,Blade Material,,,Color,,,Cut Materials,,,Suitable For Use With,,,Number of Pieces,,,Additional Information,,,,,,,,,,,,,,,,,,,,,,,,,,,,,,,,,,,,,,,,,,,,,,,,,,,,,,,,,,,,,,,,,,,,,,,,,,,,,,,,,,,,,,,,,,,,,,,,,,,,,,,,,,,,,,,,,,,,,,,,,,,,,,,,,,,,,,,,,,,,,,,,,
,,,,,,,,,,,49-94-0503,"49-94-0503 Milw 4-1/2""x1/4""x7/8"" Metal Grinding Wheel",-- Unbranded --,-- No Unilog Brand --,-- No DIB Brand --,Milwaukee Accessory (4031),Milwaukee Tool,,,49-94-0503,,Tools & Equipment>Power Tools>Power Saw Blades>Diamond Saw Blades,"Milwaukee Tool, Diamond Saw Blade, 49-94-0503",DIAMOND SAW BLADE,Milwaukee Tool 49-94-0503 Diamond Saw Blade,,Diamond Saw Blade,,,,,,,,,,,,,,,,,,,,,,,,,,,,Series,,,Diameter,,,Thickness,,,Rim Type,,,Cut Type,,,Cut Width,,,Maximum Cutting Depth,,,Arbor Type,,,Arbor Size,,,Grade,,,Maximum Speed Rating,,,Cutting Edge Material,,,Blade Material,,,Color,,,Cut Materials,,,Suitable For Use With,,,Number of Pieces,,,Additional Information,,,,,,,,,,,,,,,,,,,,,,,,,,,,,,,,,,,,,,,,,,,,,,,,,,,,,,,,,,,,,,,,,,,,,,,,,,,,,,,,,,,,,,,,,,,,,,,,,,,,,,,,,,,,,,,,,,,,,,,,,,,,,,,,,,,,,,,,,,,,,,,,,
,,,,,,,,,,,49-94-0523,"49-94-0523 Milw 6""x1/4""x7/8"" Metal Grinding Wheel",-- Unbranded --,-- No Unilog Brand --,-- No DIB Brand --,Milwaukee Accessory (4031),Milwaukee Tool,,,49-94-0523,,Tools & Equipment>Power Tools>Power Saw Blades>Diamond Saw Blades,"Milwaukee Tool, Diamond Saw Blade, 49-94-0523",DIAMOND SAW BLADE,Milwaukee Tool 49-94-0523 Diamond Saw Blade,,Diamond Saw Blade,,,,,,,,,,,,,,,,,,,,,,,,,,,,Series,,,Diameter,,,Thickness,,,Rim Type,,,Cut Type,,,Cut Width,,,Maximum Cutting Depth,,,Arbor Type,,,Arbor Size,,,Grade,,,Maximum Speed Rating,,,Cutting Edge Material,,,Blade Material,,,Color,,,Cut Materials,,,Suitable For Use With,,,Number of Pieces,,,Additional Information,,,,,,,,,,,,,,,,,,,,,,,,,,,,,,,,,,,,,,,,,,,,,,,,,,,,,,,,,,,,,,,,,,,,,,,,,,,,,,,,,,,,,,,,,,,,,,,,,,,,,,,,,,,,,,,,,,,,,,,,,,,,,,,,,,,,,,,,,,,,,,,,,
,,,,,,,,,,,49-94-1955,"49-94-1955 Milw 4-1/2""x1/4""x7/8"" Masonry Grinding Wheel",-- Unbranded --,-- No Unilog Brand --,-- No DIB Brand --,Milwaukee Accessory (4031),Milwaukee Tool,,,49-94-1955,,Tools & Equipment>Power Tools>Power Saw Blades>Diamond Saw Blades,"Milwaukee Tool, Diamond Saw Blade, 49-94-1955",DIAMOND SAW BLADE,Milwaukee Tool 49-94-1955 Diamond Saw Blade,,Diamond Saw Blade,,,,,,,,,,,,,,,,,,,,,,,,,,,,Series,,,Diameter,,,Thickness,,,Rim Type,,,Cut Type,,,Cut Width,,,Maximum Cutting Depth,,,Arbor Type,,,Arbor Size,,,Grade,,,Maximum Speed Rating,,,Cutting Edge Material,,,Blade Material,,,Color,,,Cut Materials,,,Suitable For Use With,,,Number of Pieces,,,Additional Information,,,,,,,,,,,,,,,,,,,,,,,,,,,,,,,,,,,,,,,,,,,,,,,,,,,,,,,,,,,,,,,,,,,,,,,,,,,,,,,,,,,,,,,,,,,,,,,,,,,,,,,,,,,,,,,,,,,,,,,,,,,,,,,,,,,,,,,,,,,,,,,,,
,,,,,,,,,,,49-94-1965,"49-94-1965 Milw 7""x1/4""x7/8"" Masonry Grinding Wheel",-- Unbranded --,-- No Unilog Brand --,-- No DIB Brand --,Milwaukee Accessory (4031),Milwaukee Tool,,,49-94-1965,,Tools & Equipment>Power Tools>Power Saw Blades>Diamond Saw Blades,"Milwaukee Tool, Diamond Saw Blade, 49-94-1965",DIAMOND SAW BLADE,Milwaukee Tool 49-94-1965 Diamond Saw Blade,,Diamond Saw Blade,,,,,,,,,,,,,,,,,,,,,,,,,,,,Series,,,Diameter,,,Thickness,,,Rim Type,,,Cut Type,,,Cut Width,,,Maximum Cutting Depth,,,Arbor Type,,,Arbor Size,,,Grade,,,Maximum Speed Rating,,,Cutting Edge Material,,,Blade Material,,,Color,,,Cut Materials,,,Suitable For Use With,,,Number of Pieces,,,Additional Information,,,,,,,,,,,,,,,,,,,,,,,,,,,,,,,,,,,,,,,,,,,,,,,,,,,,,,,,,,,,,,,,,,,,,,,,,,,,,,,,,,,,,,,,,,,,,,,,,,,,,,,,,,,,,,,,,,,,,,,,,,,,,,,,,,,,,,,,,,,,,,,,,
,,,,,,,,,,,49-94-0513,"49-94-0513 Milw 5""x1/4""x7/8"" Metal Grinding Wheel",-- Unbranded --,-- No Unilog Brand --,-- No DIB Brand --,Milwaukee Accessory (4031),Milwaukee Tool,,,49-94-0513,,Tools & Equipment>Power Tools>Power Saw Blades>Diamond Saw Blades,"Milwaukee Tool, Diamond Saw Blade, 49-94-0513",DIAMOND SAW BLADE,Milwaukee Tool 49-94-0513 Diamond Saw Blade,,Diamond Saw Blade,,,,,,,,,,,,,,,,,,,,,,,,,,,,Series,,,Diameter,,,Thickness,,,Rim Type,,,Cut Type,,,Cut Width,,,Maximum Cutting Depth,,,Arbor Type,,,Arbor Size,,,Grade,,,Maximum Speed Rating,,,Cutting Edge Material,,,Blade Material,,,Color,,,Cut Materials,,,Suitable For Use With,,,Number of Pieces,,,Additional Information,,,,,,,,,,,,,,,,,,,,,,,,,,,,,,,,,,,,,,,,,,,,,,,,,,,,,,,,,,,,,,,,,,,,,,,,,,,,,,,,,,,,,,,,,,,,,,,,,,,,,,,,,,,,,,,,,,,,,,,,,,,,,,,,,,,,,,,,,,,,,,,,,
,,,,,,,,,,,49-94-0533,"49-94-0533 Milw 7""x1/4""x7/8"" Metal Grinding Wheel",-- Unbranded --,-- No Unilog Brand --,-- No DIB Brand --,Milwaukee Accessory (4031),Milwaukee Tool,,,49-94-0533,,Tools & Equipment>Power Tools>Power Saw Blades>Diamond Saw Blades,"Milwaukee Tool, Diamond Saw Blade, 49-94-0533",DIAMOND SAW BLADE,Milwaukee Tool 49-94-0533 Diamond Saw Blade,,Diamond Saw Blade,,,,,,,,,,,,,,,,,,,,,,,,,,,,Series,,,Diameter,,,Thickness,,,Rim Type,,,Cut Type,,,Cut Width,,,Maximum Cutting Depth,,,Arbor Type,,,Arbor Size,,,Grade,,,Maximum Speed Rating,,,Cutting Edge Material,,,Blade Material,,,Color,,,Cut Materials,,,Suitable For Use With,,,Number of Pieces,,,Additional Information,,,,,,,,,,,,,,,,,,,,,,,,,,,,,,,,,,,,,,,,,,,,,,,,,,,,,,,,,,,,,,,,,,,,,,,,,,,,,,,,,,,,,,,,,,,,,,,,,,,,,,,,,,,,,,,,,,,,,,,,,,,,,,,,,,,,,,,,,,,,,,,,,
,,,,,,,,,,,DFBLBLOMFN01G,DFBLBLOMFN01G Diablo 220 Grit - Flat Edge Sanding Sponge,-- Unbranded --,-- No Unilog Brand --,-- No DIB Brand --,Freud Inc (2435),"Freud America, Inc",,,DFBLBLOMFN01G,,Tools & Equipment>Power Tools>Power Saw Blades>Circular Saw Blades,"Freud America, Inc, Circular Saw Blade, DFBLBLOMFN01G",CIRCULAR SAW BLADE,"Freud America, Inc DFBLBLOMFN01G Circular Saw Blade",,Circular Saw Blade,,,,,,,,,,,,,,,,,,,,,,,,,,,,Series,,,Diameter,,,Cutting Edge Material,,,Blade Material,,,Blade Thickness,,,Teeth Type,,,Number of Teeth,,,Teeth per Inch,,,Arbor Type,,,Arbor Size,,,Cut Type,,,Cut Width,,,Maximum Cutting Depth,,,Kerf,,,Grade,,,Hook Angle,,,Maximum Speed Rating,,,Finish,,,Color,,,Cut Materials,,,Suitable For Use With,,,Number of Pieces,,,Additional Information,,,,,,,,,,,,,,,,,,,,,,,,,,,,,,,,,,,,,,,,,,,,,,,,,,,,,,,,,,,,,,,,,,,,,,,,,,,,,,,,,,,,,,,,,,,,,,,,,,,,,,,,,,,,,,,,,,,,,,,,,,,,,,,,,,
,,,,,,,,,,,1700-1PK-BB40,3/4x60' Vinyl Elect Tape,-- Unbranded --,-- No Unilog Brand --,3M,3 M Co (5293),,3M,,1700-1PK-BB40,,Electrical>Lamps & Lightings>Indoor Lighting>Indoor Strip & Tape Lighting,"Indoor Strip & Tape Lighting, 1700-1PK-BB40",INDOOR STRIP & TAPE LIGHTING,1700-1PK-BB40 Indoor Strip & Tape Lighting,,Indoor Strip & Tape Lighting,,,,,,,,,,,,,,,,,,,,,,,,,,,,Collection,,,Fixture Wattage,,,Voltage Rating,,,Amperage Rating,,,Frequency Rating,,,Bulb Type,,,Bulb Wattage,,,Bulb Base,,,Number of Bulbs,,,Lumens,,,Color Temperature,,,Color Rendering Index (CRI),,,Beam Type,,,Beam Angle,,,Average Life,,,Dimmable/Non-Dimmable,,,Fixture Material,,,Fixture Finish,,,Mounting Type,,,Enclosure Type,,,Dimensions,,,Bulb Included,,,Additional Information,,,,,,,,,,,,,,,,,,,,,,,,,,,,,,,,,,,,,,,,,,,,,,,,,,,,,,,,,,,,,,,,,,,,,,,,,,,,,,,,,,,,,,,,,,,,,,,,,,,,,,,,,,,,,,,,,,,,,,,,,,,,,,,,,,
,,,,,,,,,,,ASH-40-40-04,1.5x1.5x13' Legacy Emseal Tape,-- Unbranded --,-- No Unilog Brand --,-- No DIB Brand --,Emseal Joint Systems Ltd (EMSJO),,,,ASH-40-40-04,,Electrical>Lamps & Lightings>Indoor Lighting>Indoor Strip & Tape Lighting,"Indoor Strip & Tape Lighting, ASH-40-40-04",INDOOR STRIP & TAPE LIGHTING,ASH-40-40-04 Indoor Strip & Tape Lighting,,Indoor Strip & Tape Lighting,,,,,,,,,,,,,,,,,,,,,,,,,,,,Collection,,,Fixture Wattage,,,Voltage Rating,,,Amperage Rating,,,Frequency Rating,,,Bulb Type,,,Bulb Wattage,,,Bulb Base,,,Number of Bulbs,,,Lumens,,,Color Temperature,,,Color Rendering Index (CRI),,,Beam Type,,,Beam Angle,,,Average Life,,,Dimmable/Non-Dimmable,,,Fixture Material,,,Fixture Finish,,,Mounting Type,,,Enclosure Type,,,Dimensions,,,Bulb Included,,,Additional Information,,,,,,,,,,,,,,,,,,,,,,,,,,,,,,,,,,,,,,,,,,,,,,,,,,,,,,,,,,,,,,,,,,,,,,,,,,,,,,,,,,,,,,,,,,,,,,,,,,,,,,,,,,,,,,,,,,,,,,,,,,,,,,,,,,
,,,,,,,,,,,KDFM404KPS,KDFM404KPS Dishwasher SS,-- Unbranded --,-- No Unilog Brand --,-- No DIB Brand --,Appliance Dealers Cooperative (APPDE),,,,KDFM404KPS,,Appliances & Consumer Electronics>Kitchen Appliances>Built-In Dishwashers,"Built-In Dishwasher, KDFM404KPS",BUILT-IN DISHWASHER,KDFM404KPS Built-In Dishwasher,,Built-In Dishwasher,,,,,,,,,,,,,,,,,,,,,,,,,,,,Series,,,Model,,,Number of Wash Cycles,,,Voltage Rating,,,Amperage Rating,,,Mounting Type,,,Plug Type,,,Size,,,Depth With Door Open,,,Minimum Height,,,Maximum Height,,,Sound Level,,,Material,,,Color,,,Additional Information,,,,,,,,,,,,,,,,,,,,,,,,,,,,,,,,,,,,,,,,,,,,,,,,,,,,,,,,,,,,,,,,,,,,,,,,,,,,,,,,,,,,,,,,,,,,,,,,,,,,,,,,,,,,,,,,,,,,,,,,,,,,,,,,,,,,,,,,,,,,,,,,,,,,,,,,,,
,,,,,,,,,,,PDSH4816AF,PDSH4816AF Dishwasher SS - Display Only,-- Unbranded --,-- No Unilog Brand --,-- No DIB Brand --,Appliance Dealers Cooperative (APPDE),,,,PDSH4816AF,,Appliances & Consumer Electronics>Kitchen Appliances>Built-In Dishwashers,"Built-In Dishwasher, PDSH4816AF",BUILT-IN DISHWASHER ECO SERIES 120,PDSH4816AF Built-In Dishwasher,"The PDSH4816AF dishwasher from the Eco Series is a built-in model designed to integrate seamlessly into your kitchen. With a stainless steel construction and matching stainless steel color, it offers both durability and a sleek aesthetic. This 120-volt dishwasher is sized at 24 inches in width and 24-1/4 inches in depth, making it a standard fit for many kitchen layouts. Its built-in mounting type ensures a flush installation that complements your kitchen's design.",Built-In Dishwasher,"Experience efficient cleaning with the PDSH4816AF built-in dishwasher, featuring a durable stainless steel design. This Eco Series model is designed to fit standard kitchen layouts, providing a sleek and integrated look.",,,,,,,,,,,,,,,,,,,,,,,,,,,Series,Eco Series,,Model,PDSH4816AF,,Number of Wash Cycles,,,Voltage Rating,120,V,Amperage Rating,,,Mounting Type,Built-in,,Plug Type,,,Size,24 in W x 24-1/4 in D,,Depth With Door Open,,,Minimum Height,,,Maximum Height,,,Sound Level,,,Material,Stainless Steel,,Color,Stainless Steel,,Additional Information,,,,,,,,,,,,,,,,,,,,,,,,,,,,,,,,,,,,,,,,,,,,,,,,,,,,,,,,,,,,,,,,,,,,,,,,,,,,,,,,,,,,,,,,,,,,,,,,,,,,,,,,,,,,,,,,,,,,,,,,,,,,,,,,,,,,,,,,,,,,,,,,,,,,,,,,,,
,,,,,,,,,,,PDT715SYVFS,PDT715SYVFS Ge Dishwasher SS,-- Unbranded --,-- No Unilog Brand --,-- No DIB Brand --,Appliance Dealers Cooperative (APPDE),,,,PDT715SYVFS,,Appliances & Consumer Electronics>Kitchen Appliances>Built-In Dishwashers,"Built-In Dishwasher, PDT715SYVFS",BUILT-IN DISHWASHER,PDT715SYVFS Built-In Dishwasher,,Built-In Dishwasher,,,,,,,,,,,,,,,,,,,,,,,,,,,,Series,,,Model,,,Number of Wash Cycles,,,Voltage Rating,,,Amperage Rating,,,Mounting Type,,,Plug Type,,,Size,,,Depth With Door Open,,,Minimum Height,,,Maximum Height,,,Sound Level,,,Material,,,Color,,,Additional Information,,,,,,,,,,,,,,,,,,,,,,,,,,,,,,,,,,,,,,,,,,,,,,,,,,,,,,,,,,,,,,,,,,,,,,,,,,,,,,,,,,,,,,,,,,,,,,,,,,,,,,,,,,,,,,,,,,,,,,,,,,,,,,,,,,,,,,,,,,,,,,,,,,,,,,,,,,
,,,,,,,,,,,LDPH5554D,LDPH5554D LG Dishwasher BSS,-- Unbranded --,-- No Unilog Brand --,-- No DIB Brand --,Appliance Dealers Cooperative (APPDE),,,,LDPH5554D,,Appliances & Consumer Electronics>Kitchen Appliances>Built-In Dishwashers,"Built-In Dishwasher, LDPH5554D",BUILT-IN DISHWASHER,LDPH5554D Built-In Dishwasher,,Built-In Dishwasher,,,,,,,,,,,,,,,,,,,,,,,,,,,,Series,,,Model,,,Number of Wash Cycles,,,Voltage Rating,,,Amperage Rating,,,Mounting Type,,,Plug Type,,,Size,,,Depth With Door Open,,,Minimum Height,,,Maximum Height,,,Sound Level,,,Material,,,Color,,,Additional Information,,,,,,,,,,,,,,,,,,,,,,,,,,,,,,,,,,,,,,,,,,,,,,,,,,,,,,,,,,,,,,,,,,,,,,,,,,,,,,,,,,,,,,,,,,,,,,,,,,,,,,,,,,,,,,,,,,,,,,,,,,,,,,,,,,,,,,,,,,,,,,,,,,,,,,,,,,
,,,,,,,,,,,WDTS7024RZ,WDTS7024RZ Dishwasher SS - Display Only,-- Unbranded --,-- No Unilog Brand --,-- No DIB Brand --,Appliance Dealers Cooperative (APPDE),,,,WDTS7024RZ,,Appliances & Consumer Electronics>Kitchen Appliances>Built-In Dishwashers,"Built-In Dishwasher, WDTS7024RZ",BUILT-IN DISHWASHER ECO SERIES 120,WDTS7024RZ Built-In Dishwasher,"The WDTS7024RZ dishwasher from the Eco Series is a built-in model designed to integrate seamlessly into your kitchen. With a stainless steel construction and matching stainless steel color, it offers both durability and a sleek aesthetic. This 24-inch wide and 24-1/4-inch deep dishwasher operates at a standard 120-volt rating, making it suitable for most residential installations. Its built-in mounting type ensures a flush fit with your cabinetry, enhancing the overall look of your kitchen.",Built-In Dishwasher,"Experience efficient cleaning with the Eco Series WDTS7024RZ built-in dishwasher, featuring a durable stainless steel design. This model integrates perfectly into your kitchen, providing a sleek and modern appearance.",,,,,,,,,,,,,,,,,,,,,,,,,,,Series,Eco Series,,Model,WDTS7024RZ,,Number of Wash Cycles,,,Voltage Rating,120,V,Amperage Rating,,,Mounting Type,Built-in,,Plug Type,,,Size,24 in W x 24-1/4 in D,,Depth With Door Open,,,Minimum Height,,,Maximum Height,,,Sound Level,,,Material,Stainless Steel,,Color,Stainless Steel,,Additional Information,,,,,,,,,,,,,,,,,,,,,,,,,,,,,,,,,,,,,,,,,,,,,,,,,,,,,,,,,,,,,,,,,,,,,,,,,,,,,,,,,,,,,,,,,,,,,,,,,,,,,,,,,,,,,,,,,,,,,,,,,,,,,,,,,,,,,,,,,,,,,,,,,,,,,,,,,,
,,,,,,,,,,,PDD415PYYFS,PDD415PYYFS GE Dishwasher SS,-- Unbranded --,-- No Unilog Brand --,-- No DIB Brand --,Appliance Dealers Cooperative (APPDE),,,,PDD415PYYFS,,Appliances & Consumer Electronics>Kitchen Appliances>Built-In Dishwashers,"Built-In Dishwasher, PDD415PYYFS",BUILT-IN DISHWASHER ECO SERIES 120,PDD415PYYFS Built-In Dishwasher,"The PDD415PYYFS dishwasher from the Eco Series is a built-in model designed to integrate seamlessly into your kitchen. With a stainless steel material and color, it offers durability and a sleek aesthetic. This dishwasher operates at a standard voltage rating of 120, making it compatible with most household electrical systems. Its built-in mounting type allows for a flush installation, enhancing the overall look of your kitchen.",Built-In Dishwasher,"Experience the convenience of a built-in dishwasher with the PDD415PYYFS, featuring a durable stainless steel construction and standard voltage compatibility.",,,,,,,,,,,,,,,,,,,,,,,,,,,Series,Eco Series,,Model,PDD415PYYFS,,Number of Wash Cycles,,,Voltage Rating,120,V,Amperage Rating,,,Mounting Type,Built-in,,Plug Type,,,Size,,,Depth With Door Open,,,Minimum Height,,,Maximum Height,,,Sound Level,,,Material,Stainless Steel,,Color,Stainless Steel,,Additional Information,,,,,,,,,,,,,,,,,,,,,,,,,,,,,,,,,,,,,,,,,,,,,,,,,,,,,,,,,,,,,,,,,,,,,,,,,,,,,,,,,,,,,,,,,,,,,,,,,,,,,,,,,,,,,,,,,,,,,,,,,,,,,,,,,,,,,,,,,,,,,,,,,,,,,,,,,,
,,,,,,,,,,,KDTS424SBE,KDTS424SBE Kitchen Aid Dishwasher Bk,-- Unbranded --,-- No Unilog Brand --,-- No DIB Brand --,Appliance Dealers Cooperative (APPDE),,,,KDTS424SBE,,Appliances & Consumer Electronics>Kitchen Appliances>Built-In Dishwashers,"Built-In Dishwasher, KDTS424SBE",BUILT-IN DISHWASHER,KDTS424SBE Built-In Dishwasher,,Built-In Dishwasher,,,,,,,,,,,,,,,,,,,,,,,,,,,,Series,,,Model,,,Number of Wash Cycles,,,Voltage Rating,,,Amperage Rating,,,Mounting Type,,,Plug Type,,,Size,,,Depth With Door Open,,,Minimum Height,,,Maximum Height,,,Sound Level,,,Material,,,Color,,,Additional Information,,,,,,,,,,,,,,,,,,,,,,,,,,,,,,,,,,,,,,,,,,,,,,,,,,,,,,,,,,,,,,,,,,,,,,,,,,,,,,,,,,,,,,,,,,,,,,,,,,,,,,,,,,,,,,,,,,,,,,,,,,,,,,,,,,,,,,,,,,,,,,,,,,,,,,,,,,
,,,,,,,,,,,KDTS324SPS,KDTS324SPS Kitchen Aid Dishwasher SS,-- Unbranded --,-- No Unilog Brand --,-- No DIB Brand --,Appliance Dealers Cooperative (APPDE),,,,KDTS324SPS,,Appliances & Consumer Electronics>Kitchen Appliances>Built-In Dishwashers,"Built-In Dishwasher, KDTS324SPS",BUILT-IN DISHWASHER,KDTS324SPS Built-In Dishwasher,,Built-In Dishwasher,,,,,,,,,,,,,,,,,,,,,,,,,,,,Series,,,Model,,,Number of Wash Cycles,,,Voltage Rating,,,Amperage Rating,,,Mounting Type,,,Plug Type,,,Size,,,Depth With Door Open,,,Minimum Height,,,Maximum Height,,,Sound Level,,,Material,,,Color,,,Additional Information,,,,,,,,,,,,,,,,,,,,,,,,,,,,,,,,,,,,,,,,,,,,,,,,,,,,,,,,,,,,,,,,,,,,,,,,,,,,,,,,,,,,,,,,,,,,,,,,,,,,,,,,,,,,,,,,,,,,,,,,,,,,,,,,,,,,,,,,,,,,,,,,,,,,,,,,,,
,,,,,,,,,,,KDPS624SJP,KDPS624SJP Dishwasher Juniper - Display Only,-- Unbranded --,-- No Unilog Brand --,-- No DIB Brand --,Appliance Dealers Cooperative (APPDE),,,,KDPS624SJP,,Appliances & Consumer Electronics>Kitchen Appliances>Built-In Dishwashers,"Built-In Dishwasher, KDPS624SJP",BUILT-IN DISHWASHER,KDPS624SJP Built-In Dishwasher,,Built-In Dishwasher,,,,,,,,,,,,,,,,,,,,,,,,,,,,Series,,,Model,,,Number of Wash Cycles,,,Voltage Rating,,,Amperage Rating,,,Mounting Type,,,Plug Type,,,Size,,,Depth With Door Open,,,Minimum Height,,,Maximum Height,,,Sound Level,,,Material,,,Color,,,Additional Information,,,,,,,,,,,,,,,,,,,,,,,,,,,,,,,,,,,,,,,,,,,,,,,,,,,,,,,,,,,,,,,,,,,,,,,,,,,,,,,,,,,,,,,,,,,,,,,,,,,,,,,,,,,,,,,,,,,,,,,,,,,,,,,,,,,,,,,,,,,,,,,,,,,,,,,,,,
,,,,,,,,,,,KDTS624SBE,KDTS624SBE Dishwasher BO Display Only,-- Unbranded --,-- No Unilog Brand --,-- No DIB Brand --,Appliance Dealers Cooperative (APPDE),,,,KDTS624SBE,,Appliances & Consumer Electronics>Kitchen Appliances>Built-In Dishwashers,"Built-In Dishwasher, KDTS624SBE",BUILT-IN DISHWASHER,KDTS624SBE Built-In Dishwasher,,Built-In Dishwasher,,,,,,,,,,,,,,,,,,,,,,,,,,,,Series,,,Model,,,Number of Wash Cycles,,,Voltage Rating,,,Amperage Rating,,,Mounting Type,,,Plug Type,,,Size,,,Depth With Door Open,,,Minimum Height,,,Maximum Height,,,Sound Level,,,Material,,,Color,,,Additional Information,,,,,,,,,,,,,,,,,,,,,,,,,,,,,,,,,,,,,,,,,,,,,,,,,,,,,,,,,,,,,,,,,,,,,,,,,,,,,,,,,,,,,,,,,,,,,,,,,,,,,,,,,,,,,,,,,,,,,,,,,,,,,,,,,,,,,,,,,,,,,,,,,,,,,,,,,,
,,,,,,,,,,,D519127,D519127 Heater Kit,-- Unbranded --,-- No Unilog Brand --,-- No DIB Brand --,V & V Appliance Parts Inc (VVAPP),,,,D519127,,Building Materials>Decking>Deck & Porch Railings>Deck Railing Kits,"Deck Railing Kit, D519127",DECK RAILING KIT,D519127 Deck Railing Kit,,Deck Railing Kit,,,,,,,,,,,,,,,,,,,,,,,,,,,,Series,,,Rail Profile Type,,,Rail Length,,,Rail Width,,,Rail Material,,,Rail Color,,,Balusters/Spindles Design,,,Balusters/Spindles Top Style,,,Balusters/Spindles Diameter,,,Balusters/Spindles Length,,,Balusters/Spindles Material,,,Balusters/Spindles Color,,,Installation Type,,,Number of Pieces,,,Additional Information,,,,,,,,,,,,,,,,,,,,,,,,,,,,,,,,,,,,,,,,,,,,,,,,,,,,,,,,,,,,,,,,,,,,,,,,,,,,,,,,,,,,,,,,,,,,,,,,,,,,,,,,,,,,,,,,,,,,,,,,,,,,,,,,,,,,,,,,,,,,,,,,,,,,,,,,,,
,,,,,,,,,,,DF7004WE,DF7004WE Speed Queen Elect Dryer Wh,-- Unbranded --,-- No Unilog Brand --,-- No DIB Brand --,Appliance Dealers Cooperative (APPDE),,,,DF7004WE,,Appliances & Consumer Electronics>Laundry Appliances>Top Loading Washers,"Top Loading Washer, DF7004WE",TOP LOADING WASHER,DF7004WE Top Loading Washer,,Top Loading Washer,,,,,,,,,,,,,,,,,,,,,,,,,,,,Series,,,Model,,,Capacity,,,Voltage Rating,,,Amperage Rating,,,Power Rating,,,HP Rating,,,Frequency Rating,,,Phase,,,Rotational Speed,,,BTU Rating,,,Drum Type,,,Fuel Type,,,Depth With Door Open,,,Height With Lid Open,,,Number of Cycles,,,Number of Temperature Setting,,,Color,,,Dimensions,,,Additional Information,,,,,,,,,,,,,,,,,,,,,,,,,,,,,,,,,,,,,,,,,,,,,,,,,,,,,,,,,,,,,,,,,,,,,,,,,,,,,,,,,,,,,,,,,,,,,,,,,,,,,,,,,,,,,,,,,,,,,,,,,,,,,,,,,,,,,,,,,,,
,,,,,,,,,,,DR7004BE,DR7004BE SQ Elect Dryer Bk,-- Unbranded --,-- No Unilog Brand --,-- No DIB Brand --,Appliance Dealers Cooperative (APPDE),,,,DR7004BE,,Appliances & Consumer Electronics>Laundry Appliances>Electric Dryers,"Electric Dryer, DR7004BE",ELECTRIC DRYER DR7 SERIES 7 30 SQ BK,DR7004BE Electric Dryer,"The DR7004BE electric dryer, part of the DR7 Series, offers a capacity of 7, making it suitable for handling moderate to large laundry loads. With an amperage rating of 30 and a single-phase (SQ) configuration, this dryer is designed to operate efficiently within standard electrical setups. The matte black color provides a sleek and durable finish. As an electric dryer, it provides a convenient and energy-efficient way to dry clothes, and the 'Bk' additional information notation may indicate specific backend or inventory details.",Electric Dryer,"Efficiently dry clothes with the DR7004BE electric dryer, featuring a 7 capacity and sleek matte black design.",,,,,,,,,,,,,,,,,,,,,,,,,,,Series,DR7 Series,,Model,,,Capacity,7,cu-ft,Voltage Rating,,,Amperage Rating,30,A,Power Rating,,,HP Rating,,,Frequency Rating,,,Phase,SQ,,Rotational Speed,,,BTU Rating,,,Drum Type,,,Fuel Type,Electric,,Depth With Door Open,,,Height With Lid Open,,,Number of Cycles,,,Number of Temperature Setting,,,Color,Matte Black,,Dimensions,,,Additional Information,Bk,,,,,,,,,,,,,,,,,,,,,,,,,,,,,,,,,,,,,,,,,,,,,,,,,,,,,,,,,,,,,,,,,,,,,,,,,,,,,,,,,,,,,,,,,,,,,,,,,,,,,,,,,,,,,,,,,,,,,,,,,,,,,,,,,,,,,,,,,,
,,,,,,,,,,,DV2000WE,DV2000WE SQ Elect Dryer Wh,-- Unbranded --,-- No Unilog Brand --,-- No DIB Brand --,Appliance Dealers Cooperative (APPDE),,,,DV2000WE,,Appliances & Consumer Electronics>Laundry Appliances>Electric Dryers,"Electric Dryer, DV2000WE",ELECTRIC DRYER ELECTRIC,DV2000WE Electric Dryer,"The DV2000WE electric dryer is part of the DV2000WE SQ Elect Dryer Wh series, offering a reliable and efficient electric drying solution. With its electric fuel type, this dryer provides a convenient and energy-efficient way to dry clothes, making it an ideal choice for various applications. The DV2000WE model is designed to meet the needs of those looking for a straightforward and effective electric dryer.",Electric Dryer,"Experience efficient drying with the DV2000WE electric dryer, a reliable and convenient solution for your drying needs.",,,,,,,,,,,,,,,,,,,,,,,,,,,Series,DV2000WE SQ Elect Dryer Wh,,Model,,,Capacity,,,Voltage Rating,,,Amperage Rating,,,Power Rating,,,HP Rating,,,Frequency Rating,,,Phase,,,Rotational Speed,,,BTU Rating,,,Drum Type,,,Fuel Type,Electric,,Depth With Door Open,,,Height With Lid Open,,,Number of Cycles,,,Number of Temperature Setting,,,Color,,,Dimensions,,,Additional Information,,,,,,,,,,,,,,,,,,,,,,,,,,,,,,,,,,,,,,,,,,,,,,,,,,,,,,,,,,,,,,,,,,,,,,,,,,,,,,,,,,,,,,,,,,,,,,,,,,,,,,,,,,,,,,,,,,,,,,,,,,,,,,,,,,,,,,,,,,,
,,,,,,,,,,,DC5004WE,DC5004WE SQ Elect Dryer Wh,-- Unbranded --,-- No Unilog Brand --,-- No DIB Brand --,Appliance Dealers Cooperative (APPDE),,,,DC5004WE,,Appliances & Consumer Electronics>Laundry Appliances>Electric Dryers,"Electric Dryer, DC5004WE",ELECTRIC DRYER DC5 SERIES ELECTRIC,DC5004WE Electric Dryer,"The DC5004WE electric dryer is part of the DC5 Series, offering a reliable and efficient drying solution. As an electric dryer, it utilizes electricity as its fuel type, providing a convenient and widely available power source. This model is designed to deliver consistent and effective drying performance, making it a practical choice for various applications.",Electric Dryer,"Experience efficient drying with the DC5004WE electric dryer, a reliable and convenient solution from the DC5 Series.",,,,,,,,,,,,,,,,,,,,,,,,,,,Series,DC5 Series,,Model,,,Capacity,,,Voltage Rating,,,Amperage Rating,,,Power Rating,,,HP Rating,,,Frequency Rating,,,Phase,,,Rotational Speed,,,BTU Rating,,,Drum Type,,,Fuel Type,Electric,,Depth With Door Open,,,Height With Lid Open,,,Number of Cycles,,,Number of Temperature Setting,,,Color,,,Dimensions,,,Additional Information,,,,,,,,,,,,,,,,,,,,,,,,,,,,,,,,,,,,,,,,,,,,,,,,,,,,,,,,,,,,,,,,,,,,,,,,,,,,,,,,,,,,,,,,,,,,,,,,,,,,,,,,,,,,,,,,,,,,,,,,,,,,,,,,,,,,,,,,,,,
,,,,,,,,,,,DC5004BE,DC5004BE SQ Elect Dryer Bk,-- Unbranded --,-- No Unilog Brand --,-- No DIB Brand --,Appliance Dealers Cooperative (APPDE),,,,DC5004BE,,Appliances & Consumer Electronics>Laundry Appliances>Electric Dryers,"Electric Dryer, DC5004BE",ELECTRIC DRYER DC5 SERIES ELECTRIC,DC5004BE Electric Dryer,,Electric Dryer,,,,,,,,,,,,,,,,,,,,,,,,,,,,Series,DC5 Series,,Model,,,Capacity,,,Voltage Rating,,,Amperage Rating,,,Power Rating,,,HP Rating,,,Frequency Rating,,,Phase,,,Rotational Speed,,,BTU Rating,,,Drum Type,,,Fuel Type,Electric,,Depth With Door Open,,,Height With Lid Open,,,Number of Cycles,,,Number of Temperature Setting,,,Color,Matte Black,,Dimensions,,,Additional Information,,,,,,,,,,,,,,,,,,,,,,,,,,,,,,,,,,,,,,,,,,,,,,,,,,,,,,,,,,,,,,,,,,,,,,,,,,,,,,,,,,,,,,,,,,,,,,,,,,,,,,,,,,,,,,,,,,,,,,,,,,,,,,,,,,,,,,,,,,,
,,,,,,,,,,,WKE100HWA,WKE100HWA LG Laundry Center Wh - Display,-- Unbranded --,-- No Unilog Brand --,-- No DIB Brand --,Appliance Dealers Cooperative (APPDE),,,,WKE100HWA,,Appliances & Consumer Electronics>Kitchen Appliances>Built-In Dishwashers,"Built-In Dishwasher, WKE100HWA",BUILT-IN DISHWASHER,WKE100HWA Built-In Dishwasher,,Built-In Dishwasher,,,,,,,,,,,,,,,,,,,,,,,,,,,,Series,,,Model,,,Number of Wash Cycles,,,Voltage Rating,,,Amperage Rating,,,Mounting Type,,,Plug Type,,,Size,,,Depth With Door Open,,,Minimum Height,,,Maximum Height,,,Sound Level,,,Material,,,Color,,,Additional Information,,,,,,,,,,,,,,,,,,,,,,,,,,,,,,,,,,,,,,,,,,,,,,,,,,,,,,,,,,,,,,,,,,,,,,,,,,,,,,,,,,,,,,,,,,,,,,,,,,,,,,,,,,,,,,,,,,,,,,,,,,,,,,,,,,,,,,,,,,,,,,,,,,,,,,,,,,
,,,,,,,,,,,FF7011WN,FF7011WN Speed Queen Washer Wh,-- Unbranded --,-- No Unilog Brand --,-- No DIB Brand --,Appliance Dealers Cooperative (APPDE),,,,FF7011WN,,Appliances & Consumer Electronics>Laundry Appliances>Top Loading Washers,"Top Loading Washer, FF7011WN",TOP LOADING WASHER,FF7011WN Top Loading Washer,,Top Loading Washer,,,,,,,,,,,,,,,,,,,,,,,,,,,,Series,,,Model,,,Capacity,,,Voltage Rating,,,Amperage Rating,,,Power Rating,,,HP Rating,,,Frequency Rating,,,Phase,,,Rotational Speed,,,BTU Rating,,,Drum Type,,,Fuel Type,,,Depth With Door Open,,,Height With Lid Open,,,Number of Cycles,,,Number of Temperature Setting,,,Color,,,Dimensions,,,Additional Information,,,,,,,,,,,,,,,,,,,,,,,,,,,,,,,,,,,,,,,,,,,,,,,,,,,,,,,,,,,,,,,,,,,,,,,,,,,,,,,,,,,,,,,,,,,,,,,,,,,,,,,,,,,,,,,,,,,,,,,,,,,,,,,,,,,,,,,,,,,
,,,,,,,,,,,PTD70GBPTDG,PTD70GBPTDG GE Gas Dryer DG,-- Unbranded --,-- No Unilog Brand --,-- No DIB Brand --,Appliance Dealers Cooperative (APPDE),,,,PTD70GBPTDG,,Appliances & Consumer Electronics>Laundry Appliances>Gas Dryers,"Gas Dryer, PTD70GBPTDG",GAS DRYER DC5 SERIES PTD70GBPTDG 7 GAS,PTD70GBPTDG Gas Dryer,"The PTD70GBPTDG gas dryer, part of the DC5 Series, offers a capacity of 7 cubic feet, providing ample space for larger or bulkier items. This model utilizes gas as its fuel type, making it a suitable option for those looking for a gas-powered drying solution. With its specified capacity and fuel type, the PTD70GBPTDG aims to efficiently handle drying needs.",Gas Dryer,"Efficiently dry larger loads with the PTD70GBPTDG gas dryer, featuring a 7 cubic foot capacity. This gas-powered model is a reliable choice for commercial or heavy-duty use.",,,,,,,,,,,,,,,,,,,,,,,,,,,Series,DC5 Series,,Model,PTD70GBPTDG,,Capacity,7,cu-ft,Rotational Speed,,,BTU Rating,,,Drum Type,,,Fuel Type,Gas,,Depth With Door Open,,,Height With Lid Open,,,Number of Cycles,,,Number of Temperature Setting,,,Color,,,Dimensions,,,Additional Information,,,,,,,,,,,,,,,,,,,,,,,,,,,,,,,,,,,,,,,,,,,,,,,,,,,,,,,,,,,,,,,,,,,,,,,,,,,,,,,,,,,,,,,,,,,,,,,,,,,,,,,,,,,,,,,,,,,,,,,,,,,,,,,,,,,,,,,,,,,,,,,,,,,,,,,,,,,,,
,,,,,,,,,,,PTD70GBSTWS,PTD70GBSTWS GE Gas Dryer Wh,-- Unbranded --,-- No Unilog Brand --,-- No DIB Brand --,Appliance Dealers Cooperative (APPDE),,,,PTD70GBSTWS,,Appliances & Consumer Electronics>Laundry Appliances>Gas Dryers,"Gas Dryer, PTD70GBSTWS",GAS DRYER DC5 SERIES PTD70GBSTWS 7 GAS,PTD70GBSTWS Gas Dryer,"The PTD70GBSTWS gas dryer, part of the DC5 Series, offers a capacity of 7, making it suitable for handling large loads of laundry. With its gas fuel type, this dryer provides an efficient way to dry clothes. The PTD70GBSTWS model is designed to meet the needs of those requiring a reliable and spacious gas dryer.",Gas Dryer,"Efficiently dry large loads with the PTD70GBSTWS gas dryer, featuring a 7 capacity and gas fuel type for reliable performance.",,,,,,,,,,,,,,,,,,,,,,,,,,,Series,DC5 Series,,Model,PTD70GBSTWS,,Capacity,7,cu-ft,Rotational Speed,,,BTU Rating,,,Drum Type,,,Fuel Type,Gas,,Depth With Door Open,,,Height With Lid Open,,,Number of Cycles,,,Number of Temperature Setting,,,Color,,,Dimensions,,,Additional Information,,,,,,,,,,,,,,,,,,,,,,,,,,,,,,,,,,,,,,,,,,,,,,,,,,,,,,,,,,,,,,,,,,,,,,,,,,,,,,,,,,,,,,,,,,,,,,,,,,,,,,,,,,,,,,,,,,,,,,,,,,,,,,,,,,,,,,,,,,,,,,,,,,,,,,,,,,,,,
,,,,,,,,,,,DR5004WG,DR5004WG SQ Gas Dryer Wh,-- Unbranded --,-- No Unilog Brand --,-- No DIB Brand --,Appliance Dealers Cooperative (APPDE),,,,DR5004WG,,Appliances & Consumer Electronics>Laundry Appliances>Gas Dryers,"Gas Dryer, DR5004WG",GAS DRYER DC5 SERIES DR5004WG 7.4 GAS,DR5004WG Gas Dryer,"The DR5004WG gas dryer is part of the DC5 Series, offering a capacity of 7.4 cubic feet. This gas-powered dryer provides a reliable and efficient way to dry clothes. With its 7.4 cubic feet capacity, it can handle large or bulky loads with ease.",Gas Dryer,"Efficiently dry large loads with the DR5004WG gas dryer, featuring a 7.4 cubic foot capacity.",,,,,,,,,,,,,,,,,,,,,,,,,,,Series,DC5 Series,,Model,DR5004WG,,Capacity,7.4,cu-ft,Rotational Speed,,,BTU Rating,,,Drum Type,,,Fuel Type,Gas,,Depth With Door Open,,,Height With Lid Open,,,Number of Cycles,,,Number of Temperature Setting,,,Color,,,Dimensions,,,Additional Information,,,,,,,,,,,,,,,,,,,,,,,,,,,,,,,,,,,,,,,,,,,,,,,,,,,,,,,,,,,,,,,,,,,,,,,,,,,,,,,,,,,,,,,,,,,,,,,,,,,,,,,,,,,,,,,,,,,,,,,,,,,,,,,,,,,,,,,,,,,,,,,,,,,,,,,,,,,,,
,,,,,,,,,,,DR7004BG,DR7004BG SQ Gas Dryer Bk,-- Unbranded --,-- No Unilog Brand --,-- No DIB Brand --,Appliance Dealers Cooperative (APPDE),,,,DR7004BG,,Appliances & Consumer Electronics>Laundry Appliances>Gas Dryers,"Gas Dryer, DR7004BG",GAS DRYER DR7 SERIES DR7004BG 7.4 GAS,DR7004BG Gas Dryer,"The DR7004BG gas dryer, part of the DR7 Series, offers a capacity of 7.4 cubic feet, providing ample space for large or bulky loads. With its gas fuel type, this dryer is designed to efficiently handle a variety of fabrics and drying needs. As a reliable addition to any laundry setup, the DR7004BG is a practical choice for those seeking a gas-powered drying solution.",Gas Dryer,"Efficiently dry large loads with the DR7004BG gas dryer, featuring a 7.4 cubic foot capacity.",,,,,,,,,,,,,,,,,,,,,,,,,,,Series,DR7 Series,,Model,DR7004BG,,Capacity,7.4,cu-ft,Rotational Speed,,,BTU Rating,,,Drum Type,,,Fuel Type,Gas,,Depth With Door Open,,,Height With Lid Open,,,Number of Cycles,,,Number of Temperature Setting,,,Color,,,Dimensions,,,Additional Information,,,,,,,,,,,,,,,,,,,,,,,,,,,,,,,,,,,,,,,,,,,,,,,,,,,,,,,,,,,,,,,,,,,,,,,,,,,,,,,,,,,,,,,,,,,,,,,,,,,,,,,,,,,,,,,,,,,,,,,,,,,,,,,,,,,,,,,,,,,,,,,,,,,,,,,,,,,,,
,,,,,,,,,,,DR7004WG,DR7004WG SQ Gas Dryer Wh,-- Unbranded --,-- No Unilog Brand --,-- No DIB Brand --,Appliance Dealers Cooperative (APPDE),,,,DR7004WG,,Appliances & Consumer Electronics>Laundry Appliances>Gas Dryers,"Gas Dryer, DR7004WG",GAS DRYER DR7 SERIES DR7004WG 7.4 GAS,DR7004WG Gas Dryer,"The DR7004WG gas dryer, part of the DR7 Series, offers a capacity of 7.4 cubic feet, providing ample space for large or bulky loads. With its gas fuel type, this dryer is designed to efficiently handle a variety of fabrics and drying needs. As a reliable and spacious option, the DR7004WG is well-suited for heavy-duty use, making it an excellent choice for those seeking a dependable gas dryer.",Gas Dryer,"Experience efficient drying with the DR7004WG gas dryer, featuring a spacious 7.4 cubic foot capacity.",,,,,,,,,,,,,,,,,,,,,,,,,,,Series,DR7 Series,,Model,DR7004WG,,Capacity,7.4,cu-ft,Rotational Speed,,,BTU Rating,,,Drum Type,,,Fuel Type,Gas,,Depth With Door Open,,,Height With Lid Open,,,Number of Cycles,,,Number of Temperature Setting,,,Color,,,Dimensions,,,Additional Information,,,,,,,,,,,,,,,,,,,,,,,,,,,,,,,,,,,,,,,,,,,,,,,,,,,,,,,,,,,,,,,,,,,,,,,,,,,,,,,,,,,,,,,,,,,,,,,,,,,,,,,,,,,,,,,,,,,,,,,,,,,,,,,,,,,,,,,,,,,,,,,,,,,,,,,,,,,,,
,,,,,,,,,,,DV2000WG,DV2000WG SQ Gas Dryer Wh,-- Unbranded --,-- No Unilog Brand --,-- No DIB Brand --,Appliance Dealers Cooperative (APPDE),,,,DV2000WG,,Appliances & Consumer Electronics>Laundry Appliances>Gas Dryers,"Gas Dryer, DV2000WG",GAS DRYER,DV2000WG Gas Dryer,,Gas Dryer,,,,,,,,,,,,,,,,,,,,,,,,,,,,Series,,,Model,,,Capacity,,,Rotational Speed,,,BTU Rating,,,Drum Type,,,Fuel Type,,,Depth With Door Open,,,Height With Lid Open,,,Number of Cycles,,,Number of Temperature Setting,,,Color,,,Dimensions,,,Additional Information,,,,,,,,,,,,,,,,,,,,,,,,,,,,,,,,,,,,,,,,,,,,,,,,,,,,,,,,,,,,,,,,,,,,,,,,,,,,,,,,,,,,,,,,,,,,,,,,,,,,,,,,,,,,,,,,,,,,,,,,,,,,,,,,,,,,,,,,,,,,,,,,,,,,,,,,,,,,,
,,,,,,,,,,,DC5004WG,DC5004WG SQ Gas Dryer Wh,-- Unbranded --,-- No Unilog Brand --,-- No DIB Brand --,Appliance Dealers Cooperative (APPDE),,,,DC5004WG,,Appliances & Consumer Electronics>Laundry Appliances>Gas Dryers,"Gas Dryer, DC5004WG",GAS DRYER,DC5004WG Gas Dryer,,Gas Dryer,,,,,,,,,,,,,,,,,,,,,,,,,,,,Series,,,Model,,,Capacity,,,Rotational Speed,,,BTU Rating,,,Drum Type,,,Fuel Type,,,Depth With Door Open,,,Height With Lid Open,,,Number of Cycles,,,Number of Temperature Setting,,,Color,,,Dimensions,,,Additional Information,,,,,,,,,,,,,,,,,,,,,,,,,,,,,,,,,,,,,,,,,,,,,,,,,,,,,,,,,,,,,,,,,,,,,,,,,,,,,,,,,,,,,,,,,,,,,,,,,,,,,,,,,,,,,,,,,,,,,,,,,,,,,,,,,,,,,,,,,,,,,,,,,,,,,,,,,,,,,
,,,,,,,,,,,DC5004BG,DC5004BG SQ Gas Dryer Bk,-- Unbranded --,-- No Unilog Brand --,-- No DIB Brand --,Appliance Dealers Cooperative (APPDE),,,,DC5004BG,,Appliances & Consumer Electronics>Laundry Appliances>Gas Dryers,"Gas Dryer, DC5004BG",GAS DRYER DC5 SERIES GAS BK,DC5004BG Gas Dryer,"The DC5004BG gas dryer is part of the DC5 Series, offering a reliable and efficient drying solution. This model features a gas fuel type, providing a consistent and powerful drying performance. The exterior of the dryer is finished in a sleek black color, denoted as 'Bk', which can complement a variety of laundry room décors.",Gas Dryer,"Experience efficient drying with the DC5004BG gas dryer, featuring a gas fuel type for consistent performance.",,,,,,,,,,,,,,,,,,,,,,,,,,,Series,DC5 Series,,Model,,,Capacity,,,Rotational Speed,,,BTU Rating,,,Drum Type,,,Fuel Type,Gas,,Depth With Door Open,,,Height With Lid Open,,,Number of Cycles,,,Number of Temperature Setting,,,Color,Bk,,Dimensions,,,Additional Information,,,,,,,,,,,,,,,,,,,,,,,,,,,,,,,,,,,,,,,,,,,,,,,,,,,,,,,,,,,,,,,,,,,,,,,,,,,,,,,,,,,,,,,,,,,,,,,,,,,,,,,,,,,,,,,,,,,,,,,,,,,,,,,,,,,,,,,,,,,,,,,,,,,,,,,,,,,,,
,,,,,,,,,,,PTW705BSTWS,PTW705BSTWS GE Washer Wh,-- Unbranded --,-- No Unilog Brand --,-- No DIB Brand --,Appliance Dealers Cooperative (APPDE),,,,PTW705BSTWS,,Appliances & Consumer Electronics>Laundry Appliances>Top Loading Washers,"Top Loading Washer, PTW705BSTWS",TOP LOADING WASHER,PTW705BSTWS Top Loading Washer,,Top Loading Washer,,,,,,,,,,,,,,,,,,,,,,,,,,,,Series,,,Model,,,Capacity,,,Voltage Rating,,,Amperage Rating,,,Power Rating,,,HP Rating,,,Frequency Rating,,,Phase,,,Rotational Speed,,,BTU Rating,,,Drum Type,,,Fuel Type,,,Depth With Door Open,,,Height With Lid Open,,,Number of Cycles,,,Number of Temperature Setting,,,Color,,,Dimensions,,,Additional Information,,,,,,,,,,,,,,,,,,,,,,,,,,,,,,,,,,,,,,,,,,,,,,,,,,,,,,,,,,,,,,,,,,,,,,,,,,,,,,,,,,,,,,,,,,,,,,,,,,,,,,,,,,,,,,,,,,,,,,,,,,,,,,,,,,,,,,,,,,,
,,,,,,,,,,,MVWP586GW,MVWP586GW Washer Wh - Display,-- Unbranded --,-- No Unilog Brand --,-- No DIB Brand --,Appliance Dealers Cooperative (APPDE),,,,MVWP586GW,,Appliances & Consumer Electronics>Laundry Appliances>Top Loading Washers,"Top Loading Washer, MVWP586GW",TOP LOADING WASHER TR7 SERIES MVWP586GW,MVWP586GW Top Loading Washer,"The MVWP586GW top loading washer from the TR7 Series offers a range of features for efficient laundry. With a capacity of 3.2 cubic feet and a stainless steel drum, it can handle large loads while providing durability. This electric washer operates at 120 volts, 15 amps, and has a power rating of 720 watts, with a 1 HP rating and 60 Hz frequency rating. It also features 16 cycles and 3 temperature settings, giving users flexibility in their washing options. The washer's dimensions are 43 inches in height, 25-5/8 inches in width, and 28 inches in depth, with a depth of 26 inches with the door open and a height of 52 inches with the lid open.",Top Loading Washer,"Get reliable and efficient laundry performance with the MVWP586GW top loading washer, featuring 16 cycles, 3 temperature settings, and a durable stainless steel drum.",,,,,,,,,,,,,,,,,,,,,,,,,,,Series,TR7 Series,,Model,MVWP586GW,,Capacity,3.2,cu-ft,Voltage Rating,120,V,Amperage Rating,15,A,Power Rating,720,W,HP Rating,1,hp,Frequency Rating,60,Hz,Phase,Wh,,Rotational Speed,700,rpm,BTU Rating,,,Drum Type,Stainless Steel,,Fuel Type,Electric,,Depth With Door Open,26,in,Height With Lid Open,52,in,Number of Cycles,16,,Number of Temperature Setting,3,,Color,White,,Dimensions,43 in H x 25-5/8 in W x 28 in D,,Additional Information,,,,,,,,,,,,,,,,,,,,,,,,,,,,,,,,,,,,,,,,,,,,,,,,,,,,,,,,,,,,,,,,,,,,,,,,,,,,,,,,,,,,,,,,,,,,,,,,,,,,,,,,,,,,,,,,,,,,,,,,,,,,,,,,,,,,,,,,,,,
,,,,,,,,,,,TV2000WN,TV2000WN SQ Elect Washer,-- Unbranded --,-- No Unilog Brand --,-- No DIB Brand --,Appliance Dealers Cooperative (APPDE),,,,TV2000WN,,Appliances & Consumer Electronics>Laundry Appliances>Top Loading Washers,"Top Loading Washer, TV2000WN",TOP LOADING WASHER TV2000WN SQ ELECT,TV2000WN Top Loading Washer,"The TV2000WN SQ Elect Washer is a top loading washer from the TV2000WN SQ Elect series, offering a convenient and efficient way to do laundry. This electric washer features a sleek white color that fits well with most home decors. As part of the TV2000WN SQ Elect series, it is designed to provide reliable performance, making it a practical choice for daily laundry needs.",Top Loading Washer,"Experience efficient laundry with the TV2000WN SQ Elect Washer, a reliable and stylish top loading electric washer in white.",,,,,,,,,,,,,,,,,,,,,,,,,,,Series,TV2000WN SQ Elect,,Model,TV2000WN SQ Elect Washer,,Capacity,,,Voltage Rating,,,Amperage Rating,,,Power Rating,,,HP Rating,,,Frequency Rating,,,Phase,,,Rotational Speed,,,BTU Rating,,,Drum Type,,,Fuel Type,Electric,,Depth With Door Open,,,Height With Lid Open,,,Number of Cycles,,,Number of Temperature Setting,,,Color,White,,Dimensions,,,Additional Information,,,,,,,,,,,,,,,,,,,,,,,,,,,,,,,,,,,,,,,,,,,,,,,,,,,,,,,,,,,,,,,,,,,,,,,,,,,,,,,,,,,,,,,,,,,,,,,,,,,,,,,,,,,,,,,,,,,,,,,,,,,,,,,,,,,,,,,,,,,
,,,,,,,,,,,TC5003BN,TC5003BN SQ Washer Bk,-- Unbranded --,-- No Unilog Brand --,-- No DIB Brand --,Appliance Dealers Cooperative (APPDE),,,,TC5003BN,,Appliances & Consumer Electronics>Laundry Appliances>Top Loading Washers,"Top Loading Washer, TC5003BN",TOP LOADING WASHER,TC5003BN Top Loading Washer,,Top Loading Washer,,,,,,,,,,,,,,,,,,,,,,,,,,,,Series,,,Model,,,Capacity,,,Voltage Rating,,,Amperage Rating,,,Power Rating,,,HP Rating,,,Frequency Rating,,,Phase,,,Rotational Speed,,,BTU Rating,,,Drum Type,,,Fuel Type,,,Depth With Door Open,,,Height With Lid Open,,,Number of Cycles,,,Number of Temperature Setting,,,Color,,,Dimensions,,,Additional Information,,,,,,,,,,,,,,,,,,,,,,,,,,,,,,,,,,,,,,,,,,,,,,,,,,,,,,,,,,,,,,,,,,,,,,,,,,,,,,,,,,,,,,,,,,,,,,,,,,,,,,,,,,,,,,,,,,,,,,,,,,,,,,,,,,,,,,,,,,,
,,,,,,,,,,,TR7006WN,TR7006WN Speed Queen Washer Wh,-- Unbranded --,-- No Unilog Brand --,-- No DIB Brand --,Appliance Dealers Cooperative (APPDE),,,,TR7006WN,,Appliances & Consumer Electronics>Laundry Appliances>Top Loading Washers,"Top Loading Washer, TR7006WN",TOP LOADING WASHER TR7 SERIES TR7006WN 1,TR7006WN Top Loading Washer,"The TR7006WN top loading washer from the TR7 Series offers a range of features for efficient and effective washing. With a capacity of 3.2 cu-ft and a stainless steel drum, this electric washer is designed for durability and reliability. It operates at 120 volts, 15 amps, and 720 watts, with a 1 HP rating and 60 Hz frequency. The washer has 16 cycles and 3 temperature settings, providing flexibility for various washing needs. Additional features include an automatic balancing system, durable 3-coat finish, end-of-cycle signal, and a mechanical knob control option. The dimensions of the washer are 43 in H x 25-5/8 in W x 28 in D, with a depth of 26 in when the door is open and a height of 52 in with the lid open. The washer also has a commercial grade construction and consumes 106 L of water per cycle, operating within a water pressure range of 20 to 120 psi.",Top Loading Washer,"Experience efficient and reliable washing with the TR7006WN top loading washer, featuring 16 cycles, 3 temperature settings, and a durable stainless steel drum. This commercial grade washer is designed for heavy-duty use and provides an automatic balancing system for smooth operation.",,,,,,,,,,,,,,,,,,,,,,,,,,,Series,TR7 Series,,Model,TR7006WN,,Capacity,3.2,cu-ft,Voltage Rating,120,V,Amperage Rating,15,A,Power Rating,720,W,HP Rating,1,hp,Frequency Rating,60,Hz,Phase,,,Rotational Speed,700,rpm,BTU Rating,,,Drum Type,Stainless Steel,,Fuel Type,Electric,,Depth With Door Open,26,in,Height With Lid Open,52,in,Number of Cycles,16,,Number of Temperature Setting,3,,Color,White,,Dimensions,43 in H x 25-5/8 in W x 28 in D,,Additional Information,"Commercial Grade, Automatic Balancing System, Durable 3-Coat Finish, End-of-Cycle Signal, No Lid Lock Before First Spin, No Lid Lock Full Cycle, Mechanical Knob Control Option, 3.19 cu-ft Cylinder Volume, 106 L Water Consumption per Cycle, 20 to 120 psi Water Pressure",,,,,,,,,,,,,,,,,,,,,,,,,,,,,,,,,,,,,,,,,,,,,,,,,,,,,,,,,,,,,,,,,,,,,,,,,,,,,,,,,,,,,,,,,,,,,,,,,,,,,,,,,,,,,,,,,,,,,,,,,,,,,,,,,,,,,,,,,,
,,,,,,,,,,,TR7006BN,TR7006BN Speed Queen Washer Bk,-- Unbranded --,-- No Unilog Brand --,-- No DIB Brand --,Appliance Dealers Cooperative (APPDE),,,,TR7006BN,,Appliances & Consumer Electronics>Laundry Appliances>Top Loading Washers,"Top Loading Washer, TR7006BN",TOP LOADING WASHER,TR7006BN Top Loading Washer,,Top Loading Washer,,,,,,,,,,,,,,,,,,,,,,,,,,,,Series,,,Model,,,Capacity,,,Voltage Rating,,,Amperage Rating,,,Power Rating,,,HP Rating,,,Frequency Rating,,,Phase,,,Rotational Speed,,,BTU Rating,,,Drum Type,,,Fuel Type,,,Depth With Door Open,,,Height With Lid Open,,,Number of Cycles,,,Number of Temperature Setting,,,Color,,,Dimensions,,,Additional Information,,,,,,,,,,,,,,,,,,,,,,,,,,,,,,,,,,,,,,,,,,,,,,,,,,,,,,,,,,,,,,,,,,,,,,,,,,,,,,,,,,,,,,,,,,,,,,,,,,,,,,,,,,,,,,,,,,,,,,,,,,,,,,,,,,,,,,,,,,,
,,,,,,,,,,,TR5006WN,TR5006WN Speed Queen Washer Wh,-- Unbranded --,-- No Unilog Brand --,-- No DIB Brand --,Appliance Dealers Cooperative (APPDE),,,,TR5006WN,,Appliances & Consumer Electronics>Laundry Appliances>Top Loading Washers,"Top Loading Washer, TR5006WN",TOP LOADING WASHER,TR5006WN Top Loading Washer,,Top Loading Washer,,,,,,,,,,,,,,,,,,,,,,,,,,,,Series,,,Model,,,Capacity,,,Voltage Rating,,,Amperage Rating,,,Power Rating,,,HP Rating,,,Frequency Rating,,,Phase,,,Rotational Speed,,,BTU Rating,,,Drum Type,,,Fuel Type,,,Depth With Door Open,,,Height With Lid Open,,,Number of Cycles,,,Number of Temperature Setting,,,Color,,,Dimensions,,,Additional Information,,,,,,,,,,,,,,,,,,,,,,,,,,,,,,,,,,,,,,,,,,,,,,,,,,,,,,,,,,,,,,,,,,,,,,,,,,,,,,,,,,,,,,,,,,,,,,,,,,,,,,,,,,,,,,,,,,,,,,,,,,,,,,,,,,,,,,,,,,,
,,,,,,,,,,,05134545001,9516 Kneeling Pad& Bttl Opener,-- Unbranded --,-- No Unilog Brand --,-- No DIB Brand --,Wera Tools NA Inc (WERTO),Wera,,,05134545001,,"Tools & Equipment>Hand Tools>Hex, Torx & Spline Keys>Hex Key Sets","Wera, Hex Key Set, 05134545001",HEX KEY SET,Wera 05134545001 Hex Key Set,,Hex Key Set,,,,,,,,,,,,,,,,,,,,,,,,,,,,Series,,,Model,,,Tip Type,,,Tip Size,,,System of Measurement,,,Key Shape,,,Short Leg Length,,,Long Leg Length,,,Working Angle,,,Number of Pieces,,,Suitable For Use With,,,Material,,,Finish,,,Additional Information,,,,,,,,,,,,,,,,,,,,,,,,,,,,,,,,,,,,,,,,,,,,,,,,,,,,,,,,,,,,,,,,,,,,,,,,,,,,,,,,,,,,,,,,,,,,,,,,,,,,,,,,,,,,,,,,,,,,,,,,,,,,,,,,,,,,,,,,,,,,,,,,,,,,,,,,,,,,,
,,,,,,,,,,,LNL65301,LNL65301 Digital Tire Pressure - Inflator Gauge,-- Unbranded --,-- No Unilog Brand --,-- No DIB Brand --,-,,,,LNL65301,,,,,,,,,,,,,,,,,,,,,,,,,,,,,,,,,,,,,,,,,,,,,,,,,,,,,,,,,,,,,,,,,,,,,,,,,,,,,,,,,,,,,,,,,,,,,,,,,,,,,,,,,,,,,,,,,,,,,,,,,,,,,,,,,,,,,,,,,,,,,,,,,,,,,,,,,,,,,,,,,,,,,,,,,,,,,,,,,,,,,,,,,,,,,,,,,,,,,,,,,,,,,,,,,,,,,,,,,,,,,,,,,,,,,,,
,,,,,,,,,,,25-A,Charcoal Black 25-A Mortar - Type N,-- Unbranded --,-- No Unilog Brand --,-- No DIB Brand --,Rees Cast Stone Company (REECA),,,,25-A,,Building Materials>Decking>Deck & Porch Railings>Deck Railing Kits,"Deck Railing Kit, 25-A",DECK RAILING KIT,25-A Deck Railing Kit,,Deck Railing Kit,,,,,,,,,,,,,,,,,,,,,,,,,,,,Series,,,Rail Profile Type,,,Rail Length,,,Rail Width,,,Rail Material,,,Rail Color,,,Balusters/Spindles Design,,,Balusters/Spindles Top Style,,,Balusters/Spindles Diameter,,,Balusters/Spindles Length,,,Balusters/Spindles Material,,,Balusters/Spindles Color,,,Installation Type,,,Number of Pieces,,,Additional Information,,,,,,,,,,,,,,,,,,,,,,,,,,,,,,,,,,,,,,,,,,,,,,,,,,,,,,,,,,,,,,,,,,,,,,,,,,,,,,,,,,,,,,,,,,,,,,,,,,,,,,,,,,,,,,,,,,,,,,,,,,,,,,,,,,,,,,,,,,,,,,,,,,,,,,,,,,
,,,,,,,,,,,38-E,Dark Chocolate 38-E Mortar - Type N,-- Unbranded --,-- No Unilog Brand --,-- No DIB Brand --,Rees Cast Stone Company (REECA),,,,38-E,,,,,,,,,,,,,,,,,,,,,,,,,,,,,,,,,,,,,,,,,,,,,,,,,,,,,,,,,,,,,,,,,,,,,,,,,,,,,,,,,,,,,,,,,,,,,,,,,,,,,,,,,,,,,,,,,,,,,,,,,,,,,,,,,,,,,,,,,,,,,,,,,,,,,,,,,,,,,,,,,,,,,,,,,,,,,,,,,,,,,,,,,,,,,,,,,,,,,,,,,,,,,,,,,,,,,,,,,,,,,,,,,,,,,,,
,,,,,,,,,,,59-J,Light Buff 59-J Mortar - Type N,-- Unbranded --,-- No Unilog Brand --,-- No DIB Brand --,Rees Cast Stone Company (REECA),,,,59-J,,Electrical>Lamps & Lightings>Indoor Lighting>Recessed Lighting>Recessed Lighting Fixtures,"Recessed Lighting Fixture, 59-J",RECESSED LIGHTING FIXTURE,59-J Recessed Lighting Fixture,,Recessed Lighting Fixture,,,,,,,,,,,,,,,,,,,,,,,,,,,,Collection,,,Fixture Wattage,,,Voltage Rating,,,Amperage Rating,,,Frequency Rating,,,Fixture Style,,,Number of Bulbs,,,Bulb Type,,,Bulb Wattage,,,Bulb Base,,,Lumens,,,Color Temperature,,,Color Rendering Index (CRI),,,Dimmable/Non-Dimmable,,,Recessed Trim Type,,,Ceiling Opening Size,,,Lens Type,,,Lens Material,,,Fixture Material,,,Fixture Finish,,,Mounting Type,,,Enclosure Type,,,Dimensions,,,Bulb Included,,,Additional Information,,,,,,,,,,,,,,,,,,,,,,,,,,,,,,,,,,,,,,,,,,,,,,,,,,,,,,,,,,,,,,,,,,,,,,,,,,,,,,,,,,,,,,,,,,,,,,,,,,,,,,,,,,,,,,,,,,,,,,,,,,,,
,,,,,,,,,,,44-A,Light Chocolate 44-A Mortar - Type N,-- Unbranded --,-- No Unilog Brand --,-- No DIB Brand --,Rees Cast Stone Company (REECA),,,,44-A,,Electrical>Lamps & Lightings>Indoor Lighting>Recessed Lighting>Recessed Lighting Fixtures,"Recessed Lighting Fixture, 44-A",RECESSED LIGHTING FIXTURE,44-A Recessed Lighting Fixture,,Recessed Lighting Fixture,,,,,,,,,,,,,,,,,,,,,,,,,,,,Collection,,,Fixture Wattage,,,Voltage Rating,,,Amperage Rating,,,Frequency Rating,,,Fixture Style,,,Number of Bulbs,,,Bulb Type,,,Bulb Wattage,,,Bulb Base,,,Lumens,,,Color Temperature,,,Color Rendering Index (CRI),,,Dimmable/Non-Dimmable,,,Recessed Trim Type,,,Ceiling Opening Size,,,Lens Type,,,Lens Material,,,Fixture Material,,,Fixture Finish,,,Mounting Type,,,Enclosure Type,,,Dimensions,,,Bulb Included,,,Additional Information,,,,,,,,,,,,,,,,,,,,,,,,,,,,,,,,,,,,,,,,,,,,,,,,,,,,,,,,,,,,,,,,,,,,,,,,,,,,,,,,,,,,,,,,,,,,,,,,,,,,,,,,,,,,,,,,,,,,,,,,,,,,
,,,,,,,,,,,543302126,6' Wh Select T-Rail Kit Horiz - w/Sq Composite Balusters,TREX,-- No Unilog Brand --,-- No DIB Brand --,U S Lumber (3073),"Trex Company, Inc",TREX,,543302126,,Building Materials>Decking>Deck & Porch Railings>Deck Railing Kits,"Trex Company, Inc, Deck Railing Kit, 543302126",DECK RAILING KIT SELECT T-TOP 6 36 WHITE,"Trex Company, Inc 543302126 Deck Railing Kit","The Trex Company, Inc Deck Railing Kit, part number 543302126, is a comprehensive solution from the Select series, featuring a T-Top rail profile type. This kit includes a 6-foot long and 36-inch wide rail made of durable composite material, available in a sleek white color. It comes with square-designed balusters/spindles, featuring a composite top style, with each measuring 3/4 inches in diameter and 30-1/4 inches in length, also in white composite material. Designed for horizontal installation, this kit provides a straightforward and efficient way to enhance deck safety and aesthetics, all as part of the Trex Select Classic Collection.",Deck Railing Kit,"Enhance your deck's safety and style with the Trex Select Deck Railing Kit, offering a durable and low-maintenance composite construction in a classic white finish.",,,,,,,,,,,,,,,,,,,,,,,,,,,Series,Select,,Rail Profile Type,T-Top,,Rail Length,6,ft,Rail Width,36,in,Rail Material,Composite,,Rail Color,White,,Balusters/Spindles Design,Square,,Balusters/Spindles Top Style,Composite,,Balusters/Spindles Diameter,3/4,in,Balusters/Spindles Length,30-1/4,in,Balusters/Spindles Material,Composite,,Balusters/Spindles Color,White,,Installation Type,Horizontal,,Number of Pieces,Kit,,Additional Information,Trex Select® Classic Collection,,,,,,,,,,,,,,,,,,,,,,,,,,,,,,,,,,,,,,,,,,,,,,,,,,,,,,,,,,,,,,,,,,,,,,,,,,,,,,,,,,,,,,,,,,,,,,,,,,,,,,,,,,,,,,,,,,,,,,,,,,,,,,,,,,,,,,,,,,,,,,,,,,,,,,,,,
,,,,,,,,,,,543302146,8' Wh Select T-Rail Kit Horiz - w/Sq Composite Balusters,TREX,-- No Unilog Brand --,-- No DIB Brand --,U S Lumber (3073),"Trex Company, Inc",TREX,,543302146,,Building Materials>Decking>Deck & Porch Railings>Deck Railing Kits,"Trex Company, Inc, Deck Railing Kit, 543302146",DECK RAILING KIT WH SELECT T-TOP 8 WHITE,"Trex Company, Inc 543302146 Deck Railing Kit","The Trex Company, Inc Deck Railing Kit, part number 543302146, is part of the Wh Select series and features a T-Top rail profile type. This kit includes an 8-foot long rail made from durable composite material and comes in a sleek white color. The square-designed balusters or spindles are also made of composite material, ensuring a consistent look and feel throughout the railing system. Designed for horizontal installation, this kit is a great option for those looking to add a classic touch to their deck. As part of the Trex Select Classic Collection, it offers a timeless design that can complement a variety of deck styles.",Deck Railing Kit,"Elevate your deck's style and safety with the Trex Deck Railing Kit, featuring a durable composite construction and classic design. This kit is easy to install and provides a long-lasting, low-maintenance solution for your outdoor space.",,,,,,,,,,,,,,,,,,,,,,,,,,,Series,Wh Select,,Rail Profile Type,T-Top,,Rail Length,8,ft,Rail Width,,,Rail Material,Composite,,Rail Color,White,,Balusters/Spindles Design,Square,,Balusters/Spindles Top Style,,,Balusters/Spindles Diameter,,,Balusters/Spindles Length,,,Balusters/Spindles Material,Composite,,Balusters/Spindles Color,,,Installation Type,Horizontal,,Number of Pieces,,,Additional Information,Trex Select® Classic Collection,,,,,,,,,,,,,,,,,,,,,,,,,,,,,,,,,,,,,,,,,,,,,,,,,,,,,,,,,,,,,,,,,,,,,,,,,,,,,,,,,,,,,,,,,,,,,,,,,,,,,,,,,,,,,,,,,,,,,,,,,,,,,,,,,,,,,,,,,,,,,,,,,,,,,,,,,
,,,,,,,,,,,73019603,Finyline Wh 6' Fl Rail Kit Sq,-- Unbranded --,-- No Unilog Brand --,-- No DIB Brand --,-,,,,73019603,,Building Materials>Decking>Deck & Porch Railings>Deck Railing Kits,"Deck Railing Kit, 73019603",DECK RAILING KIT,73019603 Deck Railing Kit,,Deck Railing Kit,,,,,,,,,,,,,,,,,,,,,,,,,,,,Series,,,Rail Profile Type,,,Rail Length,,,Rail Width,,,Rail Material,,,Rail Color,,,Balusters/Spindles Design,,,Balusters/Spindles Top Style,,,Balusters/Spindles Diameter,,,Balusters/Spindles Length,,,Balusters/Spindles Material,,,Balusters/Spindles Color,,,Installation Type,,,Number of Pieces,,,Additional Information,,,,,,,,,,,,,,,,,,,,,,,,,,,,,,,,,,,,,,,,,,,,,,,,,,,,,,,,,,,,,,,,,,,,,,,,,,,,,,,,,,,,,,,,,,,,,,,,,,,,,,,,,,,,,,,,,,,,,,,,,,,,,,,,,,,,,,,,,,,,,,,,,,,,,,,,,,
,,,,,,,,,,,73019652,Finyline Wh 8' Fl Rail Kit Sq,-- Unbranded --,-- No Unilog Brand --,-- No DIB Brand --,-,,,,73019652,,Building Materials>Decking>Deck & Porch Railings>Deck Railing Kits,"Deck Railing Kit, 73019652",DECK RAILING KIT,73019652 Deck Railing Kit,,Deck Railing Kit,,,,,,,,,,,,,,,,,,,,,,,,,,,,Series,,,Rail Profile Type,,,Rail Length,,,Rail Width,,,Rail Material,,,Rail Color,,,Balusters/Spindles Design,,,Balusters/Spindles Top Style,,,Balusters/Spindles Diameter,,,Balusters/Spindles Length,,,Balusters/Spindles Material,,,Balusters/Spindles Color,,,Installation Type,,,Number of Pieces,,,Additional Information,,,,,,,,,,,,,,,,,,,,,,,,,,,,,,,,,,,,,,,,,,,,,,,,,,,,,,,,,,,,,,,,,,,,,,,,,,,,,,,,,,,,,,,,,,,,,,,,,,,,,,,,,,,,,,,,,,,,,,,,,,,,,,,,,,,,,,,,,,,,,,,,,,,,,,,,,,
,,,,,,,,,,,73019517,Finyline Wh 10' Fl Rail Kit Sq,-- Unbranded --,-- No Unilog Brand --,-- No DIB Brand --,-,,,,73019517,,Building Materials>Decking>Deck & Porch Railings>Deck Railing Kits,"Deck Railing Kit, 73019517",DECK RAILING KIT,73019517 Deck Railing Kit,,Deck Railing Kit,,,,,,,,,,,,,,,,,,,,,,,,,,,,Series,,,Rail Profile Type,,,Rail Length,,,Rail Width,,,Rail Material,,,Rail Color,,,Balusters/Spindles Design,,,Balusters/Spindles Top Style,,,Balusters/Spindles Diameter,,,Balusters/Spindles Length,,,Balusters/Spindles Material,,,Balusters/Spindles Color,,,Installation Type,,,Number of Pieces,,,Additional Information,,,,,,,,,,,,,,,,,,,,,,,,,,,,,,,,,,,,,,,,,,,,,,,,,,,,,,,,,,,,,,,,,,,,,,,,,,,,,,,,,,,,,,,,,,,,,,,,,,,,,,,,,,,,,,,,,,,,,,,,,,,,,,,,,,,,,,,,,,,,,,,,,,,,,,,,,,
,,,,,,,,,,,73019602,Finyline Wh 6' Fl Rail Kit Rd - w/Black Alum Balusters,-- Unbranded --,-- No Unilog Brand --,-- No DIB Brand --,-,,,,73019602,,Building Materials>Decking>Deck & Porch Railings>Deck Railing Kits,"Deck Railing Kit, 73019602",DECK RAILING KIT,73019602 Deck Railing Kit,,Deck Railing Kit,,,,,,,,,,,,,,,,,,,,,,,,,,,,Series,,,Rail Profile Type,,,Rail Length,,,Rail Width,,,Rail Material,,,Rail Color,,,Balusters/Spindles Design,,,Balusters/Spindles Top Style,,,Balusters/Spindles Diameter,,,Balusters/Spindles Length,,,Balusters/Spindles Material,,,Balusters/Spindles Color,,,Installation Type,,,Number of Pieces,,,Additional Information,,,,,,,,,,,,,,,,,,,,,,,,,,,,,,,,,,,,,,,,,,,,,,,,,,,,,,,,,,,,,,,,,,,,,,,,,,,,,,,,,,,,,,,,,,,,,,,,,,,,,,,,,,,,,,,,,,,,,,,,,,,,,,,,,,,,,,,,,,,,,,,,,,,,,,,,,,
,,,,,,,,,,,73019651,Finyline Wh 8' Fl Rail Kit Rd - w/Black Alum Balusters,-- Unbranded --,-- No Unilog Brand --,-- No DIB Brand --,-,,,,73019651,,Building Materials>Decking>Deck & Porch Railings>Deck Railing Kits,"Deck Railing Kit, 73019651",DECK RAILING KIT,73019651 Deck Railing Kit,,Deck Railing Kit,,,,,,,,,,,,,,,,,,,,,,,,,,,,Series,,,Rail Profile Type,,,Rail Length,,,Rail Width,,,Rail Material,,,Rail Color,,,Balusters/Spindles Design,,,Balusters/Spindles Top Style,,,Balusters/Spindles Diameter,,,Balusters/Spindles Length,,,Balusters/Spindles Material,,,Balusters/Spindles Color,,,Installation Type,,,Number of Pieces,,,Additional Information,,,,,,,,,,,,,,,,,,,,,,,,,,,,,,,,,,,,,,,,,,,,,,,,,,,,,,,,,,,,,,,,,,,,,,,,,,,,,,,,,,,,,,,,,,,,,,,,,,,,,,,,,,,,,,,,,,,,,,,,,,,,,,,,,,,,,,,,,,,,,,,,,,,,,,,,,,
,,,,,,,,,,,73019516,Finyline Wh 10' Fl Rail Kit Rd - w/Black Alum Balusters,-- Unbranded --,-- No Unilog Brand --,-- No DIB Brand --,-,,,,73019516,,Building Materials>Decking>Deck & Porch Railings>Deck Railing Kits,"Deck Railing Kit, 73019516",DECK RAILING KIT,73019516 Deck Railing Kit,,Deck Railing Kit,,,,,,,,,,,,,,,,,,,,,,,,,,,,Series,,,Rail Profile Type,,,Rail Length,,,Rail Width,,,Rail Material,,,Rail Color,,,Balusters/Spindles Design,,,Balusters/Spindles Top Style,,,Balusters/Spindles Diameter,,,Balusters/Spindles Length,,,Balusters/Spindles Material,,,Balusters/Spindles Color,,,Installation Type,,,Number of Pieces,,,Additional Information,,,,,,,,,,,,,,,,,,,,,,,,,,,,,,,,,,,,,,,,,,,,,,,,,,,,,,,,,,,,,,,,,,,,,,,,,,,,,,,,,,,,,,,,,,,,,,,,,,,,,,,,,,,,,,,,,,,,,,,,,,,,,,,,,,,,,,,,,,,,,,,,,,,,,,,,,,
,,,,,,,,,,,543300256,6' Black Select Classic Horiz - Rail w/Rnd Black Alum Baluster,TREX,-- No Unilog Brand --,-- No DIB Brand --,Boise Cascade Building Materials (BOICA),"Trex Company, Inc",TREX,,543300256,,Building Materials>Decking>Deck & Porch Railings>Deck Railing Kits,"Trex Company, Inc, Deck Railing Kit, 543300256",DECK RAILING KIT,"Trex Company, Inc 543300256 Deck Railing Kit",,Deck Railing Kit,,,,,,,,,,,,,,,,,,,,,,,,,,,,Series,,,Rail Profile Type,,,Rail Length,,,Rail Width,,,Rail Material,,,Rail Color,,,Balusters/Spindles Design,,,Balusters/Spindles Top Style,,,Balusters/Spindles Diameter,,,Balusters/Spindles Length,,,Balusters/Spindles Material,,,Balusters/Spindles Color,,,Installation Type,,,Number of Pieces,,,Additional Information,,,,,,,,,,,,,,,,,,,,,,,,,,,,,,,,,,,,,,,,,,,,,,,,,,,,,,,,,,,,,,,,,,,,,,,,,,,,,,,,,,,,,,,,,,,,,,,,,,,,,,,,,,,,,,,,,,,,,,,,,,,,,,,,,,,,,,,,,,,,,,,,,,,,,,,,,,
,,,,,,,,,,,543300276,8' Black Select Classic Horiz - Rail w/Rnd Black Alum Baluster,TREX,-- No Unilog Brand --,-- No DIB Brand --,Boise Cascade Building Materials (BOICA),"Trex Company, Inc",TREX,,543300276,,Building Materials>Decking>Deck & Porch Railings>Deck Railing Kits,"Trex Company, Inc, Deck Railing Kit, 543300276",DECK RAILING KIT,"Trex Company, Inc 543300276 Deck Railing Kit",,Deck Railing Kit,,,,,,,,,,,,,,,,,,,,,,,,,,,,Series,,,Rail Profile Type,,,Rail Length,,,Rail Width,,,Rail Material,,,Rail Color,,,Balusters/Spindles Design,,,Balusters/Spindles Top Style,,,Balusters/Spindles Diameter,,,Balusters/Spindles Length,,,Balusters/Spindles Material,,,Balusters/Spindles Color,,,Installation Type,,,Number of Pieces,,,Additional Information,,,,,,,,,,,,,,,,,,,,,,,,,,,,,,,,,,,,,,,,,,,,,,,,,,,,,,,,,,,,,,,,,,,,,,,,,,,,,,,,,,,,,,,,,,,,,,,,,,,,,,,,,,,,,,,,,,,,,,,,,,,,,,,,,,,,,,,,,,,,,,,,,,,,,,,,,,
,,,,,,,,,,,73045028,Custom Finyline Wh Gate Sq Bal,-- Unbranded --,-- No Unilog Brand --,-- No DIB Brand --,-,,,,73045028,,"Lawn, Garden & Patio>Fencing>Gate Openers & Hardware>Gate Latches & Slide Bolts","Gate Latches & Slide Bolt, 73045028",GATE LATCHES & SLIDE BOLT,73045028 Gate Latches & Slide Bolt,,Gate Latches & Slide Bolt,,,,,,,,,,,,,,,,,,,,,,,,,,,,Series,,,Style,,,Bolt Head Diameter,,,Bolt Length,,,Throw Size,,,Material,,,Finish,,,Color,,,Number of Mounting Holes,,,Mounting Type,,,Width,,,Height,,,Depth,,,Additional Information,,,,,,,,,,,,,,,,,,,,,,,,,,,,,,,,,,,,,,,,,,,,,,,,,,,,,,,,,,,,,,,,,,,,,,,,,,,,,,,,,,,,,,,,,,,,,,,,,,,,,,,,,,,,,,,,,,,,,,,,,,,,,,,,,,,,,,,,,,,,,,,,,,,,,,,,,,,,,
,,,,,,,,,,,73045031,Custom Finyline Wh Gate Rd - w/Black Alum Balusters,-- Unbranded --,-- No Unilog Brand --,-- No DIB Brand --,-,,,,73045031,,"Lawn, Garden & Patio>Fencing>Gate Openers & Hardware>Gate Latches & Slide Bolts","Gate Latches & Slide Bolt, 73045031",GATE LATCHES & SLIDE BOLT,73045031 Gate Latches & Slide Bolt,,Gate Latches & Slide Bolt,,,,,,,,,,,,,,,,,,,,,,,,,,,,Series,,,Style,,,Bolt Head Diameter,,,Bolt Length,,,Throw Size,,,Material,,,Finish,,,Color,,,Number of Mounting Holes,,,Mounting Type,,,Width,,,Height,,,Depth,,,Additional Information,,,,,,,,,,,,,,,,,,,,,,,,,,,,,,,,,,,,,,,,,,,,,,,,,,,,,,,,,,,,,,,,,,,,,,,,,,,,,,,,,,,,,,,,,,,,,,,,,,,,,,,,,,,,,,,,,,,,,,,,,,,,,,,,,,,,,,,,,,,,,,,,,,,,,,,,,,,,,
,,,,,,,,,,,543340126,"6'x36"" Select Alm w/Sq Bal Hor - Assembled Black Rail Panel",TREX,-- No Unilog Brand --,-- No DIB Brand --,Boise Cascade Building Materials (BOICA),"Trex Company, Inc",TREX,,543340126,,Building Materials>Decking>Deck & Porch Railings>Deck Railing Kits,"Trex Company, Inc, Deck Railing Kit, 543340126",DECK RAILING KIT,"Trex Company, Inc 543340126 Deck Railing Kit",,Deck Railing Kit,,,,,,,,,,,,,,,,,,,,,,,,,,,,Series,,,Rail Profile Type,,,Rail Length,,,Rail Width,,,Rail Material,,,Rail Color,,,Balusters/Spindles Design,,,Balusters/Spindles Top Style,,,Balusters/Spindles Diameter,,,Balusters/Spindles Length,,,Balusters/Spindles Material,,,Balusters/Spindles Color,,,Installation Type,,,Number of Pieces,,,Additional Information,,,,,,,,,,,,,,,,,,,,,,,,,,,,,,,,,,,,,,,,,,,,,,,,,,,,,,,,,,,,,,,,,,,,,,,,,,,,,,,,,,,,,,,,,,,,,,,,,,,,,,,,,,,,,,,,,,,,,,,,,,,,,,,,,,,,,,,,,,,,,,,,,,,,,,,,,,
,,,,,,,,,,,543340127,"6'x36"" Select Alm w/Sq Bal Str - Assembled Black Rail Panel",TREX,-- No Unilog Brand --,-- No DIB Brand --,Boise Cascade Building Materials (BOICA),"Trex Company, Inc",TREX,,543340127,,Building Materials>Decking>Deck & Porch Railings>Deck Railing Kits,"Trex Company, Inc, Deck Railing Kit, 543340127",DECK RAILING KIT,"Trex Company, Inc 543340127 Deck Railing Kit",,Deck Railing Kit,,,,,,,,,,,,,,,,,,,,,,,,,,,,Series,,,Rail Profile Type,,,Rail Length,,,Rail Width,,,Rail Material,,,Rail Color,,,Balusters/Spindles Design,,,Balusters/Spindles Top Style,,,Balusters/Spindles Diameter,,,Balusters/Spindles Length,,,Balusters/Spindles Material,,,Balusters/Spindles Color,,,Installation Type,,,Number of Pieces,,,Additional Information,,,,,,,,,,,,,,,,,,,,,,,,,,,,,,,,,,,,,,,,,,,,,,,,,,,,,,,,,,,,,,,,,,,,,,,,,,,,,,,,,,,,,,,,,,,,,,,,,,,,,,,,,,,,,,,,,,,,,,,,,,,,,,,,,,,,,,,,,,,,,,,,,,,,,,,,,,
,,,,,,,,,,,543340146,"8'x36"" Select Alm w/Sq Bal Hor - Assembled Black Rail Panel",TREX,-- No Unilog Brand --,-- No DIB Brand --,Boise Cascade Building Materials (BOICA),"Trex Company, Inc",TREX,,543340146,,Building Materials>Decking>Deck & Porch Railings>Deck Railing Kits,"Trex Company, Inc, Deck Railing Kit, 543340146",DECK RAILING KIT,"Trex Company, Inc 543340146 Deck Railing Kit",,Deck Railing Kit,,,,,,,,,,,,,,,,,,,,,,,,,,,,Series,,,Rail Profile Type,,,Rail Length,,,Rail Width,,,Rail Material,,,Rail Color,,,Balusters/Spindles Design,,,Balusters/Spindles Top Style,,,Balusters/Spindles Diameter,,,Balusters/Spindles Length,,,Balusters/Spindles Material,,,Balusters/Spindles Color,,,Installation Type,,,Number of Pieces,,,Additional Information,,,,,,,,,,,,,,,,,,,,,,,,,,,,,,,,,,,,,,,,,,,,,,,,,,,,,,,,,,,,,,,,,,,,,,,,,,,,,,,,,,,,,,,,,,,,,,,,,,,,,,,,,,,,,,,,,,,,,,,,,,,,,,,,,,,,,,,,,,,,,,,,,,,,,,,,,,
,,,,,,,,,,,543340147,"8'x36"" Select Alm w/Sq Bal Str - Assembled Black Rail Panel",TREX,-- No Unilog Brand --,-- No DIB Brand --,Boise Cascade Building Materials (BOICA),"Trex Company, Inc",TREX,,543340147,,Building Materials>Decking>Deck & Porch Railings>Deck Railing Kits,"Trex Company, Inc, Deck Railing Kit, 543340147",DECK RAILING KIT,"Trex Company, Inc 543340147 Deck Railing Kit",,Deck Railing Kit,,,,,,,,,,,,,,,,,,,,,,,,,,,,Series,,,Rail Profile Type,,,Rail Length,,,Rail Width,,,Rail Material,,,Rail Color,,,Balusters/Spindles Design,,,Balusters/Spindles Top Style,,,Balusters/Spindles Diameter,,,Balusters/Spindles Length,,,Balusters/Spindles Material,,,Balusters/Spindles Color,,,Installation Type,,,Number of Pieces,,,Additional Information,,,,,,,,,,,,,,,,,,,,,,,,,,,,,,,,,,,,,,,,,,,,,,,,,,,,,,,,,,,,,,,,,,,,,,,,,,,,,,,,,,,,,,,,,,,,,,,,,,,,,,,,,,,,,,,,,,,,,,,,,,,,,,,,,,,,,,,,,,,,,,,,,,,,,,,,,,
,,,,,,,,,,,ADB15516CS,1x6-16' Coastline Sq Edge - Vintage Azek PVC Decking,TIMBERTECH,-- No Unilog Brand --,-- No DIB Brand --,Parksite (6151),,TIMBERTECH,,ADB15516CS,,Safety>Eye Protection>Safety Glasses,"Safety Glass, ADB15516CS",SAFETY GLASS,ADB15516CS Safety Glass,,Safety Glass,,,,,,,,,,,,,,,,,,,,,,,,,,,,Series,,,Gender,,,Size,,,Lens Type,,,Lens Coating,,,Lens Color,,,Lens Material,,,Lens Size,,,Frame Shape,,,Frame Color,,,Frame Material,,,Frame Size,,,Temple Type,,,Temple Color,,,Temple Material,,,UV Protection Rating,,,Bridge Size,,,Additional Information,,,,,,,,,,,,,,,,,,,,,,,,,,,,,,,,,,,,,,,,,,,,,,,,,,,,,,,,,,,,,,,,,,,,,,,,,,,,,,,,,,,,,,,,,,,,,,,,,,,,,,,,,,,,,,,,,,,,,,,,,,,,,,,,,,,,,,,,,,,,,,,,,
,,,,,,,,,,,ADB15520CS,1x6-20' Coastline Sq Edge - Vintage Azek PVC Decking,TIMBERTECH,-- No Unilog Brand --,-- No DIB Brand --,Parksite (6151),,TIMBERTECH,,ADB15520CS,,Safety>Eye Protection>Safety Glasses,"Safety Glass, ADB15520CS",SAFETY GLASS,ADB15520CS Safety Glass,,Safety Glass,,,,,,,,,,,,,,,,,,,,,,,,,,,,Series,,,Gender,,,Size,,,Lens Type,,,Lens Coating,,,Lens Color,,,Lens Material,,,Lens Size,,,Frame Shape,,,Frame Color,,,Frame Material,,,Frame Size,,,Temple Type,,,Temple Color,,,Temple Material,,,UV Protection Rating,,,Bridge Size,,,Additional Information,,,,,,,,,,,,,,,,,,,,,,,,,,,,,,,,,,,,,,,,,,,,,,,,,,,,,,,,,,,,,,,,,,,,,,,,,,,,,,,,,,,,,,,,,,,,,,,,,,,,,,,,,,,,,,,,,,,,,,,,,,,,,,,,,,,,,,,,,,,,,,,,,
,,,,,,,,,,,ADB15516EW,1x6-16' English Walnut Sq Edge - Vintage Azek PVC Decking,TIMBERTECH,-- No Unilog Brand --,-- No DIB Brand --,Parksite (6151),,TIMBERTECH,,ADB15516EW,,Safety>Eye Protection>Safety Glasses,"Safety Glass, ADB15516EW",SAFETY GLASS,ADB15516EW Safety Glass,,Safety Glass,,,,,,,,,,,,,,,,,,,,,,,,,,,,Series,,,Gender,,,Size,,,Lens Type,,,Lens Coating,,,Lens Color,,,Lens Material,,,Lens Size,,,Frame Shape,,,Frame Color,,,Frame Material,,,Frame Size,,,Temple Type,,,Temple Color,,,Temple Material,,,UV Protection Rating,,,Bridge Size,,,Additional Information,,,,,,,,,,,,,,,,,,,,,,,,,,,,,,,,,,,,,,,,,,,,,,,,,,,,,,,,,,,,,,,,,,,,,,,,,,,,,,,,,,,,,,,,,,,,,,,,,,,,,,,,,,,,,,,,,,,,,,,,,,,,,,,,,,,,,,,,,,,,,,,,,
,,,,,,,,,,,ADB15520EW,1x6-20' English Walnut Sq Edge - Vintage Azek PVC Decking,TIMBERTECH,-- No Unilog Brand --,-- No DIB Brand --,Parksite (6151),,TIMBERTECH,,ADB15520EW,,Safety>Eye Protection>Safety Glasses,"Safety Glass, ADB15520EW",SAFETY GLASS,ADB15520EW Safety Glass,,Safety Glass,,,,,,,,,,,,,,,,,,,,,,,,,,,,Series,,,Gender,,,Size,,,Lens Type,,,Lens Coating,,,Lens Color,,,Lens Material,,,Lens Size,,,Frame Shape,,,Frame Color,,,Frame Material,,,Frame Size,,,Temple Type,,,Temple Color,,,Temple Material,,,UV Protection Rating,,,Bridge Size,,,Additional Information,,,,,,,,,,,,,,,,,,,,,,,,,,,,,,,,,,,,,,,,,,,,,,,,,,,,,,,,,,,,,,,,,,,,,,,,,,,,,,,,,,,,,,,,,,,,,,,,,,,,,,,,,,,,,,,,,,,,,,,,,,,,,,,,,,,,,,,,,,,,,,,,,
,,,,,,,,,,,ADB15516MH,1x6-16' Mahogany Sq Edge - Vintage Azek PVC Decking,TIMBERTECH,-- No Unilog Brand --,-- No DIB Brand --,Parksite (6151),,TIMBERTECH,,ADB15516MH,,Safety>Eye Protection>Safety Glasses,"Safety Glass, ADB15516MH",SAFETY GLASS,ADB15516MH Safety Glass,,Safety Glass,,,,,,,,,,,,,,,,,,,,,,,,,,,,Series,,,Gender,,,Size,,,Lens Type,,,Lens Coating,,,Lens Color,,,Lens Material,,,Lens Size,,,Frame Shape,,,Frame Color,,,Frame Material,,,Frame Size,,,Temple Type,,,Temple Color,,,Temple Material,,,UV Protection Rating,,,Bridge Size,,,Additional Information,,,,,,,,,,,,,,,,,,,,,,,,,,,,,,,,,,,,,,,,,,,,,,,,,,,,,,,,,,,,,,,,,,,,,,,,,,,,,,,,,,,,,,,,,,,,,,,,,,,,,,,,,,,,,,,,,,,,,,,,,,,,,,,,,,,,,,,,,,,,,,,,,
,,,,,,,,,,,ADB15520MH,1x6-20' Mahogany Sq Edge - Vintage Azek PVC Decking,TIMBERTECH,-- No Unilog Brand --,-- No DIB Brand --,Parksite (6151),,TIMBERTECH,,ADB15520MH,,Safety>Eye Protection>Safety Glasses,"Safety Glass, ADB15520MH",SAFETY GLASS,ADB15520MH Safety Glass,,Safety Glass,,,,,,,,,,,,,,,,,,,,,,,,,,,,Series,,,Gender,,,Size,,,Lens Type,,,Lens Coating,,,Lens Color,,,Lens Material,,,Lens Size,,,Frame Shape,,,Frame Color,,,Frame Material,,,Frame Size,,,Temple Type,,,Temple Color,,,Temple Material,,,UV Protection Rating,,,Bridge Size,,,Additional Information,,,,,,,,,,,,,,,,,,,,,,,,,,,,,,,,,,,,,,,,,,,,,,,,,,,,,,,,,,,,,,,,,,,,,,,,,,,,,,,,,,,,,,,,,,,,,,,,,,,,,,,,,,,,,,,,,,,,,,,,,,,,,,,,,,,,,,,,,,,,,,,,,
,,,,,,,,,,,ADB15516WT,1x6-16' Weathered Teak Sq Edge - Vintage Azek PVC Decking,TIMBERTECH,-- No Unilog Brand --,-- No DIB Brand --,Parksite (6151),,TIMBERTECH,,ADB15516WT,,Safety>Eye Protection>Safety Glasses,"Safety Glass, ADB15516WT",SAFETY GLASS,ADB15516WT Safety Glass,,Safety Glass,,,,,,,,,,,,,,,,,,,,,,,,,,,,Series,,,Gender,,,Size,,,Lens Type,,,Lens Coating,,,Lens Color,,,Lens Material,,,Lens Size,,,Frame Shape,,,Frame Color,,,Frame Material,,,Frame Size,,,Temple Type,,,Temple Color,,,Temple Material,,,UV Protection Rating,,,Bridge Size,,,Additional Information,,,,,,,,,,,,,,,,,,,,,,,,,,,,,,,,,,,,,,,,,,,,,,,,,,,,,,,,,,,,,,,,,,,,,,,,,,,,,,,,,,,,,,,,,,,,,,,,,,,,,,,,,,,,,,,,,,,,,,,,,,,,,,,,,,,,,,,,,,,,,,,,,
,,,,,,,,,,,ADB15520WT,1x6-20' Weathered Teak Sq Edge - Vintage Azek PVC Decking,TIMBERTECH,-- No Unilog Brand --,-- No DIB Brand --,Parksite (6151),,TIMBERTECH,,ADB15520WT,,Safety>Eye Protection>Safety Glasses,"Safety Glass, ADB15520WT",SAFETY GLASS,ADB15520WT Safety Glass,,Safety Glass,,,,,,,,,,,,,,,,,,,,,,,,,,,,Series,,,Gender,,,Size,,,Lens Type,,,Lens Coating,,,Lens Color,,,Lens Material,,,Lens Size,,,Frame Shape,,,Frame Color,,,Frame Material,,,Frame Size,,,Temple Type,,,Temple Color,,,Temple Material,,,UV Protection Rating,,,Bridge Size,,,Additional Information,,,,,,,,,,,,,,,,,,,,,,,,,,,,,,,,,,,,,,,,,,,,,,,,,,,,,,,,,,,,,,,,,,,,,,,,,,,,,,,,,,,,,,,,,,,,,,,,,,,,,,,,,,,,,,,,,,,,,,,,,,,,,,,,,,,,,,,,,,,,,,,,,
,,,,,,,,,,,AGB15512CS,1x6-12' Coastline Grooved - Vintage Azek PVC Decking,TIMBERTECH,-- No Unilog Brand --,-- No DIB Brand --,Parksite (6151),,TIMBERTECH,,AGB15512CS,,,,,,,,,,,,,,,,,,,,,,,,,,,,,,,,,,,,,,,,,,,,,,,,,,,,,,,,,,,,,,,,,,,,,,,,,,,,,,,,,,,,,,,,,,,,,,,,,,,,,,,,,,,,,,,,,,,,,,,,,,,,,,,,,,,,,,,,,,,,,,,,,,,,,,,,,,,,,,,,,,,,,,,,,,,,,,,,,,,,,,,,,,,,,,,,,,,,,,,,,,,,,,,,,,,,,,,,,,,,,,,,,,,,,,,
,,,,,,,,,,,AGB15516CS,1x6-16' Coastline Grooved - Vintage Azek PVC Decking,TIMBERTECH,-- No Unilog Brand --,-- No DIB Brand --,Parksite (6151),,TIMBERTECH,,AGB15516CS,,,,,,,,,,,,,,,,,,,,,,,,,,,,,,,,,,,,,,,,,,,,,,,,,,,,,,,,,,,,,,,,,,,,,,,,,,,,,,,,,,,,,,,,,,,,,,,,,,,,,,,,,,,,,,,,,,,,,,,,,,,,,,,,,,,,,,,,,,,,,,,,,,,,,,,,,,,,,,,,,,,,,,,,,,,,,,,,,,,,,,,,,,,,,,,,,,,,,,,,,,,,,,,,,,,,,,,,,,,,,,,,,,,,,,,
,,,,,,,,,,,AGB15520CS,1x6-20' Coastline Grooved - Vintage Azek PVC Decking,TIMBERTECH,-- No Unilog Brand --,-- No DIB Brand --,Parksite (6151),,TIMBERTECH,,AGB15520CS,,,,,,,,,,,,,,,,,,,,,,,,,,,,,,,,,,,,,,,,,,,,,,,,,,,,,,,,,,,,,,,,,,,,,,,,,,,,,,,,,,,,,,,,,,,,,,,,,,,,,,,,,,,,,,,,,,,,,,,,,,,,,,,,,,,,,,,,,,,,,,,,,,,,,,,,,,,,,,,,,,,,,,,,,,,,,,,,,,,,,,,,,,,,,,,,,,,,,,,,,,,,,,,,,,,,,,,,,,,,,,,,,,,,,,,
,,,,,,,,,,,AGB15512EW,1x6-12' English Walnut Grooved - Vintage Azek PVC Decking,TIMBERTECH,-- No Unilog Brand --,-- No DIB Brand --,Parksite (6151),,TIMBERTECH,,AGB15512EW,,,,,,,,,,,,,,,,,,,,,,,,,,,,,,,,,,,,,,,,,,,,,,,,,,,,,,,,,,,,,,,,,,,,,,,,,,,,,,,,,,,,,,,,,,,,,,,,,,,,,,,,,,,,,,,,,,,,,,,,,,,,,,,,,,,,,,,,,,,,,,,,,,,,,,,,,,,,,,,,,,,,,,,,,,,,,,,,,,,,,,,,,,,,,,,,,,,,,,,,,,,,,,,,,,,,,,,,,,,,,,,,,,,,,,,
,,,,,,,,,,,AGB15516EW,1x6-16' English Walnut Grooved - Vintage Azek PVC Decking,TIMBERTECH,-- No Unilog Brand --,-- No DIB Brand --,Parksite (6151),,TIMBERTECH,,AGB15516EW,,,,,,,,,,,,,,,,,,,,,,,,,,,,,,,,,,,,,,,,,,,,,,,,,,,,,,,,,,,,,,,,,,,,,,,,,,,,,,,,,,,,,,,,,,,,,,,,,,,,,,,,,,,,,,,,,,,,,,,,,,,,,,,,,,,,,,,,,,,,,,,,,,,,,,,,,,,,,,,,,,,,,,,,,,,,,,,,,,,,,,,,,,,,,,,,,,,,,,,,,,,,,,,,,,,,,,,,,,,,,,,,,,,,,,,
,,,,,,,,,,,AGB15520EW,1x6-20' English Walnut Grooved - Vintage Azek PVC Decking,TIMBERTECH,-- No Unilog Brand --,-- No DIB Brand --,Parksite (6151),,TIMBERTECH,,AGB15520EW,,,,,,,,,,,,,,,,,,,,,,,,,,,,,,,,,,,,,,,,,,,,,,,,,,,,,,,,,,,,,,,,,,,,,,,,,,,,,,,,,,,,,,,,,,,,,,,,,,,,,,,,,,,,,,,,,,,,,,,,,,,,,,,,,,,,,,,,,,,,,,,,,,,,,,,,,,,,,,,,,,,,,,,,,,,,,,,,,,,,,,,,,,,,,,,,,,,,,,,,,,,,,,,,,,,,,,,,,,,,,,,,,,,,,,,
,,,,,,,,,,,AGB15512MH,1x6-12' Mahogany Grooved - Vintage Azek PVC Decking,TIMBERTECH,-- No Unilog Brand --,-- No DIB Brand --,Parksite (6151),,TIMBERTECH,,AGB15512MH,,,,,,,,,,,,,,,,,,,,,,,,,,,,,,,,,,,,,,,,,,,,,,,,,,,,,,,,,,,,,,,,,,,,,,,,,,,,,,,,,,,,,,,,,,,,,,,,,,,,,,,,,,,,,,,,,,,,,,,,,,,,,,,,,,,,,,,,,,,,,,,,,,,,,,,,,,,,,,,,,,,,,,,,,,,,,,,,,,,,,,,,,,,,,,,,,,,,,,,,,,,,,,,,,,,,,,,,,,,,,,,,,,,,,,,
,,,,,,,,,,,AGB15516MH,1x6-16' Mahogany Grooved - Vintage Azek PVC Decking,TIMBERTECH,-- No Unilog Brand --,-- No DIB Brand --,Parksite (6151),,TIMBERTECH,,AGB15516MH,,,,,,,,,,,,,,,,,,,,,,,,,,,,,,,,,,,,,,,,,,,,,,,,,,,,,,,,,,,,,,,,,,,,,,,,,,,,,,,,,,,,,,,,,,,,,,,,,,,,,,,,,,,,,,,,,,,,,,,,,,,,,,,,,,,,,,,,,,,,,,,,,,,,,,,,,,,,,,,,,,,,,,,,,,,,,,,,,,,,,,,,,,,,,,,,,,,,,,,,,,,,,,,,,,,,,,,,,,,,,,,,,,,,,,,
,,,,,,,,,,,AGB15520MH,1x6-20' Mahogany Grooved - Vintage Azek PVC Decking,TIMBERTECH,-- No Unilog Brand --,-- No DIB Brand --,Parksite (6151),,TIMBERTECH,,AGB15520MH,,,,,,,,,,,,,,,,,,,,,,,,,,,,,,,,,,,,,,,,,,,,,,,,,,,,,,,,,,,,,,,,,,,,,,,,,,,,,,,,,,,,,,,,,,,,,,,,,,,,,,,,,,,,,,,,,,,,,,,,,,,,,,,,,,,,,,,,,,,,,,,,,,,,,,,,,,,,,,,,,,,,,,,,,,,,,,,,,,,,,,,,,,,,,,,,,,,,,,,,,,,,,,,,,,,,,,,,,,,,,,,,,,,,,,,
,,,,,,,,,,,AGB15512WT,1x6-12' Weathered Teak Grooved - Vintage Azek PVC Decking,TIMBERTECH,-- No Unilog Brand --,-- No DIB Brand --,Parksite (6151),,TIMBERTECH,,AGB15512WT,,,,,,,,,,,,,,,,,,,,,,,,,,,,,,,,,,,,,,,,,,,,,,,,,,,,,,,,,,,,,,,,,,,,,,,,,,,,,,,,,,,,,,,,,,,,,,,,,,,,,,,,,,,,,,,,,,,,,,,,,,,,,,,,,,,,,,,,,,,,,,,,,,,,,,,,,,,,,,,,,,,,,,,,,,,,,,,,,,,,,,,,,,,,,,,,,,,,,,,,,,,,,,,,,,,,,,,,,,,,,,,,,,,,,,,
,,,,,,,,,,,AGB15516WT,1x6-16' Weathered Teak Grooved - Vintage Azek PVC Decking,TIMBERTECH,-- No Unilog Brand --,-- No DIB Brand --,Parksite (6151),,TIMBERTECH,,AGB15516WT,,,,,,,,,,,,,,,,,,,,,,,,,,,,,,,,,,,,,,,,,,,,,,,,,,,,,,,,,,,,,,,,,,,,,,,,,,,,,,,,,,,,,,,,,,,,,,,,,,,,,,,,,,,,,,,,,,,,,,,,,,,,,,,,,,,,,,,,,,,,,,,,,,,,,,,,,,,,,,,,,,,,,,,,,,,,,,,,,,,,,,,,,,,,,,,,,,,,,,,,,,,,,,,,,,,,,,,,,,,,,,,,,,,,,,,
,,,,,,,,,,,AGB15520WT,1x6-20' Weathered Teak Grooved - Vintage Azek PVC Decking,TIMBERTECH,-- No Unilog Brand --,-- No DIB Brand --,Parksite (6151),,TIMBERTECH,,AGB15520WT,,,,,,,,,,,,,,,,,,,,,,,,,,,,,,,,,,,,,,,,,,,,,,,,,,,,,,,,,,,,,,,,,,,,,,,,,,,,,,,,,,,,,,,,,,,,,,,,,,,,,,,,,,,,,,,,,,,,,,,,,,,,,,,,,,,,,,,,,,,,,,,,,,,,,,,,,,,,,,,,,,,,,,,,,,,,,,,,,,,,,,,,,,,,,,,,,,,,,,,,,,,,,,,,,,,,,,,,,,,,,,,,,,,,,,,
,,,,,,,,,,,ADB15516AW,1x6-16' American Walnut Sq Edg - Landmark Azek PVC Decking,TIMBERTECH,-- No Unilog Brand --,-- No DIB Brand --,Parksite (6151),,TIMBERTECH,,ADB15516AW,,Appliances & Consumer Electronics>Laundry Appliances>Gas Dryers,"Gas Dryer, ADB15516AW",GAS DRYER,ADB15516AW Gas Dryer,,Gas Dryer,,,,,,,,,,,,,,,,,,,,,,,,,,,,Series,,,Model,,,Capacity,,,Rotational Speed,,,BTU Rating,,,Drum Type,,,Fuel Type,,,Depth With Door Open,,,Height With Lid Open,,,Number of Cycles,,,Number of Temperature Setting,,,Color,,,Dimensions,,,Additional Information,,,,,,,,,,,,,,,,,,,,,,,,,,,,,,,,,,,,,,,,,,,,,,,,,,,,,,,,,,,,,,,,,,,,,,,,,,,,,,,,,,,,,,,,,,,,,,,,,,,,,,,,,,,,,,,,,,,,,,,,,,,,,,,,,,,,,,,,,,,,,,,,,,,,,,,,,,,,,
,,,,,,,,,,,ADB15520AW,1x6-20' American Walnut Sq Edg - Landmark Azek PVC Decking,TIMBERTECH,-- No Unilog Brand --,-- No DIB Brand --,Parksite (6151),,TIMBERTECH,,ADB15520AW,,Appliances & Consumer Electronics>Laundry Appliances>Gas Dryers,"Gas Dryer, ADB15520AW",GAS DRYER,ADB15520AW Gas Dryer,,Gas Dryer,,,,,,,,,,,,,,,,,,,,,,,,,,,,Series,,,Model,,,Capacity,,,Rotational Speed,,,BTU Rating,,,Drum Type,,,Fuel Type,,,Depth With Door Open,,,Height With Lid Open,,,Number of Cycles,,,Number of Temperature Setting,,,Color,,,Dimensions,,,Additional Information,,,,,,,,,,,,,,,,,,,,,,,,,,,,,,,,,,,,,,,,,,,,,,,,,,,,,,,,,,,,,,,,,,,,,,,,,,,,,,,,,,,,,,,,,,,,,,,,,,,,,,,,,,,,,,,,,,,,,,,,,,,,,,,,,,,,,,,,,,,,,,,,,,,,,,,,,,,,,
,,,,,,,,,,,ADB15516CG,1x6-16' Castle Gate Sq Edge - Landmark Azek PVC Decking,TIMBERTECH,-- No Unilog Brand --,-- No DIB Brand --,Parksite (6151),,TIMBERTECH,,ADB15516CG,,"Lawn, Garden & Patio>Fencing>Gate Openers & Hardware>Gate Latches & Slide Bolts","Gate Latches & Slide Bolt, ADB15516CG",GATE LATCHES & SLIDE BOLT,ADB15516CG Gate Latches & Slide Bolt,,Gate Latches & Slide Bolt,,,,,,,,,,,,,,,,,,,,,,,,,,,,Series,,,Style,,,Bolt Head Diameter,,,Bolt Length,,,Throw Size,,,Material,,,Finish,,,Color,,,Number of Mounting Holes,,,Mounting Type,,,Width,,,Height,,,Depth,,,Additional Information,,,,,,,,,,,,,,,,,,,,,,,,,,,,,,,,,,,,,,,,,,,,,,,,,,,,,,,,,,,,,,,,,,,,,,,,,,,,,,,,,,,,,,,,,,,,,,,,,,,,,,,,,,,,,,,,,,,,,,,,,,,,,,,,,,,,,,,,,,,,,,,,,,,,,,,,,,,,,
,,,,,,,,,,,ADB15520CG,1x6-20' Castle Gate Sq Edge - Landmark Azek PVC Decking,TIMBERTECH,-- No Unilog Brand --,-- No DIB Brand --,Parksite (6151),,TIMBERTECH,,ADB15520CG,,"Lawn, Garden & Patio>Fencing>Gate Openers & Hardware>Gate Latches & Slide Bolts","Gate Latches & Slide Bolt, ADB15520CG",GATE LATCHES & SLIDE BOLT,ADB15520CG Gate Latches & Slide Bolt,,Gate Latches & Slide Bolt,,,,,,,,,,,,,,,,,,,,,,,,,,,,Series,,,Style,,,Bolt Head Diameter,,,Bolt Length,,,Throw Size,,,Material,,,Finish,,,Color,,,Number of Mounting Holes,,,Mounting Type,,,Width,,,Height,,,Depth,,,Additional Information,,,,,,,,,,,,,,,,,,,,,,,,,,,,,,,,,,,,,,,,,,,,,,,,,,,,,,,,,,,,,,,,,,,,,,,,,,,,,,,,,,,,,,,,,,,,,,,,,,,,,,,,,,,,,,,,,,,,,,,,,,,,,,,,,,,,,,,,,,,,,,,,,,,,,,,,,,,,,
,,,,,,,,,,,ADB15516FW,1x6-16' French White Oak Sq Ed - Landmark Azek PVC Decking,TIMBERTECH,-- No Unilog Brand --,-- No DIB Brand --,Parksite (6151),,TIMBERTECH,,ADB15516FW,,Building Materials>Doors & Windows>Exterior Doors>Patio Doors,"Patio Door, ADB15516FW",PATIO DOOR,ADB15516FW Patio Door,,Patio Door,,,,,,,,,,,,,,,,,,,,,,,,,,,,Series,,,Door Width,,,Door Height,,,Door Thickness,,,Opening Width,,,Opening Height,,,Door Color,,,Door Finish,,,Door Material,,,Frame Material,,,Door Handing,,,Texture Type,,,Number of Panels/Lites,,,Panel Type,,,Glass Type,,,Core Type,,,Handle Type,,,Locking Type,,,Hinge Type,,,Paintable/Stainable,,,Additional Information,,,,,,,,,,,,,,,,,,,,,,,,,,,,,,,,,,,,,,,,,,,,,,,,,,,,,,,,,,,,,,,,,,,,,,,,,,,,,,,,,,,,,,,,,,,,,,,,,,,,,,,,,,,,,,,,,,,,,,,,,,,,,,,,,,,,,,,,
,,,,,,,,,,,ADB15520FW,1x6-20' French White Oak Sq Ed - Landmark Azek PVC Decking,TIMBERTECH,-- No Unilog Brand --,-- No DIB Brand --,Parksite (6151),,TIMBERTECH,,ADB15520FW,,Building Materials>Doors & Windows>Exterior Doors>Patio Doors,"Patio Door, ADB15520FW",PATIO DOOR,ADB15520FW Patio Door,,Patio Door,,,,,,,,,,,,,,,,,,,,,,,,,,,,Series,,,Door Width,,,Door Height,,,Door Thickness,,,Opening Width,,,Opening Height,,,Door Color,,,Door Finish,,,Door Material,,,Frame Material,,,Door Handing,,,Texture Type,,,Number of Panels/Lites,,,Panel Type,,,Glass Type,,,Core Type,,,Handle Type,,,Locking Type,,,Hinge Type,,,Paintable/Stainable,,,Additional Information,,,,,,,,,,,,,,,,,,,,,,,,,,,,,,,,,,,,,,,,,,,,,,,,,,,,,,,,,,,,,,,,,,,,,,,,,,,,,,,,,,,,,,,,,,,,,,,,,,,,,,,,,,,,,,,,,,,,,,,,,,,,,,,,,,,,,,,,
,,,,,,,,,,,AGB15512AW,1x6-12' American Walnut Groove - Landmark Azek PVC Decking,TIMBERTECH,-- No Unilog Brand --,-- No DIB Brand --,Parksite (6151),,TIMBERTECH,,AGB15512AW,,,,,,,,,,,,,,,,,,,,,,,,,,,,,,,,,,,,,,,,,,,,,,,,,,,,,,,,,,,,,,,,,,,,,,,,,,,,,,,,,,,,,,,,,,,,,,,,,,,,,,,,,,,,,,,,,,,,,,,,,,,,,,,,,,,,,,,,,,,,,,,,,,,,,,,,,,,,,,,,,,,,,,,,,,,,,,,,,,,,,,,,,,,,,,,,,,,,,,,,,,,,,,,,,,,,,,,,,,,,,,,,,,,,,,,
,,,,,,,,,,,AGB15516AW,1x6-16' American Walnut Groove - Landmark Azek PVC Decking,TIMBERTECH,-- No Unilog Brand --,-- No DIB Brand --,Parksite (6151),,TIMBERTECH,,AGB15516AW,,,,,,,,,,,,,,,,,,,,,,,,,,,,,,,,,,,,,,,,,,,,,,,,,,,,,,,,,,,,,,,,,,,,,,,,,,,,,,,,,,,,,,,,,,,,,,,,,,,,,,,,,,,,,,,,,,,,,,,,,,,,,,,,,,,,,,,,,,,,,,,,,,,,,,,,,,,,,,,,,,,,,,,,,,,,,,,,,,,,,,,,,,,,,,,,,,,,,,,,,,,,,,,,,,,,,,,,,,,,,,,,,,,,,,,
,,,,,,,,,,,AGB15520AW,1x6-20' American Walnut Groove - Landmark Azek PVC Decking,TIMBERTECH,-- No Unilog Brand --,-- No DIB Brand --,Parksite (6151),,TIMBERTECH,,AGB15520AW,,,,,,,,,,,,,,,,,,,,,,,,,,,,,,,,,,,,,,,,,,,,,,,,,,,,,,,,,,,,,,,,,,,,,,,,,,,,,,,,,,,,,,,,,,,,,,,,,,,,,,,,,,,,,,,,,,,,,,,,,,,,,,,,,,,,,,,,,,,,,,,,,,,,,,,,,,,,,,,,,,,,,,,,,,,,,,,,,,,,,,,,,,,,,,,,,,,,,,,,,,,,,,,,,,,,,,,,,,,,,,,,,,,,,,,
,,,,,,,,,,,AGB15512CG,1x6-12' Castle Gate Grooved - Landmark Azek PVC Decking,TIMBERTECH,-- No Unilog Brand --,-- No DIB Brand --,Parksite (6151),,TIMBERTECH,,AGB15512CG,,"Lawn, Garden & Patio>Fencing>Gate Openers & Hardware>Gate Latches & Slide Bolts","Gate Latches & Slide Bolt, AGB15512CG",GATE LATCHES & SLIDE BOLT,AGB15512CG Gate Latches & Slide Bolt,,Gate Latches & Slide Bolt,,,,,,,,,,,,,,,,,,,,,,,,,,,,Series,,,Style,,,Bolt Head Diameter,,,Bolt Length,,,Throw Size,,,Material,,,Finish,,,Color,,,Number of Mounting Holes,,,Mounting Type,,,Width,,,Height,,,Depth,,,Additional Information,,,,,,,,,,,,,,,,,,,,,,,,,,,,,,,,,,,,,,,,,,,,,,,,,,,,,,,,,,,,,,,,,,,,,,,,,,,,,,,,,,,,,,,,,,,,,,,,,,,,,,,,,,,,,,,,,,,,,,,,,,,,,,,,,,,,,,,,,,,,,,,,,,,,,,,,,,,,,
,,,,,,,,,,,AGB15516CG,1x6-16' Castle Gate Grooved - Landmark Azek PVC Decking,TIMBERTECH,-- No Unilog Brand --,-- No DIB Brand --,Parksite (6151),,TIMBERTECH,,AGB15516CG,,"Lawn, Garden & Patio>Fencing>Gate Openers & Hardware>Gate Latches & Slide Bolts","Gate Latches & Slide Bolt, AGB15516CG",GATE LATCHES & SLIDE BOLT,AGB15516CG Gate Latches & Slide Bolt,,Gate Latches & Slide Bolt,,,,,,,,,,,,,,,,,,,,,,,,,,,,Series,,,Style,,,Bolt Head Diameter,,,Bolt Length,,,Throw Size,,,Material,,,Finish,,,Color,,,Number of Mounting Holes,,,Mounting Type,,,Width,,,Height,,,Depth,,,Additional Information,,,,,,,,,,,,,,,,,,,,,,,,,,,,,,,,,,,,,,,,,,,,,,,,,,,,,,,,,,,,,,,,,,,,,,,,,,,,,,,,,,,,,,,,,,,,,,,,,,,,,,,,,,,,,,,,,,,,,,,,,,,,,,,,,,,,,,,,,,,,,,,,,,,,,,,,,,,,,
,,,,,,,,,,,AGB15520CG,1x6-20' Castle Gate Grooved - Landmark Azek PVC Decking,TIMBERTECH,-- No Unilog Brand --,-- No DIB Brand --,Parksite (6151),,TIMBERTECH,,AGB15520CG,,"Lawn, Garden & Patio>Fencing>Gate Openers & Hardware>Gate Latches & Slide Bolts","Gate Latches & Slide Bolt, AGB15520CG",GATE LATCHES & SLIDE BOLT,AGB15520CG Gate Latches & Slide Bolt,,Gate Latches & Slide Bolt,,,,,,,,,,,,,,,,,,,,,,,,,,,,Series,,,Style,,,Bolt Head Diameter,,,Bolt Length,,,Throw Size,,,Material,,,Finish,,,Color,,,Number of Mounting Holes,,,Mounting Type,,,Width,,,Height,,,Depth,,,Additional Information,,,,,,,,,,,,,,,,,,,,,,,,,,,,,,,,,,,,,,,,,,,,,,,,,,,,,,,,,,,,,,,,,,,,,,,,,,,,,,,,,,,,,,,,,,,,,,,,,,,,,,,,,,,,,,,,,,,,,,,,,,,,,,,,,,,,,,,,,,,,,,,,,,,,,,,,,,,,,
,,,,,,,,,,,AGB15512FW,1x6-12' French White Oak Groov - Landmark Azek PVC Decking,TIMBERTECH,-- No Unilog Brand --,-- No DIB Brand --,Parksite (6151),,TIMBERTECH,,AGB15512FW,,Building Materials>Doors & Windows>Exterior Doors>Patio Doors,"Patio Door, AGB15512FW",PATIO DOOR,AGB15512FW Patio Door,,Patio Door,,,,,,,,,,,,,,,,,,,,,,,,,,,,Series,,,Door Width,,,Door Height,,,Door Thickness,,,Opening Width,,,Opening Height,,,Door Color,,,Door Finish,,,Door Material,,,Frame Material,,,Door Handing,,,Texture Type,,,Number of Panels/Lites,,,Panel Type,,,Glass Type,,,Core Type,,,Handle Type,,,Locking Type,,,Hinge Type,,,Paintable/Stainable,,,Additional Information,,,,,,,,,,,,,,,,,,,,,,,,,,,,,,,,,,,,,,,,,,,,,,,,,,,,,,,,,,,,,,,,,,,,,,,,,,,,,,,,,,,,,,,,,,,,,,,,,,,,,,,,,,,,,,,,,,,,,,,,,,,,,,,,,,,,,,,,
,,,,,,,,,,,AGB15516FW,1x6-16' French White Oak Groov - Landmark Azek PVC Decking,TIMBERTECH,-- No Unilog Brand --,-- No DIB Brand --,Parksite (6151),,TIMBERTECH,,AGB15516FW,,Building Materials>Doors & Windows>Exterior Doors>Patio Doors,"Patio Door, AGB15516FW",PATIO DOOR,AGB15516FW Patio Door,,Patio Door,,,,,,,,,,,,,,,,,,,,,,,,,,,,Series,,,Door Width,,,Door Height,,,Door Thickness,,,Opening Width,,,Opening Height,,,Door Color,,,Door Finish,,,Door Material,,,Frame Material,,,Door Handing,,,Texture Type,,,Number of Panels/Lites,,,Panel Type,,,Glass Type,,,Core Type,,,Handle Type,,,Locking Type,,,Hinge Type,,,Paintable/Stainable,,,Additional Information,,,,,,,,,,,,,,,,,,,,,,,,,,,,,,,,,,,,,,,,,,,,,,,,,,,,,,,,,,,,,,,,,,,,,,,,,,,,,,,,,,,,,,,,,,,,,,,,,,,,,,,,,,,,,,,,,,,,,,,,,,,,,,,,,,,,,,,,
,,,,,,,,,,,AGB15520FW,1x6-20' French White Oak Groov - Landmark Azek PVC Decking,TIMBERTECH,-- No Unilog Brand --,-- No DIB Brand --,Parksite (6151),,TIMBERTECH,,AGB15520FW,,Building Materials>Doors & Windows>Exterior Doors>Patio Doors,"Patio Door, AGB15520FW",PATIO DOOR,AGB15520FW Patio Door,,Patio Door,,,,,,,,,,,,,,,,,,,,,,,,,,,,Series,,,Door Width,,,Door Height,,,Door Thickness,,,Opening Width,,,Opening Height,,,Door Color,,,Door Finish,,,Door Material,,,Frame Material,,,Door Handing,,,Texture Type,,,Number of Panels/Lites,,,Panel Type,,,Glass Type,,,Core Type,,,Handle Type,,,Locking Type,,,Hinge Type,,,Paintable/Stainable,,,Additional Information,,,,,,,,,,,,,,,,,,,,,,,,,,,,,,,,,,,,,,,,,,,,,,,,,,,,,,,,,,,,,,,,,,,,,,,,,,,,,,,,,,,,,,,,,,,,,,,,,,,,,,,,,,,,,,,,,,,,,,,,,,,,,,,,,,,,,,,,
,,,,,,,,,,,ADCB15516BS,1x6-16' Brownstone Sq Edge - Harvest Azek PVC Decking,TIMBERTECH,-- No Unilog Brand --,-- No DIB Brand --,Parksite (6151),,TIMBERTECH,,ADCB15516BS,,Safety>Eye Protection>Safety Glasses,"Safety Glass, ADCB15516BS",SAFETY GLASS,ADCB15516BS Safety Glass,,Safety Glass,,,,,,,,,,,,,,,,,,,,,,,,,,,,Series,,,Gender,,,Size,,,Lens Type,,,Lens Coating,,,Lens Color,,,Lens Material,,,Lens Size,,,Frame Shape,,,Frame Color,,,Frame Material,,,Frame Size,,,Temple Type,,,Temple Color,,,Temple Material,,,UV Protection Rating,,,Bridge Size,,,Additional Information,,,,,,,,,,,,,,,,,,,,,,,,,,,,,,,,,,,,,,,,,,,,,,,,,,,,,,,,,,,,,,,,,,,,,,,,,,,,,,,,,,,,,,,,,,,,,,,,,,,,,,,,,,,,,,,,,,,,,,,,,,,,,,,,,,,,,,,,,,,,,,,,,
,,,,,,,,,,,ADCB15520BS,1x6-20' Brownstone Sq Edge - Harvest Azek PVC Decking,TIMBERTECH,-- No Unilog Brand --,-- No DIB Brand --,Parksite (6151),,TIMBERTECH,,ADCB15520BS,,Safety>Eye Protection>Safety Glasses,"Safety Glass, ADCB15520BS",SAFETY GLASS,ADCB15520BS Safety Glass,,Safety Glass,,,,,,,,,,,,,,,,,,,,,,,,,,,,Series,,,Gender,,,Size,,,Lens Type,,,Lens Coating,,,Lens Color,,,Lens Material,,,Lens Size,,,Frame Shape,,,Frame Color,,,Frame Material,,,Frame Size,,,Temple Type,,,Temple Color,,,Temple Material,,,UV Protection Rating,,,Bridge Size,,,Additional Information,,,,,,,,,,,,,,,,,,,,,,,,,,,,,,,,,,,,,,,,,,,,,,,,,,,,,,,,,,,,,,,,,,,,,,,,,,,,,,,,,,,,,,,,,,,,,,,,,,,,,,,,,,,,,,,,,,,,,,,,,,,,,,,,,,,,,,,,,,,,,,,,,
,,,,,,,,,,,ADCB15516SG,1x6-16' Slate Gray Sq Edge - Harvest Azek PVC Decking,TIMBERTECH,-- No Unilog Brand --,-- No DIB Brand --,Parksite (6151),,TIMBERTECH,,ADCB15516SG,,Safety>Eye Protection>Safety Glasses,"Safety Glass, ADCB15516SG",SAFETY GLASS,ADCB15516SG Safety Glass,,Safety Glass,,,,,,,,,,,,,,,,,,,,,,,,,,,,Series,,,Gender,,,Size,,,Lens Type,,,Lens Coating,,,Lens Color,,,Lens Material,,,Lens Size,,,Frame Shape,,,Frame Color,,,Frame Material,,,Frame Size,,,Temple Type,,,Temple Color,,,Temple Material,,,UV Protection Rating,,,Bridge Size,,,Additional Information,,,,,,,,,,,,,,,,,,,,,,,,,,,,,,,,,,,,,,,,,,,,,,,,,,,,,,,,,,,,,,,,,,,,,,,,,,,,,,,,,,,,,,,,,,,,,,,,,,,,,,,,,,,,,,,,,,,,,,,,,,,,,,,,,,,,,,,,,,,,,,,,,
,,,,,,,,,,,ADCB15520SG,1x6-20' Slate Gray Sq Edge - Harvest Azek PVC Decking,TIMBERTECH,-- No Unilog Brand --,-- No DIB Brand --,Parksite (6151),,TIMBERTECH,,ADCB15520SG,,Safety>Eye Protection>Safety Glasses,"Safety Glass, ADCB15520SG",SAFETY GLASS,ADCB15520SG Safety Glass,,Safety Glass,,,,,,,,,,,,,,,,,,,,,,,,,,,,Series,,,Gender,,,Size,,,Lens Type,,,Lens Coating,,,Lens Color,,,Lens Material,,,Lens Size,,,Frame Shape,,,Frame Color,,,Frame Material,,,Frame Size,,,Temple Type,,,Temple Color,,,Temple Material,,,UV Protection Rating,,,Bridge Size,,,Additional Information,,,,,,,,,,,,,,,,,,,,,,,,,,,,,,,,,,,,,,,,,,,,,,,,,,,,,,,,,,,,,,,,,,,,,,,,,,,,,,,,,,,,,,,,,,,,,,,,,,,,,,,,,,,,,,,,,,,,,,,,,,,,,,,,,,,,,,,,,,,,,,,,,
,,,,,,,,,,,AGB15512BS,1x6-12' Brownstone Grooved - Harvest Azek PVC Decking,TIMBERTECH,-- No Unilog Brand --,-- No DIB Brand --,Parksite (6151),,TIMBERTECH,,AGB15512BS,,,,,,,,,,,,,,,,,,,,,,,,,,,,,,,,,,,,,,,,,,,,,,,,,,,,,,,,,,,,,,,,,,,,,,,,,,,,,,,,,,,,,,,,,,,,,,,,,,,,,,,,,,,,,,,,,,,,,,,,,,,,,,,,,,,,,,,,,,,,,,,,,,,,,,,,,,,,,,,,,,,,,,,,,,,,,,,,,,,,,,,,,,,,,,,,,,,,,,,,,,,,,,,,,,,,,,,,,,,,,,,,,,,,,,,
,,,,,,,,,,,AGB15516BS,1x6-16' Brownstone Grooved - Harvest Azek PVC Decking,TIMBERTECH,-- No Unilog Brand --,-- No DIB Brand --,Parksite (6151),,TIMBERTECH,,AGB15516BS,,,,,,,,,,,,,,,,,,,,,,,,,,,,,,,,,,,,,,,,,,,,,,,,,,,,,,,,,,,,,,,,,,,,,,,,,,,,,,,,,,,,,,,,,,,,,,,,,,,,,,,,,,,,,,,,,,,,,,,,,,,,,,,,,,,,,,,,,,,,,,,,,,,,,,,,,,,,,,,,,,,,,,,,,,,,,,,,,,,,,,,,,,,,,,,,,,,,,,,,,,,,,,,,,,,,,,,,,,,,,,,,,,,,,,,
,,,,,,,,,,,AGB15520BS,1x6-20' Brownstone Grooved - Harvest Azek PVC Decking,TIMBERTECH,-- No Unilog Brand --,-- No DIB Brand --,Parksite (6151),,TIMBERTECH,,AGB15520BS,,,,,,,,,,,,,,,,,,,,,,,,,,,,,,,,,,,,,,,,,,,,,,,,,,,,,,,,,,,,,,,,,,,,,,,,,,,,,,,,,,,,,,,,,,,,,,,,,,,,,,,,,,,,,,,,,,,,,,,,,,,,,,,,,,,,,,,,,,,,,,,,,,,,,,,,,,,,,,,,,,,,,,,,,,,,,,,,,,,,,,,,,,,,,,,,,,,,,,,,,,,,,,,,,,,,,,,,,,,,,,,,,,,,,,,
,,,,,,,,,,,AGB15512SG,1x6-12' Slate Gray Grooved - Harvest Azek PVC Decking,TIMBERTECH,-- No Unilog Brand --,-- No DIB Brand --,Parksite (6151),,TIMBERTECH,,AGB15512SG,,,,,,,,,,,,,,,,,,,,,,,,,,,,,,,,,,,,,,,,,,,,,,,,,,,,,,,,,,,,,,,,,,,,,,,,,,,,,,,,,,,,,,,,,,,,,,,,,,,,,,,,,,,,,,,,,,,,,,,,,,,,,,,,,,,,,,,,,,,,,,,,,,,,,,,,,,,,,,,,,,,,,,,,,,,,,,,,,,,,,,,,,,,,,,,,,,,,,,,,,,,,,,,,,,,,,,,,,,,,,,,,,,,,,,,
,,,,,,,,,,,AGB15516SG,1x6-16' Slate Gray Grooved - Harvest Azek PVC Decking,TIMBERTECH,-- No Unilog Brand --,-- No DIB Brand --,Parksite (6151),,TIMBERTECH,,AGB15516SG,,,,,,,,,,,,,,,,,,,,,,,,,,,,,,,,,,,,,,,,,,,,,,,,,,,,,,,,,,,,,,,,,,,,,,,,,,,,,,,,,,,,,,,,,,,,,,,,,,,,,,,,,,,,,,,,,,,,,,,,,,,,,,,,,,,,,,,,,,,,,,,,,,,,,,,,,,,,,,,,,,,,,,,,,,,,,,,,,,,,,,,,,,,,,,,,,,,,,,,,,,,,,,,,,,,,,,,,,,,,,,,,,,,,,,,
,,,,,,,,,,,AGB15520SG,1x6-20' Slate Gray Grooved - Harvest Azek PVC Decking,TIMBERTECH,-- No Unilog Brand --,-- No DIB Brand --,Parksite (6151),,TIMBERTECH,,AGB15520SG,,,,,,,,,,,,,,,,,,,,,,,,,,,,,,,,,,,,,,,,,,,,,,,,,,,,,,,,,,,,,,,,,,,,,,,,,,,,,,,,,,,,,,,,,,,,,,,,,,,,,,,,,,,,,,,,,,,,,,,,,,,,,,,,,,,,,,,,,,,,,,,,,,,,,,,,,,,,,,,,,,,,,,,,,,,,,,,,,,,,,,,,,,,,,,,,,,,,,,,,,,,,,,,,,,,,,,,,,,,,,,,,,,,,,,,
,,,,,,,,,,,543140016,1nx6-16' Biscayne Sq Edge - Trex Transcend Lineage Decking,TREX,-- No Unilog Brand --,-- No DIB Brand --,U S Lumber (3073),"Trex Company, Inc",TREX,,543140016,,Safety>Eye Protection>Safety Glasses,"Trex Company, Inc, Safety Glass, 543140016",SAFETY GLASS,"Trex Company, Inc 543140016 Safety Glass",,Safety Glass,,,,,,,,,,,,,,,,,,,,,,,,,,,,Series,,,Gender,,,Size,,,Lens Type,,,Lens Coating,,,Lens Color,,,Lens Material,,,Lens Size,,,Frame Shape,,,Frame Color,,,Frame Material,,,Frame Size,,,Temple Type,,,Temple Color,,,Temple Material,,,UV Protection Rating,,,Bridge Size,,,Additional Information,,,,,,,,,,,,,,,,,,,,,,,,,,,,,,,,,,,,,,,,,,,,,,,,,,,,,,,,,,,,,,,,,,,,,,,,,,,,,,,,,,,,,,,,,,,,,,,,,,,,,,,,,,,,,,,,,,,,,,,,,,,,,,,,,,,,,,,,,,,,,,,,,
,,,,,,,,,,,543140020,1nx6-20' Biscayne Sq Edge - Trex Transcend Lineage Decking,TREX,-- No Unilog Brand --,-- No DIB Brand --,U S Lumber (3073),"Trex Company, Inc",TREX,,543140020,,Safety>Eye Protection>Safety Glasses,"Trex Company, Inc, Safety Glass, 543140020",SAFETY GLASS,"Trex Company, Inc 543140020 Safety Glass",,Safety Glass,,,,,,,,,,,,,,,,,,,,,,,,,,,,Series,,,Gender,,,Size,,,Lens Type,,,Lens Coating,,,Lens Color,,,Lens Material,,,Lens Size,,,Frame Shape,,,Frame Color,,,Frame Material,,,Frame Size,,,Temple Type,,,Temple Color,,,Temple Material,,,UV Protection Rating,,,Bridge Size,,,Additional Information,,,,,,,,,,,,,,,,,,,,,,,,,,,,,,,,,,,,,,,,,,,,,,,,,,,,,,,,,,,,,,,,,,,,,,,,,,,,,,,,,,,,,,,,,,,,,,,,,,,,,,,,,,,,,,,,,,,,,,,,,,,,,,,,,,,,,,,,,,,,,,,,,
,,,,,,,,,,,543142016,1nx6-16' Carmel Sq Edge - Trex Transcend Lineage Decking,TREX,-- No Unilog Brand --,-- No DIB Brand --,U S Lumber (3073),"Trex Company, Inc",TREX,,543142016,,Safety>Eye Protection>Safety Glasses,"Trex Company, Inc, Safety Glass, 543142016",SAFETY GLASS,"Trex Company, Inc 543142016 Safety Glass",,Safety Glass,,,,,,,,,,,,,,,,,,,,,,,,,,,,Series,,,Gender,,,Size,,,Lens Type,,,Lens Coating,,,Lens Color,,,Lens Material,,,Lens Size,,,Frame Shape,,,Frame Color,,,Frame Material,,,Frame Size,,,Temple Type,,,Temple Color,,,Temple Material,,,UV Protection Rating,,,Bridge Size,,,Additional Information,,,,,,,,,,,,,,,,,,,,,,,,,,,,,,,,,,,,,,,,,,,,,,,,,,,,,,,,,,,,,,,,,,,,,,,,,,,,,,,,,,,,,,,,,,,,,,,,,,,,,,,,,,,,,,,,,,,,,,,,,,,,,,,,,,,,,,,,,,,,,,,,,
,,,,,,,,,,,543142020,1nx6-20' Carmel Sq Edge - Trex Transcend Lineage Decking,TREX,-- No Unilog Brand --,-- No DIB Brand --,U S Lumber (3073),"Trex Company, Inc",TREX,,543142020,,Safety>Eye Protection>Safety Glasses,"Trex Company, Inc, Safety Glass, 543142020",SAFETY GLASS,"Trex Company, Inc 543142020 Safety Glass",,Safety Glass,,,,,,,,,,,,,,,,,,,,,,,,,,,,Series,,,Gender,,,Size,,,Lens Type,,,Lens Coating,,,Lens Color,,,Lens Material,,,Lens Size,,,Frame Shape,,,Frame Color,,,Frame Material,,,Frame Size,,,Temple Type,,,Temple Color,,,Temple Material,,,UV Protection Rating,,,Bridge Size,,,Additional Information,,,,,,,,,,,,,,,,,,,,,,,,,,,,,,,,,,,,,,,,,,,,,,,,,,,,,,,,,,,,,,,,,,,,,,,,,,,,,,,,,,,,,,,,,,,,,,,,,,,,,,,,,,,,,,,,,,,,,,,,,,,,,,,,,,,,,,,,,,,,,,,,,
,,,,,,,,,,,543144016,1nx6-16' Island Mist Sq Edge - Trex Transcend Lineage Decking,TREX,-- No Unilog Brand --,-- No DIB Brand --,U S Lumber (3073),"Trex Company, Inc",TREX,,543144016,,Safety>Eye Protection>Safety Glasses,"Trex Company, Inc, Safety Glass, 543144016",SAFETY GLASS,"Trex Company, Inc 543144016 Safety Glass",,Safety Glass,,,,,,,,,,,,,,,,,,,,,,,,,,,,Series,,,Gender,,,Size,,,Lens Type,,,Lens Coating,,,Lens Color,,,Lens Material,,,Lens Size,,,Frame Shape,,,Frame Color,,,Frame Material,,,Frame Size,,,Temple Type,,,Temple Color,,,Temple Material,,,UV Protection Rating,,,Bridge Size,,,Additional Information,,,,,,,,,,,,,,,,,,,,,,,,,,,,,,,,,,,,,,,,,,,,,,,,,,,,,,,,,,,,,,,,,,,,,,,,,,,,,,,,,,,,,,,,,,,,,,,,,,,,,,,,,,,,,,,,,,,,,,,,,,,,,,,,,,,,,,,,,,,,,,,,,
,,,,,,,,,,,543144020,1nx6-20' Island Mist Sq Edge - Trex Transcend Lineage Decking,TREX,-- No Unilog Brand --,-- No DIB Brand --,U S Lumber (3073),"Trex Company, Inc",TREX,,543144020,,Safety>Eye Protection>Safety Glasses,"Trex Company, Inc, Safety Glass, 543144020",SAFETY GLASS,"Trex Company, Inc 543144020 Safety Glass",,Safety Glass,,,,,,,,,,,,,,,,,,,,,,,,,,,,Series,,,Gender,,,Size,,,Lens Type,,,Lens Coating,,,Lens Color,,,Lens Material,,,Lens Size,,,Frame Shape,,,Frame Color,,,Frame Material,,,Frame Size,,,Temple Type,,,Temple Color,,,Temple Material,,,UV Protection Rating,,,Bridge Size,,,Additional Information,,,,,,,,,,,,,,,,,,,,,,,,,,,,,,,,,,,,,,,,,,,,,,,,,,,,,,,,,,,,,,,,,,,,,,,,,,,,,,,,,,,,,,,,,,,,,,,,,,,,,,,,,,,,,,,,,,,,,,,,,,,,,,,,,,,,,,,,,,,,,,,,,
,,,,,,,,,,,543143016,1nx6-16' Jasper Sq Edge - Trex Transcend Lineage Decking,TREX,-- No Unilog Brand --,-- No DIB Brand --,U S Lumber (3073),"Trex Company, Inc",TREX,,543143016,,Safety>Eye Protection>Safety Glasses,"Trex Company, Inc, Safety Glass, 543143016",SAFETY GLASS,"Trex Company, Inc 543143016 Safety Glass",,Safety Glass,,,,,,,,,,,,,,,,,,,,,,,,,,,,Series,,,Gender,,,Size,,,Lens Type,,,Lens Coating,,,Lens Color,,,Lens Material,,,Lens Size,,,Frame Shape,,,Frame Color,,,Frame Material,,,Frame Size,,,Temple Type,,,Temple Color,,,Temple Material,,,UV Protection Rating,,,Bridge Size,,,Additional Information,,,,,,,,,,,,,,,,,,,,,,,,,,,,,,,,,,,,,,,,,,,,,,,,,,,,,,,,,,,,,,,,,,,,,,,,,,,,,,,,,,,,,,,,,,,,,,,,,,,,,,,,,,,,,,,,,,,,,,,,,,,,,,,,,,,,,,,,,,,,,,,,,
,,,,,,,,,,,543143020,1nx6-20' Jasper Sq Edge - Trex Transcend Lineage Decking,TREX,-- No Unilog Brand --,-- No DIB Brand --,U S Lumber (3073),"Trex Company, Inc",TREX,,543143020,,Safety>Eye Protection>Safety Glasses,"Trex Company, Inc, Safety Glass, 543143020",SAFETY GLASS,"Trex Company, Inc 543143020 Safety Glass",,Safety Glass,,,,,,,,,,,,,,,,,,,,,,,,,,,,Series,,,Gender,,,Size,,,Lens Type,,,Lens Coating,,,Lens Color,,,Lens Material,,,Lens Size,,,Frame Shape,,,Frame Color,,,Frame Material,,,Frame Size,,,Temple Type,,,Temple Color,,,Temple Material,,,UV Protection Rating,,,Bridge Size,,,Additional Information,,,,,,,,,,,,,,,,,,,,,,,,,,,,,,,,,,,,,,,,,,,,,,,,,,,,,,,,,,,,,,,,,,,,,,,,,,,,,,,,,,,,,,,,,,,,,,,,,,,,,,,,,,,,,,,,,,,,,,,,,,,,,,,,,,,,,,,,,,,,,,,,,
,,,,,,,,,,,543141016,1nx6-16' Rainier Sq Edge - Trex Transcend Lineage Decking,TREX,-- No Unilog Brand --,-- No DIB Brand --,U S Lumber (3073),"Trex Company, Inc",TREX,,543141016,,Safety>Eye Protection>Safety Glasses,"Trex Company, Inc, Safety Glass, 543141016",SAFETY GLASS,"Trex Company, Inc 543141016 Safety Glass",,Safety Glass,,,,,,,,,,,,,,,,,,,,,,,,,,,,Series,,,Gender,,,Size,,,Lens Type,,,Lens Coating,,,Lens Color,,,Lens Material,,,Lens Size,,,Frame Shape,,,Frame Color,,,Frame Material,,,Frame Size,,,Temple Type,,,Temple Color,,,Temple Material,,,UV Protection Rating,,,Bridge Size,,,Additional Information,,,,,,,,,,,,,,,,,,,,,,,,,,,,,,,,,,,,,,,,,,,,,,,,,,,,,,,,,,,,,,,,,,,,,,,,,,,,,,,,,,,,,,,,,,,,,,,,,,,,,,,,,,,,,,,,,,,,,,,,,,,,,,,,,,,,,,,,,,,,,,,,,
,,,,,,,,,,,543141020,1nx6-20' Rainier Sq Edge - Trex Transcend Lineage Decking,TREX,-- No Unilog Brand --,-- No DIB Brand --,U S Lumber (3073),"Trex Company, Inc",TREX,,543141020,,Safety>Eye Protection>Safety Glasses,"Trex Company, Inc, Safety Glass, 543141020",SAFETY GLASS,"Trex Company, Inc 543141020 Safety Glass",,Safety Glass,,,,,,,,,,,,,,,,,,,,,,,,,,,,Series,,,Gender,,,Size,,,Lens Type,,,Lens Coating,,,Lens Color,,,Lens Material,,,Lens Size,,,Frame Shape,,,Frame Color,,,Frame Material,,,Frame Size,,,Temple Type,,,Temple Color,,,Temple Material,,,UV Protection Rating,,,Bridge Size,,,Additional Information,,,,,,,,,,,,,,,,,,,,,,,,,,,,,,,,,,,,,,,,,,,,,,,,,,,,,,,,,,,,,,,,,,,,,,,,,,,,,,,,,,,,,,,,,,,,,,,,,,,,,,,,,,,,,,,,,,,,,,,,,,,,,,,,,,,,,,,,,,,,,,,,,
,,,,,,,,,,,543140412,1nx6-12' Biscayne Grooved - Trex Transcend Lineage Decking,TREX,-- No Unilog Brand --,-- No DIB Brand --,U S Lumber (3073),"Trex Company, Inc",TREX,,543140412,,Building Materials>Decking>Deck & Porch Railings>Deck Railing Kits,"Trex Company, Inc, Deck Railing Kit, 543140412",DECK RAILING KIT,"Trex Company, Inc 543140412 Deck Railing Kit",,Deck Railing Kit,,,,,,,,,,,,,,,,,,,,,,,,,,,,Series,,,Rail Profile Type,,,Rail Length,,,Rail Width,,,Rail Material,,,Rail Color,,,Balusters/Spindles Design,,,Balusters/Spindles Top Style,,,Balusters/Spindles Diameter,,,Balusters/Spindles Length,,,Balusters/Spindles Material,,,Balusters/Spindles Color,,,Installation Type,,,Number of Pieces,,,Additional Information,,,,,,,,,,,,,,,,,,,,,,,,,,,,,,,,,,,,,,,,,,,,,,,,,,,,,,,,,,,,,,,,,,,,,,,,,,,,,,,,,,,,,,,,,,,,,,,,,,,,,,,,,,,,,,,,,,,,,,,,,,,,,,,,,,,,,,,,,,,,,,,,,,,,,,,,,,
,,,,,,,,,,,543140416,1nx6-16' Biscayne Grooved - Trex Transcend Lineage Decking,TREX,-- No Unilog Brand --,-- No DIB Brand --,U S Lumber (3073),"Trex Company, Inc",TREX,,543140416,,Building Materials>Decking>Deck & Porch Railings>Deck Railing Kits,"Trex Company, Inc, Deck Railing Kit, 543140416",DECK RAILING KIT,"Trex Company, Inc 543140416 Deck Railing Kit",,Deck Railing Kit,,,,,,,,,,,,,,,,,,,,,,,,,,,,Series,,,Rail Profile Type,,,Rail Length,,,Rail Width,,,Rail Material,,,Rail Color,,,Balusters/Spindles Design,,,Balusters/Spindles Top Style,,,Balusters/Spindles Diameter,,,Balusters/Spindles Length,,,Balusters/Spindles Material,,,Balusters/Spindles Color,,,Installation Type,,,Number of Pieces,,,Additional Information,,,,,,,,,,,,,,,,,,,,,,,,,,,,,,,,,,,,,,,,,,,,,,,,,,,,,,,,,,,,,,,,,,,,,,,,,,,,,,,,,,,,,,,,,,,,,,,,,,,,,,,,,,,,,,,,,,,,,,,,,,,,,,,,,,,,,,,,,,,,,,,,,,,,,,,,,,
,,,,,,,,,,,543140420,1nx6-20' Biscayne Grooved - Trex Transcend Lineage Decking,TREX,-- No Unilog Brand --,-- No DIB Brand --,U S Lumber (3073),"Trex Company, Inc",TREX,,543140420,,Building Materials>Decking>Deck & Porch Railings>Deck Railing Kits,"Trex Company, Inc, Deck Railing Kit, 543140420",DECK RAILING KIT,"Trex Company, Inc 543140420 Deck Railing Kit",,Deck Railing Kit,,,,,,,,,,,,,,,,,,,,,,,,,,,,Series,,,Rail Profile Type,,,Rail Length,,,Rail Width,,,Rail Material,,,Rail Color,,,Balusters/Spindles Design,,,Balusters/Spindles Top Style,,,Balusters/Spindles Diameter,,,Balusters/Spindles Length,,,Balusters/Spindles Material,,,Balusters/Spindles Color,,,Installation Type,,,Number of Pieces,,,Additional Information,,,,,,,,,,,,,,,,,,,,,,,,,,,,,,,,,,,,,,,,,,,,,,,,,,,,,,,,,,,,,,,,,,,,,,,,,,,,,,,,,,,,,,,,,,,,,,,,,,,,,,,,,,,,,,,,,,,,,,,,,,,,,,,,,,,,,,,,,,,,,,,,,,,,,,,,,,
,,,,,,,,,,,543142412,1nx6-12' Carmel Grooved - Trex Transcend Lineage Decking,TREX,-- No Unilog Brand --,-- No DIB Brand --,U S Lumber (3073),"Trex Company, Inc",TREX,,543142412,,Building Materials>Decking>Deck & Porch Railings>Deck Railing Kits,"Trex Company, Inc, Deck Railing Kit, 543142412",DECK RAILING KIT,"Trex Company, Inc 543142412 Deck Railing Kit",,Deck Railing Kit,,,,,,,,,,,,,,,,,,,,,,,,,,,,Series,,,Rail Profile Type,,,Rail Length,,,Rail Width,,,Rail Material,,,Rail Color,,,Balusters/Spindles Design,,,Balusters/Spindles Top Style,,,Balusters/Spindles Diameter,,,Balusters/Spindles Length,,,Balusters/Spindles Material,,,Balusters/Spindles Color,,,Installation Type,,,Number of Pieces,,,Additional Information,,,,,,,,,,,,,,,,,,,,,,,,,,,,,,,,,,,,,,,,,,,,,,,,,,,,,,,,,,,,,,,,,,,,,,,,,,,,,,,,,,,,,,,,,,,,,,,,,,,,,,,,,,,,,,,,,,,,,,,,,,,,,,,,,,,,,,,,,,,,,,,,,,,,,,,,,,
,,,,,,,,,,,543142416,1nx6-16' Carmel Grooved - Trex Transcend Lineage Decking,TREX,-- No Unilog Brand --,-- No DIB Brand --,U S Lumber (3073),"Trex Company, Inc",TREX,,543142416,,Building Materials>Decking>Deck & Porch Railings>Deck Railing Kits,"Trex Company, Inc, Deck Railing Kit, 543142416",DECK RAILING KIT,"Trex Company, Inc 543142416 Deck Railing Kit",,Deck Railing Kit,,,,,,,,,,,,,,,,,,,,,,,,,,,,Series,,,Rail Profile Type,,,Rail Length,,,Rail Width,,,Rail Material,,,Rail Color,,,Balusters/Spindles Design,,,Balusters/Spindles Top Style,,,Balusters/Spindles Diameter,,,Balusters/Spindles Length,,,Balusters/Spindles Material,,,Balusters/Spindles Color,,,Installation Type,,,Number of Pieces,,,Additional Information,,,,,,,,,,,,,,,,,,,,,,,,,,,,,,,,,,,,,,,,,,,,,,,,,,,,,,,,,,,,,,,,,,,,,,,,,,,,,,,,,,,,,,,,,,,,,,,,,,,,,,,,,,,,,,,,,,,,,,,,,,,,,,,,,,,,,,,,,,,,,,,,,,,,,,,,,,
,,,,,,,,,,,543142420,1nx6-20' Carmel Grooved - Trex Transcend Lineage Decking,TREX,-- No Unilog Brand --,-- No DIB Brand --,U S Lumber (3073),"Trex Company, Inc",TREX,,543142420,,Building Materials>Decking>Deck & Porch Railings>Deck Railing Kits,"Trex Company, Inc, Deck Railing Kit, 543142420",DECK RAILING KIT,"Trex Company, Inc 543142420 Deck Railing Kit",,Deck Railing Kit,,,,,,,,,,,,,,,,,,,,,,,,,,,,Series,,,Rail Profile Type,,,Rail Length,,,Rail Width,,,Rail Material,,,Rail Color,,,Balusters/Spindles Design,,,Balusters/Spindles Top Style,,,Balusters/Spindles Diameter,,,Balusters/Spindles Length,,,Balusters/Spindles Material,,,Balusters/Spindles Color,,,Installation Type,,,Number of Pieces,,,Additional Information,,,,,,,,,,,,,,,,,,,,,,,,,,,,,,,,,,,,,,,,,,,,,,,,,,,,,,,,,,,,,,,,,,,,,,,,,,,,,,,,,,,,,,,,,,,,,,,,,,,,,,,,,,,,,,,,,,,,,,,,,,,,,,,,,,,,,,,,,,,,,,,,,,,,,,,,,,
,,,,,,,,,,,543144412,1nx6-12' Island Mist Grooved - Trex Transcend Lineage Decking,TREX,-- No Unilog Brand --,-- No DIB Brand --,U S Lumber (3073),"Trex Company, Inc",TREX,,543144412,,Building Materials>Decking>Deck & Porch Railings>Deck Railing Kits,"Trex Company, Inc, Deck Railing Kit, 543144412",DECK RAILING KIT,"Trex Company, Inc 543144412 Deck Railing Kit",,Deck Railing Kit,,,,,,,,,,,,,,,,,,,,,,,,,,,,Series,,,Rail Profile Type,,,Rail Length,,,Rail Width,,,Rail Material,,,Rail Color,,,Balusters/Spindles Design,,,Balusters/Spindles Top Style,,,Balusters/Spindles Diameter,,,Balusters/Spindles Length,,,Balusters/Spindles Material,,,Balusters/Spindles Color,,,Installation Type,,,Number of Pieces,,,Additional Information,,,,,,,,,,,,,,,,,,,,,,,,,,,,,,,,,,,,,,,,,,,,,,,,,,,,,,,,,,,,,,,,,,,,,,,,,,,,,,,,,,,,,,,,,,,,,,,,,,,,,,,,,,,,,,,,,,,,,,,,,,,,,,,,,,,,,,,,,,,,,,,,,,,,,,,,,,
,,,,,,,,,,,543144416,1nx6-16' Island Mist Grooved - Trex Transcend Lineage Decking,TREX,-- No Unilog Brand --,-- No DIB Brand --,U S Lumber (3073),"Trex Company, Inc",TREX,,543144416,,Building Materials>Decking>Deck & Porch Railings>Deck Railing Kits,"Trex Company, Inc, Deck Railing Kit, 543144416",DECK RAILING KIT,"Trex Company, Inc 543144416 Deck Railing Kit",,Deck Railing Kit,,,,,,,,,,,,,,,,,,,,,,,,,,,,Series,,,Rail Profile Type,,,Rail Length,,,Rail Width,,,Rail Material,,,Rail Color,,,Balusters/Spindles Design,,,Balusters/Spindles Top Style,,,Balusters/Spindles Diameter,,,Balusters/Spindles Length,,,Balusters/Spindles Material,,,Balusters/Spindles Color,,,Installation Type,,,Number of Pieces,,,Additional Information,,,,,,,,,,,,,,,,,,,,,,,,,,,,,,,,,,,,,,,,,,,,,,,,,,,,,,,,,,,,,,,,,,,,,,,,,,,,,,,,,,,,,,,,,,,,,,,,,,,,,,,,,,,,,,,,,,,,,,,,,,,,,,,,,,,,,,,,,,,,,,,,,,,,,,,,,,
,,,,,,,,,,,543144420,1nx6-20' Island Mist Grooved - Trex Transcend Lineage Decking,TREX,-- No Unilog Brand --,-- No DIB Brand --,U S Lumber (3073),"Trex Company, Inc",TREX,,543144420,,Building Materials>Decking>Deck & Porch Railings>Deck Railing Kits,"Trex Company, Inc, Deck Railing Kit, 543144420",DECK RAILING KIT,"Trex Company, Inc 543144420 Deck Railing Kit",,Deck Railing Kit,,,,,,,,,,,,,,,,,,,,,,,,,,,,Series,,,Rail Profile Type,,,Rail Length,,,Rail Width,,,Rail Material,,,Rail Color,,,Balusters/Spindles Design,,,Balusters/Spindles Top Style,,,Balusters/Spindles Diameter,,,Balusters/Spindles Length,,,Balusters/Spindles Material,,,Balusters/Spindles Color,,,Installation Type,,,Number of Pieces,,,Additional Information,,,,,,,,,,,,,,,,,,,,,,,,,,,,,,,,,,,,,,,,,,,,,,,,,,,,,,,,,,,,,,,,,,,,,,,,,,,,,,,,,,,,,,,,,,,,,,,,,,,,,,,,,,,,,,,,,,,,,,,,,,,,,,,,,,,,,,,,,,,,,,,,,,,,,,,,,,
,,,,,,,,,,,543143412,1nx6-12' Jasper Grooved - Trex Transcend Lineage Decking,TREX,-- No Unilog Brand --,-- No DIB Brand --,U S Lumber (3073),"Trex Company, Inc",TREX,,543143412,,Building Materials>Decking>Deck & Porch Railings>Deck Railing Kits,"Trex Company, Inc, Deck Railing Kit, 543143412",DECK RAILING KIT,"Trex Company, Inc 543143412 Deck Railing Kit",,Deck Railing Kit,,,,,,,,,,,,,,,,,,,,,,,,,,,,Series,,,Rail Profile Type,,,Rail Length,,,Rail Width,,,Rail Material,,,Rail Color,,,Balusters/Spindles Design,,,Balusters/Spindles Top Style,,,Balusters/Spindles Diameter,,,Balusters/Spindles Length,,,Balusters/Spindles Material,,,Balusters/Spindles Color,,,Installation Type,,,Number of Pieces,,,Additional Information,,,,,,,,,,,,,,,,,,,,,,,,,,,,,,,,,,,,,,,,,,,,,,,,,,,,,,,,,,,,,,,,,,,,,,,,,,,,,,,,,,,,,,,,,,,,,,,,,,,,,,,,,,,,,,,,,,,,,,,,,,,,,,,,,,,,,,,,,,,,,,,,,,,,,,,,,,
,,,,,,,,,,,543143416,1nx6-16' Jasper Grooved - Trex Transcend Lineage Decking,TREX,-- No Unilog Brand --,-- No DIB Brand --,U S Lumber (3073),"Trex Company, Inc",TREX,,543143416,,Building Materials>Decking>Deck & Porch Railings>Deck Railing Kits,"Trex Company, Inc, Deck Railing Kit, 543143416",DECK RAILING KIT,"Trex Company, Inc 543143416 Deck Railing Kit",,Deck Railing Kit,,,,,,,,,,,,,,,,,,,,,,,,,,,,Series,,,Rail Profile Type,,,Rail Length,,,Rail Width,,,Rail Material,,,Rail Color,,,Balusters/Spindles Design,,,Balusters/Spindles Top Style,,,Balusters/Spindles Diameter,,,Balusters/Spindles Length,,,Balusters/Spindles Material,,,Balusters/Spindles Color,,,Installation Type,,,Number of Pieces,,,Additional Information,,,,,,,,,,,,,,,,,,,,,,,,,,,,,,,,,,,,,,,,,,,,,,,,,,,,,,,,,,,,,,,,,,,,,,,,,,,,,,,,,,,,,,,,,,,,,,,,,,,,,,,,,,,,,,,,,,,,,,,,,,,,,,,,,,,,,,,,,,,,,,,,,,,,,,,,,,
,,,,,,,,,,,543143420,1nx6-20' Jasper Grooved - Trex Transcend Lineage Decking,TREX,-- No Unilog Brand --,-- No DIB Brand --,U S Lumber (3073),"Trex Company, Inc",TREX,,543143420,,Building Materials>Decking>Deck & Porch Railings>Deck Railing Kits,"Trex Company, Inc, Deck Railing Kit, 543143420",DECK RAILING KIT,"Trex Company, Inc 543143420 Deck Railing Kit",,Deck Railing Kit,,,,,,,,,,,,,,,,,,,,,,,,,,,,Series,,,Rail Profile Type,,,Rail Length,,,Rail Width,,,Rail Material,,,Rail Color,,,Balusters/Spindles Design,,,Balusters/Spindles Top Style,,,Balusters/Spindles Diameter,,,Balusters/Spindles Length,,,Balusters/Spindles Material,,,Balusters/Spindles Color,,,Installation Type,,,Number of Pieces,,,Additional Information,,,,,,,,,,,,,,,,,,,,,,,,,,,,,,,,,,,,,,,,,,,,,,,,,,,,,,,,,,,,,,,,,,,,,,,,,,,,,,,,,,,,,,,,,,,,,,,,,,,,,,,,,,,,,,,,,,,,,,,,,,,,,,,,,,,,,,,,,,,,,,,,,,,,,,,,,,
,,,,,,,,,,,543141412,1nx6-12' Rainier Grooved - Trex Transcend Lineage Decking,TREX,-- No Unilog Brand --,-- No DIB Brand --,U S Lumber (3073),"Trex Company, Inc",TREX,,543141412,,Building Materials>Decking>Deck & Porch Railings>Deck Railing Kits,"Trex Company, Inc, Deck Railing Kit, 543141412",DECK RAILING KIT,"Trex Company, Inc 543141412 Deck Railing Kit",,Deck Railing Kit,,,,,,,,,,,,,,,,,,,,,,,,,,,,Series,,,Rail Profile Type,,,Rail Length,,,Rail Width,,,Rail Material,,,Rail Color,,,Balusters/Spindles Design,,,Balusters/Spindles Top Style,,,Balusters/Spindles Diameter,,,Balusters/Spindles Length,,,Balusters/Spindles Material,,,Balusters/Spindles Color,,,Installation Type,,,Number of Pieces,,,Additional Information,,,,,,,,,,,,,,,,,,,,,,,,,,,,,,,,,,,,,,,,,,,,,,,,,,,,,,,,,,,,,,,,,,,,,,,,,,,,,,,,,,,,,,,,,,,,,,,,,,,,,,,,,,,,,,,,,,,,,,,,,,,,,,,,,,,,,,,,,,,,,,,,,,,,,,,,,,
,,,,,,,,,,,543141416,1nx6-16' Rainier Grooved - Trex Transcend Lineage Decking,TREX,-- No Unilog Brand --,-- No DIB Brand --,U S Lumber (3073),"Trex Company, Inc",TREX,,543141416,,Building Materials>Decking>Deck & Porch Railings>Deck Railing Kits,"Trex Company, Inc, Deck Railing Kit, 543141416",DECK RAILING KIT,"Trex Company, Inc 543141416 Deck Railing Kit",,Deck Railing Kit,,,,,,,,,,,,,,,,,,,,,,,,,,,,Series,,,Rail Profile Type,,,Rail Length,,,Rail Width,,,Rail Material,,,Rail Color,,,Balusters/Spindles Design,,,Balusters/Spindles Top Style,,,Balusters/Spindles Diameter,,,Balusters/Spindles Length,,,Balusters/Spindles Material,,,Balusters/Spindles Color,,,Installation Type,,,Number of Pieces,,,Additional Information,,,,,,,,,,,,,,,,,,,,,,,,,,,,,,,,,,,,,,,,,,,,,,,,,,,,,,,,,,,,,,,,,,,,,,,,,,,,,,,,,,,,,,,,,,,,,,,,,,,,,,,,,,,,,,,,,,,,,,,,,,,,,,,,,,,,,,,,,,,,,,,,,,,,,,,,,,
,,,,,,,,,,,543141420,1nx6-20' Rainier Grooved - Trex Transcend Lineage Decking,TREX,-- No Unilog Brand --,-- No DIB Brand --,U S Lumber (3073),"Trex Company, Inc",TREX,,543141420,,Building Materials>Decking>Deck & Porch Railings>Deck Railing Kits,"Trex Company, Inc, Deck Railing Kit, 543141420",DECK RAILING KIT,"Trex Company, Inc 543141420 Deck Railing Kit",,Deck Railing Kit,,,,,,,,,,,,,,,,,,,,,,,,,,,,Series,,,Rail Profile Type,,,Rail Length,,,Rail Width,,,Rail Material,,,Rail Color,,,Balusters/Spindles Design,,,Balusters/Spindles Top Style,,,Balusters/Spindles Diameter,,,Balusters/Spindles Length,,,Balusters/Spindles Material,,,Balusters/Spindles Color,,,Installation Type,,,Number of Pieces,,,Additional Information,,,,,,,,,,,,,,,,,,,,,,,,,,,,,,,,,,,,,,,,,,,,,,,,,,,,,,,,,,,,,,,,,,,,,,,,,,,,,,,,,,,,,,,,,,,,,,,,,,,,,,,,,,,,,,,,,,,,,,,,,,,,,,,,,,,,,,,,,,,,,,,,,,,,,,,,,,
,,,,,,,,,,,1513703,1nx6-16' Hatteras Sq Edge - Trex Transcend Lineage Decking,TREX,-- No Unilog Brand --,-- No DIB Brand --,Boise Cascade Building Materials (BOICA),"Trex Company, Inc",TREX,,1513703,,Safety>Eye Protection>Safety Glasses,"Trex Company, Inc, Safety Glass, 1513703",SAFETY GLASS,"Trex Company, Inc 1513703 Safety Glass",,Safety Glass,,,,,,,,,,,,,,,,,,,,,,,,,,,,Series,,,Gender,,,Size,,,Lens Type,,,Lens Coating,,,Lens Color,,,Lens Material,,,Lens Size,,,Frame Shape,,,Frame Color,,,Frame Material,,,Frame Size,,,Temple Type,,,Temple Color,,,Temple Material,,,UV Protection Rating,,,Bridge Size,,,Additional Information,,,,,,,,,,,,,,,,,,,,,,,,,,,,,,,,,,,,,,,,,,,,,,,,,,,,,,,,,,,,,,,,,,,,,,,,,,,,,,,,,,,,,,,,,,,,,,,,,,,,,,,,,,,,,,,,,,,,,,,,,,,,,,,,,,,,,,,,,,,,,,,,,
,,,,,,,,,,,1513704,1nx6-20' Hatteras Sq Edge - Trex Transcend Lineage Decking,TREX,-- No Unilog Brand --,-- No DIB Brand --,Boise Cascade Building Materials (BOICA),"Trex Company, Inc",TREX,,1513704,,Safety>Eye Protection>Safety Glasses,"Trex Company, Inc, Safety Glass, 1513704",SAFETY GLASS,"Trex Company, Inc 1513704 Safety Glass",,Safety Glass,,,,,,,,,,,,,,,,,,,,,,,,,,,,Series,,,Gender,,,Size,,,Lens Type,,,Lens Coating,,,Lens Color,,,Lens Material,,,Lens Size,,,Frame Shape,,,Frame Color,,,Frame Material,,,Frame Size,,,Temple Type,,,Temple Color,,,Temple Material,,,UV Protection Rating,,,Bridge Size,,,Additional Information,,,,,,,,,,,,,,,,,,,,,,,,,,,,,,,,,,,,,,,,,,,,,,,,,,,,,,,,,,,,,,,,,,,,,,,,,,,,,,,,,,,,,,,,,,,,,,,,,,,,,,,,,,,,,,,,,,,,,,,,,,,,,,,,,,,,,,,,,,,,,,,,,
,,,,,,,,,,,1513705,1nx6-12' Hatteras Grooved - Trex Transcend Lineage Decking,TREX,-- No Unilog Brand --,-- No DIB Brand --,Boise Cascade Building Materials (BOICA),"Trex Company, Inc",TREX,,1513705,,Building Materials>Decking>Deck & Porch Railings>Deck Railing Kits,"Trex Company, Inc, Deck Railing Kit, 1513705",DECK RAILING KIT,"Trex Company, Inc 1513705 Deck Railing Kit",,Deck Railing Kit,,,,,,,,,,,,,,,,,,,,,,,,,,,,Series,,,Rail Profile Type,,,Rail Length,,,Rail Width,,,Rail Material,,,Rail Color,,,Balusters/Spindles Design,,,Balusters/Spindles Top Style,,,Balusters/Spindles Diameter,,,Balusters/Spindles Length,,,Balusters/Spindles Material,,,Balusters/Spindles Color,,,Installation Type,,,Number of Pieces,,,Additional Information,,,,,,,,,,,,,,,,,,,,,,,,,,,,,,,,,,,,,,,,,,,,,,,,,,,,,,,,,,,,,,,,,,,,,,,,,,,,,,,,,,,,,,,,,,,,,,,,,,,,,,,,,,,,,,,,,,,,,,,,,,,,,,,,,,,,,,,,,,,,,,,,,,,,,,,,,,
,,,,,,,,,,,1513706,1nx6-16' Hatteras Grooved - Trex Transcend Lineage Decking,TREX,-- No Unilog Brand --,-- No DIB Brand --,Boise Cascade Building Materials (BOICA),"Trex Company, Inc",TREX,,1513706,,Building Materials>Decking>Deck & Porch Railings>Deck Railing Kits,"Trex Company, Inc, Deck Railing Kit, 1513706",DECK RAILING KIT,"Trex Company, Inc 1513706 Deck Railing Kit",,Deck Railing Kit,,,,,,,,,,,,,,,,,,,,,,,,,,,,Series,,,Rail Profile Type,,,Rail Length,,,Rail Width,,,Rail Material,,,Rail Color,,,Balusters/Spindles Design,,,Balusters/Spindles Top Style,,,Balusters/Spindles Diameter,,,Balusters/Spindles Length,,,Balusters/Spindles Material,,,Balusters/Spindles Color,,,Installation Type,,,Number of Pieces,,,Additional Information,,,,,,,,,,,,,,,,,,,,,,,,,,,,,,,,,,,,,,,,,,,,,,,,,,,,,,,,,,,,,,,,,,,,,,,,,,,,,,,,,,,,,,,,,,,,,,,,,,,,,,,,,,,,,,,,,,,,,,,,,,,,,,,,,,,,,,,,,,,,,,,,,,,,,,,,,,
,,,,,,,,,,,1513707,1nx6-20' Hatteras Grooved - Trex Transcend Lineage Decking,TREX,-- No Unilog Brand --,-- No DIB Brand --,Boise Cascade Building Materials (BOICA),"Trex Company, Inc",TREX,,1513707,,Building Materials>Decking>Deck & Porch Railings>Deck Railing Kits,"Trex Company, Inc, Deck Railing Kit, 1513707",DECK RAILING KIT,"Trex Company, Inc 1513707 Deck Railing Kit",,Deck Railing Kit,,,,,,,,,,,,,,,,,,,,,,,,,,,,Series,,,Rail Profile Type,,,Rail Length,,,Rail Width,,,Rail Material,,,Rail Color,,,Balusters/Spindles Design,,,Balusters/Spindles Top Style,,,Balusters/Spindles Diameter,,,Balusters/Spindles Length,,,Balusters/Spindles Material,,,Balusters/Spindles Color,,,Installation Type,,,Number of Pieces,,,Additional Information,,,,,,,,,,,,,,,,,,,,,,,,,,,,,,,,,,,,,,,,,,,,,,,,,,,,,,,,,,,,,,,,,,,,,,,,,,,,,,,,,,,,,,,,,,,,,,,,,,,,,,,,,,,,,,,,,,,,,,,,,,,,,,,,,,,,,,,,,,,,,,,,,,,,,,,,,,
,,,,,,,,,,,1513708,1nx6-16' Salt Flat Sq Edge - Trex Transcend Lineage Decking,TREX,-- No Unilog Brand --,-- No DIB Brand --,Boise Cascade Building Materials (BOICA),"Trex Company, Inc",TREX,,1513708,,Electrical>Lamps & Lightings>Indoor Lighting>Panel & Troffer Light Fixtures,"Trex Company, Inc, Panel & Troffer Light Fixture, 1513708",PANEL & TROFFER LIGHT FIXTURE,"Trex Company, Inc 1513708 Panel & Troffer Light Fixture",,Panel & Troffer Light Fixture,,,,,,,,,,,,,,,,,,,,,,,,,,,,Collection,,,Fixture Wattage,,,Voltage Rating,,,Amperage Rating,,,Frequency Rating,,,Fixture Style,,,Fixture Shape,,,Bulb Type,,,Bulb Wattage,,,Bulb Base,,,Number of Bulbs,,,Lumens,,,Color Temperature,,,Color Rendering Index (CRI),,,Beam Type,,,Beam Angle,,,Average Life,,,Dimmable/Non-Dimmable,,,Lens Type,,,Lens Material,,,Fixture Material,,,Fixture Finish,,,Mounting Type,,,Enclosure Type,,,Dimensions,,,Bulb Included,,,Additional Information,,,,,,,,,,,,,,,,,,,,,,,,,,,,,,,,,,,,,,,,,,,,,,,,,,,,,,,,,,,,,,,,,,,,,,,,,,,,,,,,,,,,,,,,,,,,,,,,,,,,,,,,,,,,,,,,,,,,,,
,,,,,,,,,,,1513709,1nx6-20' Salt Flat Sq Edge - Trex Transcend Lineage Decking,TREX,-- No Unilog Brand --,-- No DIB Brand --,Boise Cascade Building Materials (BOICA),"Trex Company, Inc",TREX,,1513709,,Electrical>Lamps & Lightings>Indoor Lighting>Panel & Troffer Light Fixtures,"Trex Company, Inc, Panel & Troffer Light Fixture, 1513709",PANEL & TROFFER LIGHT FIXTURE,"Trex Company, Inc 1513709 Panel & Troffer Light Fixture",,Panel & Troffer Light Fixture,,,,,,,,,,,,,,,,,,,,,,,,,,,,Collection,,,Fixture Wattage,,,Voltage Rating,,,Amperage Rating,,,Frequency Rating,,,Fixture Style,,,Fixture Shape,,,Bulb Type,,,Bulb Wattage,,,Bulb Base,,,Number of Bulbs,,,Lumens,,,Color Temperature,,,Color Rendering Index (CRI),,,Beam Type,,,Beam Angle,,,Average Life,,,Dimmable/Non-Dimmable,,,Lens Type,,,Lens Material,,,Fixture Material,,,Fixture Finish,,,Mounting Type,,,Enclosure Type,,,Dimensions,,,Bulb Included,,,Additional Information,,,,,,,,,,,,,,,,,,,,,,,,,,,,,,,,,,,,,,,,,,,,,,,,,,,,,,,,,,,,,,,,,,,,,,,,,,,,,,,,,,,,,,,,,,,,,,,,,,,,,,,,,,,,,,,,,,,,,,
,,,,,,,,,,,1513710,1nx6-12' Salt Flat Grooved - Trex Transcend Lineage Decking,TREX,-- No Unilog Brand --,-- No DIB Brand --,Boise Cascade Building Materials (BOICA),"Trex Company, Inc",TREX,,1513710,,Electrical>Lamps & Lightings>Indoor Lighting>Panel & Troffer Light Fixtures,"Trex Company, Inc, Panel & Troffer Light Fixture, 1513710",PANEL & TROFFER LIGHT FIXTURE,"Trex Company, Inc 1513710 Panel & Troffer Light Fixture",,Panel & Troffer Light Fixture,,,,,,,,,,,,,,,,,,,,,,,,,,,,Collection,,,Fixture Wattage,,,Voltage Rating,,,Amperage Rating,,,Frequency Rating,,,Fixture Style,,,Fixture Shape,,,Bulb Type,,,Bulb Wattage,,,Bulb Base,,,Number of Bulbs,,,Lumens,,,Color Temperature,,,Color Rendering Index (CRI),,,Beam Type,,,Beam Angle,,,Average Life,,,Dimmable/Non-Dimmable,,,Lens Type,,,Lens Material,,,Fixture Material,,,Fixture Finish,,,Mounting Type,,,Enclosure Type,,,Dimensions,,,Bulb Included,,,Additional Information,,,,,,,,,,,,,,,,,,,,,,,,,,,,,,,,,,,,,,,,,,,,,,,,,,,,,,,,,,,,,,,,,,,,,,,,,,,,,,,,,,,,,,,,,,,,,,,,,,,,,,,,,,,,,,,,,,,,,,
,,,,,,,,,,,1513711,1nx6-16' Salt Flat Grooved - Trex Transcend Lineage Decking,TREX,-- No Unilog Brand --,-- No DIB Brand --,Boise Cascade Building Materials (BOICA),"Trex Company, Inc",TREX,,1513711,,Electrical>Lamps & Lightings>Indoor Lighting>Panel & Troffer Light Fixtures,"Trex Company, Inc, Panel & Troffer Light Fixture, 1513711",PANEL & TROFFER LIGHT FIXTURE,"Trex Company, Inc 1513711 Panel & Troffer Light Fixture",,Panel & Troffer Light Fixture,,,,,,,,,,,,,,,,,,,,,,,,,,,,Collection,,,Fixture Wattage,,,Voltage Rating,,,Amperage Rating,,,Frequency Rating,,,Fixture Style,,,Fixture Shape,,,Bulb Type,,,Bulb Wattage,,,Bulb Base,,,Number of Bulbs,,,Lumens,,,Color Temperature,,,Color Rendering Index (CRI),,,Beam Type,,,Beam Angle,,,Average Life,,,Dimmable/Non-Dimmable,,,Lens Type,,,Lens Material,,,Fixture Material,,,Fixture Finish,,,Mounting Type,,,Enclosure Type,,,Dimensions,,,Bulb Included,,,Additional Information,,,,,,,,,,,,,,,,,,,,,,,,,,,,,,,,,,,,,,,,,,,,,,,,,,,,,,,,,,,,,,,,,,,,,,,,,,,,,,,,,,,,,,,,,,,,,,,,,,,,,,,,,,,,,,,,,,,,,,
,,,,,,,,,,,1513712,1nx6-20' Salt Flat Grooved - Trex Transcend Lineage Decking,TREX,-- No Unilog Brand --,-- No DIB Brand --,Boise Cascade Building Materials (BOICA),"Trex Company, Inc",TREX,,1513712,,Electrical>Lamps & Lightings>Indoor Lighting>Panel & Troffer Light Fixtures,"Trex Company, Inc, Panel & Troffer Light Fixture, 1513712",PANEL & TROFFER LIGHT FIXTURE,"Trex Company, Inc 1513712 Panel & Troffer Light Fixture",,Panel & Troffer Light Fixture,,,,,,,,,,,,,,,,,,,,,,,,,,,,Collection,,,Fixture Wattage,,,Voltage Rating,,,Amperage Rating,,,Frequency Rating,,,Fixture Style,,,Fixture Shape,,,Bulb Type,,,Bulb Wattage,,,Bulb Base,,,Number of Bulbs,,,Lumens,,,Color Temperature,,,Color Rendering Index (CRI),,,Beam Type,,,Beam Angle,,,Average Life,,,Dimmable/Non-Dimmable,,,Lens Type,,,Lens Material,,,Fixture Material,,,Fixture Finish,,,Mounting Type,,,Enclosure Type,,,Dimensions,,,Bulb Included,,,Additional Information,,,,,,,,,,,,,,,,,,,,,,,,,,,,,,,,,,,,,,,,,,,,,,,,,,,,,,,,,,,,,,,,,,,,,,,,,,,,,,,,,,,,,,,,,,,,,,,,,,,,,,,,,,,,,,,,,,,,,,
,,,,,,,,,,,1513717,1nx6-16' Honey Grove Sq Edge - Trex Enhance Naturals Decking,TREX,-- No Unilog Brand --,-- No DIB Brand --,Boise Cascade Building Materials (BOICA),"Trex Company, Inc",TREX,,1513717,,Safety>Eye Protection>Safety Glasses,"Trex Company, Inc, Safety Glass, 1513717",SAFETY GLASS,"Trex Company, Inc 1513717 Safety Glass",,Safety Glass,,,,,,,,,,,,,,,,,,,,,,,,,,,,Series,,,Gender,,,Size,,,Lens Type,,,Lens Coating,,,Lens Color,,,Lens Material,,,Lens Size,,,Frame Shape,,,Frame Color,,,Frame Material,,,Frame Size,,,Temple Type,,,Temple Color,,,Temple Material,,,UV Protection Rating,,,Bridge Size,,,Additional Information,,,,,,,,,,,,,,,,,,,,,,,,,,,,,,,,,,,,,,,,,,,,,,,,,,,,,,,,,,,,,,,,,,,,,,,,,,,,,,,,,,,,,,,,,,,,,,,,,,,,,,,,,,,,,,,,,,,,,,,,,,,,,,,,,,,,,,,,,,,,,,,,,
,,,,,,,,,,,1513718,1nx6-20' Honey Grove Sq Edge - Trex Enhance Naturals Decking,TREX,-- No Unilog Brand --,-- No DIB Brand --,Boise Cascade Building Materials (BOICA),"Trex Company, Inc",TREX,,1513718,,Safety>Eye Protection>Safety Glasses,"Trex Company, Inc, Safety Glass, 1513718",SAFETY GLASS,"Trex Company, Inc 1513718 Safety Glass",,Safety Glass,,,,,,,,,,,,,,,,,,,,,,,,,,,,Series,,,Gender,,,Size,,,Lens Type,,,Lens Coating,,,Lens Color,,,Lens Material,,,Lens Size,,,Frame Shape,,,Frame Color,,,Frame Material,,,Frame Size,,,Temple Type,,,Temple Color,,,Temple Material,,,UV Protection Rating,,,Bridge Size,,,Additional Information,,,,,,,,,,,,,,,,,,,,,,,,,,,,,,,,,,,,,,,,,,,,,,,,,,,,,,,,,,,,,,,,,,,,,,,,,,,,,,,,,,,,,,,,,,,,,,,,,,,,,,,,,,,,,,,,,,,,,,,,,,,,,,,,,,,,,,,,,,,,,,,,,
,,,,,,,,,,,1513719,1nx6-12' Honey Grove Grooved - Trex Enhance Naturals Decking,TREX,-- No Unilog Brand --,-- No DIB Brand --,Boise Cascade Building Materials (BOICA),"Trex Company, Inc",TREX,,1513719,,Building Materials>Decking>Deck & Porch Railings>Deck Railing Kits,"Trex Company, Inc, Deck Railing Kit, 1513719",DECK RAILING KIT,"Trex Company, Inc 1513719 Deck Railing Kit",,Deck Railing Kit,,,,,,,,,,,,,,,,,,,,,,,,,,,,Series,,,Rail Profile Type,,,Rail Length,,,Rail Width,,,Rail Material,,,Rail Color,,,Balusters/Spindles Design,,,Balusters/Spindles Top Style,,,Balusters/Spindles Diameter,,,Balusters/Spindles Length,,,Balusters/Spindles Material,,,Balusters/Spindles Color,,,Installation Type,,,Number of Pieces,,,Additional Information,,,,,,,,,,,,,,,,,,,,,,,,,,,,,,,,,,,,,,,,,,,,,,,,,,,,,,,,,,,,,,,,,,,,,,,,,,,,,,,,,,,,,,,,,,,,,,,,,,,,,,,,,,,,,,,,,,,,,,,,,,,,,,,,,,,,,,,,,,,,,,,,,,,,,,,,,,
,,,,,,,,,,,1513720,1nx6-16' Honey Grove Grooved - Trex Enhance Naturals Decking,TREX,-- No Unilog Brand --,-- No DIB Brand --,Boise Cascade Building Materials (BOICA),"Trex Company, Inc",TREX,,1513720,,Building Materials>Decking>Deck & Porch Railings>Deck Railing Kits,"Trex Company, Inc, Deck Railing Kit, 1513720",DECK RAILING KIT,"Trex Company, Inc 1513720 Deck Railing Kit",,Deck Railing Kit,,,,,,,,,,,,,,,,,,,,,,,,,,,,Series,,,Rail Profile Type,,,Rail Length,,,Rail Width,,,Rail Material,,,Rail Color,,,Balusters/Spindles Design,,,Balusters/Spindles Top Style,,,Balusters/Spindles Diameter,,,Balusters/Spindles Length,,,Balusters/Spindles Material,,,Balusters/Spindles Color,,,Installation Type,,,Number of Pieces,,,Additional Information,,,,,,,,,,,,,,,,,,,,,,,,,,,,,,,,,,,,,,,,,,,,,,,,,,,,,,,,,,,,,,,,,,,,,,,,,,,,,,,,,,,,,,,,,,,,,,,,,,,,,,,,,,,,,,,,,,,,,,,,,,,,,,,,,,,,,,,,,,,,,,,,,,,,,,,,,,
,,,,,,,,,,,1513721,1nx6-20' Honey Grove Grooved - Trex Enhance Naturals Decking,TREX,-- No Unilog Brand --,-- No DIB Brand --,Boise Cascade Building Materials (BOICA),"Trex Company, Inc",TREX,,1513721,,Building Materials>Decking>Deck & Porch Railings>Deck Railing Kits,"Trex Company, Inc, Deck Railing Kit, 1513721",DECK RAILING KIT,"Trex Company, Inc 1513721 Deck Railing Kit",,Deck Railing Kit,,,,,,,,,,,,,,,,,,,,,,,,,,,,Series,,,Rail Profile Type,,,Rail Length,,,Rail Width,,,Rail Material,,,Rail Color,,,Balusters/Spindles Design,,,Balusters/Spindles Top Style,,,Balusters/Spindles Diameter,,,Balusters/Spindles Length,,,Balusters/Spindles Material,,,Balusters/Spindles Color,,,Installation Type,,,Number of Pieces,,,Additional Information,,,,,,,,,,,,,,,,,,,,,,,,,,,,,,,,,,,,,,,,,,,,,,,,,,,,,,,,,,,,,,,,,,,,,,,,,,,,,,,,,,,,,,,,,,,,,,,,,,,,,,,,,,,,,,,,,,,,,,,,,,,,,,,,,,,,,,,,,,,,,,,,,,,,,,,,,,
,,,,,,,,,,,1513724,1nx6-16' Tide Pool Sq Edge - Trex Enhance Basics Decking,TREX,-- No Unilog Brand --,-- No DIB Brand --,Boise Cascade Building Materials (BOICA),"Trex Company, Inc",TREX,,1513724,,Safety>Eye Protection>Safety Glasses,"Trex Company, Inc, Safety Glass, 1513724",SAFETY GLASS,"Trex Company, Inc 1513724 Safety Glass",,Safety Glass,,,,,,,,,,,,,,,,,,,,,,,,,,,,Series,,,Gender,,,Size,,,Lens Type,,,Lens Coating,,,Lens Color,,,Lens Material,,,Lens Size,,,Frame Shape,,,Frame Color,,,Frame Material,,,Frame Size,,,Temple Type,,,Temple Color,,,Temple Material,,,UV Protection Rating,,,Bridge Size,,,Additional Information,,,,,,,,,,,,,,,,,,,,,,,,,,,,,,,,,,,,,,,,,,,,,,,,,,,,,,,,,,,,,,,,,,,,,,,,,,,,,,,,,,,,,,,,,,,,,,,,,,,,,,,,,,,,,,,,,,,,,,,,,,,,,,,,,,,,,,,,,,,,,,,,,
,,,,,,,,,,,1513725,1nx6-20' Tide Pool Sq Edge - Trex Enhance Basics Decking,TREX,-- No Unilog Brand --,-- No DIB Brand --,Boise Cascade Building Materials (BOICA),"Trex Company, Inc",TREX,,1513725,,Safety>Eye Protection>Safety Glasses,"Trex Company, Inc, Safety Glass, 1513725",SAFETY GLASS,"Trex Company, Inc 1513725 Safety Glass",,Safety Glass,,,,,,,,,,,,,,,,,,,,,,,,,,,,Series,,,Gender,,,Size,,,Lens Type,,,Lens Coating,,,Lens Color,,,Lens Material,,,Lens Size,,,Frame Shape,,,Frame Color,,,Frame Material,,,Frame Size,,,Temple Type,,,Temple Color,,,Temple Material,,,UV Protection Rating,,,Bridge Size,,,Additional Information,,,,,,,,,,,,,,,,,,,,,,,,,,,,,,,,,,,,,,,,,,,,,,,,,,,,,,,,,,,,,,,,,,,,,,,,,,,,,,,,,,,,,,,,,,,,,,,,,,,,,,,,,,,,,,,,,,,,,,,,,,,,,,,,,,,,,,,,,,,,,,,,,
,,,,,,,,,,,1513726,1nx6-12' Tide Pool Grooved - Trex Enhance Basics Decking,TREX,-- No Unilog Brand --,-- No DIB Brand --,Boise Cascade Building Materials (BOICA),"Trex Company, Inc",TREX,,1513726,,Building Materials>Decking>Deck & Porch Railings>Deck Railing Kits,"Trex Company, Inc, Deck Railing Kit, 1513726",DECK RAILING KIT,"Trex Company, Inc 1513726 Deck Railing Kit",,Deck Railing Kit,,,,,,,,,,,,,,,,,,,,,,,,,,,,Series,,,Rail Profile Type,,,Rail Length,,,Rail Width,,,Rail Material,,,Rail Color,,,Balusters/Spindles Design,,,Balusters/Spindles Top Style,,,Balusters/Spindles Diameter,,,Balusters/Spindles Length,,,Balusters/Spindles Material,,,Balusters/Spindles Color,,,Installation Type,,,Number of Pieces,,,Additional Information,,,,,,,,,,,,,,,,,,,,,,,,,,,,,,,,,,,,,,,,,,,,,,,,,,,,,,,,,,,,,,,,,,,,,,,,,,,,,,,,,,,,,,,,,,,,,,,,,,,,,,,,,,,,,,,,,,,,,,,,,,,,,,,,,,,,,,,,,,,,,,,,,,,,,,,,,,
,,,,,,,,,,,1513727,1nx6-16' Tide Pool Grooved - Trex Enhance Basics Decking,TREX,-- No Unilog Brand --,-- No DIB Brand --,Boise Cascade Building Materials (BOICA),"Trex Company, Inc",TREX,,1513727,,Building Materials>Decking>Deck & Porch Railings>Deck Railing Kits,"Trex Company, Inc, Deck Railing Kit, 1513727",DECK RAILING KIT,"Trex Company, Inc 1513727 Deck Railing Kit",,Deck Railing Kit,,,,,,,,,,,,,,,,,,,,,,,,,,,,Series,,,Rail Profile Type,,,Rail Length,,,Rail Width,,,Rail Material,,,Rail Color,,,Balusters/Spindles Design,,,Balusters/Spindles Top Style,,,Balusters/Spindles Diameter,,,Balusters/Spindles Length,,,Balusters/Spindles Material,,,Balusters/Spindles Color,,,Installation Type,,,Number of Pieces,,,Additional Information,,,,,,,,,,,,,,,,,,,,,,,,,,,,,,,,,,,,,,,,,,,,,,,,,,,,,,,,,,,,,,,,,,,,,,,,,,,,,,,,,,,,,,,,,,,,,,,,,,,,,,,,,,,,,,,,,,,,,,,,,,,,,,,,,,,,,,,,,,,,,,,,,,,,,,,,,,
,,,,,,,,,,,1513728,1nx6-20' Tide Pool Grooved - Trex Enhance Basics Decking,TREX,-- No Unilog Brand --,-- No DIB Brand --,Boise Cascade Building Materials (BOICA),"Trex Company, Inc",TREX,,1513728,,Building Materials>Decking>Deck & Porch Railings>Deck Railing Kits,"Trex Company, Inc, Deck Railing Kit, 1513728",DECK RAILING KIT,"Trex Company, Inc 1513728 Deck Railing Kit",,Deck Railing Kit,,,,,,,,,,,,,,,,,,,,,,,,,,,,Series,,,Rail Profile Type,,,Rail Length,,,Rail Width,,,Rail Material,,,Rail Color,,,Balusters/Spindles Design,,,Balusters/Spindles Top Style,,,Balusters/Spindles Diameter,,,Balusters/Spindles Length,,,Balusters/Spindles Material,,,Balusters/Spindles Color,,,Installation Type,,,Number of Pieces,,,Additional Information,,,,,,,,,,,,,,,,,,,,,,,,,,,,,,,,,,,,,,,,,,,,,,,,,,,,,,,,,,,,,,,,,,,,,,,,,,,,,,,,,,,,,,,,,,,,,,,,,,,,,,,,,,,,,,,,,,,,,,,,,,,,,,,,,,,,,,,,,,,,,,,,,,,,,,,,,,
,,,,,,,,,,,543076016,1nx6-16' Cinnamon Cove Sq Edge - Trex Enhance Naturals Decking,TREX,-- No Unilog Brand --,-- No DIB Brand --,Boise Cascade Building Materials (BOICA),"Trex Company, Inc",TREX,,543076016,,Safety>Eye Protection>Safety Glasses,"Trex Company, Inc, Safety Glass, 543076016",SAFETY GLASS,"Trex Company, Inc 543076016 Safety Glass",,Safety Glass,,,,,,,,,,,,,,,,,,,,,,,,,,,,Series,,,Gender,,,Size,,,Lens Type,,,Lens Coating,,,Lens Color,,,Lens Material,,,Lens Size,,,Frame Shape,,,Frame Color,,,Frame Material,,,Frame Size,,,Temple Type,,,Temple Color,,,Temple Material,,,UV Protection Rating,,,Bridge Size,,,Additional Information,,,,,,,,,,,,,,,,,,,,,,,,,,,,,,,,,,,,,,,,,,,,,,,,,,,,,,,,,,,,,,,,,,,,,,,,,,,,,,,,,,,,,,,,,,,,,,,,,,,,,,,,,,,,,,,,,,,,,,,,,,,,,,,,,,,,,,,,,,,,,,,,,
,,,,,,,,,,,543076020,1nx6-20' Cinnamon Cove Sq Edge - Trex Enhance Naturals Decking,TREX,-- No Unilog Brand --,-- No DIB Brand --,Boise Cascade Building Materials (BOICA),"Trex Company, Inc",TREX,,543076020,,Safety>Eye Protection>Safety Glasses,"Trex Company, Inc, Safety Glass, 543076020",SAFETY GLASS,"Trex Company, Inc 543076020 Safety Glass",,Safety Glass,,,,,,,,,,,,,,,,,,,,,,,,,,,,Series,,,Gender,,,Size,,,Lens Type,,,Lens Coating,,,Lens Color,,,Lens Material,,,Lens Size,,,Frame Shape,,,Frame Color,,,Frame Material,,,Frame Size,,,Temple Type,,,Temple Color,,,Temple Material,,,UV Protection Rating,,,Bridge Size,,,Additional Information,,,,,,,,,,,,,,,,,,,,,,,,,,,,,,,,,,,,,,,,,,,,,,,,,,,,,,,,,,,,,,,,,,,,,,,,,,,,,,,,,,,,,,,,,,,,,,,,,,,,,,,,,,,,,,,,,,,,,,,,,,,,,,,,,,,,,,,,,,,,,,,,,
,,,,,,,,,,,543076412,1nx6-12' Cinnamon Cove Grooved - Trex Enhance Naturals Decking,TREX,-- No Unilog Brand --,-- No DIB Brand --,Boise Cascade Building Materials (BOICA),"Trex Company, Inc",TREX,,543076412,,Building Materials>Decking>Deck & Porch Railings>Deck Railing Kits,"Trex Company, Inc, Deck Railing Kit, 543076412",DECK RAILING KIT,"Trex Company, Inc 543076412 Deck Railing Kit",,Deck Railing Kit,,,,,,,,,,,,,,,,,,,,,,,,,,,,Series,,,Rail Profile Type,,,Rail Length,,,Rail Width,,,Rail Material,,,Rail Color,,,Balusters/Spindles Design,,,Balusters/Spindles Top Style,,,Balusters/Spindles Diameter,,,Balusters/Spindles Length,,,Balusters/Spindles Material,,,Balusters/Spindles Color,,,Installation Type,,,Number of Pieces,,,Additional Information,,,,,,,,,,,,,,,,,,,,,,,,,,,,,,,,,,,,,,,,,,,,,,,,,,,,,,,,,,,,,,,,,,,,,,,,,,,,,,,,,,,,,,,,,,,,,,,,,,,,,,,,,,,,,,,,,,,,,,,,,,,,,,,,,,,,,,,,,,,,,,,,,,,,,,,,,,
,,,,,,,,,,,543076416,1nx6-16' Cinnamon Cove Grooved - Trex Enhance Naturals Decking,TREX,-- No Unilog Brand --,-- No DIB Brand --,Boise Cascade Building Materials (BOICA),"Trex Company, Inc",TREX,,543076416,,Building Materials>Decking>Deck & Porch Railings>Deck Railing Kits,"Trex Company, Inc, Deck Railing Kit, 543076416",DECK RAILING KIT,"Trex Company, Inc 543076416 Deck Railing Kit",,Deck Railing Kit,,,,,,,,,,,,,,,,,,,,,,,,,,,,Series,,,Rail Profile Type,,,Rail Length,,,Rail Width,,,Rail Material,,,Rail Color,,,Balusters/Spindles Design,,,Balusters/Spindles Top Style,,,Balusters/Spindles Diameter,,,Balusters/Spindles Length,,,Balusters/Spindles Material,,,Balusters/Spindles Color,,,Installation Type,,,Number of Pieces,,,Additional Information,,,,,,,,,,,,,,,,,,,,,,,,,,,,,,,,,,,,,,,,,,,,,,,,,,,,,,,,,,,,,,,,,,,,,,,,,,,,,,,,,,,,,,,,,,,,,,,,,,,,,,,,,,,,,,,,,,,,,,,,,,,,,,,,,,,,,,,,,,,,,,,,,,,,,,,,,,
,,,,,,,,,,,543076420,1nx6-20' Cinnamon Cove Grooved - Trex Enhance Naturals Decking,TREX,-- No Unilog Brand --,-- No DIB Brand --,Boise Cascade Building Materials (BOICA),"Trex Company, Inc",TREX,,543076420,,Building Materials>Decking>Deck & Porch Railings>Deck Railing Kits,"Trex Company, Inc, Deck Railing Kit, 543076420",DECK RAILING KIT,"Trex Company, Inc 543076420 Deck Railing Kit",,Deck Railing Kit,,,,,,,,,,,,,,,,,,,,,,,,,,,,Series,,,Rail Profile Type,,,Rail Length,,,Rail Width,,,Rail Material,,,Rail Color,,,Balusters/Spindles Design,,,Balusters/Spindles Top Style,,,Balusters/Spindles Diameter,,,Balusters/Spindles Length,,,Balusters/Spindles Material,,,Balusters/Spindles Color,,,Installation Type,,,Number of Pieces,,,Additional Information,,,,,,,,,,,,,,,,,,,,,,,,,,,,,,,,,,,,,,,,,,,,,,,,,,,,,,,,,,,,,,,,,,,,,,,,,,,,,,,,,,,,,,,,,,,,,,,,,,,,,,,,,,,,,,,,,,,,,,,,,,,,,,,,,,,,,,,,,,,,,,,,,,,,,,,,,,
,,,,,,,,,,,1516870,1nx6-16' Golden Hour Sq Edge - Trex Enhance Naturals Decking,TREX,-- No Unilog Brand --,-- No DIB Brand --,Boise Cascade Building Materials (BOICA),"Trex Company, Inc",TREX,,1516870,,Safety>Eye Protection>Safety Glasses,"Trex Company, Inc, Safety Glass, 1516870",SAFETY GLASS,"Trex Company, Inc 1516870 Safety Glass",,Safety Glass,,,,,,,,,,,,,,,,,,,,,,,,,,,,Series,,,Gender,,,Size,,,Lens Type,,,Lens Coating,,,Lens Color,,,Lens Material,,,Lens Size,,,Frame Shape,,,Frame Color,,,Frame Material,,,Frame Size,,,Temple Type,,,Temple Color,,,Temple Material,,,UV Protection Rating,,,Bridge Size,,,Additional Information,,,,,,,,,,,,,,,,,,,,,,,,,,,,,,,,,,,,,,,,,,,,,,,,,,,,,,,,,,,,,,,,,,,,,,,,,,,,,,,,,,,,,,,,,,,,,,,,,,,,,,,,,,,,,,,,,,,,,,,,,,,,,,,,,,,,,,,,,,,,,,,,,
,,,,,,,,,,,1516871,1nx6-20' Golden Hour Sq Edge - Trex Enhance Naturals Decking,TREX,-- No Unilog Brand --,-- No DIB Brand --,Boise Cascade Building Materials (BOICA),"Trex Company, Inc",TREX,,1516871,,Safety>Eye Protection>Safety Glasses,"Trex Company, Inc, Safety Glass, 1516871",SAFETY GLASS,"Trex Company, Inc 1516871 Safety Glass",,Safety Glass,,,,,,,,,,,,,,,,,,,,,,,,,,,,Series,,,Gender,,,Size,,,Lens Type,,,Lens Coating,,,Lens Color,,,Lens Material,,,Lens Size,,,Frame Shape,,,Frame Color,,,Frame Material,,,Frame Size,,,Temple Type,,,Temple Color,,,Temple Material,,,UV Protection Rating,,,Bridge Size,,,Additional Information,,,,,,,,,,,,,,,,,,,,,,,,,,,,,,,,,,,,,,,,,,,,,,,,,,,,,,,,,,,,,,,,,,,,,,,,,,,,,,,,,,,,,,,,,,,,,,,,,,,,,,,,,,,,,,,,,,,,,,,,,,,,,,,,,,,,,,,,,,,,,,,,,
,,,,,,,,,,,1516872,1nx6-12' Golden Hour Grooved - Trex Enhance Naturals Decking,TREX,-- No Unilog Brand --,-- No DIB Brand --,Boise Cascade Building Materials (BOICA),"Trex Company, Inc",TREX,,1516872,,Building Materials>Decking>Deck & Porch Railings>Deck Railing Kits,"Trex Company, Inc, Deck Railing Kit, 1516872",DECK RAILING KIT,"Trex Company, Inc 1516872 Deck Railing Kit",,Deck Railing Kit,,,,,,,,,,,,,,,,,,,,,,,,,,,,Series,,,Rail Profile Type,,,Rail Length,,,Rail Width,,,Rail Material,,,Rail Color,,,Balusters/Spindles Design,,,Balusters/Spindles Top Style,,,Balusters/Spindles Diameter,,,Balusters/Spindles Length,,,Balusters/Spindles Material,,,Balusters/Spindles Color,,,Installation Type,,,Number of Pieces,,,Additional Information,,,,,,,,,,,,,,,,,,,,,,,,,,,,,,,,,,,,,,,,,,,,,,,,,,,,,,,,,,,,,,,,,,,,,,,,,,,,,,,,,,,,,,,,,,,,,,,,,,,,,,,,,,,,,,,,,,,,,,,,,,,,,,,,,,,,,,,,,,,,,,,,,,,,,,,,,,
,,,,,,,,,,,1516873,1nx6-16' Golden Hour Grooved - Trex Enhance Naturals Decking,TREX,-- No Unilog Brand --,-- No DIB Brand --,Boise Cascade Building Materials (BOICA),"Trex Company, Inc",TREX,,1516873,,Building Materials>Decking>Deck & Porch Railings>Deck Railing Kits,"Trex Company, Inc, Deck Railing Kit, 1516873",DECK RAILING KIT,"Trex Company, Inc 1516873 Deck Railing Kit",,Deck Railing Kit,,,,,,,,,,,,,,,,,,,,,,,,,,,,Series,,,Rail Profile Type,,,Rail Length,,,Rail Width,,,Rail Material,,,Rail Color,,,Balusters/Spindles Design,,,Balusters/Spindles Top Style,,,Balusters/Spindles Diameter,,,Balusters/Spindles Length,,,Balusters/Spindles Material,,,Balusters/Spindles Color,,,Installation Type,,,Number of Pieces,,,Additional Information,,,,,,,,,,,,,,,,,,,,,,,,,,,,,,,,,,,,,,,,,,,,,,,,,,,,,,,,,,,,,,,,,,,,,,,,,,,,,,,,,,,,,,,,,,,,,,,,,,,,,,,,,,,,,,,,,,,,,,,,,,,,,,,,,,,,,,,,,,,,,,,,,,,,,,,,,,
,,,,,,,,,,,1516874,1nx6-20' Golden Hour Grooved - Trex Enhance Naturals Decking,TREX,-- No Unilog Brand --,-- No DIB Brand --,Boise Cascade Building Materials (BOICA),"Trex Company, Inc",TREX,,1516874,,Building Materials>Decking>Deck & Porch Railings>Deck Railing Kits,"Trex Company, Inc, Deck Railing Kit, 1516874",DECK RAILING KIT,"Trex Company, Inc 1516874 Deck Railing Kit",,Deck Railing Kit,,,,,,,,,,,,,,,,,,,,,,,,,,,,Series,,,Rail Profile Type,,,Rail Length,,,Rail Width,,,Rail Material,,,Rail Color,,,Balusters/Spindles Design,,,Balusters/Spindles Top Style,,,Balusters/Spindles Diameter,,,Balusters/Spindles Length,,,Balusters/Spindles Material,,,Balusters/Spindles Color,,,Installation Type,,,Number of Pieces,,,Additional Information,,,,,,,,,,,,,,,,,,,,,,,,,,,,,,,,,,,,,,,,,,,,,,,,,,,,,,,,,,,,,,,,,,,,,,,,,,,,,,,,,,,,,,,,,,,,,,,,,,,,,,,,,,,,,,,,,,,,,,,,,,,,,,,,,,,,,,,,,,,,,,,,,,,,,,,,,,
,,,,,,,,,,,1516879,1nx6-16' Pebble Beach Sq Edge - Trex Enhance Basics Decking,TREX,-- No Unilog Brand --,-- No DIB Brand --,Boise Cascade Building Materials (BOICA),"Trex Company, Inc",TREX,,1516879,,Safety>Eye Protection>Safety Glasses,"Trex Company, Inc, Safety Glass, 1516879",SAFETY GLASS,"Trex Company, Inc 1516879 Safety Glass",,Safety Glass,,,,,,,,,,,,,,,,,,,,,,,,,,,,Series,,,Gender,,,Size,,,Lens Type,,,Lens Coating,,,Lens Color,,,Lens Material,,,Lens Size,,,Frame Shape,,,Frame Color,,,Frame Material,,,Frame Size,,,Temple Type,,,Temple Color,,,Temple Material,,,UV Protection Rating,,,Bridge Size,,,Additional Information,,,,,,,,,,,,,,,,,,,,,,,,,,,,,,,,,,,,,,,,,,,,,,,,,,,,,,,,,,,,,,,,,,,,,,,,,,,,,,,,,,,,,,,,,,,,,,,,,,,,,,,,,,,,,,,,,,,,,,,,,,,,,,,,,,,,,,,,,,,,,,,,,
,,,,,,,,,,,1516880,1nx6-20' Pebble Beach Sq Edge - Trex Enhance Basics Decking,TREX,-- No Unilog Brand --,-- No DIB Brand --,Boise Cascade Building Materials (BOICA),"Trex Company, Inc",TREX,,1516880,,Safety>Eye Protection>Safety Glasses,"Trex Company, Inc, Safety Glass, 1516880",SAFETY GLASS,"Trex Company, Inc 1516880 Safety Glass",,Safety Glass,,,,,,,,,,,,,,,,,,,,,,,,,,,,Series,,,Gender,,,Size,,,Lens Type,,,Lens Coating,,,Lens Color,,,Lens Material,,,Lens Size,,,Frame Shape,,,Frame Color,,,Frame Material,,,Frame Size,,,Temple Type,,,Temple Color,,,Temple Material,,,UV Protection Rating,,,Bridge Size,,,Additional Information,,,,,,,,,,,,,,,,,,,,,,,,,,,,,,,,,,,,,,,,,,,,,,,,,,,,,,,,,,,,,,,,,,,,,,,,,,,,,,,,,,,,,,,,,,,,,,,,,,,,,,,,,,,,,,,,,,,,,,,,,,,,,,,,,,,,,,,,,,,,,,,,,
,,,,,,,,,,,1516881,1nx6-12' Pebble Beach Grooved - Trex Enhance Basics Decking,TREX,-- No Unilog Brand --,-- No DIB Brand --,Boise Cascade Building Materials (BOICA),"Trex Company, Inc",TREX,,1516881,,Building Materials>Decking>Deck & Porch Railings>Deck Railing Kits,"Trex Company, Inc, Deck Railing Kit, 1516881",DECK RAILING KIT,"Trex Company, Inc 1516881 Deck Railing Kit",,Deck Railing Kit,,,,,,,,,,,,,,,,,,,,,,,,,,,,Series,,,Rail Profile Type,,,Rail Length,,,Rail Width,,,Rail Material,,,Rail Color,,,Balusters/Spindles Design,,,Balusters/Spindles Top Style,,,Balusters/Spindles Diameter,,,Balusters/Spindles Length,,,Balusters/Spindles Material,,,Balusters/Spindles Color,,,Installation Type,,,Number of Pieces,,,Additional Information,,,,,,,,,,,,,,,,,,,,,,,,,,,,,,,,,,,,,,,,,,,,,,,,,,,,,,,,,,,,,,,,,,,,,,,,,,,,,,,,,,,,,,,,,,,,,,,,,,,,,,,,,,,,,,,,,,,,,,,,,,,,,,,,,,,,,,,,,,,,,,,,,,,,,,,,,,
,,,,,,,,,,,1516882,1nx6-16' Pebble Beach Grooved - Trex Enhance Basics Decking,TREX,-- No Unilog Brand --,-- No DIB Brand --,Boise Cascade Building Materials (BOICA),"Trex Company, Inc",TREX,,1516882,,Building Materials>Decking>Deck & Porch Railings>Deck Railing Kits,"Trex Company, Inc, Deck Railing Kit, 1516882",DECK RAILING KIT,"Trex Company, Inc 1516882 Deck Railing Kit",,Deck Railing Kit,,,,,,,,,,,,,,,,,,,,,,,,,,,,Series,,,Rail Profile Type,,,Rail Length,,,Rail Width,,,Rail Material,,,Rail Color,,,Balusters/Spindles Design,,,Balusters/Spindles Top Style,,,Balusters/Spindles Diameter,,,Balusters/Spindles Length,,,Balusters/Spindles Material,,,Balusters/Spindles Color,,,Installation Type,,,Number of Pieces,,,Additional Information,,,,,,,,,,,,,,,,,,,,,,,,,,,,,,,,,,,,,,,,,,,,,,,,,,,,,,,,,,,,,,,,,,,,,,,,,,,,,,,,,,,,,,,,,,,,,,,,,,,,,,,,,,,,,,,,,,,,,,,,,,,,,,,,,,,,,,,,,,,,,,,,,,,,,,,,,,
,,,,,,,,,,,1516883,1nx6-20' Pebble Beach Grooved - Trex Enhance Basics Decking,TREX,-- No Unilog Brand --,-- No DIB Brand --,Boise Cascade Building Materials (BOICA),"Trex Company, Inc",TREX,,1516883,,Building Materials>Decking>Deck & Porch Railings>Deck Railing Kits,"Trex Company, Inc, Deck Railing Kit, 1516883",DECK RAILING KIT,"Trex Company, Inc 1516883 Deck Railing Kit",,Deck Railing Kit,,,,,,,,,,,,,,,,,,,,,,,,,,,,Series,,,Rail Profile Type,,,Rail Length,,,Rail Width,,,Rail Material,,,Rail Color,,,Balusters/Spindles Design,,,Balusters/Spindles Top Style,,,Balusters/Spindles Diameter,,,Balusters/Spindles Length,,,Balusters/Spindles Material,,,Balusters/Spindles Color,,,Installation Type,,,Number of Pieces,,,Additional Information,,,,,,,,,,,,,,,,,,,,,,,,,,,,,,,,,,,,,,,,,,,,,,,,,,,,,,,,,,,,,,,,,,,,,,,,,,,,,,,,,,,,,,,,,,,,,,,,,,,,,,,,,,,,,,,,,,,,,,,,,,,,,,,,,,,,,,,,,,,,,,,,,,,,,,,,,,
,,,,,,,,,,,543005016,7/8nx6-16' Malted Barley Sq Edge - Trex Select 2.0 Decking,TREX,-- No Unilog Brand --,-- No DIB Brand --,Boise Cascade Building Materials (BOICA),"Trex Company, Inc",TREX,,543005016,,Safety>Eye Protection>Safety Glasses,"Trex Company, Inc, Safety Glass, 543005016",SAFETY GLASS,"Trex Company, Inc 543005016 Safety Glass",,Safety Glass,,,,,,,,,,,,,,,,,,,,,,,,,,,,Series,,,Gender,,,Size,,,Lens Type,,,Lens Coating,,,Lens Color,,,Lens Material,,,Lens Size,,,Frame Shape,,,Frame Color,,,Frame Material,,,Frame Size,,,Temple Type,,,Temple Color,,,Temple Material,,,UV Protection Rating,,,Bridge Size,,,Additional Information,,,,,,,,,,,,,,,,,,,,,,,,,,,,,,,,,,,,,,,,,,,,,,,,,,,,,,,,,,,,,,,,,,,,,,,,,,,,,,,,,,,,,,,,,,,,,,,,,,,,,,,,,,,,,,,,,,,,,,,,,,,,,,,,,,,,,,,,,,,,,,,,,
,,,,,,,,,,,543005020,7/8nx6-20' Malted Barley Sq Edge - Trex Select 2.0 Decking,TREX,-- No Unilog Brand --,-- No DIB Brand --,Boise Cascade Building Materials (BOICA),"Trex Company, Inc",TREX,,543005020,,Safety>Eye Protection>Safety Glasses,"Trex Company, Inc, Safety Glass, 543005020",SAFETY GLASS,"Trex Company, Inc 543005020 Safety Glass",,Safety Glass,,,,,,,,,,,,,,,,,,,,,,,,,,,,Series,,,Gender,,,Size,,,Lens Type,,,Lens Coating,,,Lens Color,,,Lens Material,,,Lens Size,,,Frame Shape,,,Frame Color,,,Frame Material,,,Frame Size,,,Temple Type,,,Temple Color,,,Temple Material,,,UV Protection Rating,,,Bridge Size,,,Additional Information,,,,,,,,,,,,,,,,,,,,,,,,,,,,,,,,,,,,,,,,,,,,,,,,,,,,,,,,,,,,,,,,,,,,,,,,,,,,,,,,,,,,,,,,,,,,,,,,,,,,,,,,,,,,,,,,,,,,,,,,,,,,,,,,,,,,,,,,,,,,,,,,,
,,,,,,,,,,,543005412,7/8nx6-12' Malted Barley Grooved - Trex Select 2.0 Decking,TREX,-- No Unilog Brand --,-- No DIB Brand --,Boise Cascade Building Materials (BOICA),"Trex Company, Inc",TREX,,543005412,,Building Materials>Decking>Deck & Porch Railings>Deck Railing Kits,"Trex Company, Inc, Deck Railing Kit, 543005412",DECK RAILING KIT,"Trex Company, Inc 543005412 Deck Railing Kit",,Deck Railing Kit,,,,,,,,,,,,,,,,,,,,,,,,,,,,Series,,,Rail Profile Type,,,Rail Length,,,Rail Width,,,Rail Material,,,Rail Color,,,Balusters/Spindles Design,,,Balusters/Spindles Top Style,,,Balusters/Spindles Diameter,,,Balusters/Spindles Length,,,Balusters/Spindles Material,,,Balusters/Spindles Color,,,Installation Type,,,Number of Pieces,,,Additional Information,,,,,,,,,,,,,,,,,,,,,,,,,,,,,,,,,,,,,,,,,,,,,,,,,,,,,,,,,,,,,,,,,,,,,,,,,,,,,,,,,,,,,,,,,,,,,,,,,,,,,,,,,,,,,,,,,,,,,,,,,,,,,,,,,,,,,,,,,,,,,,,,,,,,,,,,,,
,,,,,,,,,,,543005416,7/8nx6-16' Malted Barley Grooved - Trex Select 2.0 Decking,TREX,-- No Unilog Brand --,-- No DIB Brand --,Boise Cascade Building Materials (BOICA),"Trex Company, Inc",TREX,,543005416,,Building Materials>Decking>Deck & Porch Railings>Deck Railing Kits,"Trex Company, Inc, Deck Railing Kit, 543005416",DECK RAILING KIT,"Trex Company, Inc 543005416 Deck Railing Kit",,Deck Railing Kit,,,,,,,,,,,,,,,,,,,,,,,,,,,,Series,,,Rail Profile Type,,,Rail Length,,,Rail Width,,,Rail Material,,,Rail Color,,,Balusters/Spindles Design,,,Balusters/Spindles Top Style,,,Balusters/Spindles Diameter,,,Balusters/Spindles Length,,,Balusters/Spindles Material,,,Balusters/Spindles Color,,,Installation Type,,,Number of Pieces,,,Additional Information,,,,,,,,,,,,,,,,,,,,,,,,,,,,,,,,,,,,,,,,,,,,,,,,,,,,,,,,,,,,,,,,,,,,,,,,,,,,,,,,,,,,,,,,,,,,,,,,,,,,,,,,,,,,,,,,,,,,,,,,,,,,,,,,,,,,,,,,,,,,,,,,,,,,,,,,,,
,,,,,,,,,,,543005420,7/8nx6-20' Malted Barley Grooved - Trex Select 2.0 Decking,TREX,-- No Unilog Brand --,-- No DIB Brand --,Boise Cascade Building Materials (BOICA),"Trex Company, Inc",TREX,,543005420,,Building Materials>Decking>Deck & Porch Railings>Deck Railing Kits,"Trex Company, Inc, Deck Railing Kit, 543005420",DECK RAILING KIT,"Trex Company, Inc 543005420 Deck Railing Kit",,Deck Railing Kit,,,,,,,,,,,,,,,,,,,,,,,,,,,,Series,,,Rail Profile Type,,,Rail Length,,,Rail Width,,,Rail Material,,,Rail Color,,,Balusters/Spindles Design,,,Balusters/Spindles Top Style,,,Balusters/Spindles Diameter,,,Balusters/Spindles Length,,,Balusters/Spindles Material,,,Balusters/Spindles Color,,,Installation Type,,,Number of Pieces,,,Additional Information,,,,,,,,,,,,,,,,,,,,,,,,,,,,,,,,,,,,,,,,,,,,,,,,,,,,,,,,,,,,,,,,,,,,,,,,,,,,,,,,,,,,,,,,,,,,,,,,,,,,,,,,,,,,,,,,,,,,,,,,,,,,,,,,,,,,,,,,,,,,,,,,,,,,,,,,,,
,,,,,,,,,,,1516891,7/8nx6-16' Millstone Sq Edge - Trex Select 2.0 Decking,TREX,-- No Unilog Brand --,-- No DIB Brand --,Boise Cascade Building Materials (BOICA),"Trex Company, Inc",TREX,,1516891,,Safety>Eye Protection>Safety Glasses,"Trex Company, Inc, Safety Glass, 1516891",SAFETY GLASS,"Trex Company, Inc 1516891 Safety Glass",,Safety Glass,,,,,,,,,,,,,,,,,,,,,,,,,,,,Series,,,Gender,,,Size,,,Lens Type,,,Lens Coating,,,Lens Color,,,Lens Material,,,Lens Size,,,Frame Shape,,,Frame Color,,,Frame Material,,,Frame Size,,,Temple Type,,,Temple Color,,,Temple Material,,,UV Protection Rating,,,Bridge Size,,,Additional Information,,,,,,,,,,,,,,,,,,,,,,,,,,,,,,,,,,,,,,,,,,,,,,,,,,,,,,,,,,,,,,,,,,,,,,,,,,,,,,,,,,,,,,,,,,,,,,,,,,,,,,,,,,,,,,,,,,,,,,,,,,,,,,,,,,,,,,,,,,,,,,,,,
,,,,,,,,,,,1516892,7/8nx6-20' Millstone Sq Edge -Trex Select 2.0 Decking,TREX,-- No Unilog Brand --,-- No DIB Brand --,Boise Cascade Building Materials (BOICA),"Trex Company, Inc",TREX,,1516892,,Safety>Eye Protection>Safety Glasses,"Trex Company, Inc, Safety Glass, 1516892",SAFETY GLASS,"Trex Company, Inc 1516892 Safety Glass",,Safety Glass,,,,,,,,,,,,,,,,,,,,,,,,,,,,Series,,,Gender,,,Size,,,Lens Type,,,Lens Coating,,,Lens Color,,,Lens Material,,,Lens Size,,,Frame Shape,,,Frame Color,,,Frame Material,,,Frame Size,,,Temple Type,,,Temple Color,,,Temple Material,,,UV Protection Rating,,,Bridge Size,,,Additional Information,,,,,,,,,,,,,,,,,,,,,,,,,,,,,,,,,,,,,,,,,,,,,,,,,,,,,,,,,,,,,,,,,,,,,,,,,,,,,,,,,,,,,,,,,,,,,,,,,,,,,,,,,,,,,,,,,,,,,,,,,,,,,,,,,,,,,,,,,,,,,,,,,
,,,,,,,,,,,1516893,7/8nx6-12' Millstone Grooved - Trex Select 2.0 Decking,TREX,-- No Unilog Brand --,-- No DIB Brand --,Boise Cascade Building Materials (BOICA),"Trex Company, Inc",TREX,,1516893,,Building Materials>Decking>Deck & Porch Railings>Deck Railing Kits,"Trex Company, Inc, Deck Railing Kit, 1516893",DECK RAILING KIT,"Trex Company, Inc 1516893 Deck Railing Kit",,Deck Railing Kit,,,,,,,,,,,,,,,,,,,,,,,,,,,,Series,,,Rail Profile Type,,,Rail Length,,,Rail Width,,,Rail Material,,,Rail Color,,,Balusters/Spindles Design,,,Balusters/Spindles Top Style,,,Balusters/Spindles Diameter,,,Balusters/Spindles Length,,,Balusters/Spindles Material,,,Balusters/Spindles Color,,,Installation Type,,,Number of Pieces,,,Additional Information,,,,,,,,,,,,,,,,,,,,,,,,,,,,,,,,,,,,,,,,,,,,,,,,,,,,,,,,,,,,,,,,,,,,,,,,,,,,,,,,,,,,,,,,,,,,,,,,,,,,,,,,,,,,,,,,,,,,,,,,,,,,,,,,,,,,,,,,,,,,,,,,,,,,,,,,,,
,,,,,,,,,,,1516894,7/8nx6-16' Millstone Grooved - Trex Select 2.0 Decking,TREX,-- No Unilog Brand --,-- No DIB Brand --,Boise Cascade Building Materials (BOICA),"Trex Company, Inc",TREX,,1516894,,Building Materials>Decking>Deck & Porch Railings>Deck Railing Kits,"Trex Company, Inc, Deck Railing Kit, 1516894",DECK RAILING KIT,"Trex Company, Inc 1516894 Deck Railing Kit",,Deck Railing Kit,,,,,,,,,,,,,,,,,,,,,,,,,,,,Series,,,Rail Profile Type,,,Rail Length,,,Rail Width,,,Rail Material,,,Rail Color,,,Balusters/Spindles Design,,,Balusters/Spindles Top Style,,,Balusters/Spindles Diameter,,,Balusters/Spindles Length,,,Balusters/Spindles Material,,,Balusters/Spindles Color,,,Installation Type,,,Number of Pieces,,,Additional Information,,,,,,,,,,,,,,,,,,,,,,,,,,,,,,,,,,,,,,,,,,,,,,,,,,,,,,,,,,,,,,,,,,,,,,,,,,,,,,,,,,,,,,,,,,,,,,,,,,,,,,,,,,,,,,,,,,,,,,,,,,,,,,,,,,,,,,,,,,,,,,,,,,,,,,,,,,
,,,,,,,,,,,1516895,7/8nx6-20' Millstone Grooved - Trex Select 2.0 Decking,TREX,-- No Unilog Brand --,-- No DIB Brand --,Boise Cascade Building Materials (BOICA),"Trex Company, Inc",TREX,,1516895,,Building Materials>Decking>Deck & Porch Railings>Deck Railing Kits,"Trex Company, Inc, Deck Railing Kit, 1516895",DECK RAILING KIT,"Trex Company, Inc 1516895 Deck Railing Kit",,Deck Railing Kit,,,,,,,,,,,,,,,,,,,,,,,,,,,,Series,,,Rail Profile Type,,,Rail Length,,,Rail Width,,,Rail Material,,,Rail Color,,,Balusters/Spindles Design,,,Balusters/Spindles Top Style,,,Balusters/Spindles Diameter,,,Balusters/Spindles Length,,,Balusters/Spindles Material,,,Balusters/Spindles Color,,,Installation Type,,,Number of Pieces,,,Additional Information,,,,,,,,,,,,,,,,,,,,,,,,,,,,,,,,,,,,,,,,,,,,,,,,,,,,,,,,,,,,,,,,,,,,,,,,,,,,,,,,,,,,,,,,,,,,,,,,,,,,,,,,,,,,,,,,,,,,,,,,,,,,,,,,,,,,,,,,,,,,,,,,,,,,,,,,,,
,,,,,,,,,,,543007016,7/8nx6-16' Whiskey Barrel Sq Edge - Trex Select 2.0 Decking,TREX,-- No Unilog Brand --,-- No DIB Brand --,Boise Cascade Building Materials (BOICA),"Trex Company, Inc",TREX,,543007016,,Safety>Eye Protection>Safety Glasses,"Trex Company, Inc, Safety Glass, 543007016",SAFETY GLASS,"Trex Company, Inc 543007016 Safety Glass",,Safety Glass,,,,,,,,,,,,,,,,,,,,,,,,,,,,Series,,,Gender,,,Size,,,Lens Type,,,Lens Coating,,,Lens Color,,,Lens Material,,,Lens Size,,,Frame Shape,,,Frame Color,,,Frame Material,,,Frame Size,,,Temple Type,,,Temple Color,,,Temple Material,,,UV Protection Rating,,,Bridge Size,,,Additional Information,,,,,,,,,,,,,,,,,,,,,,,,,,,,,,,,,,,,,,,,,,,,,,,,,,,,,,,,,,,,,,,,,,,,,,,,,,,,,,,,,,,,,,,,,,,,,,,,,,,,,,,,,,,,,,,,,,,,,,,,,,,,,,,,,,,,,,,,,,,,,,,,,
,,,,,,,,,,,543007020,7/8nx6-20' Whiskey Barrel Sq Edge - Trex Select 2.0 Decking,TREX,-- No Unilog Brand --,-- No DIB Brand --,Boise Cascade Building Materials (BOICA),"Trex Company, Inc",TREX,,543007020,,Safety>Eye Protection>Safety Glasses,"Trex Company, Inc, Safety Glass, 543007020",SAFETY GLASS,"Trex Company, Inc 543007020 Safety Glass",,Safety Glass,,,,,,,,,,,,,,,,,,,,,,,,,,,,Series,,,Gender,,,Size,,,Lens Type,,,Lens Coating,,,Lens Color,,,Lens Material,,,Lens Size,,,Frame Shape,,,Frame Color,,,Frame Material,,,Frame Size,,,Temple Type,,,Temple Color,,,Temple Material,,,UV Protection Rating,,,Bridge Size,,,Additional Information,,,,,,,,,,,,,,,,,,,,,,,,,,,,,,,,,,,,,,,,,,,,,,,,,,,,,,,,,,,,,,,,,,,,,,,,,,,,,,,,,,,,,,,,,,,,,,,,,,,,,,,,,,,,,,,,,,,,,,,,,,,,,,,,,,,,,,,,,,,,,,,,,
,,,,,,,,,,,543007412,7/8nx6-12' Whiskey Barrel Grooved - Trex Select 2.0 Decking,TREX,-- No Unilog Brand --,-- No DIB Brand --,Boise Cascade Building Materials (BOICA),"Trex Company, Inc",TREX,,543007412,,Building Materials>Decking>Deck & Porch Railings>Deck Railing Kits,"Trex Company, Inc, Deck Railing Kit, 543007412",DECK RAILING KIT,"Trex Company, Inc 543007412 Deck Railing Kit",,Deck Railing Kit,,,,,,,,,,,,,,,,,,,,,,,,,,,,Series,,,Rail Profile Type,,,Rail Length,,,Rail Width,,,Rail Material,,,Rail Color,,,Balusters/Spindles Design,,,Balusters/Spindles Top Style,,,Balusters/Spindles Diameter,,,Balusters/Spindles Length,,,Balusters/Spindles Material,,,Balusters/Spindles Color,,,Installation Type,,,Number of Pieces,,,Additional Information,,,,,,,,,,,,,,,,,,,,,,,,,,,,,,,,,,,,,,,,,,,,,,,,,,,,,,,,,,,,,,,,,,,,,,,,,,,,,,,,,,,,,,,,,,,,,,,,,,,,,,,,,,,,,,,,,,,,,,,,,,,,,,,,,,,,,,,,,,,,,,,,,,,,,,,,,,
,,,,,,,,,,,543007416,7/8nx6-16' Whiskey Barrel Grooved - Trex Select 2.0 Decking,TREX,-- No Unilog Brand --,-- No DIB Brand --,Boise Cascade Building Materials (BOICA),"Trex Company, Inc",TREX,,543007416,,Building Materials>Decking>Deck & Porch Railings>Deck Railing Kits,"Trex Company, Inc, Deck Railing Kit, 543007416",DECK RAILING KIT,"Trex Company, Inc 543007416 Deck Railing Kit",,Deck Railing Kit,,,,,,,,,,,,,,,,,,,,,,,,,,,,Series,,,Rail Profile Type,,,Rail Length,,,Rail Width,,,Rail Material,,,Rail Color,,,Balusters/Spindles Design,,,Balusters/Spindles Top Style,,,Balusters/Spindles Diameter,,,Balusters/Spindles Length,,,Balusters/Spindles Material,,,Balusters/Spindles Color,,,Installation Type,,,Number of Pieces,,,Additional Information,,,,,,,,,,,,,,,,,,,,,,,,,,,,,,,,,,,,,,,,,,,,,,,,,,,,,,,,,,,,,,,,,,,,,,,,,,,,,,,,,,,,,,,,,,,,,,,,,,,,,,,,,,,,,,,,,,,,,,,,,,,,,,,,,,,,,,,,,,,,,,,,,,,,,,,,,,
,,,,,,,,,,,543007420,7/8nx6-20' Whiskey Barrel Grooved - Trex Select 2.0 Decking,TREX,-- No Unilog Brand --,-- No DIB Brand --,Boise Cascade Building Materials (BOICA),"Trex Company, Inc",TREX,,543007420,,Building Materials>Decking>Deck & Porch Railings>Deck Railing Kits,"Trex Company, Inc, Deck Railing Kit, 543007420",DECK RAILING KIT,"Trex Company, Inc 543007420 Deck Railing Kit",,Deck Railing Kit,,,,,,,,,,,,,,,,,,,,,,,,,,,,Series,,,Rail Profile Type,,,Rail Length,,,Rail Width,,,Rail Material,,,Rail Color,,,Balusters/Spindles Design,,,Balusters/Spindles Top Style,,,Balusters/Spindles Diameter,,,Balusters/Spindles Length,,,Balusters/Spindles Material,,,Balusters/Spindles Color,,,Installation Type,,,Number of Pieces,,,Additional Information,,,,,,,,,,,,,,,,,,,,,,,,,,,,,,,,,,,,,,,,,,,,,,,,,,,,,,,,,,,,,,,,,,,,,,,,,,,,,,,,,,,,,,,,,,,,,,,,,,,,,,,,,,,,,,,,,,,,,,,,,,,,,,,,,,,,,,,,,,,,,,,,,,,,,,,,,,
,,,,,,,,,,,ADR5117512CS,1x12-12' Coastline - Vintage Azek PVC Fascia,TIMBERTECH,-- No Unilog Brand --,-- No DIB Brand --,Parksite (6151),,TIMBERTECH,,ADR5117512CS,,,,,,,,,,,,,,,,,,,,,,,,,,,,,,,,,,,,,,,,,,,,,,,,,,,,,,,,,,,,,,,,,,,,,,,,,,,,,,,,,,,,,,,,,,,,,,,,,,,,,,,,,,,,,,,,,,,,,,,,,,,,,,,,,,,,,,,,,,,,,,,,,,,,,,,,,,,,,,,,,,,,,,,,,,,,,,,,,,,,,,,,,,,,,,,,,,,,,,,,,,,,,,,,,,,,,,,,,,,,,,,,,,,,,,,
,,,,,,,,,,,ADR5117512MH,1x12-12' Mahogany - Vintage Azek PVC Fascia,TIMBERTECH,-- No Unilog Brand --,-- No DIB Brand --,Parksite (6151),,TIMBERTECH,,ADR5117512MH,,,,,,,,,,,,,,,,,,,,,,,,,,,,,,,,,,,,,,,,,,,,,,,,,,,,,,,,,,,,,,,,,,,,,,,,,,,,,,,,,,,,,,,,,,,,,,,,,,,,,,,,,,,,,,,,,,,,,,,,,,,,,,,,,,,,,,,,,,,,,,,,,,,,,,,,,,,,,,,,,,,,,,,,,,,,,,,,,,,,,,,,,,,,,,,,,,,,,,,,,,,,,,,,,,,,,,,,,,,,,,,,,,,,,,,
,,,,,,,,,,,ADR5117512WT,1x12-12' Weathered Teak - Vintage Azek PVC Fascia,TIMBERTECH,-- No Unilog Brand --,-- No DIB Brand --,Parksite (6151),,TIMBERTECH,,ADR5117512WT,,,,,,,,,,,,,,,,,,,,,,,,,,,,,,,,,,,,,,,,,,,,,,,,,,,,,,,,,,,,,,,,,,,,,,,,,,,,,,,,,,,,,,,,,,,,,,,,,,,,,,,,,,,,,,,,,,,,,,,,,,,,,,,,,,,,,,,,,,,,,,,,,,,,,,,,,,,,,,,,,,,,,,,,,,,,,,,,,,,,,,,,,,,,,,,,,,,,,,,,,,,,,,,,,,,,,,,,,,,,,,,,,,,,,,,
,,,,,,,,,,,ADR5117512AW,1x12-12' American Walnut - Landmark Azek PVC Fascia,TIMBERTECH,-- No Unilog Brand --,-- No DIB Brand --,Parksite (6151),,TIMBERTECH,,ADR5117512AW,,,,,,,,,,,,,,,,,,,,,,,,,,,,,,,,,,,,,,,,,,,,,,,,,,,,,,,,,,,,,,,,,,,,,,,,,,,,,,,,,,,,,,,,,,,,,,,,,,,,,,,,,,,,,,,,,,,,,,,,,,,,,,,,,,,,,,,,,,,,,,,,,,,,,,,,,,,,,,,,,,,,,,,,,,,,,,,,,,,,,,,,,,,,,,,,,,,,,,,,,,,,,,,,,,,,,,,,,,,,,,,,,,,,,,,
,,,,,,,,,,,ADR5117512CG,1x12-12' Castle Gate - Landmark Azek PVC Fascia,TIMBERTECH,-- No Unilog Brand --,-- No DIB Brand --,Parksite (6151),,TIMBERTECH,,ADR5117512CG,,"Lawn, Garden & Patio>Fencing>Gate Openers & Hardware>Gate Latches & Slide Bolts","Gate Latches & Slide Bolt, ADR5117512CG",GATE LATCHES & SLIDE BOLT,ADR5117512CG Gate Latches & Slide Bolt,,Gate Latches & Slide Bolt,,,,,,,,,,,,,,,,,,,,,,,,,,,,Series,,,Style,,,Bolt Head Diameter,,,Bolt Length,,,Throw Size,,,Material,,,Finish,,,Color,,,Number of Mounting Holes,,,Mounting Type,,,Width,,,Height,,,Depth,,,Additional Information,,,,,,,,,,,,,,,,,,,,,,,,,,,,,,,,,,,,,,,,,,,,,,,,,,,,,,,,,,,,,,,,,,,,,,,,,,,,,,,,,,,,,,,,,,,,,,,,,,,,,,,,,,,,,,,,,,,,,,,,,,,,,,,,,,,,,,,,,,,,,,,,,,,,,,,,,,,,,
,,,,,,,,,,,ADR5117512FW,1x12-12' French White Oak - Landmark Azek PVC Fascia,TIMBERTECH,-- No Unilog Brand --,-- No DIB Brand --,Parksite (6151),,TIMBERTECH,,ADR5117512FW,,Building Materials>Doors & Windows>Exterior Doors>Patio Doors,"Patio Door, ADR5117512FW",PATIO DOOR,ADR5117512FW Patio Door,,Patio Door,,,,,,,,,,,,,,,,,,,,,,,,,,,,Series,,,Door Width,,,Door Height,,,Door Thickness,,,Opening Width,,,Opening Height,,,Door Color,,,Door Finish,,,Door Material,,,Frame Material,,,Door Handing,,,Texture Type,,,Number of Panels/Lites,,,Panel Type,,,Glass Type,,,Core Type,,,Handle Type,,,Locking Type,,,Hinge Type,,,Paintable/Stainable,,,Additional Information,,,,,,,,,,,,,,,,,,,,,,,,,,,,,,,,,,,,,,,,,,,,,,,,,,,,,,,,,,,,,,,,,,,,,,,,,,,,,,,,,,,,,,,,,,,,,,,,,,,,,,,,,,,,,,,,,,,,,,,,,,,,,,,,,,,,,,,,
,,,,,,,,,,,1508395,1x8-12' Brownstone - Harvest Azek PVC Fascia,TIMBERTECH,-- No Unilog Brand --,-- No DIB Brand --,Parksite (6151),,TIMBERTECH,,1508395,,,,,,,,,,,,,,,,,,,,,,,,,,,,,,,,,,,,,,,,,,,,,,,,,,,,,,,,,,,,,,,,,,,,,,,,,,,,,,,,,,,,,,,,,,,,,,,,,,,,,,,,,,,,,,,,,,,,,,,,,,,,,,,,,,,,,,,,,,,,,,,,,,,,,,,,,,,,,,,,,,,,,,,,,,,,,,,,,,,,,,,,,,,,,,,,,,,,,,,,,,,,,,,,,,,,,,,,,,,,,,,,,,,,,,,
,,,,,,,,,,,1508396,1x8-12' Slate Gray - Harvest Azek PVC Fascia,TIMBERTECH,-- No Unilog Brand --,-- No DIB Brand --,Parksite (6151),,TIMBERTECH,,1508396,,,,,,,,,,,,,,,,,,,,,,,,,,,,,,,,,,,,,,,,,,,,,,,,,,,,,,,,,,,,,,,,,,,,,,,,,,,,,,,,,,,,,,,,,,,,,,,,,,,,,,,,,,,,,,,,,,,,,,,,,,,,,,,,,,,,,,,,,,,,,,,,,,,,,,,,,,,,,,,,,,,,,,,,,,,,,,,,,,,,,,,,,,,,,,,,,,,,,,,,,,,,,,,,,,,,,,,,,,,,,,,,,,,,,,,
,,,,,,,,,,,ADCR5117512BS,1x12-12' Brownstone - Harvest Azek PVC Fascia,TIMBERTECH,-- No Unilog Brand --,-- No DIB Brand --,Parksite (6151),,TIMBERTECH,,ADCR5117512BS,,,,,,,,,,,,,,,,,,,,,,,,,,,,,,,,,,,,,,,,,,,,,,,,,,,,,,,,,,,,,,,,,,,,,,,,,,,,,,,,,,,,,,,,,,,,,,,,,,,,,,,,,,,,,,,,,,,,,,,,,,,,,,,,,,,,,,,,,,,,,,,,,,,,,,,,,,,,,,,,,,,,,,,,,,,,,,,,,,,,,,,,,,,,,,,,,,,,,,,,,,,,,,,,,,,,,,,,,,,,,,,,,,,,,,,
,,,,,,,,,,,ADCR5117512SG,1x12-12' Slate Gray - Harvest Azek PVC Fascia,TIMBERTECH,-- No Unilog Brand --,-- No DIB Brand --,Parksite (6151),,TIMBERTECH,,ADCR5117512SG,,,,,,,,,,,,,,,,,,,,,,,,,,,,,,,,,,,,,,,,,,,,,,,,,,,,,,,,,,,,,,,,,,,,,,,,,,,,,,,,,,,,,,,,,,,,,,,,,,,,,,,,,,,,,,,,,,,,,,,,,,,,,,,,,,,,,,,,,,,,,,,,,,,,,,,,,,,,,,,,,,,,,,,,,,,,,,,,,,,,,,,,,,,,,,,,,,,,,,,,,,,,,,,,,,,,,,,,,,,,,,,,,,,,,,,
,,,,,,,,,,,543140908,1x8-12' Biscayne - Trex Lineage,TREX,-- No Unilog Brand --,-- No DIB Brand --,U S Lumber (3073),"Trex Company, Inc",TREX,,543140908,,Building Materials>Decking>Deck & Porch Railings>Deck Railing Kits,"Trex Company, Inc, Deck Railing Kit, 543140908",DECK RAILING KIT,"Trex Company, Inc 543140908 Deck Railing Kit",,Deck Railing Kit,,,,,,,,,,,,,,,,,,,,,,,,,,,,Series,,,Rail Profile Type,,,Rail Length,,,Rail Width,,,Rail Material,,,Rail Color,,,Balusters/Spindles Design,,,Balusters/Spindles Top Style,,,Balusters/Spindles Diameter,,,Balusters/Spindles Length,,,Balusters/Spindles Material,,,Balusters/Spindles Color,,,Installation Type,,,Number of Pieces,,,Additional Information,,,,,,,,,,,,,,,,,,,,,,,,,,,,,,,,,,,,,,,,,,,,,,,,,,,,,,,,,,,,,,,,,,,,,,,,,,,,,,,,,,,,,,,,,,,,,,,,,,,,,,,,,,,,,,,,,,,,,,,,,,,,,,,,,,,,,,,,,,,,,,,,,,,,,,,,,,
,,,,,,,,,,,543142908,1x8-12' Carmel - Trex Lineage,TREX,-- No Unilog Brand --,-- No DIB Brand --,U S Lumber (3073),"Trex Company, Inc",TREX,,543142908,,Building Materials>Decking>Deck & Porch Railings>Deck Railing Kits,"Trex Company, Inc, Deck Railing Kit, 543142908",DECK RAILING KIT,"Trex Company, Inc 543142908 Deck Railing Kit",,Deck Railing Kit,,,,,,,,,,,,,,,,,,,,,,,,,,,,Series,,,Rail Profile Type,,,Rail Length,,,Rail Width,,,Rail Material,,,Rail Color,,,Balusters/Spindles Design,,,Balusters/Spindles Top Style,,,Balusters/Spindles Diameter,,,Balusters/Spindles Length,,,Balusters/Spindles Material,,,Balusters/Spindles Color,,,Installation Type,,,Number of Pieces,,,Additional Information,,,,,,,,,,,,,,,,,,,,,,,,,,,,,,,,,,,,,,,,,,,,,,,,,,,,,,,,,,,,,,,,,,,,,,,,,,,,,,,,,,,,,,,,,,,,,,,,,,,,,,,,,,,,,,,,,,,,,,,,,,,,,,,,,,,,,,,,,,,,,,,,,,,,,,,,,,
,,,,,,,,,,,543143908,1x8-12' Jasper - Trex Lineage,TREX,-- No Unilog Brand --,-- No DIB Brand --,U S Lumber (3073),"Trex Company, Inc",TREX,,543143908,,Building Materials>Decking>Deck & Porch Railings>Deck Railing Kits,"Trex Company, Inc, Deck Railing Kit, 543143908",DECK RAILING KIT,"Trex Company, Inc 543143908 Deck Railing Kit",,Deck Railing Kit,,,,,,,,,,,,,,,,,,,,,,,,,,,,Series,,,Rail Profile Type,,,Rail Length,,,Rail Width,,,Rail Material,,,Rail Color,,,Balusters/Spindles Design,,,Balusters/Spindles Top Style,,,Balusters/Spindles Diameter,,,Balusters/Spindles Length,,,Balusters/Spindles Material,,,Balusters/Spindles Color,,,Installation Type,,,Number of Pieces,,,Additional Information,,,,,,,,,,,,,,,,,,,,,,,,,,,,,,,,,,,,,,,,,,,,,,,,,,,,,,,,,,,,,,,,,,,,,,,,,,,,,,,,,,,,,,,,,,,,,,,,,,,,,,,,,,,,,,,,,,,,,,,,,,,,,,,,,,,,,,,,,,,,,,,,,,,,,,,,,,
,,,,,,,,,,,543140912,1x12-12' Biscayne - Trex Lineage,TREX,-- No Unilog Brand --,-- No DIB Brand --,U S Lumber (3073),"Trex Company, Inc",TREX,,543140912,,Building Materials>Decking>Deck & Porch Railings>Deck Railing Kits,"Trex Company, Inc, Deck Railing Kit, 543140912",DECK RAILING KIT,"Trex Company, Inc 543140912 Deck Railing Kit",,Deck Railing Kit,,,,,,,,,,,,,,,,,,,,,,,,,,,,Series,,,Rail Profile Type,,,Rail Length,,,Rail Width,,,Rail Material,,,Rail Color,,,Balusters/Spindles Design,,,Balusters/Spindles Top Style,,,Balusters/Spindles Diameter,,,Balusters/Spindles Length,,,Balusters/Spindles Material,,,Balusters/Spindles Color,,,Installation Type,,,Number of Pieces,,,Additional Information,,,,,,,,,,,,,,,,,,,,,,,,,,,,,,,,,,,,,,,,,,,,,,,,,,,,,,,,,,,,,,,,,,,,,,,,,,,,,,,,,,,,,,,,,,,,,,,,,,,,,,,,,,,,,,,,,,,,,,,,,,,,,,,,,,,,,,,,,,,,,,,,,,,,,,,,,,
,,,,,,,,,,,543142912,1x12-12' Carmel - Trex Lineage,TREX,-- No Unilog Brand --,-- No DIB Brand --,U S Lumber (3073),"Trex Company, Inc",TREX,,543142912,,Building Materials>Decking>Deck & Porch Railings>Deck Railing Kits,"Trex Company, Inc, Deck Railing Kit, 543142912",DECK RAILING KIT,"Trex Company, Inc 543142912 Deck Railing Kit",,Deck Railing Kit,,,,,,,,,,,,,,,,,,,,,,,,,,,,Series,,,Rail Profile Type,,,Rail Length,,,Rail Width,,,Rail Material,,,Rail Color,,,Balusters/Spindles Design,,,Balusters/Spindles Top Style,,,Balusters/Spindles Diameter,,,Balusters/Spindles Length,,,Balusters/Spindles Material,,,Balusters/Spindles Color,,,Installation Type,,,Number of Pieces,,,Additional Information,,,,,,,,,,,,,,,,,,,,,,,,,,,,,,,,,,,,,,,,,,,,,,,,,,,,,,,,,,,,,,,,,,,,,,,,,,,,,,,,,,,,,,,,,,,,,,,,,,,,,,,,,,,,,,,,,,,,,,,,,,,,,,,,,,,,,,,,,,,,,,,,,,,,,,,,,,
,,,,,,,,,,,543143912,1x12-12' Jasper - Trex Lineage,TREX,-- No Unilog Brand --,-- No DIB Brand --,U S Lumber (3073),"Trex Company, Inc",TREX,,543143912,,Building Materials>Decking>Deck & Porch Railings>Deck Railing Kits,"Trex Company, Inc, Deck Railing Kit, 543143912",DECK RAILING KIT,"Trex Company, Inc 543143912 Deck Railing Kit",,Deck Railing Kit,,,,,,,,,,,,,,,,,,,,,,,,,,,,Series,,,Rail Profile Type,,,Rail Length,,,Rail Width,,,Rail Material,,,Rail Color,,,Balusters/Spindles Design,,,Balusters/Spindles Top Style,,,Balusters/Spindles Diameter,,,Balusters/Spindles Length,,,Balusters/Spindles Material,,,Balusters/Spindles Color,,,Installation Type,,,Number of Pieces,,,Additional Information,,,,,,,,,,,,,,,,,,,,,,,,,,,,,,,,,,,,,,,,,,,,,,,,,,,,,,,,,,,,,,,,,,,,,,,,,,,,,,,,,,,,,,,,,,,,,,,,,,,,,,,,,,,,,,,,,,,,,,,,,,,,,,,,,,,,,,,,,,,,,,,,,,,,,,,,,,
,,,,,,,,,,,1513715,1x12-12' Hatteras - Trex Lineage,TREX,-- No Unilog Brand --,-- No DIB Brand --,Boise Cascade Building Materials (BOICA),"Trex Company, Inc",TREX,,1513715,,Building Materials>Decking>Deck & Porch Railings>Deck Railing Kits,"Trex Company, Inc, Deck Railing Kit, 1513715",DECK RAILING KIT,"Trex Company, Inc 1513715 Deck Railing Kit",,Deck Railing Kit,,,,,,,,,,,,,,,,,,,,,,,,,,,,Series,,,Rail Profile Type,,,Rail Length,,,Rail Width,,,Rail Material,,,Rail Color,,,Balusters/Spindles Design,,,Balusters/Spindles Top Style,,,Balusters/Spindles Diameter,,,Balusters/Spindles Length,,,Balusters/Spindles Material,,,Balusters/Spindles Color,,,Installation Type,,,Number of Pieces,,,Additional Information,,,,,,,,,,,,,,,,,,,,,,,,,,,,,,,,,,,,,,,,,,,,,,,,,,,,,,,,,,,,,,,,,,,,,,,,,,,,,,,,,,,,,,,,,,,,,,,,,,,,,,,,,,,,,,,,,,,,,,,,,,,,,,,,,,,,,,,,,,,,,,,,,,,,,,,,,,
,,,,,,,,,,,1513716,1x12-12' Salt Flat - Trex Lineage,TREX,-- No Unilog Brand --,-- No DIB Brand --,Boise Cascade Building Materials (BOICA),"Trex Company, Inc",TREX,,1513716,,Electrical>Lamps & Lightings>Indoor Lighting>Panel & Troffer Light Fixtures,"Trex Company, Inc, Panel & Troffer Light Fixture, 1513716",PANEL & TROFFER LIGHT FIXTURE,"Trex Company, Inc 1513716 Panel & Troffer Light Fixture",,Panel & Troffer Light Fixture,,,,,,,,,,,,,,,,,,,,,,,,,,,,Collection,,,Fixture Wattage,,,Voltage Rating,,,Amperage Rating,,,Frequency Rating,,,Fixture Style,,,Fixture Shape,,,Bulb Type,,,Bulb Wattage,,,Bulb Base,,,Number of Bulbs,,,Lumens,,,Color Temperature,,,Color Rendering Index (CRI),,,Beam Type,,,Beam Angle,,,Average Life,,,Dimmable/Non-Dimmable,,,Lens Type,,,Lens Material,,,Fixture Material,,,Fixture Finish,,,Mounting Type,,,Enclosure Type,,,Dimensions,,,Bulb Included,,,Additional Information,,,,,,,,,,,,,,,,,,,,,,,,,,,,,,,,,,,,,,,,,,,,,,,,,,,,,,,,,,,,,,,,,,,,,,,,,,,,,,,,,,,,,,,,,,,,,,,,,,,,,,,,,,,,,,,,,,,,,,
,,,,,,,,,,,1513722,1x8-12' Honey Grove - Trex Enhance Naturals Fascia,TREX,-- No Unilog Brand --,-- No DIB Brand --,Boise Cascade Building Materials (BOICA),"Trex Company, Inc",TREX,,1513722,,Building Materials>Decking>Deck & Porch Railings>Deck Railing Kits,"Trex Company, Inc, Deck Railing Kit, 1513722",DECK RAILING KIT,"Trex Company, Inc 1513722 Deck Railing Kit",,Deck Railing Kit,,,,,,,,,,,,,,,,,,,,,,,,,,,,Series,,,Rail Profile Type,,,Rail Length,,,Rail Width,,,Rail Material,,,Rail Color,,,Balusters/Spindles Design,,,Balusters/Spindles Top Style,,,Balusters/Spindles Diameter,,,Balusters/Spindles Length,,,Balusters/Spindles Material,,,Balusters/Spindles Color,,,Installation Type,,,Number of Pieces,,,Additional Information,,,,,,,,,,,,,,,,,,,,,,,,,,,,,,,,,,,,,,,,,,,,,,,,,,,,,,,,,,,,,,,,,,,,,,,,,,,,,,,,,,,,,,,,,,,,,,,,,,,,,,,,,,,,,,,,,,,,,,,,,,,,,,,,,,,,,,,,,,,,,,,,,,,,,,,,,,
,,,,,,,,,,,1513723,1x12-12' Honey Grove - Trex Enhance Naturals Fascia,TREX,-- No Unilog Brand --,-- No DIB Brand --,Boise Cascade Building Materials (BOICA),"Trex Company, Inc",TREX,,1513723,,Building Materials>Decking>Deck & Porch Railings>Deck Railing Kits,"Trex Company, Inc, Deck Railing Kit, 1513723",DECK RAILING KIT,"Trex Company, Inc 1513723 Deck Railing Kit",,Deck Railing Kit,,,,,,,,,,,,,,,,,,,,,,,,,,,,Series,,,Rail Profile Type,,,Rail Length,,,Rail Width,,,Rail Material,,,Rail Color,,,Balusters/Spindles Design,,,Balusters/Spindles Top Style,,,Balusters/Spindles Diameter,,,Balusters/Spindles Length,,,Balusters/Spindles Material,,,Balusters/Spindles Color,,,Installation Type,,,Number of Pieces,,,Additional Information,,,,,,,,,,,,,,,,,,,,,,,,,,,,,,,,,,,,,,,,,,,,,,,,,,,,,,,,,,,,,,,,,,,,,,,,,,,,,,,,,,,,,,,,,,,,,,,,,,,,,,,,,,,,,,,,,,,,,,,,,,,,,,,,,,,,,,,,,,,,,,,,,,,,,,,,,,
,,,,,,,,,,,1513729,1x8-12' Tide Pool - Trex Enhance Basics Fascia,TREX,-- No Unilog Brand --,-- No DIB Brand --,Boise Cascade Building Materials (BOICA),"Trex Company, Inc",TREX,,1513729,,Building Materials>Decking>Deck & Porch Railings>Deck Railing Kits,"Trex Company, Inc, Deck Railing Kit, 1513729",DECK RAILING KIT,"Trex Company, Inc 1513729 Deck Railing Kit",,Deck Railing Kit,,,,,,,,,,,,,,,,,,,,,,,,,,,,Series,,,Rail Profile Type,,,Rail Length,,,Rail Width,,,Rail Material,,,Rail Color,,,Balusters/Spindles Design,,,Balusters/Spindles Top Style,,,Balusters/Spindles Diameter,,,Balusters/Spindles Length,,,Balusters/Spindles Material,,,Balusters/Spindles Color,,,Installation Type,,,Number of Pieces,,,Additional Information,,,,,,,,,,,,,,,,,,,,,,,,,,,,,,,,,,,,,,,,,,,,,,,,,,,,,,,,,,,,,,,,,,,,,,,,,,,,,,,,,,,,,,,,,,,,,,,,,,,,,,,,,,,,,,,,,,,,,,,,,,,,,,,,,,,,,,,,,,,,,,,,,,,,,,,,,,
,,,,,,,,,,,1513730,1x12-12' Tide Pool - Trex Enhance Basics Fascia,TREX,-- No Unilog Brand --,-- No DIB Brand --,Boise Cascade Building Materials (BOICA),"Trex Company, Inc",TREX,,1513730,,Building Materials>Decking>Deck & Porch Railings>Deck Railing Kits,"Trex Company, Inc, Deck Railing Kit, 1513730",DECK RAILING KIT,"Trex Company, Inc 1513730 Deck Railing Kit",,Deck Railing Kit,,,,,,,,,,,,,,,,,,,,,,,,,,,,Series,,,Rail Profile Type,,,Rail Length,,,Rail Width,,,Rail Material,,,Rail Color,,,Balusters/Spindles Design,,,Balusters/Spindles Top Style,,,Balusters/Spindles Diameter,,,Balusters/Spindles Length,,,Balusters/Spindles Material,,,Balusters/Spindles Color,,,Installation Type,,,Number of Pieces,,,Additional Information,,,,,,,,,,,,,,,,,,,,,,,,,,,,,,,,,,,,,,,,,,,,,,,,,,,,,,,,,,,,,,,,,,,,,,,,,,,,,,,,,,,,,,,,,,,,,,,,,,,,,,,,,,,,,,,,,,,,,,,,,,,,,,,,,,,,,,,,,,,,,,,,,,,,,,,,,,
,,,,,,,,,,,543076916,1x8-12' Cinnamon Cove - Trex Enhance Naturals Fascia,TREX,-- No Unilog Brand --,-- No DIB Brand --,Boise Cascade Building Materials (BOICA),"Trex Company, Inc",TREX,,543076916,,Building Materials>Decking>Deck & Porch Railings>Deck Railing Kits,"Trex Company, Inc, Deck Railing Kit, 543076916",DECK RAILING KIT,"Trex Company, Inc 543076916 Deck Railing Kit",,Deck Railing Kit,,,,,,,,,,,,,,,,,,,,,,,,,,,,Series,,,Rail Profile Type,,,Rail Length,,,Rail Width,,,Rail Material,,,Rail Color,,,Balusters/Spindles Design,,,Balusters/Spindles Top Style,,,Balusters/Spindles Diameter,,,Balusters/Spindles Length,,,Balusters/Spindles Material,,,Balusters/Spindles Color,,,Installation Type,,,Number of Pieces,,,Additional Information,,,,,,,,,,,,,,,,,,,,,,,,,,,,,,,,,,,,,,,,,,,,,,,,,,,,,,,,,,,,,,,,,,,,,,,,,,,,,,,,,,,,,,,,,,,,,,,,,,,,,,,,,,,,,,,,,,,,,,,,,,,,,,,,,,,,,,,,,,,,,,,,,,,,,,,,,,
,,,,,,,,,,,1516876,1x8-12' Golden Hour - Trex Enhance Naturals Fascia,TREX,-- No Unilog Brand --,-- No DIB Brand --,Boise Cascade Building Materials (BOICA),"Trex Company, Inc",TREX,,1516876,,Building Materials>Decking>Deck & Porch Railings>Deck Railing Kits,"Trex Company, Inc, Deck Railing Kit, 1516876",DECK RAILING KIT,"Trex Company, Inc 1516876 Deck Railing Kit",,Deck Railing Kit,,,,,,,,,,,,,,,,,,,,,,,,,,,,Series,,,Rail Profile Type,,,Rail Length,,,Rail Width,,,Rail Material,,,Rail Color,,,Balusters/Spindles Design,,,Balusters/Spindles Top Style,,,Balusters/Spindles Diameter,,,Balusters/Spindles Length,,,Balusters/Spindles Material,,,Balusters/Spindles Color,,,Installation Type,,,Number of Pieces,,,Additional Information,,,,,,,,,,,,,,,,,,,,,,,,,,,,,,,,,,,,,,,,,,,,,,,,,,,,,,,,,,,,,,,,,,,,,,,,,,,,,,,,,,,,,,,,,,,,,,,,,,,,,,,,,,,,,,,,,,,,,,,,,,,,,,,,,,,,,,,,,,,,,,,,,,,,,,,,,,
,,,,,,,,,,,543076936,1x12-12' Cinnamon Cove - Trex Enhance Naturals Fascia,TREX,-- No Unilog Brand --,-- No DIB Brand --,Boise Cascade Building Materials (BOICA),"Trex Company, Inc",TREX,,543076936,,Building Materials>Decking>Deck & Porch Railings>Deck Railing Kits,"Trex Company, Inc, Deck Railing Kit, 543076936",DECK RAILING KIT,"Trex Company, Inc 543076936 Deck Railing Kit",,Deck Railing Kit,,,,,,,,,,,,,,,,,,,,,,,,,,,,Series,,,Rail Profile Type,,,Rail Length,,,Rail Width,,,Rail Material,,,Rail Color,,,Balusters/Spindles Design,,,Balusters/Spindles Top Style,,,Balusters/Spindles Diameter,,,Balusters/Spindles Length,,,Balusters/Spindles Material,,,Balusters/Spindles Color,,,Installation Type,,,Number of Pieces,,,Additional Information,,,,,,,,,,,,,,,,,,,,,,,,,,,,,,,,,,,,,,,,,,,,,,,,,,,,,,,,,,,,,,,,,,,,,,,,,,,,,,,,,,,,,,,,,,,,,,,,,,,,,,,,,,,,,,,,,,,,,,,,,,,,,,,,,,,,,,,,,,,,,,,,,,,,,,,,,,
,,,,,,,,,,,1516878,1x12-12' Golden Hour - Trex Enhance Naturals Fascia,TREX,-- No Unilog Brand --,-- No DIB Brand --,Boise Cascade Building Materials (BOICA),"Trex Company, Inc",TREX,,1516878,,Building Materials>Decking>Deck & Porch Railings>Deck Railing Kits,"Trex Company, Inc, Deck Railing Kit, 1516878",DECK RAILING KIT,"Trex Company, Inc 1516878 Deck Railing Kit",,Deck Railing Kit,,,,,,,,,,,,,,,,,,,,,,,,,,,,Series,,,Rail Profile Type,,,Rail Length,,,Rail Width,,,Rail Material,,,Rail Color,,,Balusters/Spindles Design,,,Balusters/Spindles Top Style,,,Balusters/Spindles Diameter,,,Balusters/Spindles Length,,,Balusters/Spindles Material,,,Balusters/Spindles Color,,,Installation Type,,,Number of Pieces,,,Additional Information,,,,,,,,,,,,,,,,,,,,,,,,,,,,,,,,,,,,,,,,,,,,,,,,,,,,,,,,,,,,,,,,,,,,,,,,,,,,,,,,,,,,,,,,,,,,,,,,,,,,,,,,,,,,,,,,,,,,,,,,,,,,,,,,,,,,,,,,,,,,,,,,,,,,,,,,,,
,,,,,,,,,,,1516884,1x8-12' Pebble Beach - Trex Enhance Basics Fascia,TREX,-- No Unilog Brand --,-- No DIB Brand --,Boise Cascade Building Materials (BOICA),"Trex Company, Inc",TREX,,1516884,,Building Materials>Decking>Deck & Porch Railings>Deck Railing Kits,"Trex Company, Inc, Deck Railing Kit, 1516884",DECK RAILING KIT,"Trex Company, Inc 1516884 Deck Railing Kit",,Deck Railing Kit,,,,,,,,,,,,,,,,,,,,,,,,,,,,Series,,,Rail Profile Type,,,Rail Length,,,Rail Width,,,Rail Material,,,Rail Color,,,Balusters/Spindles Design,,,Balusters/Spindles Top Style,,,Balusters/Spindles Diameter,,,Balusters/Spindles Length,,,Balusters/Spindles Material,,,Balusters/Spindles Color,,,Installation Type,,,Number of Pieces,,,Additional Information,,,,,,,,,,,,,,,,,,,,,,,,,,,,,,,,,,,,,,,,,,,,,,,,,,,,,,,,,,,,,,,,,,,,,,,,,,,,,,,,,,,,,,,,,,,,,,,,,,,,,,,,,,,,,,,,,,,,,,,,,,,,,,,,,,,,,,,,,,,,,,,,,,,,,,,,,,
,,,,,,,,,,,1516885,1x12-12' Pebble Beach - Trex Enhance Basics Fascia,TREX,-- No Unilog Brand --,-- No DIB Brand --,Boise Cascade Building Materials (BOICA),"Trex Company, Inc",TREX,,1516885,,Building Materials>Decking>Deck & Porch Railings>Deck Railing Kits,"Trex Company, Inc, Deck Railing Kit, 1516885",DECK RAILING KIT,"Trex Company, Inc 1516885 Deck Railing Kit",,Deck Railing Kit,,,,,,,,,,,,,,,,,,,,,,,,,,,,Series,,,Rail Profile Type,,,Rail Length,,,Rail Width,,,Rail Material,,,Rail Color,,,Balusters/Spindles Design,,,Balusters/Spindles Top Style,,,Balusters/Spindles Diameter,,,Balusters/Spindles Length,,,Balusters/Spindles Material,,,Balusters/Spindles Color,,,Installation Type,,,Number of Pieces,,,Additional Information,,,,,,,,,,,,,,,,,,,,,,,,,,,,,,,,,,,,,,,,,,,,,,,,,,,,,,,,,,,,,,,,,,,,,,,,,,,,,,,,,,,,,,,,,,,,,,,,,,,,,,,,,,,,,,,,,,,,,,,,,,,,,,,,,,,,,,,,,,,,,,,,,,,,,,,,,,
,,,,,,,,,,,543005916,1x8-12' Malted Barley - Trex Select 2.0 Fascia,TREX,-- No Unilog Brand --,-- No DIB Brand --,Boise Cascade Building Materials (BOICA),"Trex Company, Inc",TREX,,543005916,,Building Materials>Decking>Deck & Porch Railings>Deck Railing Kits,"Trex Company, Inc, Deck Railing Kit, 543005916",DECK RAILING KIT,"Trex Company, Inc 543005916 Deck Railing Kit",,Deck Railing Kit,,,,,,,,,,,,,,,,,,,,,,,,,,,,Series,,,Rail Profile Type,,,Rail Length,,,Rail Width,,,Rail Material,,,Rail Color,,,Balusters/Spindles Design,,,Balusters/Spindles Top Style,,,Balusters/Spindles Diameter,,,Balusters/Spindles Length,,,Balusters/Spindles Material,,,Balusters/Spindles Color,,,Installation Type,,,Number of Pieces,,,Additional Information,,,,,,,,,,,,,,,,,,,,,,,,,,,,,,,,,,,,,,,,,,,,,,,,,,,,,,,,,,,,,,,,,,,,,,,,,,,,,,,,,,,,,,,,,,,,,,,,,,,,,,,,,,,,,,,,,,,,,,,,,,,,,,,,,,,,,,,,,,,,,,,,,,,,,,,,,,
,,,,,,,,,,,1516902,1x8-12' Millstone - Trex Select 2.0 Fascia,TREX,-- No Unilog Brand --,-- No DIB Brand --,Boise Cascade Building Materials (BOICA),"Trex Company, Inc",TREX,,1516902,,Building Materials>Decking>Deck & Porch Railings>Deck Railing Kits,"Trex Company, Inc, Deck Railing Kit, 1516902",DECK RAILING KIT,"Trex Company, Inc 1516902 Deck Railing Kit",,Deck Railing Kit,,,,,,,,,,,,,,,,,,,,,,,,,,,,Series,,,Rail Profile Type,,,Rail Length,,,Rail Width,,,Rail Material,,,Rail Color,,,Balusters/Spindles Design,,,Balusters/Spindles Top Style,,,Balusters/Spindles Diameter,,,Balusters/Spindles Length,,,Balusters/Spindles Material,,,Balusters/Spindles Color,,,Installation Type,,,Number of Pieces,,,Additional Information,,,,,,,,,,,,,,,,,,,,,,,,,,,,,,,,,,,,,,,,,,,,,,,,,,,,,,,,,,,,,,,,,,,,,,,,,,,,,,,,,,,,,,,,,,,,,,,,,,,,,,,,,,,,,,,,,,,,,,,,,,,,,,,,,,,,,,,,,,,,,,,,,,,,,,,,,,
,,,,,,,,,,,543007916,1x8-12' Whiskey Barrel - Trex Select 2.0 Fascia,TREX,-- No Unilog Brand --,-- No DIB Brand --,Boise Cascade Building Materials (BOICA),"Trex Company, Inc",TREX,,543007916,,Building Materials>Decking>Deck & Porch Railings>Deck Railing Kits,"Trex Company, Inc, Deck Railing Kit, 543007916",DECK RAILING KIT,"Trex Company, Inc 543007916 Deck Railing Kit",,Deck Railing Kit,,,,,,,,,,,,,,,,,,,,,,,,,,,,Series,,,Rail Profile Type,,,Rail Length,,,Rail Width,,,Rail Material,,,Rail Color,,,Balusters/Spindles Design,,,Balusters/Spindles Top Style,,,Balusters/Spindles Diameter,,,Balusters/Spindles Length,,,Balusters/Spindles Material,,,Balusters/Spindles Color,,,Installation Type,,,Number of Pieces,,,Additional Information,,,,,,,,,,,,,,,,,,,,,,,,,,,,,,,,,,,,,,,,,,,,,,,,,,,,,,,,,,,,,,,,,,,,,,,,,,,,,,,,,,,,,,,,,,,,,,,,,,,,,,,,,,,,,,,,,,,,,,,,,,,,,,,,,,,,,,,,,,,,,,,,,,,,,,,,,,
,,,,,,,,,,,543005936,1x12-12' Malted Barley - Trex Select 2.0 Fascia,TREX,-- No Unilog Brand --,-- No DIB Brand --,Boise Cascade Building Materials (BOICA),"Trex Company, Inc",TREX,,543005936,,Building Materials>Decking>Deck & Porch Railings>Deck Railing Kits,"Trex Company, Inc, Deck Railing Kit, 543005936",DECK RAILING KIT,"Trex Company, Inc 543005936 Deck Railing Kit",,Deck Railing Kit,,,,,,,,,,,,,,,,,,,,,,,,,,,,Series,,,Rail Profile Type,,,Rail Length,,,Rail Width,,,Rail Material,,,Rail Color,,,Balusters/Spindles Design,,,Balusters/Spindles Top Style,,,Balusters/Spindles Diameter,,,Balusters/Spindles Length,,,Balusters/Spindles Material,,,Balusters/Spindles Color,,,Installation Type,,,Number of Pieces,,,Additional Information,,,,,,,,,,,,,,,,,,,,,,,,,,,,,,,,,,,,,,,,,,,,,,,,,,,,,,,,,,,,,,,,,,,,,,,,,,,,,,,,,,,,,,,,,,,,,,,,,,,,,,,,,,,,,,,,,,,,,,,,,,,,,,,,,,,,,,,,,,,,,,,,,,,,,,,,,,
,,,,,,,,,,,1516905,1x12-12' Millstone - Trex Select 2.0 Fascia,TREX,-- No Unilog Brand --,-- No DIB Brand --,Boise Cascade Building Materials (BOICA),"Trex Company, Inc",TREX,,1516905,,Building Materials>Decking>Deck & Porch Railings>Deck Railing Kits,"Trex Company, Inc, Deck Railing Kit, 1516905",DECK RAILING KIT,"Trex Company, Inc 1516905 Deck Railing Kit",,Deck Railing Kit,,,,,,,,,,,,,,,,,,,,,,,,,,,,Series,,,Rail Profile Type,,,Rail Length,,,Rail Width,,,Rail Material,,,Rail Color,,,Balusters/Spindles Design,,,Balusters/Spindles Top Style,,,Balusters/Spindles Diameter,,,Balusters/Spindles Length,,,Balusters/Spindles Material,,,Balusters/Spindles Color,,,Installation Type,,,Number of Pieces,,,Additional Information,,,,,,,,,,,,,,,,,,,,,,,,,,,,,,,,,,,,,,,,,,,,,,,,,,,,,,,,,,,,,,,,,,,,,,,,,,,,,,,,,,,,,,,,,,,,,,,,,,,,,,,,,,,,,,,,,,,,,,,,,,,,,,,,,,,,,,,,,,,,,,,,,,,,,,,,,,
,,,,,,,,,,,543007936,1x12-12' Whiskey Barrel - Trex Select 2.0 Fascia,TREX,-- No Unilog Brand --,-- No DIB Brand --,Boise Cascade Building Materials (BOICA),"Trex Company, Inc",TREX,,543007936,,Building Materials>Decking>Deck & Porch Railings>Deck Railing Kits,"Trex Company, Inc, Deck Railing Kit, 543007936",DECK RAILING KIT,"Trex Company, Inc 543007936 Deck Railing Kit",,Deck Railing Kit,,,,,,,,,,,,,,,,,,,,,,,,,,,,Series,,,Rail Profile Type,,,Rail Length,,,Rail Width,,,Rail Material,,,Rail Color,,,Balusters/Spindles Design,,,Balusters/Spindles Top Style,,,Balusters/Spindles Diameter,,,Balusters/Spindles Length,,,Balusters/Spindles Material,,,Balusters/Spindles Color,,,Installation Type,,,Number of Pieces,,,Additional Information,,,,,,,,,,,,,,,,,,,,,,,,,,,,,,,,,,,,,,,,,,,,,,,,,,,,,,,,,,,,,,,,,,,,,,,,,,,,,,,,,,,,,,,,,,,,,,,,,,,,,,,,,,,,,,,,,,,,,,,,,,,,,,,,,,,,,,,,,,,,,,,,,,,,,,,,,,
,,,,,,,,,,,543144908,1x8-12' Island Mist - Trex Lineage,TREX,-- No Unilog Brand --,-- No DIB Brand --,U S Lumber (3073),"Trex Company, Inc",TREX,,543144908,,Building Materials>Decking>Deck & Porch Railings>Deck Railing Kits,"Trex Company, Inc, Deck Railing Kit, 543144908",DECK RAILING KIT,"Trex Company, Inc 543144908 Deck Railing Kit",,Deck Railing Kit,,,,,,,,,,,,,,,,,,,,,,,,,,,,Series,,,Rail Profile Type,,,Rail Length,,,Rail Width,,,Rail Material,,,Rail Color,,,Balusters/Spindles Design,,,Balusters/Spindles Top Style,,,Balusters/Spindles Diameter,,,Balusters/Spindles Length,,,Balusters/Spindles Material,,,Balusters/Spindles Color,,,Installation Type,,,Number of Pieces,,,Additional Information,,,,,,,,,,,,,,,,,,,,,,,,,,,,,,,,,,,,,,,,,,,,,,,,,,,,,,,,,,,,,,,,,,,,,,,,,,,,,,,,,,,,,,,,,,,,,,,,,,,,,,,,,,,,,,,,,,,,,,,,,,,,,,,,,,,,,,,,,,,,,,,,,,,,,,,,,,
,,,,,,,,,,,543141908,1x8-12' Rainier - Trex Lineage,TREX,-- No Unilog Brand --,-- No DIB Brand --,U S Lumber (3073),"Trex Company, Inc",TREX,,543141908,,Building Materials>Decking>Deck & Porch Railings>Deck Railing Kits,"Trex Company, Inc, Deck Railing Kit, 543141908",DECK RAILING KIT,"Trex Company, Inc 543141908 Deck Railing Kit",,Deck Railing Kit,,,,,,,,,,,,,,,,,,,,,,,,,,,,Series,,,Rail Profile Type,,,Rail Length,,,Rail Width,,,Rail Material,,,Rail Color,,,Balusters/Spindles Design,,,Balusters/Spindles Top Style,,,Balusters/Spindles Diameter,,,Balusters/Spindles Length,,,Balusters/Spindles Material,,,Balusters/Spindles Color,,,Installation Type,,,Number of Pieces,,,Additional Information,,,,,,,,,,,,,,,,,,,,,,,,,,,,,,,,,,,,,,,,,,,,,,,,,,,,,,,,,,,,,,,,,,,,,,,,,,,,,,,,,,,,,,,,,,,,,,,,,,,,,,,,,,,,,,,,,,,,,,,,,,,,,,,,,,,,,,,,,,,,,,,,,,,,,,,,,,
,,,,,,,,,,,543144912,1x12-12' Island Mist - Trex Lineage,TREX,-- No Unilog Brand --,-- No DIB Brand --,U S Lumber (3073),"Trex Company, Inc",TREX,,543144912,,Building Materials>Decking>Deck & Porch Railings>Deck Railing Kits,"Trex Company, Inc, Deck Railing Kit, 543144912",DECK RAILING KIT,"Trex Company, Inc 543144912 Deck Railing Kit",,Deck Railing Kit,,,,,,,,,,,,,,,,,,,,,,,,,,,,Series,,,Rail Profile Type,,,Rail Length,,,Rail Width,,,Rail Material,,,Rail Color,,,Balusters/Spindles Design,,,Balusters/Spindles Top Style,,,Balusters/Spindles Diameter,,,Balusters/Spindles Length,,,Balusters/Spindles Material,,,Balusters/Spindles Color,,,Installation Type,,,Number of Pieces,,,Additional Information,,,,,,,,,,,,,,,,,,,,,,,,,,,,,,,,,,,,,,,,,,,,,,,,,,,,,,,,,,,,,,,,,,,,,,,,,,,,,,,,,,,,,,,,,,,,,,,,,,,,,,,,,,,,,,,,,,,,,,,,,,,,,,,,,,,,,,,,,,,,,,,,,,,,,,,,,,
,,,,,,,,,,,543141912,1x12-12' Rainier - Trex Lineage,TREX,-- No Unilog Brand --,-- No DIB Brand --,U S Lumber (3073),"Trex Company, Inc",TREX,,543141912,,Building Materials>Decking>Deck & Porch Railings>Deck Railing Kits,"Trex Company, Inc, Deck Railing Kit, 543141912",DECK RAILING KIT,"Trex Company, Inc 543141912 Deck Railing Kit",,Deck Railing Kit,,,,,,,,,,,,,,,,,,,,,,,,,,,,Series,,,Rail Profile Type,,,Rail Length,,,Rail Width,,,Rail Material,,,Rail Color,,,Balusters/Spindles Design,,,Balusters/Spindles Top Style,,,Balusters/Spindles Diameter,,,Balusters/Spindles Length,,,Balusters/Spindles Material,,,Balusters/Spindles Color,,,Installation Type,,,Number of Pieces,,,Additional Information,,,,,,,,,,,,,,,,,,,,,,,,,,,,,,,,,,,,,,,,,,,,,,,,,,,,,,,,,,,,,,,,,,,,,,,,,,,,,,,,,,,,,,,,,,,,,,,,,,,,,,,,,,,,,,,,,,,,,,,,,,,,,,,,,,,,,,,,,,,,,,,,,,,,,,,,,,
,,,,,,,,,,,1513713,1x8-12' Hatteras - Trex Lineage,TREX,-- No Unilog Brand --,-- No DIB Brand --,Boise Cascade Building Materials (BOICA),"Trex Company, Inc",TREX,,1513713,,Building Materials>Decking>Deck & Porch Railings>Deck Railing Kits,"Trex Company, Inc, Deck Railing Kit, 1513713",DECK RAILING KIT,"Trex Company, Inc 1513713 Deck Railing Kit",,Deck Railing Kit,,,,,,,,,,,,,,,,,,,,,,,,,,,,Series,,,Rail Profile Type,,,Rail Length,,,Rail Width,,,Rail Material,,,Rail Color,,,Balusters/Spindles Design,,,Balusters/Spindles Top Style,,,Balusters/Spindles Diameter,,,Balusters/Spindles Length,,,Balusters/Spindles Material,,,Balusters/Spindles Color,,,Installation Type,,,Number of Pieces,,,Additional Information,,,,,,,,,,,,,,,,,,,,,,,,,,,,,,,,,,,,,,,,,,,,,,,,,,,,,,,,,,,,,,,,,,,,,,,,,,,,,,,,,,,,,,,,,,,,,,,,,,,,,,,,,,,,,,,,,,,,,,,,,,,,,,,,,,,,,,,,,,,,,,,,,,,,,,,,,,
,,,,,,,,,,,1513714,1x8-12' Salt Flat - Trex Lineage,TREX,-- No Unilog Brand --,-- No DIB Brand --,Boise Cascade Building Materials (BOICA),"Trex Company, Inc",TREX,,1513714,,Electrical>Lamps & Lightings>Indoor Lighting>Panel & Troffer Light Fixtures,"Trex Company, Inc, Panel & Troffer Light Fixture, 1513714",PANEL & TROFFER LIGHT FIXTURE,"Trex Company, Inc 1513714 Panel & Troffer Light Fixture",,Panel & Troffer Light Fixture,,,,,,,,,,,,,,,,,,,,,,,,,,,,Collection,,,Fixture Wattage,,,Voltage Rating,,,Amperage Rating,,,Frequency Rating,,,Fixture Style,,,Fixture Shape,,,Bulb Type,,,Bulb Wattage,,,Bulb Base,,,Number of Bulbs,,,Lumens,,,Color Temperature,,,Color Rendering Index (CRI),,,Beam Type,,,Beam Angle,,,Average Life,,,Dimmable/Non-Dimmable,,,Lens Type,,,Lens Material,,,Fixture Material,,,Fixture Finish,,,Mounting Type,,,Enclosure Type,,,Dimensions,,,Bulb Included,,,Additional Information,,,,,,,,,,,,,,,,,,,,,,,,,,,,,,,,,,,,,,,,,,,,,,,,,,,,,,,,,,,,,,,,,,,,,,,,,,,,,,,,,,,,,,,,,,,,,,,,,,,,,,,,,,,,,,,,,,,,,,
,,,,,,,,,,,73012503,4x4 Wh Heritage Post Trim RDI,-- Unbranded --,-- No Unilog Brand --,-- No DIB Brand --,-,,,,73012503,,"Lawn, Garden & Patio>Fencing>Gate Openers & Hardware>Gate Latches & Slide Bolts","Gate Latches & Slide Bolt, 73012503",GATE LATCHES & SLIDE BOLT,73012503 Gate Latches & Slide Bolt,,Gate Latches & Slide Bolt,,,,,,,,,,,,,,,,,,,,,,,,,,,,Series,,,Style,,,Bolt Head Diameter,,,Bolt Length,,,Throw Size,,,Material,,,Finish,,,Color,,,Number of Mounting Holes,,,Mounting Type,,,Width,,,Height,,,Depth,,,Additional Information,,,,,,,,,,,,,,,,,,,,,,,,,,,,,,,,,,,,,,,,,,,,,,,,,,,,,,,,,,,,,,,,,,,,,,,,,,,,,,,,,,,,,,,,,,,,,,,,,,,,,,,,,,,,,,,,,,,,,,,,,,,,,,,,,,,,,,,,,,,,,,,,,,,,,,,,,,,,,
,,,,,,,,,,,73018131,6x6 Wh Elite Post Trim 4pc RDI,-- Unbranded --,-- No Unilog Brand --,-- No DIB Brand --,-,,,,73018131,,"Lawn, Garden & Patio>Fencing>Gate Openers & Hardware>Gate Latches & Slide Bolts","Gate Latches & Slide Bolt, 73018131",GATE LATCHES & SLIDE BOLT,73018131 Gate Latches & Slide Bolt,,Gate Latches & Slide Bolt,,,,,,,,,,,,,,,,,,,,,,,,,,,,Series,,,Style,,,Bolt Head Diameter,,,Bolt Length,,,Throw Size,,,Material,,,Finish,,,Color,,,Number of Mounting Holes,,,Mounting Type,,,Width,,,Height,,,Depth,,,Additional Information,,,,,,,,,,,,,,,,,,,,,,,,,,,,,,,,,,,,,,,,,,,,,,,,,,,,,,,,,,,,,,,,,,,,,,,,,,,,,,,,,,,,,,,,,,,,,,,,,,,,,,,,,,,,,,,,,,,,,,,,,,,,,,,,,,,,,,,,,,,,,,,,,,,,,,,,,,,,,
,,,,,,,,,,,73018091,4x4 Wh Elite Post Trim RDI,-- Unbranded --,-- No Unilog Brand --,-- No DIB Brand --,-,,,,73018091,,"Lawn, Garden & Patio>Fencing>Gate Openers & Hardware>Gate Latches & Slide Bolts","Gate Latches & Slide Bolt, 73018091",GATE LATCHES & SLIDE BOLT,73018091 Gate Latches & Slide Bolt,,Gate Latches & Slide Bolt,,,,,,,,,,,,,,,,,,,,,,,,,,,,Series,,,Style,,,Bolt Head Diameter,,,Bolt Length,,,Throw Size,,,Material,,,Finish,,,Color,,,Number of Mounting Holes,,,Mounting Type,,,Width,,,Height,,,Depth,,,Additional Information,,,,,,,,,,,,,,,,,,,,,,,,,,,,,,,,,,,,,,,,,,,,,,,,,,,,,,,,,,,,,,,,,,,,,,,,,,,,,,,,,,,,,,,,,,,,,,,,,,,,,,,,,,,,,,,,,,,,,,,,,,,,,,,,,,,,,,,,,,,,,,,,,,,,,,,,,,,,,
,,,,,,,,,,,73018066,Clay 6x6 Elite Post Trim RDI - 4pc,-- Unbranded --,-- No Unilog Brand --,-- No DIB Brand --,-,,,,73018066,,"Lawn, Garden & Patio>Fencing>Gate Openers & Hardware>Gate Latches & Slide Bolts","Gate Latches & Slide Bolt, 73018066",GATE LATCHES & SLIDE BOLT,73018066 Gate Latches & Slide Bolt,,Gate Latches & Slide Bolt,,,,,,,,,,,,,,,,,,,,,,,,,,,,Series,,,Style,,,Bolt Head Diameter,,,Bolt Length,,,Throw Size,,,Material,,,Finish,,,Color,,,Number of Mounting Holes,,,Mounting Type,,,Width,,,Height,,,Depth,,,Additional Information,,,,,,,,,,,,,,,,,,,,,,,,,,,,,,,,,,,,,,,,,,,,,,,,,,,,,,,,,,,,,,,,,,,,,,,,,,,,,,,,,,,,,,,,,,,,,,,,,,,,,,,,,,,,,,,,,,,,,,,,,,,,,,,,,,,,,,,,,,,,,,,,,,,,,,,,,,,,,
,,,,,,,,,,,73018076,4x4 Wh Flat Post Cap RDI,-- Unbranded --,-- No Unilog Brand --,-- No DIB Brand --,-,,,,73018076,,Building Materials>Decking>Deck Posts & Deck Sleeves>Deck Post Sleeves,"Deck Post Sleeve, 73018076",DECK POST SLEEVE,73018076 Deck Post Sleeve,,Deck Post Sleeve,,,,,,,,,,,,,,,,,,,,,,,,,,,,Series,,,Shape,,,Material,,,Finish,,,Color,,,Width,,,Depth,,,Height,,,Installation Type,,,Fits Post Size,,,Additional Information,,,,,,,,,,,,,,,,,,,,,,,,,,,,,,,,,,,,,,,,,,,,,,,,,,,,,,,,,,,,,,,,,,,,,,,,,,,,,,,,,,,,,,,,,,,,,,,,,,,,,,,,,,,,,,,,,,,,,,,,,,,,,,,,,,,,,,,,,,,,,,,,,,,,,,,,,,,,,,,,,,,,,,
,,,,,,,,,,,61109087,Wh 4x4-39 Blank Post RDI,-- Unbranded --,-- No Unilog Brand --,-- No DIB Brand --,-,,,,61109087,,"Lawn, Garden & Patio>Fencing>Gate Openers & Hardware>Gate Latches & Slide Bolts","Gate Latches & Slide Bolt, 61109087",GATE LATCHES & SLIDE BOLT,61109087 Gate Latches & Slide Bolt,,Gate Latches & Slide Bolt,,,,,,,,,,,,,,,,,,,,,,,,,,,,Series,,,Style,,,Bolt Head Diameter,,,Bolt Length,,,Throw Size,,,Material,,,Finish,,,Color,,,Number of Mounting Holes,,,Mounting Type,,,Width,,,Height,,,Depth,,,Additional Information,,,,,,,,,,,,,,,,,,,,,,,,,,,,,,,,,,,,,,,,,,,,,,,,,,,,,,,,,,,,,,,,,,,,,,,,,,,,,,,,,,,,,,,,,,,,,,,,,,,,,,,,,,,,,,,,,,,,,,,,,,,,,,,,,,,,,,,,,,,,,,,,,,,,,,,,,,,,,
,,,,,,,,,,,73018731,Wh 6x6-108 Post Sleeve RDI,-- Unbranded --,-- No Unilog Brand --,-- No DIB Brand --,-,,,,73018731,,Building Materials>Decking>Deck Posts & Deck Sleeves>Deck Post Sleeves,"Deck Post Sleeve, 73018731",DECK POST SLEEVE,73018731 Deck Post Sleeve,,Deck Post Sleeve,,,,,,,,,,,,,,,,,,,,,,,,,,,,Series,,,Shape,,,Material,,,Finish,,,Color,,,Width,,,Depth,,,Height,,,Installation Type,,,Fits Post Size,,,Additional Information,,,,,,,,,,,,,,,,,,,,,,,,,,,,,,,,,,,,,,,,,,,,,,,,,,,,,,,,,,,,,,,,,,,,,,,,,,,,,,,,,,,,,,,,,,,,,,,,,,,,,,,,,,,,,,,,,,,,,,,,,,,,,,,,,,,,,,,,,,,,,,,,,,,,,,,,,,,,,,,,,,,,,,
,,,,,,,,,,,61109090,Wh 4x4-108 Post Sleeve RDI,-- Unbranded --,-- No Unilog Brand --,-- No DIB Brand --,-,,,,61109090,,Building Materials>Decking>Deck Posts & Deck Sleeves>Deck Post Sleeves,"Deck Post Sleeve, 61109090",DECK POST SLEEVE,61109090 Deck Post Sleeve,,Deck Post Sleeve,,,,,,,,,,,,,,,,,,,,,,,,,,,,Series,,,Shape,,,Material,,,Finish,,,Color,,,Width,,,Depth,,,Height,,,Installation Type,,,Fits Post Size,,,Additional Information,,,,,,,,,,,,,,,,,,,,,,,,,,,,,,,,,,,,,,,,,,,,,,,,,,,,,,,,,,,,,,,,,,,,,,,,,,,,,,,,,,,,,,,,,,,,,,,,,,,,,,,,,,,,,,,,,,,,,,,,,,,,,,,,,,,,,,,,,,,,,,,,,,,,,,,,,,,,,,,,,,,,,,
,,,,,,,,,,,73053603,Clay 4x4-108 Post Sleeve RDI,-- Unbranded --,-- No Unilog Brand --,-- No DIB Brand --,-,,,,73053603,,Building Materials>Decking>Deck Posts & Deck Sleeves>Deck Post Sleeves,"Deck Post Sleeve, 73053603",DECK POST SLEEVE,73053603 Deck Post Sleeve,,Deck Post Sleeve,,,,,,,,,,,,,,,,,,,,,,,,,,,,Series,,,Shape,,,Material,,,Finish,,,Color,,,Width,,,Depth,,,Height,,,Installation Type,,,Fits Post Size,,,Additional Information,,,,,,,,,,,,,,,,,,,,,,,,,,,,,,,,,,,,,,,,,,,,,,,,,,,,,,,,,,,,,,,,,,,,,,,,,,,,,,,,,,,,,,,,,,,,,,,,,,,,,,,,,,,,,,,,,,,,,,,,,,,,,,,,,,,,,,,,,,,,,,,,,,,,,,,,,,,,,,,,,,,,,,
,,,,,,,,,,,73053608,Clay 6x6-108 Post Sleeve RDI,-- Unbranded --,-- No Unilog Brand --,-- No DIB Brand --,-,,,,73053608,,Building Materials>Decking>Deck Posts & Deck Sleeves>Deck Post Sleeves,"Deck Post Sleeve, 73053608",DECK POST SLEEVE,73053608 Deck Post Sleeve,,Deck Post Sleeve,,,,,,,,,,,,,,,,,,,,,,,,,,,,Series,,,Shape,,,Material,,,Finish,,,Color,,,Width,,,Depth,,,Height,,,Installation Type,,,Fits Post Size,,,Additional Information,,,,,,,,,,,,,,,,,,,,,,,,,,,,,,,,,,,,,,,,,,,,,,,,,,,,,,,,,,,,,,,,,,,,,,,,,,,,,,,,,,,,,,,,,,,,,,,,,,,,,,,,,,,,,,,,,,,,,,,,,,,,,,,,,,,,,,,,,,,,,,,,,,,,,,,,,,,,,,,,,,,,,,
,,,,,,,,,,,543340896,"4x4-37"" Black Alum Post Sleeve Select Alum Railing - w/Cap & Skirt",TREX,-- No Unilog Brand --,-- No DIB Brand --,Boise Cascade Building Materials (BOICA),"Trex Company, Inc",TREX,,543340896,,Building Materials>Decking>Deck Posts & Deck Sleeves>Deck Post Sleeves,"Trex Company, Inc, Deck Post Sleeve, 543340896",DECK POST SLEEVE SELECT ALUM RAILING 4 4,"Trex Company, Inc 543340896 Deck Post Sleeve","The Trex Company, Inc Deck Post Sleeves, part number 543340896, are part of the Select Alum Railing series. These square sleeves are made from aluminum and feature a powder-coated finish in black. Measuring 4 inches in width, 4 inches in depth, and 37 inches in height, they are designed to fit 4 x 4 posts and come with a cap and skirt for easy installation. The powder-coated finish provides a durable and long-lasting exterior that can withstand various environmental conditions.",Deck Post Sleeve,"Elevate your deck's style and durability with Trex Deck Post Sleeves, offering a sleek, black powder-coated finish and easy installation with a cap and skirt.",,,,,,,,,,,,,,,,,,,,,,,,,,,Series,Select Alum Railing,,Shape,Square,,Material,Aluminum,,Finish,Powder-Coated,,Color,Black,,Width,4,in,Depth,4,in,Height,37,in,Installation Type,w/Cap & Skirt,,Fits Post Size,4 x 4,in,Additional Information,,,,,,,,,,,,,,,,,,,,,,,,,,,,,,,,,,,,,,,,,,,,,,,,,,,,,,,,,,,,,,,,,,,,,,,,,,,,,,,,,,,,,,,,,,,,,,,,,,,,,,,,,,,,,,,,,,,,,,,,,,,,,,,,,,,,,,,,,,,,,,,,,,,,,,,,,,,,,,,,,,,,,,
,,,,,,,,,,,543340898,"4x4-43"" Black Alum Post Sleeve Select Alum Railing w/Cap & Skirt",TREX,-- No Unilog Brand --,-- No DIB Brand --,Boise Cascade Building Materials (BOICA),"Trex Company, Inc",TREX,,543340898,,Building Materials>Decking>Deck Posts & Deck Sleeves>Deck Post Sleeves,"Trex Company, Inc, Deck Post Sleeve, 543340898",DECK POST SLEEVE SELECT ALUM RAILING 4 4,"Trex Company, Inc 543340898 Deck Post Sleeve","The Trex Company, Inc Deck Post Sleeves, part number 543340898, are designed for use with the Select Alum Railing series. These square sleeves are made from durable aluminum and feature a powder-coated finish in black, providing a sleek and corrosion-resistant exterior. Measuring 4 inches in width, 4 inches in depth, and 43 inches in height, they are specifically designed to fit 4 x 4 post sizes. The sleeves come with a cap and skirt for a complete installation, making them a convenient option for deck railing projects.",Deck Post Sleeve,"Enhance your deck's appearance with Trex Deck Post Sleeves, offering a durable and low-maintenance solution for railing installations. These sleek, powder-coated sleeves provide a professional finish to your deck posts.",,,,,,,,,,,,,,,,,,,,,,,,,,,Series,Select Alum Railing,,Shape,Square,,Material,Aluminum,,Finish,Powder-Coated,,Color,Black,,Width,4,in,Depth,4,in,Height,43,in,Installation Type,w/Cap & Skirt,,Fits Post Size,4 x 4,in,Additional Information,w/Cap & Skirt,,,,,,,,,,,,,,,,,,,,,,,,,,,,,,,,,,,,,,,,,,,,,,,,,,,,,,,,,,,,,,,,,,,,,,,,,,,,,,,,,,,,,,,,,,,,,,,,,,,,,,,,,,,,,,,,,,,,,,,,,,,,,,,,,,,,,,,,,,,,,,,,,,,,,,,,,,,,,,,,,,,,,
,,,,,,,,,,,73272TBK,6x6-10' Black Alum Deco - Support Post,DSI Westbury,-- No Unilog Brand --,-- No DIB Brand --,Palmer Donavin Mfg Company (PALDO),Digger Specialties Inc,DSI Westbury,,73272TBK,,Building Materials>Decking>Deck Posts & Deck Sleeves>Deck Posts,"Digger Specialties Inc, Deck Post, 73272TBK",DECK POST 10 6 6 10 6 6 ALUMINUM BLACK,Digger Specialties Inc 73272TBK Deck Post,"The 73272TBK deck post from Digger Specialties Inc is made of durable aluminum and features a sleek black color. With actual and nominal dimensions of 10 inches in length, 6 inches in width, and 6 inches in height, this post is designed to provide sturdy support. Additionally, it is described as a 6 in Deco Post, making it a stylish and functional choice for deck construction.",Deck Post,"Durable aluminum deck posts in black, ideal for deck construction and support.",,,,,,,,,,,,,,,,,,,,,,,,,,,Series,,,Actual Length,10,in,Actual Width,6,in,Actual Height,6,in,Nominal Length,10,in,Nominal Width,6,in,Nominal Height,6,in,Grade,,,Material,Aluminum,,Finish,,,Color,Black,,Installation Type,,,Additional Information,6 in Deco Post,,,,,,,,,,,,,,,,,,,,,,,,,,,,,,,,,,,,,,,,,,,,,,,,,,,,,,,,,,,,,,,,,,,,,,,,,,,,,,,,,,,,,,,,,,,,,,,,,,,,,,,,,,,,,,,,,,,,,,,,,,,,,,,,,,,,,,,,,,,,,,,,,,,,,,,,,,,,,,,
,,,,,,,,,,,543302127,6' Wh Select T-Rail Kit Stair - w/Sq Composite Balusters,TREX,-- No Unilog Brand --,-- No DIB Brand --,U S Lumber (3073),"Trex Company, Inc",TREX,,543302127,,Building Materials>Decking>Deck Stairs>Deck Stair Railing Kits,"Trex Company, Inc, Deck Stair Railing Kit, 543302127",DECK STAIR RAILING KIT WH SELECT T-TOP 6,"Trex Company, Inc 543302127 Deck Stair Railing Kit","The Trex Company, Inc Deck Stair Railing Kit, part number 543302127, is a comprehensive solution for stair railing needs, featuring a T-Top rail profile type made from durable composite material. This kit includes a 6-foot long railing that is 36 inches wide, available in white color to match various deck designs. It comes with square composite balusters/spindles that are 1 inch in diameter and 32 inches long, also in white, providing a cohesive look. As part of the Wh Select series, this stair railing kit is designed for installation on stairs, offering a reliable and sturdy option for deck construction or renovation projects.",Deck Stair Railing Kit,"Enhance your deck's safety and style with the Trex Deck Stair Railing Kit, a durable and low-maintenance composite railing solution designed specifically for stair installations.",,,,,,,,,,,,,,,,,,,,,,,,,,,Series,Wh Select,,Rail Profile Type,T-Top,,Rail Length,6,ft,Rail Width,36,in,Rail Material,Composite,,Rail Color,White,,Balusters/Spindles Design,Square,,Balusters/Spindles Top Style,Composite Balusters,,Balusters/Spindles Diameter,1,in,Balusters/Spindles Length,32,in,Balusters/Spindles Material,Composite,,Balusters/Spindles Color,White,,Installation Type,Stair,,Number of Pieces,Kit,,Additional Information,Stair,,,,,,,,,,,,,,,,,,,,,,,,,,,,,,,,,,,,,,,,,,,,,,,,,,,,,,,,,,,,,,,,,,,,,,,,,,,,,,,,,,,,,,,,,,,,,,,,,,,,,,,,,,,,,,,,,,,,,,,,,,,,,,,,,,,,,,,,,,,,,,,,,,,,,,,,,
,,,,,,,,,,,543302147,8' Wh Select T-Rail Kit Stair - w/Sq Composite Balusters,TREX,-- No Unilog Brand --,-- No DIB Brand --,U S Lumber (3073),"Trex Company, Inc",TREX,,543302147,,Building Materials>Decking>Deck Stairs>Deck Stair Railing Kits,"Trex Company, Inc, Deck Stair Railing Kit, 543302147",DECK STAIR RAILING KIT WH SELECT T-TOP 8,"Trex Company, Inc 543302147 Deck Stair Railing Kit","The Trex Company, Inc Deck Stair Railing Kit, part number 543302147, is a comprehensive solution for stair railings, belonging to the Wh Select series. This kit features a T-Top rail profile type, with each rail measuring 8 feet in length and 36 inches in width, made from durable composite material and finished in white. The kit includes square-designed balusters/spindles, topped with composite balusters, each measuring 1 inch in diameter and 32 inches in length, also made of composite material and colored white, designed for a stair installation.",Deck Stair Railing Kit,"Elevate your outdoor space with the Trex Deck Stair Railing Kit, a sturdy and stylish solution for stair railings. This kit provides a comprehensive and durable railing system, perfect for stair installations.",,,,,,,,,,,,,,,,,,,,,,,,,,,Series,Wh Select,,Rail Profile Type,T-Top,,Rail Length,8,ft,Rail Width,36,in,Rail Material,Composite,,Rail Color,White,,Balusters/Spindles Design,Square,,Balusters/Spindles Top Style,Composite Balusters,,Balusters/Spindles Diameter,1,in,Balusters/Spindles Length,32,in,Balusters/Spindles Material,Composite,,Balusters/Spindles Color,White,,Installation Type,Stair,,Number of Pieces,Kit,,Additional Information,Stair,,,,,,,,,,,,,,,,,,,,,,,,,,,,,,,,,,,,,,,,,,,,,,,,,,,,,,,,,,,,,,,,,,,,,,,,,,,,,,,,,,,,,,,,,,,,,,,,,,,,,,,,,,,,,,,,,,,,,,,,,,,,,,,,,,,,,,,,,,,,,,,,,,,,,,,,,
,,,,,,,,,,,73019599,Finyline Wh 6' Str Rail Kit Sq,-- Unbranded --,-- No Unilog Brand --,-- No DIB Brand --,-,,,,73019599,,Building Materials>Decking>Deck & Porch Railings>Deck Railing Kits,"Deck Railing Kit, 73019599",DECK RAILING KIT,73019599 Deck Railing Kit,,Deck Railing Kit,,,,,,,,,,,,,,,,,,,,,,,,,,,,Series,,,Rail Profile Type,,,Rail Length,,,Rail Width,,,Rail Material,,,Rail Color,,,Balusters/Spindles Design,,,Balusters/Spindles Top Style,,,Balusters/Spindles Diameter,,,Balusters/Spindles Length,,,Balusters/Spindles Material,,,Balusters/Spindles Color,,,Installation Type,,,Number of Pieces,,,Additional Information,,,,,,,,,,,,,,,,,,,,,,,,,,,,,,,,,,,,,,,,,,,,,,,,,,,,,,,,,,,,,,,,,,,,,,,,,,,,,,,,,,,,,,,,,,,,,,,,,,,,,,,,,,,,,,,,,,,,,,,,,,,,,,,,,,,,,,,,,,,,,,,,,,,,,,,,,,
,,,,,,,,,,,73019648,Finyline Wh 8' Str Rail Kit Sq,-- Unbranded --,-- No Unilog Brand --,-- No DIB Brand --,-,,,,73019648,,Building Materials>Decking>Deck & Porch Railings>Deck Railing Kits,"Deck Railing Kit, 73019648",DECK RAILING KIT,73019648 Deck Railing Kit,,Deck Railing Kit,,,,,,,,,,,,,,,,,,,,,,,,,,,,Series,,,Rail Profile Type,,,Rail Length,,,Rail Width,,,Rail Material,,,Rail Color,,,Balusters/Spindles Design,,,Balusters/Spindles Top Style,,,Balusters/Spindles Diameter,,,Balusters/Spindles Length,,,Balusters/Spindles Material,,,Balusters/Spindles Color,,,Installation Type,,,Number of Pieces,,,Additional Information,,,,,,,,,,,,,,,,,,,,,,,,,,,,,,,,,,,,,,,,,,,,,,,,,,,,,,,,,,,,,,,,,,,,,,,,,,,,,,,,,,,,,,,,,,,,,,,,,,,,,,,,,,,,,,,,,,,,,,,,,,,,,,,,,,,,,,,,,,,,,,,,,,,,,,,,,,
,,,,,,,,,,,73019598,Finyline Wh 6' Str Rail Kit Rd - w/Black Alum Balusters,-- Unbranded --,-- No Unilog Brand --,-- No DIB Brand --,-,,,,73019598,,Building Materials>Decking>Deck & Porch Railings>Deck Railing Kits,"Deck Railing Kit, 73019598",DECK RAILING KIT,73019598 Deck Railing Kit,,Deck Railing Kit,,,,,,,,,,,,,,,,,,,,,,,,,,,,Series,,,Rail Profile Type,,,Rail Length,,,Rail Width,,,Rail Material,,,Rail Color,,,Balusters/Spindles Design,,,Balusters/Spindles Top Style,,,Balusters/Spindles Diameter,,,Balusters/Spindles Length,,,Balusters/Spindles Material,,,Balusters/Spindles Color,,,Installation Type,,,Number of Pieces,,,Additional Information,,,,,,,,,,,,,,,,,,,,,,,,,,,,,,,,,,,,,,,,,,,,,,,,,,,,,,,,,,,,,,,,,,,,,,,,,,,,,,,,,,,,,,,,,,,,,,,,,,,,,,,,,,,,,,,,,,,,,,,,,,,,,,,,,,,,,,,,,,,,,,,,,,,,,,,,,,
,,,,,,,,,,,73019647,Finyline Wh 8' Str Rail Kit Rd - w/Black Alum Balusters,-- Unbranded --,-- No Unilog Brand --,-- No DIB Brand --,-,,,,73019647,,Building Materials>Decking>Deck & Porch Railings>Deck Railing Kits,"Deck Railing Kit, 73019647",DECK RAILING KIT,73019647 Deck Railing Kit,,Deck Railing Kit,,,,,,,,,,,,,,,,,,,,,,,,,,,,Series,,,Rail Profile Type,,,Rail Length,,,Rail Width,,,Rail Material,,,Rail Color,,,Balusters/Spindles Design,,,Balusters/Spindles Top Style,,,Balusters/Spindles Diameter,,,Balusters/Spindles Length,,,Balusters/Spindles Material,,,Balusters/Spindles Color,,,Installation Type,,,Number of Pieces,,,Additional Information,,,,,,,,,,,,,,,,,,,,,,,,,,,,,,,,,,,,,,,,,,,,,,,,,,,,,,,,,,,,,,,,,,,,,,,,,,,,,,,,,,,,,,,,,,,,,,,,,,,,,,,,,,,,,,,,,,,,,,,,,,,,,,,,,,,,,,,,,,,,,,,,,,,,,,,,,,
,,,,,,,,,,,543300257,6' Black Select Classic Stair - Rail w/Rnd Black Alum Baluster,TREX,-- No Unilog Brand --,-- No DIB Brand --,Boise Cascade Building Materials (BOICA),"Trex Company, Inc",TREX,,543300257,,Building Materials>Decking>Deck & Porch Railings>Deck Railing Kits,"Trex Company, Inc, Deck Railing Kit, 543300257",DECK RAILING KIT,"Trex Company, Inc 543300257 Deck Railing Kit",,Deck Railing Kit,,,,,,,,,,,,,,,,,,,,,,,,,,,,Series,,,Rail Profile Type,,,Rail Length,,,Rail Width,,,Rail Material,,,Rail Color,,,Balusters/Spindles Design,,,Balusters/Spindles Top Style,,,Balusters/Spindles Diameter,,,Balusters/Spindles Length,,,Balusters/Spindles Material,,,Balusters/Spindles Color,,,Installation Type,,,Number of Pieces,,,Additional Information,,,,,,,,,,,,,,,,,,,,,,,,,,,,,,,,,,,,,,,,,,,,,,,,,,,,,,,,,,,,,,,,,,,,,,,,,,,,,,,,,,,,,,,,,,,,,,,,,,,,,,,,,,,,,,,,,,,,,,,,,,,,,,,,,,,,,,,,,,,,,,,,,,,,,,,,,,
,,,,,,,,,,,543300277,8' Black Select Classic Stair - Rail w/Rnd Black Alum Baluster,TREX,-- No Unilog Brand --,-- No DIB Brand --,Boise Cascade Building Materials (BOICA),"Trex Company, Inc",TREX,,543300277,,Building Materials>Decking>Deck & Porch Railings>Deck Railing Kits,"Trex Company, Inc, Deck Railing Kit, 543300277",DECK RAILING KIT,"Trex Company, Inc 543300277 Deck Railing Kit",,Deck Railing Kit,,,,,,,,,,,,,,,,,,,,,,,,,,,,Series,,,Rail Profile Type,,,Rail Length,,,Rail Width,,,Rail Material,,,Rail Color,,,Balusters/Spindles Design,,,Balusters/Spindles Top Style,,,Balusters/Spindles Diameter,,,Balusters/Spindles Length,,,Balusters/Spindles Material,,,Balusters/Spindles Color,,,Installation Type,,,Number of Pieces,,,Additional Information,,,,,,,,,,,,,,,,,,,,,,,,,,,,,,,,,,,,,,,,,,,,,,,,,,,,,,,,,,,,,,,,,,,,,,,,,,,,,,,,,,,,,,,,,,,,,,,,,,,,,,,,,,,,,,,,,,,,,,,,,,,,,,,,,,,,,,,,,,,,,,,,,,,,,,,,,,
,,,,,,,,,,,SPB-44BPL,"Patriot 4""x4""x37""/43"" Adjustable Self Leveling Support Post",-- Unbranded --,-- No Unilog Brand --,-- No DIB Brand --,-,,,,SPB-44BPL,,Test & Measurement>Measuring & Layout Tools>Levels>Rotary & Straight Line Laser Levels,"Rotary & Straight Line Laser Level, SPB-44BPL",ROTARY & STRAIGHT LINE LASER LEVEL,SPB-44BPL Rotary & Straight Line Laser Level,,Rotary & Straight Line Laser Level,,,,,,,,,,,,,,,,,,,,,,,,,,,,Model,,,Size,,,Working Range with Detector,,,Working Range without Detector,,,Accuracy,,,Leveling Range,,,Laser Projection,,,Leveling Type,,,Thread Size,,,IP Rating,,,Power Source,,,Number of Lines,,,Number of Beams,,,Material,,,Finish,,,Laser Color,,,Dimensions,,,Temperature Rating,,,Additional Information,,,,,,,,,,,,,,,,,,,,,,,,,,,,,,,,,,,,,,,,,,,,,,,,,,,,,,,,,,,,,,,,,,,,,,,,,,,,,,,,,,,,,,,,,,,,,,,,,,,,,,,,,,,,,,,,,,,,,,,,,,,,,,,,,,,,,,,,,,,,,,
,,,,,,,,,,,925219,"2""x50' Deck Joist Tape - Protecto Wrap",-- Unbranded --,-- No Unilog Brand --,-- No DIB Brand --,Palmer Donavin Mfg Company (PALDO),Digger Specialties Inc,,,925219,,Electrical>Lamps & Lightings>Indoor Lighting>Indoor Strip & Tape Lighting,"Digger Specialties Inc, Indoor Strip & Tape Lighting, 925219",INDOOR STRIP & TAPE LIGHTING,Digger Specialties Inc 925219 Indoor Strip & Tape Lighting,,Indoor Strip & Tape Lighting,,,,,,,,,,,,,,,,,,,,,,,,,,,,Collection,,,Fixture Wattage,,,Voltage Rating,,,Amperage Rating,,,Frequency Rating,,,Bulb Type,,,Bulb Wattage,,,Bulb Base,,,Number of Bulbs,,,Lumens,,,Color Temperature,,,Color Rendering Index (CRI),,,Beam Type,,,Beam Angle,,,Average Life,,,Dimmable/Non-Dimmable,,,Fixture Material,,,Fixture Finish,,,Mounting Type,,,Enclosure Type,,,Dimensions,,,Bulb Included,,,Additional Information,,,,,,,,,,,,,,,,,,,,,,,,,,,,,,,,,,,,,,,,,,,,,,,,,,,,,,,,,,,,,,,,,,,,,,,,,,,,,,,,,,,,,,,,,,,,,,,,,,,,,,,,,,,,,,,,,,,,,,,,,,,,,,,,,,
,,,,,,,,,,,27233,24x48 WH Attic Access Door,AJM,-- No Unilog Brand --,-- No DIB Brand --,A J Manufacturing Inc (AJMAN),A-J Manufacturing Company,AJM,,27233,,Building Materials>Doors & Windows>Exterior Doors>Access Doors,"A-J Manufacturing Company, Access Door, 27233",ACCESS DOOR WH 24 48 1 22-7/16 46-7/16,A-J Manufacturing Company 27233 Access Door,"The A-J Manufacturing Company Access Door, part number 27233, is a WH Series door designed for efficient access. It features a 24-inch width and 48-inch height, with a door thickness of 1 inch, fitting into an opening of 22-7/16 inches wide and 46-7/16 inches high. The door is made of polystyrene/steel, with an aluminum frame and polystyrene insulation, providing an R-Value of R6.5. It has a polyester-painted finish in white and is constructed with 24-gauge material. The fixed pin hinge type ensures secure and stable operation, and it comes with an egress pull cord for easy opening.",Access Door,Provide secure and insulated access with the A-J Manufacturing Company Access Door. This WH Series door offers a durable polystyrene/steel construction and efficient insulation. It is designed for reliable operation and easy access.,,,,,,,,,,,,,,,,,,,,,,,,,,,Series,WH,,Door Width,24,in,Door Height,48,in,Door Thickness,1,in,Opening Width,22-7/16,in,Opening Height,46-7/16,in,Color,White,,Finish,Polyester-Painted,,Gauge,24,ga,R-Value,R6.5,,Door Material,Polystyrene/Steel,,Frame Material,Aluminum,,Insulation Material,Polystyrene,,Handle Type,,,Locking Type,,,Hinge Type,Fixed Pin,,Additional Information,Egress Pull Cord,,,,,,,,,,,,,,,,,,,,,,,,,,,,,,,,,,,,,,,,,,,,,,,,,,,,,,,,,,,,,,,,,,,,,,,,,,,,,,,,,,,,,,,,,,,,,,,,,,,,,,,,,,,,,,,,,,,,,,,,,,,,,,,,,,,,,,,,,,,,,,,,,,,
,,,,,,,,,,,1517602,6068R Gliding Patio Dr 4500 United Blk Ext/WH Int LowE Arg w/J,United Window & Door,-- No Unilog Brand --,-- No DIB Brand --,United Window & Door Manufacturing (UNIWI),United Window & Door,United Window & Door,,1517602,,Building Materials>Doors & Windows>Exterior Doors>Patio Doors,"United Window & Door, Patio Door, 1517602",PATIO DOOR 4500 SERIES 71-1/2 79-1/2 72,United Window & Door 1517602 Patio Door,"The United Window & Door 4500 Series patio door, part number 1517602, is a high-quality vinyl door designed for durability and performance. With a door width of 71-1/2 inches and a door height of 79-1/2 inches, this door fits openings of 72 inches in width and 80 inches in height. The 0.075-inch thick door features a solid core and is constructed with a nailing fin panel type, providing a secure and weather-tight seal. The tempered glass and 1-point mortise locking type ensure added safety and security. Available in a black/white color option, this left-hand door has two panels/lites and is made from low-maintenance vinyl for the frame and door material.",Patio Door,"Enhance your outdoor living space with the United Window & Door 4500 Series patio door, offering a durable and low-maintenance vinyl construction. This door provides a secure and weather-tight seal, ensuring a comfortable indoor climate.",,,,,,,,,,,,,,,,,,,,,,,,,,,Series,4500 Series,,Door Width,71-1/2,in,Door Height,79-1/2,in,Door Thickness,0.075,in,Opening Width,72,in,Opening Height,80,in,Door Color,Black/White,,Door Finish,,,Door Material,Vinyl,,Frame Material,Vinyl,,Door Handing,Left,,Texture Type,,,Number of Panels/Lites,2,,Panel Type,Nailing Fin,,Glass Type,Tempered,,Core Type,Solid,,Handle Type,,,Locking Type,1-Point Mortise,,Hinge Type,,,Paintable/Stainable,,,Additional Information,,,,,,,,,,,,,,,,,,,,,,,,,,,,,,,,,,,,,,,,,,,,,,,,,,,,,,,,,,,,,,,,,,,,,,,,,,,,,,,,,,,,,,,,,,,,,,,,,,,,,,,,,,,,,,,,,,,,,,,,,,,,,,,,,,,,,,,,
,,,,,,,,,,,1517603,6068L Gliding Patio Dr 4500 United Blk Ext/WH Int LowE Arg w/J,United Window & Door,-- No Unilog Brand --,-- No DIB Brand --,United Window & Door Manufacturing (UNIWI),United Window & Door,United Window & Door,,1517603,,Building Materials>Doors & Windows>Exterior Doors>Patio Doors,"United Window & Door, Patio Door, 1517603",PATIO DOOR 4500 SERIES 71-1/2 79-1/2 72,United Window & Door 1517603 Patio Door,"The 4500 Series patio door from United Window & Door, part number 1517603, offers a durable and low-maintenance solution with its vinyl door and frame construction. This left-handed door features two panels/lites, each with a nailing fin panel type and tempered glass for added safety. The door measures 71-1/2 inches in width, 79-1/2 inches in height, and has a thickness of 0.075 inches, fitting into an opening of 72 inches by 80 inches. The black/white color option provides a sleek and versatile appearance, while the solid core and 1-point mortise locking type ensure security and stability.",Patio Door,"Experience durability and style with the 4500 Series patio door, featuring a vinyl construction and tempered glass for a low-maintenance and safe outdoor living solution. With its sleek black/white color option, this door is perfect for any home or business.",,,,,,,,,,,,,,,,,,,,,,,,,,,Series,4500 Series,,Door Width,71-1/2,in,Door Height,79-1/2,in,Door Thickness,0.075,in,Opening Width,72,in,Opening Height,80,in,Door Color,Black/White,,Door Finish,,,Door Material,Vinyl,,Frame Material,Vinyl,,Door Handing,Left,,Texture Type,,,Number of Panels/Lites,2,,Panel Type,Nailing Fin,,Glass Type,Tempered,,Core Type,Solid,,Handle Type,,,Locking Type,1-Point Mortise,,Hinge Type,,,Paintable/Stainable,,,Additional Information,,,,,,,,,,,,,,,,,,,,,,,,,,,,,,,,,,,,,,,,,,,,,,,,,,,,,,,,,,,,,,,,,,,,,,,,,,,,,,,,,,,,,,,,,,,,,,,,,,,,,,,,,,,,,,,,,,,,,,,,,,,,,,,,,,,,,,,,
,,,,,,,,,,,1517604,6068L Gliding Patio Dr 4500 United White LowE Arg w/J,United Window & Door,-- No Unilog Brand --,-- No DIB Brand --,United Window & Door Manufacturing (UNIWI),United Window & Door,United Window & Door,,1517604,,Building Materials>Doors & Windows>Exterior Doors>Patio Doors,"United Window & Door, Patio Door, 1517604",PATIO DOOR,United Window & Door 1517604 Patio Door,,Patio Door,,,,,,,,,,,,,,,,,,,,,,,,,,,,Series,,,Door Width,,,Door Height,,,Door Thickness,,,Opening Width,,,Opening Height,,,Door Color,,,Door Finish,,,Door Material,,,Frame Material,,,Door Handing,,,Texture Type,,,Number of Panels/Lites,,,Panel Type,,,Glass Type,,,Core Type,,,Handle Type,,,Locking Type,,,Hinge Type,,,Paintable/Stainable,,,Additional Information,,,,,,,,,,,,,,,,,,,,,,,,,,,,,,,,,,,,,,,,,,,,,,,,,,,,,,,,,,,,,,,,,,,,,,,,,,,,,,,,,,,,,,,,,,,,,,,,,,,,,,,,,,,,,,,,,,,,,,,,,,,,,,,,,,,,,,,,
,,,,,,,,,,,1517605,6068R Gliding Patio Dr 4500 United White LowE Arg w/J,United Window & Door,-- No Unilog Brand --,-- No DIB Brand --,United Window & Door Manufacturing (UNIWI),United Window & Door,United Window & Door,,1517605,,Building Materials>Doors & Windows>Exterior Doors>Patio Doors,"United Window & Door, Patio Door, 1517605",PATIO DOOR 4500 SERIES 71-1/2 79-1/2 72,United Window & Door 1517605 Patio Door,"The United Window & Door 4500 Series patio door, part number 1517605, is a high-quality vinyl door designed for durability and performance. Measuring 71-1/2 inches in width and 79-1/2 inches in height, with a door thickness of 0.075 inches, this door is suited for openings of 72 inches in width and 80 inches in height. The white vinyl door and frame provide a low-maintenance exterior, while the tempered glass and solid core ensure strength and security. The 2-panel configuration features a nailing fin panel type and is equipped with a 1-point mortise locking system, with the door handing being on the right side.",Patio Door,"Enhance your outdoor living space with the United Window & Door 4500 Series patio door, offering a durable and low-maintenance vinyl construction. This door provides a secure and stylish entrance to your patio or deck.",,,,,,,,,,,,,,,,,,,,,,,,,,,Series,4500 Series,,Door Width,71-1/2,in,Door Height,79-1/2,in,Door Thickness,0.075,in,Opening Width,72,in,Opening Height,80,in,Door Color,White,,Door Finish,,,Door Material,Vinyl,,Frame Material,Vinyl,,Door Handing,Right,,Texture Type,,,Number of Panels/Lites,2,,Panel Type,Nailing Fin,,Glass Type,Tempered,,Core Type,Solid,,Handle Type,,,Locking Type,1-Point Mortise,,Hinge Type,,,Paintable/Stainable,,,Additional Information,,,,,,,,,,,,,,,,,,,,,,,,,,,,,,,,,,,,,,,,,,,,,,,,,,,,,,,,,,,,,,,,,,,,,,,,,,,,,,,,,,,,,,,,,,,,,,,,,,,,,,,,,,,,,,,,,,,,,,,,,,,,,,,,,,,,,,,,
,,,,,,,,,,,FS C01 2004S,"FS C01 Velux Fxd Skylt Gry/Wh - w/Solar Shade RO 21""x26-7/8""",-- Unbranded --,-- No Unilog Brand --,-- No DIB Brand --,Velux America Inc (VELAM),VELUX Group,,,FS C01 2004S,,Building Materials>Doors & Windows>Skylights>Fixed Skylights,"VELUX Group, Fixed Skylight, FS C01 2004S",FIXED SKYLIGHT FS SERIES FIXED 21 26-7/8,VELUX Group FS C01 2004S Fixed Skylight,"The VELUX Group FS C01 2004S fixed skylight is part of the FS Series, offering a pre-finished gray/white frame that provides a sleek and modern appearance. This deck-mount skylight features a double-glazed design for energy efficiency and is specifically designed to fit a rough opening width of 21 inches and a rough opening height of 26-7/8 inches. The fixed frame type ensures a low-maintenance and durable solution for bringing natural light into any space.",Fixed Skylight,"Bring in natural light with the VELUX Group FS C01 2004S fixed skylight, featuring a durable pre-finished frame and energy-efficient double glazing.",,,,,,,,,,,,,,,,,,,,,,,,,,,Series,FS Series,,Daylight Area,,,Glass Type,,,Frame Type,Fixed,,Frame Material,,,Frame Color,Gray/White,,Frame Finish,Pre-Finished,,Glazing Type,Double Glazed,,Locking Type,,,Roof Pitch,,,UV Protection,,,U-Factor,,,Installation Type,Deck-Mount,,Rough Opening Width,21,in,Rough Opening Height,26-7/8,in,Overall Width,,,Overall Height,,,Overall Depth,,,Additional Information,,,,,,,,,,,,,,,,,,,,,,,,,,,,,,,,,,,,,,,,,,,,,,,,,,,,,,,,,,,,,,,,,,,,,,,,,,,,,,,,,,,,,,,,,,,,,,,,,,,,,,,,,,,,,,,,,,,,,,,,,,,,,,,,,,,,,,,,,,,,,,
,,,,,,,,,,,FS C04 2004S,"FS C04 Velux Fxd Skylt Gry/Wh - w/Solar Shade RO 21""x37-7/8""",-- Unbranded --,-- No Unilog Brand --,-- No DIB Brand --,Velux America Inc (VELAM),VELUX Group,,,FS C04 2004S,,Building Materials>Doors & Windows>Skylights>Fixed Skylights,"VELUX Group, Fixed Skylight, FS C04 2004S",FIXED SKYLIGHT FS SERIES 4.43 LAMINATED,VELUX Group FS C04 2004S Fixed Skylight,"The VELUX Group FS C04 2004S fixed skylight is part of the FS Series, offering a daylight area of 4.43 square feet. This skylight features a laminated glass type and a double-glazed glazing type for optimal energy efficiency. The frame is made of wood, with a pre-finished gray/white color, and is designed for deck-mount installation. The rough opening requirements are 21 inches in width and 37-7/8 inches in height. An additional feature of this skylight is the inclusion of a white room-darkening solar powered shade.",Fixed Skylight,"Bring natural light into your space with the VELUX Group FS C04 2004S fixed skylight, featuring a laminated glass and double-glazed design for energy efficiency. Includes a white room-darkening solar powered shade for added convenience.",,,,,,,,,,,,,,,,,,,,,,,,,,,Series,FS Series,,Daylight Area,4.43,sq-ft,Glass Type,Laminated,,Frame Type,Fixed,,Frame Material,Wood,,Frame Color,Gray/White,,Frame Finish,Pre-Finished,,Glazing Type,Double Glazed,,Locking Type,,,Roof Pitch,,,UV Protection,,,U-Factor,,,Installation Type,Deck-Mount,,Rough Opening Width,21,in,Rough Opening Height,37-7/8,in,Overall Width,,,Overall Height,,,Overall Depth,,,Additional Information,White Room-Darkening Solar Powered Shade,,,,,,,,,,,,,,,,,,,,,,,,,,,,,,,,,,,,,,,,,,,,,,,,,,,,,,,,,,,,,,,,,,,,,,,,,,,,,,,,,,,,,,,,,,,,,,,,,,,,,,,,,,,,,,,,,,,,,,,,,,,,,,,,,,,,,,,,,,,,,
,,,,,,,,,,,FS C06 2004S,"FS C06 Velux Fxd Skylt Gry/Wh - w/Solar Shade RO 21""x45-7/8""",-- Unbranded --,-- No Unilog Brand --,-- No DIB Brand --,Velux America Inc (VELAM),VELUX Group,,,FS C06 2004S,,Building Materials>Doors & Windows>Skylights>Fixed Skylights,"VELUX Group, Fixed Skylight, FS C06 2004S",FIXED SKYLIGHT FS SERIES FIXED 21 45-7/8,VELUX Group FS C06 2004S Fixed Skylight,"The VELUX Group FS C06 2004S fixed skylight is part of the FS Series, offering a pre-finished frame in a gray/white color that complements a variety of architectural styles. This deck-mount skylight features a fixed frame type, providing a sleek and unobtrusive design. With double-glazed glazing, it ensures energy efficiency and reduces noise pollution. The FS C06 2004S is designed for a rough opening width of 21 inches and a rough opening height of 45-7/8 inches, making it a suitable option for various roofing applications.",Fixed Skylight,"Bring natural light into your space with the VELUX Group FS C06 2004S fixed skylight, offering a sleek and energy-efficient solution for your roofing needs.",,,,,,,,,,,,,,,,,,,,,,,,,,,Series,FS Series,,Daylight Area,,,Glass Type,,,Frame Type,Fixed,,Frame Material,,,Frame Color,Gray/White,,Frame Finish,Pre-Finished,,Glazing Type,Double Glazed,,Locking Type,,,Roof Pitch,,,UV Protection,,,U-Factor,,,Installation Type,Deck-Mount,,Rough Opening Width,21,in,Rough Opening Height,45-7/8,in,Overall Width,,,Overall Height,,,Overall Depth,,,Additional Information,,,,,,,,,,,,,,,,,,,,,,,,,,,,,,,,,,,,,,,,,,,,,,,,,,,,,,,,,,,,,,,,,,,,,,,,,,,,,,,,,,,,,,,,,,,,,,,,,,,,,,,,,,,,,,,,,,,,,,,,,,,,,,,,,,,,,,,,,,,,,,
,,,,,,,,,,,1501831,31.5x14.75 Bsmt ecoLitePlus WH - Hopper DLA w/Screen,PROVIA,-- No Unilog Brand --,-- No DIB Brand --,ProVia (PRODO),,PROVIA,,1501831,,Appliances & Consumer Electronics>Laundry Appliances>Gas Dryers,"Gas Dryer, 1501831",GAS DRYER,1501831 Gas Dryer,,Gas Dryer,,,,,,,,,,,,,,,,,,,,,,,,,,,,Series,,,Model,,,Capacity,,,Rotational Speed,,,BTU Rating,,,Drum Type,,,Fuel Type,,,Depth With Door Open,,,Height With Lid Open,,,Number of Cycles,,,Number of Temperature Setting,,,Color,,,Dimensions,,,Additional Information,,,,,,,,,,,,,,,,,,,,,,,,,,,,,,,,,,,,,,,,,,,,,,,,,,,,,,,,,,,,,,,,,,,,,,,,,,,,,,,,,,,,,,,,,,,,,,,,,,,,,,,,,,,,,,,,,,,,,,,,,,,,,,,,,,,,,,,,,,,,,,,,,,,,,,,,,,,,,
,,,,,,,,,,,1501832,31.5x22.75 Bsmt ecoLitePlus WH - Hopper DLA w/Screen,PROVIA,-- No Unilog Brand --,-- No DIB Brand --,ProVia (PRODO),,PROVIA,,1501832,,Appliances & Consumer Electronics>Laundry Appliances>Gas Dryers,"Gas Dryer, 1501832",GAS DRYER,1501832 Gas Dryer,,Gas Dryer,,,,,,,,,,,,,,,,,,,,,,,,,,,,Series,,,Model,,,Capacity,,,Rotational Speed,,,BTU Rating,,,Drum Type,,,Fuel Type,,,Depth With Door Open,,,Height With Lid Open,,,Number of Cycles,,,Number of Temperature Setting,,,Color,,,Dimensions,,,Additional Information,,,,,,,,,,,,,,,,,,,,,,,,,,,,,,,,,,,,,,,,,,,,,,,,,,,,,,,,,,,,,,,,,,,,,,,,,,,,,,,,,,,,,,,,,,,,,,,,,,,,,,,,,,,,,,,,,,,,,,,,,,,,,,,,,,,,,,,,,,,,,,,,,,,,,,,,,,,,,
,,,,,,,,,,,1515974,3030 Slider 3900 United Black WH Int LowE-2 w/Half Scrn w/J,United Window & Door,-- No Unilog Brand --,-- No DIB Brand --,-,,United Window & Door,,1515974,,Building Materials>Doors & Windows>Exterior Doors>Patio Doors,"Patio Door, 1515974",PATIO DOOR,1515974 Patio Door,,Patio Door,,,,,,,,,,,,,,,,,,,,,,,,,,,,Series,,,Door Width,,,Door Height,,,Door Thickness,,,Opening Width,,,Opening Height,,,Door Color,,,Door Finish,,,Door Material,,,Frame Material,,,Door Handing,,,Texture Type,,,Number of Panels/Lites,,,Panel Type,,,Glass Type,,,Core Type,,,Handle Type,,,Locking Type,,,Hinge Type,,,Paintable/Stainable,,,Additional Information,,,,,,,,,,,,,,,,,,,,,,,,,,,,,,,,,,,,,,,,,,,,,,,,,,,,,,,,,,,,,,,,,,,,,,,,,,,,,,,,,,,,,,,,,,,,,,,,,,,,,,,,,,,,,,,,,,,,,,,,,,,,,,,,,,,,,,,,
,,,,,,,,,,,640383,"1/2"" 54""x10 Drywall Easi-Lite",-- Unbranded --,-- No Unilog Brand --,-- No DIB Brand --,Certainteed Gypsum (2765),,,,640383,,,,,,,,,,,,,,,,,,,,,,,,,,,,,,,,,,,,,,,,,,,,,,,,,,,,,,,,,,,,,,,,,,,,,,,,,,,,,,,,,,,,,,,,,,,,,,,,,,,,,,,,,,,,,,,,,,,,,,,,,,,,,,,,,,,,,,,,,,,,,,,,,,,,,,,,,,,,,,,,,,,,,,,,,,,,,,,,,,,,,,,,,,,,,,,,,,,,,,,,,,,,,,,,,,,,,,,,,,,,,,,,,,,,,,,
,,,,,,,,,,,653258,"5/8"" 4x9 Drywall Firelite",-- Unbranded --,-- No Unilog Brand --,-- No DIB Brand --,Certainteed Gypsum (2765),,,,653258,,,,,,,,,,,,,,,,,,,,,,,,,,,,,,,,,,,,,,,,,,,,,,,,,,,,,,,,,,,,,,,,,,,,,,,,,,,,,,,,,,,,,,,,,,,,,,,,,,,,,,,,,,,,,,,,,,,,,,,,,,,,,,,,,,,,,,,,,,,,,,,,,,,,,,,,,,,,,,,,,,,,,,,,,,,,,,,,,,,,,,,,,,,,,,,,,,,,,,,,,,,,,,,,,,,,,,,,,,,,,,,,,,,,,,,
,,,,,,,,,,,413S-DBA-36,"413S 36"" Alum Threshold DBZ",HAGER,-- No Unilog Brand --,-- No DIB Brand --,Hager Hinge Co (4189),HAGER COMPANIES,HAGER,,413S-DBA-36,,Building Materials>Flooring>Floor Moulding & Trims>Thresholds,"HAGER COMPANIES, Threshold, 413S-DBA-36","THRESHOLD 413S 36"" SADDLE ALUMINUM 36 5",HAGER COMPANIES 413S-DBA-36 Threshold,"The 413S-DBA-36 threshold from HAGER COMPANIES is a 36"" saddle-shaped profile made of aluminum, finished in dark bronze anodized. It measures 36"" in length, 5"" in width, and 1/4"" in height. This threshold is designed to resist moisture and can be installed using screws. It is suitable for use with hollow-metal-type fire doors, wood and plastic covered composite-type fire doors, and wood core doors, making it a versatile option for various applications.",Threshold,"Enhance your doors with the 413S-DBA-36 threshold, a durable and moisture-resistant aluminum solution suitable for fire doors and various other door types.",,,,,,,,,,,,,,,,,,,,,,,,,,,Series,413S,,Shape,"36""",,Profile Type,Saddle,,Material,Aluminum,,Finish,Dark Bronze Anodized,,Color,,,Length,36,in,Width,5,in,Height,1/4,in,Resists,Moisture,,Installation Type,Screw,,Suitable For Use With,"Hollow-Metal-Type Fire Doors, Wood and Plastic Covered Composite-Type Fire Doors, Wood Core Doors",,Additional Information,,,,,,,,,,,,,,,,,,,,,,,,,,,,,,,,,,,,,,,,,,,,,,,,,,,,,,,,,,,,,,,,,,,,,,,,,,,,,,,,,,,,,,,,,,,,,,,,,,,,,,,,,,,,,,,,,,,,,,,,,,,,,,,,,,,,,,,,,,,,,,,,,,,,,,,,,,,,,,,,
,,,,,,,,,,,413S-DBA-72,"413S 72"" Alum Threshold DBZ",HAGER,-- No Unilog Brand --,-- No DIB Brand --,Hager Hinge Co (4189),HAGER COMPANIES,HAGER,,413S-DBA-72,,Building Materials>Flooring>Floor Moulding & Trims>Thresholds,"HAGER COMPANIES, Threshold, 413S-DBA-72","THRESHOLD 413S 72"" SADDLE ALUMINUM 72 5",HAGER COMPANIES 413S-DBA-72 Threshold,"The 413S-DBA-72 threshold from HAGER COMPANIES is a 72"" long, saddle-shaped profile made of aluminum with a dark bronze anodized finish. It has a width of 5"" and a height of 1/4"", making it suitable for various door installations. This threshold is resistant to moisture and can be installed using screws. It is designed for use with hollow-metal-type fire doors, wood and plastic covered composite-type fire doors, and wood core doors, providing a durable and reliable solution.",Threshold,"Enhance your door installations with the 413S-DBA-72 threshold, offering moisture resistance and durability for various fire door types.",,,,,,,,,,,,,,,,,,,,,,,,,,,Series,413S,,Shape,"72""",,Profile Type,Saddle,,Material,Aluminum,,Finish,Dark Bronze Anodized,,Color,,,Length,72,in,Width,5,in,Height,1/4,in,Resists,Moisture,,Installation Type,Screw,,Suitable For Use With,"Hollow-Metal-Type Fire Doors, Wood and Plastic Covered Composite-Type Fire Doors, Wood Core Doors",,Additional Information,,,,,,,,,,,,,,,,,,,,,,,,,,,,,,,,,,,,,,,,,,,,,,,,,,,,,,,,,,,,,,,,,,,,,,,,,,,,,,,,,,,,,,,,,,,,,,,,,,,,,,,,,,,,,,,,,,,,,,,,,,,,,,,,,,,,,,,,,,,,,,,,,,,,,,,,,,,,,,,,
,,,,,,,,,,,1511506,4'x65' Zip Rainscreen,-- Unbranded --,-- No Unilog Brand --,-- No DIB Brand --,Huber Eng Wood LLC (3158),J.M. Huber Corporation,,,1511506,,Building Materials>House Wraps & Tapes>House Wraps,"J.M. Huber Corporation, House Wrap, 1511506",HOUSE WRAP ZIP 65 4 1/4 7 POLYMERIC 260,J.M. Huber Corporation 1511506 House Wrap,"The Zip series house wrap, part number 1511506 from J.M. Huber Corporation, is a polymeric material designed to provide effective protection against water. Measuring 65 inches in length and 4 inches in width, with a thickness of 1/4 inch, this house wrap offers a perm rating of 7. It is capable of covering an area of 260 square inches, making it a practical choice for various construction projects. Its polymeric composition and specified thickness contribute to its durability and water-resisting properties.",House Wrap,"Protect your construction projects with the Zip series house wrap, a durable and water-resistant solution. This polymeric house wrap provides reliable performance and coverage. ",,,,,,,,,,,,,,,,,,,,,,,,,,,Series,Zip,,Length,65,ft,Width,4,ft,Thickness,1/4,in,Perm Rating,7,perm,Insulation Type,,,Material,Polymeric,,Color,,,Resists,Water,,Coverage Area,260,sq-ft,Additional Information,,,,,,,,,,,,,,,,,,,,,,,,,,,,,,,,,,,,,,,,,,,,,,,,,,,,,,,,,,,,,,,,,,,,,,,,,,,,,,,,,,,,,,,,,,,,,,,,,,,,,,,,,,,,,,,,,,,,,,,,,,,,,,,,,,,,,,,,,,,,,,,,,,,,,,,,,,,,,,,,,,,,,,
,,,,,,,,,,,1513577,1x8-12' Doug Fir STK Smooth 1S2E,COMMODITY - UNBRANDED,-- No Unilog Brand --,-- No DIB Brand --,Westwood Lumber Sales (WESLU),,COMMODITY - UNBRANDED,,1513577,,,,,,,,,,,,,,,,,,,,,,,,,,,,,,,,,,,,,,,,,,,,,,,,,,,,,,,,,,,,,,,,,,,,,,,,,,,,,,,,,,,,,,,,,,,,,,,,,,,,,,,,,,,,,,,,,,,,,,,,,,,,,,,,,,,,,,,,,,,,,,,,,,,,,,,,,,,,,,,,,,,,,,,,,,,,,,,,,,,,,,,,,,,,,,,,,,,,,,,,,,,,,,,,,,,,,,,,,,,,,,,,,,,,,,,
,,,,,,,,,,,1513578,1x8-16' Doug Fir STK Smooth 1S2E,COMMODITY - UNBRANDED,-- No Unilog Brand --,-- No DIB Brand --,Westwood Lumber Sales (WESLU),,COMMODITY - UNBRANDED,,1513578,,,,,,,,,,,,,,,,,,,,,,,,,,,,,,,,,,,,,,,,,,,,,,,,,,,,,,,,,,,,,,,,,,,,,,,,,,,,,,,,,,,,,,,,,,,,,,,,,,,,,,,,,,,,,,,,,,,,,,,,,,,,,,,,,,,,,,,,,,,,,,,,,,,,,,,,,,,,,,,,,,,,,,,,,,,,,,,,,,,,,,,,,,,,,,,,,,,,,,,,,,,,,,,,,,,,,,,,,,,,,,,,,,,,,,,
,,,,,,,,,,,1513579,1x12-12 'Doug Fir STK Smooth 1S2E,COMMODITY - UNBRANDED,-- No Unilog Brand --,-- No DIB Brand --,Westwood Lumber Sales (WESLU),,COMMODITY - UNBRANDED,,1513579,,,,,,,,,,,,,,,,,,,,,,,,,,,,,,,,,,,,,,,,,,,,,,,,,,,,,,,,,,,,,,,,,,,,,,,,,,,,,,,,,,,,,,,,,,,,,,,,,,,,,,,,,,,,,,,,,,,,,,,,,,,,,,,,,,,,,,,,,,,,,,,,,,,,,,,,,,,,,,,,,,,,,,,,,,,,,,,,,,,,,,,,,,,,,,,,,,,,,,,,,,,,,,,,,,,,,,,,,,,,,,,,,,,,,,,
,,,,,,,,,,,1513580,1x12-16' Doug Fir STK Smooth 1S2E,COMMODITY - UNBRANDED,-- No Unilog Brand --,-- No DIB Brand --,Westwood Lumber Sales (WESLU),,COMMODITY - UNBRANDED,,1513580,,,,,,,,,,,,,,,,,,,,,,,,,,,,,,,,,,,,,,,,,,,,,,,,,,,,,,,,,,,,,,,,,,,,,,,,,,,,,,,,,,,,,,,,,,,,,,,,,,,,,,,,,,,,,,,,,,,,,,,,,,,,,,,,,,,,,,,,,,,,,,,,,,,,,,,,,,,,,,,,,,,,,,,,,,,,,,,,,,,,,,,,,,,,,,,,,,,,,,,,,,,,,,,,,,,,,,,,,,,,,,,,,,,,,,,
,,,,,,,,,,,1501767,"3/4"" 4x8T&G Huber Blue PlusOSB - Sub Floor",-- Unbranded --,-- No Unilog Brand --,-- No DIB Brand --,-,,,,1501767,,Building Materials>Lumber & Composites>Plywood>Oriented Strand Board (OSB),"Oriented Strand Board (OSB), 1501767",ORIENTED STRAND BOARD (OSB) 4 8 23/32,1501767 Oriented Strand Board (OSB),"The Oriented Strand Board (OSB) with part number 1501767 is a high-quality building material featuring a nominal length of 4 feet and a nominal width of 8 feet. It has a nominal thickness of 23/32 inches, providing a sturdy base for various construction applications. The sanded texture type ensures a smooth surface, while the tongue and groove appearance facilitates easy and secure installation. With an Exposure 1 grade, this OSB is suitable for applications where it may be exposed to the elements during construction.",Oriented Strand Board (OSB),"Get durable and reliable performance with our OSB, perfect for construction projects where exposure to the elements is a concern. Its tongue and groove design makes installation a breeze.",,,,,,,,,,,,,,,,,,,,,,,,,,,Series,,,Nominal Length,4,ft,Nominal Width,8,ft,Nominal Thickness,23/32,in,Actual Length,,,Actual Width,,,Actual Thickness,,,Texture Type,Sanded,,Appearance,Tongue and Groove,,Grade,Exposure 1,,Wood Species,,,Additional Information,,,,,,,,,,,,,,,,,,,,,,,,,,,,,,,,,,,,,,,,,,,,,,,,,,,,,,,,,,,,,,,,,,,,,,,,,,,,,,,,,,,,,,,,,,,,,,,,,,,,,,,,,,,,,,,,,,,,,,,,,,,,,,,,,,,,,,,,,,,,,,,,,,,,,,,,,,,,,,,,,,,
,,,,,,,,,,,PP-8BL,8' Premier Rib XL Black,-- Unbranded --,-- No Unilog Brand --,-- No DIB Brand --,Premier Metals (PREME),,,,PP-8BL,,Building Materials>Decking>Deck & Porch Railings>Deck Railing Kits,"Deck Railing Kit, PP-8BL",DECK RAILING KIT,PP-8BL Deck Railing Kit,,Deck Railing Kit,,,,,,,,,,,,,,,,,,,,,,,,,,,,Series,,,Rail Profile Type,,,Rail Length,,,Rail Width,,,Rail Material,,,Rail Color,,,Balusters/Spindles Design,,,Balusters/Spindles Top Style,,,Balusters/Spindles Diameter,,,Balusters/Spindles Length,,,Balusters/Spindles Material,,,Balusters/Spindles Color,,,Installation Type,,,Number of Pieces,,,Additional Information,,,,,,,,,,,,,,,,,,,,,,,,,,,,,,,,,,,,,,,,,,,,,,,,,,,,,,,,,,,,,,,,,,,,,,,,,,,,,,,,,,,,,,,,,,,,,,,,,,,,,,,,,,,,,,,,,,,,,,,,,,,,,,,,,,,,,,,,,,,,,,,,,,,,,,,,,,
,,,,,,,,,,,PP-10BL,10' Premier Rib XL Black,-- Unbranded --,-- No Unilog Brand --,-- No DIB Brand --,Premier Metals (PREME),,,,PP-10BL,,Building Materials>Decking>Deck & Porch Railings>Deck Railing Kits,"Deck Railing Kit, PP-10BL",DECK RAILING KIT,PP-10BL Deck Railing Kit,,Deck Railing Kit,,,,,,,,,,,,,,,,,,,,,,,,,,,,Series,,,Rail Profile Type,,,Rail Length,,,Rail Width,,,Rail Material,,,Rail Color,,,Balusters/Spindles Design,,,Balusters/Spindles Top Style,,,Balusters/Spindles Diameter,,,Balusters/Spindles Length,,,Balusters/Spindles Material,,,Balusters/Spindles Color,,,Installation Type,,,Number of Pieces,,,Additional Information,,,,,,,,,,,,,,,,,,,,,,,,,,,,,,,,,,,,,,,,,,,,,,,,,,,,,,,,,,,,,,,,,,,,,,,,,,,,,,,,,,,,,,,,,,,,,,,,,,,,,,,,,,,,,,,,,,,,,,,,,,,,,,,,,,,,,,,,,,,,,,,,,,,,,,,,,,
,,,,,,,,,,,PP-12BL,12' Premier Rib XL Black,-- Unbranded --,-- No Unilog Brand --,-- No DIB Brand --,Premier Metals (PREME),,,,PP-12BL,,Building Materials>Decking>Deck & Porch Railings>Deck Railing Kits,"Deck Railing Kit, PP-12BL",DECK RAILING KIT,PP-12BL Deck Railing Kit,,Deck Railing Kit,,,,,,,,,,,,,,,,,,,,,,,,,,,,Series,,,Rail Profile Type,,,Rail Length,,,Rail Width,,,Rail Material,,,Rail Color,,,Balusters/Spindles Design,,,Balusters/Spindles Top Style,,,Balusters/Spindles Diameter,,,Balusters/Spindles Length,,,Balusters/Spindles Material,,,Balusters/Spindles Color,,,Installation Type,,,Number of Pieces,,,Additional Information,,,,,,,,,,,,,,,,,,,,,,,,,,,,,,,,,,,,,,,,,,,,,,,,,,,,,,,,,,,,,,,,,,,,,,,,,,,,,,,,,,,,,,,,,,,,,,,,,,,,,,,,,,,,,,,,,,,,,,,,,,,,,,,,,,,,,,,,,,,,,,,,,,,,,,,,,,
,,,,,,,,,,,PP-8CH,8' Premier Rib XL Charcoal,-- Unbranded --,-- No Unilog Brand --,-- No DIB Brand --,Premier Metals (PREME),,,,PP-8CH,,,,,,,,,,,,,,,,,,,,,,,,,,,,,,,,,,,,,,,,,,,,,,,,,,,,,,,,,,,,,,,,,,,,,,,,,,,,,,,,,,,,,,,,,,,,,,,,,,,,,,,,,,,,,,,,,,,,,,,,,,,,,,,,,,,,,,,,,,,,,,,,,,,,,,,,,,,,,,,,,,,,,,,,,,,,,,,,,,,,,,,,,,,,,,,,,,,,,,,,,,,,,,,,,,,,,,,,,,,,,,,,,,,,,,,
,,,,,,,,,,,PP-10CH,10' Premier Rib XL Charcoal,-- Unbranded --,-- No Unilog Brand --,-- No DIB Brand --,Premier Metals (PREME),,,,PP-10CH,,,,,,,,,,,,,,,,,,,,,,,,,,,,,,,,,,,,,,,,,,,,,,,,,,,,,,,,,,,,,,,,,,,,,,,,,,,,,,,,,,,,,,,,,,,,,,,,,,,,,,,,,,,,,,,,,,,,,,,,,,,,,,,,,,,,,,,,,,,,,,,,,,,,,,,,,,,,,,,,,,,,,,,,,,,,,,,,,,,,,,,,,,,,,,,,,,,,,,,,,,,,,,,,,,,,,,,,,,,,,,,,,,,,,,,
,,,,,,,,,,,PP-12CH,12' Premier Rib XL Charcoal,-- Unbranded --,-- No Unilog Brand --,-- No DIB Brand --,Premier Metals (PREME),,,,PP-12CH,,,,,,,,,,,,,,,,,,,,,,,,,,,,,,,,,,,,,,,,,,,,,,,,,,,,,,,,,,,,,,,,,,,,,,,,,,,,,,,,,,,,,,,,,,,,,,,,,,,,,,,,,,,,,,,,,,,,,,,,,,,,,,,,,,,,,,,,,,,,,,,,,,,,,,,,,,,,,,,,,,,,,,,,,,,,,,,,,,,,,,,,,,,,,,,,,,,,,,,,,,,,,,,,,,,,,,,,,,,,,,,,,,,,,,,
,,,,,,,,,,,PP-8WH,8' Premier Rib XL White,-- Unbranded --,-- No Unilog Brand --,-- No DIB Brand --,Premier Metals (PREME),,,,PP-8WH,,Building Materials>Doors & Windows>Exterior Doors>Patio Doors,"Patio Door, PP-8WH",PATIO DOOR,PP-8WH Patio Door,,Patio Door,,,,,,,,,,,,,,,,,,,,,,,,,,,,Series,,,Door Width,,,Door Height,,,Door Thickness,,,Opening Width,,,Opening Height,,,Door Color,,,Door Finish,,,Door Material,,,Frame Material,,,Door Handing,,,Texture Type,,,Number of Panels/Lites,,,Panel Type,,,Glass Type,,,Core Type,,,Handle Type,,,Locking Type,,,Hinge Type,,,Paintable/Stainable,,,Additional Information,,,,,,,,,,,,,,,,,,,,,,,,,,,,,,,,,,,,,,,,,,,,,,,,,,,,,,,,,,,,,,,,,,,,,,,,,,,,,,,,,,,,,,,,,,,,,,,,,,,,,,,,,,,,,,,,,,,,,,,,,,,,,,,,,,,,,,,,
,,,,,,,,,,,PP-10WH,10' Premier Rib XL White,-- Unbranded --,-- No Unilog Brand --,-- No DIB Brand --,Premier Metals (PREME),,,,PP-10WH,,Building Materials>Doors & Windows>Exterior Doors>Patio Doors,"Patio Door, PP-10WH",PATIO DOOR,PP-10WH Patio Door,,Patio Door,,,,,,,,,,,,,,,,,,,,,,,,,,,,Series,,,Door Width,,,Door Height,,,Door Thickness,,,Opening Width,,,Opening Height,,,Door Color,,,Door Finish,,,Door Material,,,Frame Material,,,Door Handing,,,Texture Type,,,Number of Panels/Lites,,,Panel Type,,,Glass Type,,,Core Type,,,Handle Type,,,Locking Type,,,Hinge Type,,,Paintable/Stainable,,,Additional Information,,,,,,,,,,,,,,,,,,,,,,,,,,,,,,,,,,,,,,,,,,,,,,,,,,,,,,,,,,,,,,,,,,,,,,,,,,,,,,,,,,,,,,,,,,,,,,,,,,,,,,,,,,,,,,,,,,,,,,,,,,,,,,,,,,,,,,,,
,,,,,,,,,,,1504345,OC Duration TruDef Wburg Gray (BDL),-- Unbranded --,-- No Unilog Brand --,-- No DIB Brand --,Palmer Donavin Mfg Company (PALDO),Digger Specialties Inc,,,1504345,,Building Materials>Decking>Deck Posts & Deck Sleeves>Deck Posts,"Digger Specialties Inc, Deck Post, 1504345",DECK POST,Digger Specialties Inc 1504345 Deck Post,,Deck Post,,,,,,,,,,,,,,,,,,,,,,,,,,,,Series,,,Actual Length,,,Actual Width,,,Actual Height,,,Nominal Length,,,Nominal Width,,,Nominal Height,,,Grade,,,Material,,,Finish,,,Color,,,Installation Type,,,Additional Information,,,,,,,,,,,,,,,,,,,,,,,,,,,,,,,,,,,,,,,,,,,,,,,,,,,,,,,,,,,,,,,,,,,,,,,,,,,,,,,,,,,,,,,,,,,,,,,,,,,,,,,,,,,,,,,,,,,,,,,,,,,,,,,,,,,,,,,,,,,,,,,,,,,,,,,,,,,,,,,,
,,,,,,,,,,,2733,3'x65' Henry Eaveguard - Ice Guard,-- Unbranded --,-- No Unilog Brand --,-- No DIB Brand --,Palmer Donavin Mfg Company (PALDO),Digger Specialties Inc,,,2733,,Building Materials>Decking>Deck Posts & Deck Sleeves>Deck Posts,"Digger Specialties Inc, Deck Post, 2733",DECK POST,Digger Specialties Inc 2733 Deck Post,,Deck Post,,,,,,,,,,,,,,,,,,,,,,,,,,,,Series,,,Actual Length,,,Actual Width,,,Actual Height,,,Nominal Length,,,Nominal Width,,,Nominal Height,,,Grade,,,Material,,,Finish,,,Color,,,Installation Type,,,Additional Information,,,,,,,,,,,,,,,,,,,,,,,,,,,,,,,,,,,,,,,,,,,,,,,,,,,,,,,,,,,,,,,,,,,,,,,,,,,,,,,,,,,,,,,,,,,,,,,,,,,,,,,,,,,,,,,,,,,,,,,,,,,,,,,,,,,,,,,,,,,,,,,,,,,,,,,,,,,,,,,,
,,,,,,,,,,,7547,Ice Guard OC Weathr Lk Mat 2sq,-- Unbranded --,-- No Unilog Brand --,-- No DIB Brand --,-,,,,7547,,Appliances & Consumer Electronics>Laundry Appliances>Gas Dryers,"Gas Dryer, 7547",GAS DRYER,7547 Gas Dryer,,Gas Dryer,,,,,,,,,,,,,,,,,,,,,,,,,,,,Series,,,Model,,,Capacity,,,Rotational Speed,,,BTU Rating,,,Drum Type,,,Fuel Type,,,Depth With Door Open,,,Height With Lid Open,,,Number of Cycles,,,Number of Temperature Setting,,,Color,,,Dimensions,,,Additional Information,,,,,,,,,,,,,,,,,,,,,,,,,,,,,,,,,,,,,,,,,,,,,,,,,,,,,,,,,,,,,,,,,,,,,,,,,,,,,,,,,,,,,,,,,,,,,,,,,,,,,,,,,,,,,,,,,,,,,,,,,,,,,,,,,,,,,,,,,,,,,,,,,,,,,,,,,,,,,
,,,,,,,,,,,8912220,"7-1/4""x12' Hardie Sdg Smooth - Primed HardiePlank",JAMESHARDIE,-- No Unilog Brand --,-- No DIB Brand --,Boise Cascade Building Materials (BOICA),"Trex Company, Inc",JAMESHARDIE,,8912220,,Building Materials>Decking>Deck & Porch Railings>Deck Railing Kits,"Trex Company, Inc, Deck Railing Kit, 8912220",DECK RAILING KIT,"Trex Company, Inc 8912220 Deck Railing Kit",,Deck Railing Kit,,,,,,,,,,,,,,,,,,,,,,,,,,,,Series,,,Rail Profile Type,,,Rail Length,,,Rail Width,,,Rail Material,,,Rail Color,,,Balusters/Spindles Design,,,Balusters/Spindles Top Style,,,Balusters/Spindles Diameter,,,Balusters/Spindles Length,,,Balusters/Spindles Material,,,Balusters/Spindles Color,,,Installation Type,,,Number of Pieces,,,Additional Information,,,,,,,,,,,,,,,,,,,,,,,,,,,,,,,,,,,,,,,,,,,,,,,,,,,,,,,,,,,,,,,,,,,,,,,,,,,,,,,,,,,,,,,,,,,,,,,,,,,,,,,,,,,,,,,,,,,,,,,,,,,,,,,,,,,,,,,,,,,,,,,,,,,,,,,,,,
,,,,,,,,,,,8904015,4'x10' HardiePanel Smooth - Primed,JAMESHARDIE,-- No Unilog Brand --,-- No DIB Brand --,Boise Cascade Building Materials (BOICA),"Trex Company, Inc",JAMESHARDIE,,8904015,,Building Materials>Decking>Deck & Porch Railings>Deck Railing Kits,"Trex Company, Inc, Deck Railing Kit, 8904015",DECK RAILING KIT,"Trex Company, Inc 8904015 Deck Railing Kit",,Deck Railing Kit,,,,,,,,,,,,,,,,,,,,,,,,,,,,Series,,,Rail Profile Type,,,Rail Length,,,Rail Width,,,Rail Material,,,Rail Color,,,Balusters/Spindles Design,,,Balusters/Spindles Top Style,,,Balusters/Spindles Diameter,,,Balusters/Spindles Length,,,Balusters/Spindles Material,,,Balusters/Spindles Color,,,Installation Type,,,Number of Pieces,,,Additional Information,,,,,,,,,,,,,,,,,,,,,,,,,,,,,,,,,,,,,,,,,,,,,,,,,,,,,,,,,,,,,,,,,,,,,,,,,,,,,,,,,,,,,,,,,,,,,,,,,,,,,,,,,,,,,,,,,,,,,,,,,,,,,,,,,,,,,,,,,,,,,,,,,,,,,,,,,,
,,,,,,,,,,,25796,"6""x16' Smart Lap Sdg Cedar",LP SMARTSIDE,-- No Unilog Brand --,-- No DIB Brand --,U S Lumber (3073),"Trex Company, Inc",LP SMARTSIDE,,25796,,Building Materials>Decking>Deck & Porch Railings>Deck Railing Kits,"Trex Company, Inc, Deck Railing Kit, 25796",DECK RAILING KIT,"Trex Company, Inc 25796 Deck Railing Kit",,Deck Railing Kit,,,,,,,,,,,,,,,,,,,,,,,,,,,,Series,,,Rail Profile Type,,,Rail Length,,,Rail Width,,,Rail Material,,,Rail Color,,,Balusters/Spindles Design,,,Balusters/Spindles Top Style,,,Balusters/Spindles Diameter,,,Balusters/Spindles Length,,,Balusters/Spindles Material,,,Balusters/Spindles Color,,,Installation Type,,,Number of Pieces,,,Additional Information,,,,,,,,,,,,,,,,,,,,,,,,,,,,,,,,,,,,,,,,,,,,,,,,,,,,,,,,,,,,,,,,,,,,,,,,,,,,,,,,,,,,,,,,,,,,,,,,,,,,,,,,,,,,,,,,,,,,,,,,,,,,,,,,,,,,,,,,,,,,,,,,,,,,,,,,,,
,,,,,,,,,,,40503,"3/8"" 16""x16' Smart Pan Cedar - No-Groove Sq Edge B&B",LP SMARTSIDE,-- No Unilog Brand --,-- No DIB Brand --,U S Lumber (3073),"Trex Company, Inc",LP SMARTSIDE,,40503,,Safety>Eye Protection>Safety Glasses,"Trex Company, Inc, Safety Glass, 40503",SAFETY GLASS,"Trex Company, Inc 40503 Safety Glass",,Safety Glass,,,,,,,,,,,,,,,,,,,,,,,,,,,,Series,,,Gender,,,Size,,,Lens Type,,,Lens Coating,,,Lens Color,,,Lens Material,,,Lens Size,,,Frame Shape,,,Frame Color,,,Frame Material,,,Frame Size,,,Temple Type,,,Temple Color,,,Temple Material,,,UV Protection Rating,,,Bridge Size,,,Additional Information,,,,,,,,,,,,,,,,,,,,,,,,,,,,,,,,,,,,,,,,,,,,,,,,,,,,,,,,,,,,,,,,,,,,,,,,,,,,,,,,,,,,,,,,,,,,,,,,,,,,,,,,,,,,,,,,,,,,,,,,,,,,,,,,,,,,,,,,,,,,,,,,,
,,,,,,,,,,,25825,"3/8"" 4x10 Smart Pan Cedar - No-Groove w/Shiplap Edges",LP SMARTSIDE,-- No Unilog Brand --,-- No DIB Brand --,U S Lumber (3073),"Trex Company, Inc",LP SMARTSIDE,,25825,,Building Materials>Decking>Deck & Porch Railings>Deck Railing Kits,"Trex Company, Inc, Deck Railing Kit, 25825",DECK RAILING KIT,"Trex Company, Inc 25825 Deck Railing Kit",,Deck Railing Kit,,,,,,,,,,,,,,,,,,,,,,,,,,,,Series,,,Rail Profile Type,,,Rail Length,,,Rail Width,,,Rail Material,,,Rail Color,,,Balusters/Spindles Design,,,Balusters/Spindles Top Style,,,Balusters/Spindles Diameter,,,Balusters/Spindles Length,,,Balusters/Spindles Material,,,Balusters/Spindles Color,,,Installation Type,,,Number of Pieces,,,Additional Information,,,,,,,,,,,,,,,,,,,,,,,,,,,,,,,,,,,,,,,,,,,,,,,,,,,,,,,,,,,,,,,,,,,,,,,,,,,,,,,,,,,,,,,,,,,,,,,,,,,,,,,,,,,,,,,,,,,,,,,,,,,,,,,,,,,,,,,,,,,,,,,,,,,,,,,,,,
,,,,,,,,,,,25822,"3/8"" 12""x16' Smart Vented Soff - Cedar Soffit",LP SMARTSIDE,-- No Unilog Brand --,-- No DIB Brand --,U S Lumber (3073),"Trex Company, Inc",LP SMARTSIDE,,25822,,Building Materials>Decking>Deck & Porch Railings>Deck Railing Kits,"Trex Company, Inc, Deck Railing Kit, 25822",DECK RAILING KIT,"Trex Company, Inc 25822 Deck Railing Kit",,Deck Railing Kit,,,,,,,,,,,,,,,,,,,,,,,,,,,,Series,,,Rail Profile Type,,,Rail Length,,,Rail Width,,,Rail Material,,,Rail Color,,,Balusters/Spindles Design,,,Balusters/Spindles Top Style,,,Balusters/Spindles Diameter,,,Balusters/Spindles Length,,,Balusters/Spindles Material,,,Balusters/Spindles Color,,,Installation Type,,,Number of Pieces,,,Additional Information,,,,,,,,,,,,,,,,,,,,,,,,,,,,,,,,,,,,,,,,,,,,,,,,,,,,,,,,,,,,,,,,,,,,,,,,,,,,,,,,,,,,,,,,,,,,,,,,,,,,,,,,,,,,,,,,,,,,,,,,,,,,,,,,,,,,,,,,,,,,,,,,,,,,,,,,,,
,,,,,,,,,,,543650101,Black Alum ADA Wall Mount Trex,TREX,-- No Unilog Brand --,-- No DIB Brand --,Boise Cascade Building Materials (BOICA),"Trex Company, Inc",TREX,,543650101,,Building Materials>Decking>Deck & Porch Railings>Deck Railing Kits,"Trex Company, Inc, Deck Railing Kit, 543650101",DECK RAILING KIT,"Trex Company, Inc 543650101 Deck Railing Kit",,Deck Railing Kit,,,,,,,,,,,,,,,,,,,,,,,,,,,,Series,,,Rail Profile Type,,,Rail Length,,,Rail Width,,,Rail Material,,,Rail Color,,,Balusters/Spindles Design,,,Balusters/Spindles Top Style,,,Balusters/Spindles Diameter,,,Balusters/Spindles Length,,,Balusters/Spindles Material,,,Balusters/Spindles Color,,,Installation Type,,,Number of Pieces,,,Additional Information,,,,,,,,,,,,,,,,,,,,,,,,,,,,,,,,,,,,,,,,,,,,,,,,,,,,,,,,,,,,,,,,,,,,,,,,,,,,,,,,,,,,,,,,,,,,,,,,,,,,,,,,,,,,,,,,,,,,,,,,,,,,,,,,,,,,,,,,,,,,,,,,,,,,,,,,,,
,,,,,,,,,,,543650010,Black Alum ADA Int End Cap - Trex,TREX,-- No Unilog Brand --,-- No DIB Brand --,Boise Cascade Building Materials (BOICA),"Trex Company, Inc",TREX,,543650010,,Building Materials>Decking>Deck Posts & Deck Sleeves>Deck Post Sleeves,"Trex Company, Inc, Deck Post Sleeve, 543650010",DECK POST SLEEVE,"Trex Company, Inc 543650010 Deck Post Sleeve",,Deck Post Sleeve,,,,,,,,,,,,,,,,,,,,,,,,,,,,Series,,,Shape,,,Material,,,Finish,,,Color,,,Width,,,Depth,,,Height,,,Installation Type,,,Fits Post Size,,,Additional Information,,,,,,,,,,,,,,,,,,,,,,,,,,,,,,,,,,,,,,,,,,,,,,,,,,,,,,,,,,,,,,,,,,,,,,,,,,,,,,,,,,,,,,,,,,,,,,,,,,,,,,,,,,,,,,,,,,,,,,,,,,,,,,,,,,,,,,,,,,,,,,,,,,,,,,,,,,,,,,,,,,,,,,
,,,,,,,,,,,543650048,8' Black Alum ADA Rail Trex,TREX,-- No Unilog Brand --,-- No DIB Brand --,Boise Cascade Building Materials (BOICA),"Trex Company, Inc",TREX,,543650048,,Building Materials>Decking>Deck & Porch Railings>Deck Railing Kits,"Trex Company, Inc, Deck Railing Kit, 543650048",DECK RAILING KIT,"Trex Company, Inc 543650048 Deck Railing Kit",,Deck Railing Kit,,,,,,,,,,,,,,,,,,,,,,,,,,,,Series,,,Rail Profile Type,,,Rail Length,,,Rail Width,,,Rail Material,,,Rail Color,,,Balusters/Spindles Design,,,Balusters/Spindles Top Style,,,Balusters/Spindles Diameter,,,Balusters/Spindles Length,,,Balusters/Spindles Material,,,Balusters/Spindles Color,,,Installation Type,,,Number of Pieces,,,Additional Information,,,,,,,,,,,,,,,,,,,,,,,,,,,,,,,,,,,,,,,,,,,,,,,,,,,,,,,,,,,,,,,,,,,,,,,,,,,,,,,,,,,,,,,,,,,,,,,,,,,,,,,,,,,,,,,,,,,,,,,,,,,,,,,,,,,,,,,,,,,,,,,,,,,,,,,,,,
,,,,,,,,,,,1506969,"1-1/2"" 4x8 Huber Zip R6.6 - Insulated R-Sheathing",-- Unbranded --,-- No Unilog Brand --,-- No DIB Brand --,-,,,,1506969,,Building Materials>House Wraps & Tapes>House Wraps,"House Wrap, 1506969",HOUSE WRAP,1506969 House Wrap,,House Wrap,,,,,,,,,,,,,,,,,,,,,,,,,,,,Series,,,Length,,,Width,,,Thickness,,,Perm Rating,,,Insulation Type,,,Material,,,Color,,,Resists,,,Coverage Area,,,Additional Information,,,,,,,,,,,,,,,,,,,,,,,,,,,,,,,,,,,,,,,,,,,,,,,,,,,,,,,,,,,,,,,,,,,,,,,,,,,,,,,,,,,,,,,,,,,,,,,,,,,,,,,,,,,,,,,,,,,,,,,,,,,,,,,,,,,,,,,,,,,,,,,,,,,,,,,,,,,,,,,,,,,,,,
,,,,,,,,,,,1514681,"1"" 4x8 Huber Zip R3.6 - Insulated R-Sheathing",-- Unbranded --,-- No Unilog Brand --,-- No DIB Brand --,-,,,,1514681,,Building Materials>House Wraps & Tapes>House Wraps,"House Wrap, 1514681",HOUSE WRAP,1514681 House Wrap,,House Wrap,,,,,,,,,,,,,,,,,,,,,,,,,,,,Series,,,Length,,,Width,,,Thickness,,,Perm Rating,,,Insulation Type,,,Material,,,Color,,,Resists,,,Coverage Area,,,Additional Information,,,,,,,,,,,,,,,,,,,,,,,,,,,,,,,,,,,,,,,,,,,,,,,,,,,,,,,,,,,,,,,,,,,,,,,,,,,,,,,,,,,,,,,,,,,,,,,,,,,,,,,,,,,,,,,,,,,,,,,,,,,,,,,,,,,,,,,,,,,,,,,,,,,,,,,,,,,,,,,,,,,,,,
,,,,,,,,,,,1514726,"2"" 4x8 Huber Zip R9.6 - Insulated R-Sheathing",-- Unbranded --,-- No Unilog Brand --,-- No DIB Brand --,-,,,,1514726,,Building Materials>House Wraps & Tapes>House Wraps,"House Wrap, 1514726",HOUSE WRAP,1514726 House Wrap,,House Wrap,,,,,,,,,,,,,,,,,,,,,,,,,,,,Series,,,Length,,,Width,,,Thickness,,,Perm Rating,,,Insulation Type,,,Material,,,Color,,,Resists,,,Coverage Area,,,Additional Information,,,,,,,,,,,,,,,,,,,,,,,,,,,,,,,,,,,,,,,,,,,,,,,,,,,,,,,,,,,,,,,,,,,,,,,,,,,,,,,,,,,,,,,,,,,,,,,,,,,,,,,,,,,,,,,,,,,,,,,,,,,,,,,,,,,,,,,,,,,,,,,,,,,,,,,,,,,,,,,,,,,,,,
,,,,,,,,,,,1728ABL,2x2 Black Fine Fissured 1728BL,-- Unbranded --,-- No Unilog Brand --,-- No DIB Brand --,Palmer Donavin Mfg Company (PALDO),Digger Specialties Inc,,,1728ABL,,Tools & Equipment>Power Tools>Power Fastening Tools>Power Nailers>Cordless Nailers,"Digger Specialties Inc, Cordless Nailer, 1728ABL",CORDLESS NAILER,Digger Specialties Inc 1728ABL Cordless Nailer,,Cordless Nailer,,,,,,,,,,,,,,,,,,,,,,,,,,,,Series,,,Tool/Kit,,,Nail Capacity,,,Nail Length,,,Nail Diameter,,,Nail Gauge,,,Nail Head Style,,,Magazine Style,,,Magazine Angle,,,Magazine Loading Type,,,Firing/Actuation Type,,,Fastening Rate,,,Voltage Rating,,,Battery Type,,,Battery Capacity,,,Speed Rating,,,Housing Material,,,Housing Color,,,Switch Type,,,Handle Type,,,Handle Material,,,Handle Color,,,Sound Level,,,Overall Length,,,Overall Width,,,Overall Depth,,,Additional Information,,,,,,,,,,,,,,,,,,,,,,,,,,,,,,,,,,,,,,,,,,,,,,,,,,,,,,,,,,,,,,,,,,,,,,,,,,,,,,,,,,,,,,,,,,,,,,,,,,,,,,,,,,,,,,,,,,,,,,
,,,,,,,,,,,402-R,402R 12V12AH 8D Battery,-- Unbranded --,-- No Unilog Brand --,-- No DIB Brand --,MillerTech Energy Solutions (MILTE),,,,402-R,,Tools & Equipment>Power Tools>Power Tool Accessories>Cordless Tool Batteries,"Cordless Tool Battery, 402-R",CORDLESS TOOL BATTERY,402-R Cordless Tool Battery,,Cordless Tool Battery,,,,,,,,,,,,,,,,,,,,,,,,,,,,Series,,,Battery Series,,,Voltage Rating,,,Battery Capacity,,,Battery Chemistry,,,Number of Batteries,,,Overall Length,,,Overall Width,,,Overall Height,,,Suitable For Use With,,,Additional Information,,,,,,,,,,,,,,,,,,,,,,,,,,,,,,,,,,,,,,,,,,,,,,,,,,,,,,,,,,,,,,,,,,,,,,,,,,,,,,,,,,,,,,,,,,,,,,,,,,,,,,,,,,,,,,,,,,,,,,,,,,,,,,,,,,,,,,,,,,,,,,,,,,,,,,,,,,,,,,,,,,,,,,
,,,,,,,,,,,SL1672,SL1672 Jumpstart & Pwr Supply,-- Unbranded --,-- No Unilog Brand --,Schumacher,-,,Schumacher,,SL1672,,Electrical>Batteries & Accessories>Battery Accessories>Battery Jump Starters,"Battery Jump Starter, SL1672",BATTERY JUMP STARTER SL1672 MANUAL 12,SL1672 Battery Jump Starter,"The SL1672 battery jump starter is a manual device that utilizes a Lithium-Ion Polymer battery, providing a reliable source of power. With a battery voltage of 12V and a capacity of 23.68, this jump starter is well-suited for a variety of applications. It can be recharged via a USB connection, accepting an input voltage of 12V, making it convenient to top up the battery when not in use.",Battery Jump Starter,"Get a reliable jump start with the SL1672, featuring a long-lasting Lithium-Ion Polymer battery and convenient USB charging.",,,,,,,,,,,,,,,,,,,,,,,,,,,Series,SL1672,,Automatic/Manual,Manual,,Battery Type,Lithium-Ion Polymer,,Battery Voltage,12,V,Battery Capacity,23.68,Ah,Input Voltage,12 V,,Input Current,,,Charging Current,,,Peak Current,,,Maintaining Current,,,Cold Cranking Amperage Rating,,,Charger Type,USB,,Charge Time,,,Interface/Ports,,,Cable Gauge,,,Cable Length,,,Cable Clamp Type,,,Number of Batteries,,,Power Cord Length,,,Operating Temperature,,,Material,,,Color,,,Dimensions,,,Additional Information,,,,,,,,,,,,,,,,,,,,,,,,,,,,,,,,,,,,,,,,,,,,,,,,,,,,,,,,,,,,,,,,,,,,,,,,,,,,,,,,,,,,,,,,,,,,,,,,,,,,,,,,,,,,,,,,,,,,,,,,,,,,,,,
,,,,,,,,,,,BM-DW20-YLW-6,BM-DW20-YLW-6 Dewalt - Battery Mounts 6pk,-- Unbranded --,-- No Unilog Brand --,StealthMounts,Metalmark Industrial Inc (METIN),,StealthMounts,,BM-DW20-YLW-6,,Test & Measurement>Measuring & Layout Tools>Levels>Rotary & Straight Line Laser Levels,"Rotary & Straight Line Laser Level, BM-DW20-YLW-6",ROTARY & STRAIGHT LINE LASER LEVEL,BM-DW20-YLW-6 Rotary & Straight Line Laser Level,,Rotary & Straight Line Laser Level,,,,,,,,,,,,,,,,,,,,,,,,,,,,Model,,,Size,,,Working Range with Detector,,,Working Range without Detector,,,Accuracy,,,Leveling Range,,,Laser Projection,,,Leveling Type,,,Thread Size,,,IP Rating,,,Power Source,,,Number of Lines,,,Number of Beams,,,Material,,,Finish,,,Laser Color,,,Dimensions,,,Temperature Rating,,,Additional Information,,,,,,,,,,,,,,,,,,,,,,,,,,,,,,,,,,,,,,,,,,,,,,,,,,,,,,,,,,,,,,,,,,,,,,,,,,,,,,,,,,,,,,,,,,,,,,,,,,,,,,,,,,,,,,,,,,,,,,,,,,,,,,,,,,,,,,,,,,,,,,
,,,,,,,,,,,BHA1-UPC,16-24 Adjust Hanger,-- Unbranded --,-- No Unilog Brand --,Southwire,Southwire/g Turner (6603),"Southwire Company, LLC",Southwire,,BHA1-UPC,,Electrical>Boxes & Enclosures>Electrical Boxes & Covers>Electrical Box Covers,"Southwire Company, LLC, Electrical Box Cover, BHA1-UPC",ELECTRICAL BOX COVER,"Southwire Company, LLC BHA1-UPC Electrical Box Cover",,Electrical Box Cover,,,,,,,,,,,,,,,,,,,,,,,,,,,,Series,,,Cover Type,,,Box Type,,,Number of Gangs,,,Material,,,Finish,,,Color,,,Length,,,Width,,,Thickness,,,Additional Information,,,,,,,,,,,,,,,,,,,,,,,,,,,,,,,,,,,,,,,,,,,,,,,,,,,,,,,,,,,,,,,,,,,,,,,,,,,,,,,,,,,,,,,,,,,,,,,,,,,,,,,,,,,,,,,,,,,,,,,,,,,,,,,,,,,,,,,,,,,,,,,,,,,,,,,,,,,,,,,,,,,,,,
,,,,,,,,,,,G1941-UPC,"G1941UPC 4"" Sq Cover Sw/Outlet",-- Unbranded --,-- No Unilog Brand --,Southwire,Southwire/g Turner (6603),"Southwire Company, LLC",Southwire,,G1941-UPC,,Electrical>Wiring Devices>GFCI & AFCI Devices>GFCI & AFCI Receptacles,"Southwire Company, LLC, GFCI & AFCI Receptacle, G1941-UPC",GFCI & AFCI RECEPTACLE G1941UPC 125 15 2,"Southwire Company, LLC G1941-UPC GFCI & AFCI Receptacle",,GFCI & AFCI Receptacle,,,,,,,,,,,,,,,,,,,,,,,,,,,,Series,SmartlockPro Series,,Model,G1941UPC,,Voltage Rating,125,V,Amperage Rating,15,A,Frequency Rating,60,Hz,Phase,,,Power Rating,,,Interrupt Rating,,,Short Circuit Rating,,,Number of Poles,2,,Number of Wires,3,,Wire Size,12 to 10 AWG,,Cord Diameter,,,Grounding,Grounding,,Enclosure Type,,,NEMA Rating,NEMA 5-15R,,IP Rating,,,Dielectric Strength,1250,VAC,Indicator Type,Audible,,Mounting Type,Flush,,Terminal Type,Back Wired,,Connection Type,Back Wired,,Body Material,Thermoplastic,,Contact Material,Brass,,Color,Brown,,Temperature Rating,-35 to 66,deg C,Length,1.35,in,Width,1.31,in,Height,4.19,in,Additional Information,,,,,,,,,,,,,,,,,,,,,,,,,,,,,,,,,,,,,,,,,,,,,,,,,,,,,,,,,,,,,,,,,,,,,,,,,,,,,,,,,,,,,,,,,,,,,,,,,,,,,,,,,,,,,
,,,,,,,,,,,G1950-UPC,4x4 2G GFI Box Cover,-- Unbranded --,-- No Unilog Brand --,Southwire,Southwire/g Turner (6603),"Southwire Company, LLC",Southwire,,G1950-UPC,,Electrical>Boxes & Enclosures>Electrical Boxes & Covers>Electrical Box Covers,"Southwire Company, LLC, Electrical Box Cover, G1950-UPC",ELECTRICAL BOX COVER 2G GFI RECEPTACLE 4,"Southwire Company, LLC G1950-UPC Electrical Box Cover","The Southwire Company, LLC G1950-UPC electrical box cover is part of the 2G series, designed for use with GFI receptacles and square boxes. Made from galvanized steel with a silver finish, this cover is durable and resistant to corrosion. It is compatible with 4-gang boxes and features multiple knockouts, including (2) 1/2 in and (2) 3/4 in, providing flexibility for various wiring configurations. The cover also includes raised features for GFCI installation and has a capacity of 7 cc. With its dimensions of 4 inches in length, 4 inches in width, and a thickness classified as 2G, this cover is suitable for a range of electrical applications.",Electrical Box Cover,"Protect and organize your electrical installations with the Southwire G1950-UPC electrical box cover, designed for 4-gang square boxes and GFI receptacles. This galvanized steel cover provides a durable and corrosion-resistant solution for your wiring needs.",,,,,,,,,,,,,,,,,,,,,,,,,,,Series,2G,,Cover Type,GFCI Receptacle,,Box Type,Square,,Number of Gangs,4,,Material,Steel,,Finish,Galvanized,,Color,Silver,,Length,4,in,Width,4,in,Thickness,2G,,Additional Information,"(2) 1/2 in, (2) 3/4 in Bottom Knockout, (2) GFCI, 1/2 in Raised, 1/2 in Raised, 1/2 in, 3/4 in Knockout Size, 7 cc Capacity, 1/2 in Raised",,,,,,,,,,,,,,,,,,,,,,,,,,,,,,,,,,,,,,,,,,,,,,,,,,,,,,,,,,,,,,,,,,,,,,,,,,,,,,,,,,,,,,,,,,,,,,,,,,,,,,,,,,,,,,,,,,,,,,,,,,,,,,,,,,,,,,,,,,,,,,,,,,,,,,,,,,,,,,,,,,,,,
,,,,,,,,,,,A410RCAR,4x4 1G PVC Box Cover,-- Unbranded --,-- No Unilog Brand --,Carlon,Thomas & Betts (7405),,Carlon,,A410RCAR,,Electrical>Boxes & Enclosures>Electrical Boxes & Covers>Electrical Box Covers,"Electrical Box Cover, A410RCAR",ELECTRICAL BOX COVER,A410RCAR Electrical Box Cover,,Electrical Box Cover,,,,,,,,,,,,,,,,,,,,,,,,,,,,Series,,,Cover Type,,,Box Type,,,Number of Gangs,,,Material,,,Finish,,,Color,,,Length,,,Width,,,Thickness,,,Additional Information,,,,,,,,,,,,,,,,,,,,,,,,,,,,,,,,,,,,,,,,,,,,,,,,,,,,,,,,,,,,,,,,,,,,,,,,,,,,,,,,,,,,,,,,,,,,,,,,,,,,,,,,,,,,,,,,,,,,,,,,,,,,,,,,,,,,,,,,,,,,,,,,,,,,,,,,,,,,,,,,,,,,,,
,,,,,,,,,,,G1951-UPC,4x4 2G GFCI Duplex Box Cover,-- Unbranded --,-- No Unilog Brand --,Southwire,Southwire/g Turner (6603),"Southwire Company, LLC",Southwire,,G1951-UPC,,Electrical>Wiring Devices>GFCI & AFCI Devices>GFCI & AFCI Receptacles,"Southwire Company, LLC, GFCI & AFCI Receptacle, G1951-UPC",GFCI & AFCI RECEPTACLE AGTR1-W 125 15 60,"Southwire Company, LLC G1951-UPC GFCI & AFCI Receptacle","The Southwire Company, LLC G1951-UPC GFCI & AFCI Receptacle, part of the SmartlockPro Series, is a 2-pole, 3-wire device with a voltage rating of 125 volts, an amperage rating of 15 amps, and a frequency rating of 60 Hz. It features a NEMA 5-15R rating, grounding capability, and a dielectric strength of 1250. The receptacle has a back-wired terminal type and connection type, and is made with a thermoplastic body and brass contacts. It is designed to be mounted flush and has an audible indicator. The device can accommodate wire sizes from 12 to 10 AWG and operates within a temperature range of -35 to 66 degrees. Its compact design has dimensions of 1.35 inches in length, 1.31 inches in width, and 4.19 inches in height, and it is available in a brown color.",GFCI & AFCI Receptacle,"Enhance electrical safety with the SmartlockPro Series GFCI & AFCI Receptacle, offering reliable grounding and arc fault protection in a compact, flush-mount design. This 15-amp, 125-volt receptacle is ideal for residential and commercial applications.",,,,,,,,,,,,,,,,,,,,,,,,,,,Series,SmartlockPro Series,,Model,AGTR1-W,,Voltage Rating,125,V,Amperage Rating,15,A,Frequency Rating,60,Hz,Phase,,,Power Rating,,,Interrupt Rating,,,Short Circuit Rating,,,Number of Poles,2,,Number of Wires,3,,Wire Size,12 to 10 AWG,,Cord Diameter,,,Grounding,Grounding,,Enclosure Type,,,NEMA Rating,NEMA 5-15R,,IP Rating,,,Dielectric Strength,1250,VAC,Indicator Type,Audible,,Mounting Type,Flush,,Terminal Type,Back Wired,,Connection Type,Back Wired,,Body Material,Thermoplastic,,Contact Material,Brass,,Color,Brown,,Temperature Rating,-35 to 66,deg C,Length,1.35,in,Width,1.31,in,Height,4.19,in,Additional Information,,,,,,,,,,,,,,,,,,,,,,,,,,,,,,,,,,,,,,,,,,,,,,,,,,,,,,,,,,,,,,,,,,,,,,,,,,,,,,,,,,,,,,,,,,,,,,,,,,,,,,,,,,,,,
,,,,,,,,,,,52C3-5/8-UPC,4x4 1G Box Cover,-- Unbranded --,-- No Unilog Brand --,Southwire,Southwire/g Turner (6603),"Southwire Company, LLC",Southwire,,52C3-5/8-UPC,,Electrical>Boxes & Enclosures>Electrical Boxes & Covers>Electrical Box Covers,"Southwire Company, LLC, Electrical Box Cover, 52C3-5/8-UPC",ELECTRICAL BOX COVER,"Southwire Company, LLC 52C3-5/8-UPC Electrical Box Cover",,Electrical Box Cover,,,,,,,,,,,,,,,,,,,,,,,,,,,,Series,,,Cover Type,,,Box Type,,,Number of Gangs,,,Material,,,Finish,,,Color,,,Length,,,Width,,,Thickness,,,Additional Information,,,,,,,,,,,,,,,,,,,,,,,,,,,,,,,,,,,,,,,,,,,,,,,,,,,,,,,,,,,,,,,,,,,,,,,,,,,,,,,,,,,,,,,,,,,,,,,,,,,,,,,,,,,,,,,,,,,,,,,,,,,,,,,,,,,,,,,,,,,,,,,,,,,,,,,,,,,,,,,,,,,,,,
,,,,,,,,,,,52C14-5/8-UPC,4x4 1G Box Cover,-- Unbranded --,-- No Unilog Brand --,Southwire,Southwire/g Turner (6603),"Southwire Company, LLC",Southwire,,52C14-5/8-UPC,,Electrical>Boxes & Enclosures>Electrical Boxes & Covers>Electrical Box Covers,"Southwire Company, LLC, Electrical Box Cover, 52C14-5/8-UPC",ELECTRICAL BOX COVER,"Southwire Company, LLC 52C14-5/8-UPC Electrical Box Cover",,Electrical Box Cover,,,,,,,,,,,,,,,,,,,,,,,,,,,,Series,,,Cover Type,,,Box Type,,,Number of Gangs,,,Material,,,Finish,,,Color,,,Length,,,Width,,,Thickness,,,Additional Information,,,,,,,,,,,,,,,,,,,,,,,,,,,,,,,,,,,,,,,,,,,,,,,,,,,,,,,,,,,,,,,,,,,,,,,,,,,,,,,,,,,,,,,,,,,,,,,,,,,,,,,,,,,,,,,,,,,,,,,,,,,,,,,,,,,,,,,,,,,,,,,,,,,,,,,,,,,,,,,,,,,,,,
,,,,,,,,,,,52C3-UPC,4x4 1G Box Cover,-- Unbranded --,-- No Unilog Brand --,Southwire,Southwire/g Turner (6603),"Southwire Company, LLC",Southwire,,52C3-UPC,,Electrical>Boxes & Enclosures>Electrical Boxes & Covers>Electrical Box Covers,"Southwire Company, LLC, Electrical Box Cover, 52C3-UPC",ELECTRICAL BOX COVER,"Southwire Company, LLC 52C3-UPC Electrical Box Cover",,Electrical Box Cover,,,,,,,,,,,,,,,,,,,,,,,,,,,,Series,,,Cover Type,,,Box Type,,,Number of Gangs,,,Material,,,Finish,,,Color,,,Length,,,Width,,,Thickness,,,Additional Information,,,,,,,,,,,,,,,,,,,,,,,,,,,,,,,,,,,,,,,,,,,,,,,,,,,,,,,,,,,,,,,,,,,,,,,,,,,,,,,,,,,,,,,,,,,,,,,,,,,,,,,,,,,,,,,,,,,,,,,,,,,,,,,,,,,,,,,,,,,,,,,,,,,,,,,,,,,,,,,,,,,,,,
,,,,,,,,,,,54151-F-UPC,4x4x1-1/2 Oct Box w/Bracket,-- Unbranded --,-- No Unilog Brand --,Southwire,Southwire/g Turner (6603),"Southwire Company, LLC",Southwire,,54151-F-UPC,,Electrical>Boxes & Enclosures>Electrical Boxes & Covers>Electrical Box Covers,"Southwire Company, LLC, Electrical Box Cover, 54151-F-UPC",ELECTRICAL BOX COVER,"Southwire Company, LLC 54151-F-UPC Electrical Box Cover",,Electrical Box Cover,,,,,,,,,,,,,,,,,,,,,,,,,,,,Series,,,Cover Type,,,Box Type,,,Number of Gangs,,,Material,,,Finish,,,Color,,,Length,,,Width,,,Thickness,,,Additional Information,,,,,,,,,,,,,,,,,,,,,,,,,,,,,,,,,,,,,,,,,,,,,,,,,,,,,,,,,,,,,,,,,,,,,,,,,,,,,,,,,,,,,,,,,,,,,,,,,,,,,,,,,,,,,,,,,,,,,,,,,,,,,,,,,,,,,,,,,,,,,,,,,,,,,,,,,,,,,,,,,,,,,,
,,,,,,,,,,,54151-HUR-UPC,4x4x1-1/2 Oct Box w/Hanger,-- Unbranded --,-- No Unilog Brand --,Southwire,Southwire/g Turner (6603),"Southwire Company, LLC",Southwire,,54151-HUR-UPC,,Electrical>Boxes & Enclosures>Electrical Boxes & Covers>Electrical Box Covers,"Southwire Company, LLC, Electrical Box Cover, 54151-HUR-UPC",ELECTRICAL BOX COVER,"Southwire Company, LLC 54151-HUR-UPC Electrical Box Cover",,Electrical Box Cover,,,,,,,,,,,,,,,,,,,,,,,,,,,,Series,,,Cover Type,,,Box Type,,,Number of Gangs,,,Material,,,Finish,,,Color,,,Length,,,Width,,,Thickness,,,Additional Information,,,,,,,,,,,,,,,,,,,,,,,,,,,,,,,,,,,,,,,,,,,,,,,,,,,,,,,,,,,,,,,,,,,,,,,,,,,,,,,,,,,,,,,,,,,,,,,,,,,,,,,,,,,,,,,,,,,,,,,,,,,,,,,,,,,,,,,,,,,,,,,,,,,,,,,,,,,,,,,,,,,,,,
,,,,,,,,,,,54151-JR-UPC,4x4x1-1/2 Oct Box w/Brakcet,-- Unbranded --,-- No Unilog Brand --,Southwire,Southwire/g Turner (6603),"Southwire Company, LLC",Southwire,,54151-JR-UPC,,Electrical>Boxes & Enclosures>Electrical Boxes & Covers>Electrical Box Covers,"Southwire Company, LLC, Electrical Box Cover, 54151-JR-UPC",ELECTRICAL BOX COVER,"Southwire Company, LLC 54151-JR-UPC Electrical Box Cover",,Electrical Box Cover,,,,,,,,,,,,,,,,,,,,,,,,,,,,Series,,,Cover Type,,,Box Type,,,Number of Gangs,,,Material,,,Finish,,,Color,,,Length,,,Width,,,Thickness,,,Additional Information,,,,,,,,,,,,,,,,,,,,,,,,,,,,,,,,,,,,,,,,,,,,,,,,,,,,,,,,,,,,,,,,,,,,,,,,,,,,,,,,,,,,,,,,,,,,,,,,,,,,,,,,,,,,,,,,,,,,,,,,,,,,,,,,,,,,,,,,,,,,,,,,,,,,,,,,,,,,,,,,,,,,,,
,,,,,,,,,,,54171-R-UPC,4x4x2 Oct Box,-- Unbranded --,-- No Unilog Brand --,Southwire,Southwire/g Turner (6603),"Southwire Company, LLC",Southwire,,54171-R-UPC,,Electrical>Boxes & Enclosures>Electrical Boxes & Covers>Electrical Box Covers,"Southwire Company, LLC, Electrical Box Cover, 54171-R-UPC",ELECTRICAL BOX COVER,"Southwire Company, LLC 54171-R-UPC Electrical Box Cover",,Electrical Box Cover,,,,,,,,,,,,,,,,,,,,,,,,,,,,Series,,,Cover Type,,,Box Type,,,Number of Gangs,,,Material,,,Finish,,,Color,,,Length,,,Width,,,Thickness,,,Additional Information,,,,,,,,,,,,,,,,,,,,,,,,,,,,,,,,,,,,,,,,,,,,,,,,,,,,,,,,,,,,,,,,,,,,,,,,,,,,,,,,,,,,,,,,,,,,,,,,,,,,,,,,,,,,,,,,,,,,,,,,,,,,,,,,,,,,,,,,,,,,,,,,,,,,,,,,,,,,,,,,,,,,,,
,,,,,,,,,,,52151-S-UPC,4x4x1-1/2 Square Box,-- Unbranded --,-- No Unilog Brand --,Southwire,Southwire/g Turner (6603),"Southwire Company, LLC",Southwire,,52151-S-UPC,,Electrical>Boxes & Enclosures>Electrical Boxes & Covers>Electrical Box Covers,"Southwire Company, LLC, Electrical Box Cover, 52151-S-UPC",ELECTRICAL BOX COVER,"Southwire Company, LLC 52151-S-UPC Electrical Box Cover",,Electrical Box Cover,,,,,,,,,,,,,,,,,,,,,,,,,,,,Series,,,Cover Type,,,Box Type,,,Number of Gangs,,,Material,,,Finish,,,Color,,,Length,,,Width,,,Thickness,,,Additional Information,,,,,,,,,,,,,,,,,,,,,,,,,,,,,,,,,,,,,,,,,,,,,,,,,,,,,,,,,,,,,,,,,,,,,,,,,,,,,,,,,,,,,,,,,,,,,,,,,,,,,,,,,,,,,,,,,,,,,,,,,,,,,,,,,,,,,,,,,,,,,,,,,,,,,,,,,,,,,,,,,,,,,,
,,,,,,,,,,,72171-3/4-1W-UPC,4-1/2x4-1/2x2 2G Box,-- Unbranded --,-- No Unilog Brand --,Southwire,Southwire/g Turner (6603),"Southwire Company, LLC",Southwire,,72171-3/4-1W-UPC,,Electrical>Boxes & Enclosures>Electrical Boxes & Covers>Electrical Box Covers,"Southwire Company, LLC, Electrical Box Cover, 72171-3/4-1W-UPC",ELECTRICAL BOX COVER,"Southwire Company, LLC 72171-3/4-1W-UPC Electrical Box Cover",,Electrical Box Cover,,,,,,,,,,,,,,,,,,,,,,,,,,,,Series,,,Cover Type,,,Box Type,,,Number of Gangs,,,Material,,,Finish,,,Color,,,Length,,,Width,,,Thickness,,,Additional Information,,,,,,,,,,,,,,,,,,,,,,,,,,,,,,,,,,,,,,,,,,,,,,,,,,,,,,,,,,,,,,,,,,,,,,,,,,,,,,,,,,,,,,,,,,,,,,,,,,,,,,,,,,,,,,,,,,,,,,,,,,,,,,,,,,,,,,,,,,,,,,,,,,,,,,,,,,,,,,,,,,,,,,
,,,,,,,,,,,5522-5EV,5522-5EV 2 Port Decor Plate,-- Unbranded --,-- No Unilog Brand --,-- No DIB Brand --,Cooper Wiring Devices (3560),,,,5522-5EV,,Tools & Equipment>Hand Tools>Snips & Shears>Snips,"Snip, 5522-5EV",SNIP,5522-5EV Snip,,Snip,,,,,,,,,,,,,,,,,,,,,,,,,,,,Series,,,Snip Type,,,Cut Type,,,Maximum Sheet Thickness,,,Maximum Sheet Gauge,,,Length of Cut,,,Blade Type,,,Blade Material,,,Blade Finish,,,Handle Type,,,Handle Material,,,Handle Color,,,Overall Length,,,Cut Materials,,,Additional Information,,,,,,,,,,,,,,,,,,,,,,,,,,,,,,,,,,,,,,,,,,,,,,,,,,,,,,,,,,,,,,,,,,,,,,,,,,,,,,,,,,,,,,,,,,,,,,,,,,,,,,,,,,,,,,,,,,,,,,,,,,,,,,,,,,,,,,,,,,,,,,,,,,,,,,,,,,
,,,,,,,,,,,AYCL-153PH-LA,AYCL-153PH-LA Lutron Dimmer LA,-- Unbranded --,-- No Unilog Brand --,-- No DIB Brand --,Fenton Bros Electric Inc (FENBR),,,,AYCL-153PH-LA,,Tools & Equipment>Woodworking Tools & Machinery>Woodworking Machinery>Woodworking Planer Machines,"Woodworking Planer Machine, AYCL-153PH-LA",WOODWORKING PLANER MACHINE,AYCL-153PH-LA Woodworking Planer Machine,,Woodworking Planer Machine,,,,,,,,,,,,,,,,,,,,,,,,,,,,Series,,,Cutting Width,,,Cutting Thickness,,,Depth of Cut,,,Voltage Rating,,,Amperage Rating,,,Frequency Rating,,,Wattage,,,HP Rating,,,Feed Rating,,,Phase,,,Speed Rating,,,Number of Speeds,,,Table Length,,,Table Width,,,Tilt Angle,,,Cuts per Minute,,,Housing Material,,,Housing Color,,,Control Type,,,Handle Type,,,Handle Material,,,Handle Color,,,Sound Level,,,Overall Length,,,Overall Width,,,Overall Depth,,,Additional Information,,,,,,,,,,,,,,,,,,,,,,,,,,,,,,,,,,,,,,,,,,,,,,,,,,,,,,,,,,,,,,,,,,,,,,,,,,,,,,,,,,,,,,,,,,,,,,,,,,,,,,,,,,,,,,,,,,,
,,,,,,,,,,,AYCL-153PH-WH,AYCL-153PH-WH Lutron Dimmer Wh,-- Unbranded --,-- No Unilog Brand --,-- No DIB Brand --,Fenton Bros Electric Inc (FENBR),,,,AYCL-153PH-WH,,Tools & Equipment>Woodworking Tools & Machinery>Woodworking Machinery>Woodworking Planer Machines,"Woodworking Planer Machine, AYCL-153PH-WH",WOODWORKING PLANER MACHINE,AYCL-153PH-WH Woodworking Planer Machine,,Woodworking Planer Machine,,,,,,,,,,,,,,,,,,,,,,,,,,,,Series,,,Cutting Width,,,Cutting Thickness,,,Depth of Cut,,,Voltage Rating,,,Amperage Rating,,,Frequency Rating,,,Wattage,,,HP Rating,,,Feed Rating,,,Phase,,,Speed Rating,,,Number of Speeds,,,Table Length,,,Table Width,,,Tilt Angle,,,Cuts per Minute,,,Housing Material,,,Housing Color,,,Control Type,,,Handle Type,,,Handle Material,,,Handle Color,,,Sound Level,,,Overall Length,,,Overall Width,,,Overall Depth,,,Additional Information,,,,,,,,,,,,,,,,,,,,,,,,,,,,,,,,,,,,,,,,,,,,,,,,,,,,,,,,,,,,,,,,,,,,,,,,,,,,,,,,,,,,,,,,,,,,,,,,,,,,,,,,,,,,,,,,,,,
,,,,,,,,,,,D23LP-R02-1RW,D23LPR021RW Plug In Dimmer Wh,-- Unbranded --,-- No Unilog Brand --,Leviton,Leviton Mfg Co (4927),Leviton,Leviton,,D23LP-R02-1RW,,Appliances & Consumer Electronics>Laundry Appliances>Gas Dryers,"Leviton, Gas Dryer, D23LP-R02-1RW",GAS DRYER,Leviton D23LP-R02-1RW Gas Dryer,,Gas Dryer,,,,,,,,,,,,,,,,,,,,,,,,,,,,Series,,,Model,,,Capacity,,,Rotational Speed,,,BTU Rating,,,Drum Type,,,Fuel Type,,,Depth With Door Open,,,Height With Lid Open,,,Number of Cycles,,,Number of Temperature Setting,,,Color,,,Dimensions,,,Additional Information,,,,,,,,,,,,,,,,,,,,,,,,,,,,,,,,,,,,,,,,,,,,,,,,,,,,,,,,,,,,,,,,,,,,,,,,,,,,,,,,,,,,,,,,,,,,,,,,,,,,,,,,,,,,,,,,,,,,,,,,,,,,,,,,,,,,,,,,,,,,,,,,,,,,,,,,,,,,,
,,,,,,,,,,,TNOCD002,TNOCD002 125V Outdooor Timer,-- Unbranded --,-- No Unilog Brand --,Prime,Prime Wire & Cable (3562),,Prime,,TNOCD002,,,,,,,,,,,,,,,,,,,,,,,,,,,,,,,,,,,,,,,,,,,,,,,,,,,,,,,,,,,,,,,,,,,,,,,,,,,,,,,,,,,,,,,,,,,,,,,,,,,,,,,,,,,,,,,,,,,,,,,,,,,,,,,,,,,,,,,,,,,,,,,,,,,,,,,,,,,,,,,,,,,,,,,,,,,,,,,,,,,,,,,,,,,,,,,,,,,,,,,,,,,,,,,,,,,,,,,,,,,,,,,,,,,,,,,
,,,,,,,,,,,TNDHD002,TNDHD002 125V 7Day Timer,-- Unbranded --,-- No Unilog Brand --,Prime,Prime Wire & Cable (3562),,Prime,,TNDHD002,,,,,,,,,,,,,,,,,,,,,,,,,,,,,,,,,,,,,,,,,,,,,,,,,,,,,,,,,,,,,,,,,,,,,,,,,,,,,,,,,,,,,,,,,,,,,,,,,,,,,,,,,,,,,,,,,,,,,,,,,,,,,,,,,,,,,,,,,,,,,,,,,,,,,,,,,,,,,,,,,,,,,,,,,,,,,,,,,,,,,,,,,,,,,,,,,,,,,,,,,,,,,,,,,,,,,,,,,,,,,,,,,,,,,,,
,,,,,,,,,,,TNIDP12,TNIDP12 125V Dig Indoor Timer,-- Unbranded --,-- No Unilog Brand --,Prime,Prime Wire & Cable (3562),,Prime,,TNIDP12,,,,,,,,,,,,,,,,,,,,,,,,,,,,,,,,,,,,,,,,,,,,,,,,,,,,,,,,,,,,,,,,,,,,,,,,,,,,,,,,,,,,,,,,,,,,,,,,,,,,,,,,,,,,,,,,,,,,,,,,,,,,,,,,,,,,,,,,,,,,,,,,,,,,,,,,,,,,,,,,,,,,,,,,,,,,,,,,,,,,,,,,,,,,,,,,,,,,,,,,,,,,,,,,,,,,,,,,,,,,,,,,,,,,,,,
,,,,,,,,,,,TNIW24,TNIW24 125V 24hr Mech Timer,-- Unbranded --,-- No Unilog Brand --,Prime,Prime Wire & Cable (3562),,Prime,,TNIW24,,,,,,,,,,,,,,,,,,,,,,,,,,,,,,,,,,,,,,,,,,,,,,,,,,,,,,,,,,,,,,,,,,,,,,,,,,,,,,,,,,,,,,,,,,,,,,,,,,,,,,,,,,,,,,,,,,,,,,,,,,,,,,,,,,,,,,,,,,,,,,,,,,,,,,,,,,,,,,,,,,,,,,,,,,,,,,,,,,,,,,,,,,,,,,,,,,,,,,,,,,,,,,,,,,,,,,,,,,,,,,,,,,,,,,,
https://www.satco.com/products/65-1222,https://www.satco.com/products/65-1222,,,,,,,,,,65-1222,65-1222 1' Led Lt Multi CCT,-- Unbranded --,-- No Unilog Brand --,-- No DIB Brand --,Satco Prod Inc (5573),"Satco Products, Inc",,,65-1222,,Electrical>Lamps & Lightings>Light Bulbs>LED Light Bulbs,"SATCO, LED Bulb, 65-1222",BULB LED,SATCO® 65-1222 LED Bulb,,LED Bulb,,,,,,,,,,,,,,,,,,,,,,,,,,,,Series,,,Wattage,,,Lumens,,,Bulb Shape,,,Bulb Shape Code,,,Color Temperature,,,Light Appearance,,,Bulb Base,,,Bulb Base Code,,,Bulb Finish,,,Voltage Rating,,,Color Rendering Index (CRI),,,Bulb Designation,,,Average Life,,,Beam Angle,,,Incandescent Wattage Equivalent,,,Halogen Wattage Equivalent,,,Fluorescent Wattage Equivalent,,,HID Wattage Equivalent,,,Dimmable,,,Smart Compatible With,,,Diameter,,,Length,,,Energy Star Certified,,,Title 20 Compliant,,,Title 24 Compliant,,,Additional Information,,,,,,,,,,,,,,,,,,,,,,,,,,,,,,,,,,,,,,,,,,,,,,,,,,,,,,,,,,,,,,,,,,,,,,,,,,,,,,,,,,,,,,,,,,,,,,,,,,,,,,,,,,,,,,,,,,,,,,
https://www.satco.com/products/65-1224,https://www.satco.com/products/65-1224,,,,,,,,,,65-1224,65-1224 4' Led Strip Light,-- Unbranded --,-- No Unilog Brand --,Satco,Satco Prod Inc (5573),"Satco Products, Inc",Satco,,65-1224,,Electrical>Lamps & Lightings>Light Bulbs>LED Light Bulbs,"SATCO, LED Bulb, 65-1224",BULB LED,SATCO® 65-1224 LED Bulb,,LED Bulb,,,,,,,,,,,,,,,,,,,,,,,,,,,,Series,,,Wattage,,,Lumens,,,Bulb Shape,,,Bulb Shape Code,,,Color Temperature,,,Light Appearance,,,Bulb Base,,,Bulb Base Code,,,Bulb Finish,,,Voltage Rating,,,Color Rendering Index (CRI),,,Bulb Designation,,,Average Life,,,Beam Angle,,,Incandescent Wattage Equivalent,,,Halogen Wattage Equivalent,,,Fluorescent Wattage Equivalent,,,HID Wattage Equivalent,,,Dimmable,,,Smart Compatible With,,,Diameter,,,Length,,,Energy Star Certified,,,Title 20 Compliant,,,Title 24 Compliant,,,Additional Information,,,,,,,,,,,,,,,,,,,,,,,,,,,,,,,,,,,,,,,,,,,,,,,,,,,,,,,,,,,,,,,,,,,,,,,,,,,,,,,,,,,,,,,,,,,,,,,,,,,,,,,,,,,,,,,,,,,,,,
,,,,,,,,,,,45297BK,45297BK Kichler Wall Lt,-- Unbranded --,-- No Unilog Brand --,-- No DIB Brand --,Kichler Lighting (KICLI),The L.D. Kichler Co,,,45297BK,,Electrical>Lamps & Lightings>Indoor Lighting>Bath & Vanity Lights,"The L.D. Kichler Co, Bath & Vanity Light, 45297BK",BATH & VANITY LIGHT,The L.D. Kichler Co 45297BK Bath & Vanity Light,,Bath & Vanity Light,,,,,,,,,,,,,,,,,,,,,,,,,,,,Collection,,,Fixture Wattage,,,Voltage Rating,,,Amperage Rating,,,Frequency Rating,,,Fixture Style,,,Fixture Shape,,,Bulb Type,,,Bulb Wattage,,,Bulb Base,,,Number of Bulbs,,,Lumens,,,Color Temperature,,,Color Rendering Index (CRI),,,Average Life,,,Dimmable/Non-Dimmable,,,Lens Type,,,Lens Material,,,Fixture Material,,,Fixture Finish,,,Mounting Orientation,,,Mounting Type,,,Backplate/Canopy Size,,,Enclosure Type,,,Dimensions,,,Bulb Included,,,Additional Information,,,,,,,,,,,,,,,,,,,,,,,,,,,,,,,,,,,,,,,,,,,,,,,,,,,,,,,,,,,,,,,,,,,,,,,,,,,,,,,,,,,,,,,,,,,,,,,,,,,,,,,,,,,,,,,,,,,,,,
,,,,,,,,,,,45573BK,45573BK Kichler Wall Light,-- Unbranded --,-- No Unilog Brand --,-- No DIB Brand --,Kichler Lighting (KICLI),The L.D. Kichler Co,,,45573BK,,Electrical>Lamps & Lightings>Indoor Lighting>Bath & Vanity Lights,"The L.D. Kichler Co, Bath & Vanity Light, 45573BK",BATH & VANITY LIGHT,The L.D. Kichler Co 45573BK Bath & Vanity Light,,Bath & Vanity Light,,,,,,,,,,,,,,,,,,,,,,,,,,,,Collection,,,Fixture Wattage,,,Voltage Rating,,,Amperage Rating,,,Frequency Rating,,,Fixture Style,,,Fixture Shape,,,Bulb Type,,,Bulb Wattage,,,Bulb Base,,,Number of Bulbs,,,Lumens,,,Color Temperature,,,Color Rendering Index (CRI),,,Average Life,,,Dimmable/Non-Dimmable,,,Lens Type,,,Lens Material,,,Fixture Material,,,Fixture Finish,,,Mounting Orientation,,,Mounting Type,,,Backplate/Canopy Size,,,Enclosure Type,,,Dimensions,,,Bulb Included,,,Additional Information,,,,,,,,,,,,,,,,,,,,,,,,,,,,,,,,,,,,,,,,,,,,,,,,,,,,,,,,,,,,,,,,,,,,,,,,,,,,,,,,,,,,,,,,,,,,,,,,,,,,,,,,,,,,,,,,,,,,,,
,,,,,,,,,,,37418A,37418A Kichler Bath Light,-- Unbranded --,-- No Unilog Brand --,-- No DIB Brand --,Kichler Lighting (KICLI),The L.D. Kichler Co,,,37418A,,Electrical>Lamps & Lightings>Indoor Lighting>Bath & Vanity Lights,"The L.D. Kichler Co, Bath & Vanity Light, 37418A",BATH & VANITY LIGHT,The L.D. Kichler Co 37418A Bath & Vanity Light,,Bath & Vanity Light,,,,,,,,,,,,,,,,,,,,,,,,,,,,Collection,,,Fixture Wattage,,,Voltage Rating,,,Amperage Rating,,,Frequency Rating,,,Fixture Style,,,Fixture Shape,,,Bulb Type,,,Bulb Wattage,,,Bulb Base,,,Number of Bulbs,,,Lumens,,,Color Temperature,,,Color Rendering Index (CRI),,,Average Life,,,Dimmable/Non-Dimmable,,,Lens Type,,,Lens Material,,,Fixture Material,,,Fixture Finish,,,Mounting Orientation,,,Mounting Type,,,Backplate/Canopy Size,,,Enclosure Type,,,Dimensions,,,Bulb Included,,,Additional Information,,,,,,,,,,,,,,,,,,,,,,,,,,,,,,,,,,,,,,,,,,,,,,,,,,,,,,,,,,,,,,,,,,,,,,,,,,,,,,,,,,,,,,,,,,,,,,,,,,,,,,,,,,,,,,,,,,,,,,
,,,,,,,,,,,37423A,37423A Kichler Bath Light,-- Unbranded --,-- No Unilog Brand --,-- No DIB Brand --,Kichler Lighting (KICLI),The L.D. Kichler Co,,,37423A,,Electrical>Lamps & Lightings>Indoor Lighting>Bath & Vanity Lights,"The L.D. Kichler Co, Bath & Vanity Light, 37423A",BATH & VANITY LIGHT,The L.D. Kichler Co 37423A Bath & Vanity Light,,Bath & Vanity Light,,,,,,,,,,,,,,,,,,,,,,,,,,,,Collection,,,Fixture Wattage,,,Voltage Rating,,,Amperage Rating,,,Frequency Rating,,,Fixture Style,,,Fixture Shape,,,Bulb Type,,,Bulb Wattage,,,Bulb Base,,,Number of Bulbs,,,Lumens,,,Color Temperature,,,Color Rendering Index (CRI),,,Average Life,,,Dimmable/Non-Dimmable,,,Lens Type,,,Lens Material,,,Fixture Material,,,Fixture Finish,,,Mounting Orientation,,,Mounting Type,,,Backplate/Canopy Size,,,Enclosure Type,,,Dimensions,,,Bulb Included,,,Additional Information,,,,,,,,,,,,,,,,,,,,,,,,,,,,,,,,,,,,,,,,,,,,,,,,,,,,,,,,,,,,,,,,,,,,,,,,,,,,,,,,,,,,,,,,,,,,,,,,,,,,,,,,,,,,,,,,,,,,,,
,,,,,,,,,,,45496BKCLR,45496BKCLR Kichler Bath Light,-- Unbranded --,-- No Unilog Brand --,-- No DIB Brand --,Kichler Lighting (KICLI),The L.D. Kichler Co,,,45496BKCLR,,Electrical>Lamps & Lightings>Indoor Lighting>Bath & Vanity Lights,"The L.D. Kichler Co, Bath & Vanity Light, 45496BKCLR",BATH & VANITY LIGHT,The L.D. Kichler Co 45496BKCLR Bath & Vanity Light,,Bath & Vanity Light,,,,,,,,,,,,,,,,,,,,,,,,,,,,Collection,,,Fixture Wattage,,,Voltage Rating,,,Amperage Rating,,,Frequency Rating,,,Fixture Style,,,Fixture Shape,,,Bulb Type,,,Bulb Wattage,,,Bulb Base,,,Number of Bulbs,,,Lumens,,,Color Temperature,,,Color Rendering Index (CRI),,,Average Life,,,Dimmable/Non-Dimmable,,,Lens Type,,,Lens Material,,,Fixture Material,,,Fixture Finish,,,Mounting Orientation,,,Mounting Type,,,Backplate/Canopy Size,,,Enclosure Type,,,Dimensions,,,Bulb Included,,,Additional Information,,,,,,,,,,,,,,,,,,,,,,,,,,,,,,,,,,,,,,,,,,,,,,,,,,,,,,,,,,,,,,,,,,,,,,,,,,,,,,,,,,,,,,,,,,,,,,,,,,,,,,,,,,,,,,,,,,,,,,
,,,,,,,,,,,45973BK,45973BK Kichler Wall Light,-- Unbranded --,-- No Unilog Brand --,-- No DIB Brand --,Kichler Lighting (KICLI),The L.D. Kichler Co,,,45973BK,,Electrical>Lamps & Lightings>Indoor Lighting>Bath & Vanity Lights,"The L.D. Kichler Co, Bath & Vanity Light, 45973BK",BATH & VANITY LIGHT,The L.D. Kichler Co 45973BK Bath & Vanity Light,,Bath & Vanity Light,,,,,,,,,,,,,,,,,,,,,,,,,,,,Collection,,,Fixture Wattage,,,Voltage Rating,,,Amperage Rating,,,Frequency Rating,,,Fixture Style,,,Fixture Shape,,,Bulb Type,,,Bulb Wattage,,,Bulb Base,,,Number of Bulbs,,,Lumens,,,Color Temperature,,,Color Rendering Index (CRI),,,Average Life,,,Dimmable/Non-Dimmable,,,Lens Type,,,Lens Material,,,Fixture Material,,,Fixture Finish,,,Mounting Orientation,,,Mounting Type,,,Backplate/Canopy Size,,,Enclosure Type,,,Dimensions,,,Bulb Included,,,Additional Information,,,,,,,,,,,,,,,,,,,,,,,,,,,,,,,,,,,,,,,,,,,,,,,,,,,,,,,,,,,,,,,,,,,,,,,,,,,,,,,,,,,,,,,,,,,,,,,,,,,,,,,,,,,,,,,,,,,,,,
,,,,,,,,,,,55155BK,55155BK Kichler Wall Lt,-- Unbranded --,-- No Unilog Brand --,-- No DIB Brand --,Kichler Lighting (KICLI),The L.D. Kichler Co,,,55155BK,,Electrical>Lamps & Lightings>Indoor Lighting>Bath & Vanity Lights,"The L.D. Kichler Co, Bath & Vanity Light, 55155BK",BATH & VANITY LIGHT,The L.D. Kichler Co 55155BK Bath & Vanity Light,,Bath & Vanity Light,,,,,,,,,,,,,,,,,,,,,,,,,,,,Collection,,,Fixture Wattage,,,Voltage Rating,,,Amperage Rating,,,Frequency Rating,,,Fixture Style,,,Fixture Shape,,,Bulb Type,,,Bulb Wattage,,,Bulb Base,,,Number of Bulbs,,,Lumens,,,Color Temperature,,,Color Rendering Index (CRI),,,Average Life,,,Dimmable/Non-Dimmable,,,Lens Type,,,Lens Material,,,Fixture Material,,,Fixture Finish,,,Mounting Orientation,,,Mounting Type,,,Backplate/Canopy Size,,,Enclosure Type,,,Dimensions,,,Bulb Included,,,Additional Information,,,,,,,,,,,,,,,,,,,,,,,,,,,,,,,,,,,,,,,,,,,,,,,,,,,,,,,,,,,,,,,,,,,,,,,,,,,,,,,,,,,,,,,,,,,,,,,,,,,,,,,,,,,,,,,,,,,,,,
,,,,,,,,,,,55157CPZ,55157CPZ Kichler Wall Light,-- Unbranded --,-- No Unilog Brand --,-- No DIB Brand --,Kichler Lighting (KICLI),The L.D. Kichler Co,,,55157CPZ,,Electrical>Lamps & Lightings>Indoor Lighting>Bath & Vanity Lights,"The L.D. Kichler Co, Bath & Vanity Light, 55157CPZ",BATH & VANITY LIGHT,The L.D. Kichler Co 55157CPZ Bath & Vanity Light,,Bath & Vanity Light,,,,,,,,,,,,,,,,,,,,,,,,,,,,Collection,,,Fixture Wattage,,,Voltage Rating,,,Amperage Rating,,,Frequency Rating,,,Fixture Style,,,Fixture Shape,,,Bulb Type,,,Bulb Wattage,,,Bulb Base,,,Number of Bulbs,,,Lumens,,,Color Temperature,,,Color Rendering Index (CRI),,,Average Life,,,Dimmable/Non-Dimmable,,,Lens Type,,,Lens Material,,,Fixture Material,,,Fixture Finish,,,Mounting Orientation,,,Mounting Type,,,Backplate/Canopy Size,,,Enclosure Type,,,Dimensions,,,Bulb Included,,,Additional Information,,,,,,,,,,,,,,,,,,,,,,,,,,,,,,,,,,,,,,,,,,,,,,,,,,,,,,,,,,,,,,,,,,,,,,,,,,,,,,,,,,,,,,,,,,,,,,,,,,,,,,,,,,,,,,,,,,,,,,
,,,,,,,,,,,55184BK,55184BK Kichler Wall Lt,-- Unbranded --,-- No Unilog Brand --,-- No DIB Brand --,Kichler Lighting (KICLI),The L.D. Kichler Co,,,55184BK,,Electrical>Lamps & Lightings>Indoor Lighting>Bath & Vanity Lights,"The L.D. Kichler Co, Bath & Vanity Light, 55184BK",BATH & VANITY LIGHT,The L.D. Kichler Co 55184BK Bath & Vanity Light,,Bath & Vanity Light,,,,,,,,,,,,,,,,,,,,,,,,,,,,Collection,,,Fixture Wattage,,,Voltage Rating,,,Amperage Rating,,,Frequency Rating,,,Fixture Style,,,Fixture Shape,,,Bulb Type,,,Bulb Wattage,,,Bulb Base,,,Number of Bulbs,,,Lumens,,,Color Temperature,,,Color Rendering Index (CRI),,,Average Life,,,Dimmable/Non-Dimmable,,,Lens Type,,,Lens Material,,,Fixture Material,,,Fixture Finish,,,Mounting Orientation,,,Mounting Type,,,Backplate/Canopy Size,,,Enclosure Type,,,Dimensions,,,Bulb Included,,,Additional Information,,,,,,,,,,,,,,,,,,,,,,,,,,,,,,,,,,,,,,,,,,,,,,,,,,,,,,,,,,,,,,,,,,,,,,,,,,,,,,,,,,,,,,,,,,,,,,,,,,,,,,,,,,,,,,,,,,,,,,
,,,,,,,,,,,55185BK,55185BK Kichler Wall Lt,-- Unbranded --,-- No Unilog Brand --,-- No DIB Brand --,Kichler Lighting (KICLI),The L.D. Kichler Co,,,55185BK,,Electrical>Lamps & Lightings>Indoor Lighting>Bath & Vanity Lights,"The L.D. Kichler Co, Bath & Vanity Light, 55185BK",BATH & VANITY LIGHT,The L.D. Kichler Co 55185BK Bath & Vanity Light,,Bath & Vanity Light,,,,,,,,,,,,,,,,,,,,,,,,,,,,Collection,,,Fixture Wattage,,,Voltage Rating,,,Amperage Rating,,,Frequency Rating,,,Fixture Style,,,Fixture Shape,,,Bulb Type,,,Bulb Wattage,,,Bulb Base,,,Number of Bulbs,,,Lumens,,,Color Temperature,,,Color Rendering Index (CRI),,,Average Life,,,Dimmable/Non-Dimmable,,,Lens Type,,,Lens Material,,,Fixture Material,,,Fixture Finish,,,Mounting Orientation,,,Mounting Type,,,Backplate/Canopy Size,,,Enclosure Type,,,Dimensions,,,Bulb Included,,,Additional Information,,,,,,,,,,,,,,,,,,,,,,,,,,,,,,,,,,,,,,,,,,,,,,,,,,,,,,,,,,,,,,,,,,,,,,,,,,,,,,,,,,,,,,,,,,,,,,,,,,,,,,,,,,,,,,,,,,,,,,
,,,,,,,,,,,55186CH,55186CH Kichler Wall Lt,-- Unbranded --,-- No Unilog Brand --,-- No DIB Brand --,Kichler Lighting (KICLI),The L.D. Kichler Co,,,55186CH,,Electrical>Lamps & Lightings>Indoor Lighting>Bath & Vanity Lights,"The L.D. Kichler Co, Bath & Vanity Light, 55186CH",BATH & VANITY LIGHT,The L.D. Kichler Co 55186CH Bath & Vanity Light,,Bath & Vanity Light,,,,,,,,,,,,,,,,,,,,,,,,,,,,Collection,,,Fixture Wattage,,,Voltage Rating,,,Amperage Rating,,,Frequency Rating,,,Fixture Style,,,Fixture Shape,,,Bulb Type,,,Bulb Wattage,,,Bulb Base,,,Number of Bulbs,,,Lumens,,,Color Temperature,,,Color Rendering Index (CRI),,,Average Life,,,Dimmable/Non-Dimmable,,,Lens Type,,,Lens Material,,,Fixture Material,,,Fixture Finish,,,Mounting Orientation,,,Mounting Type,,,Backplate/Canopy Size,,,Enclosure Type,,,Dimensions,,,Bulb Included,,,Additional Information,,,,,,,,,,,,,,,,,,,,,,,,,,,,,,,,,,,,,,,,,,,,,,,,,,,,,,,,,,,,,,,,,,,,,,,,,,,,,,,,,,,,,,,,,,,,,,,,,,,,,,,,,,,,,,,,,,,,,,
,,,,,,,,,,,55210NI,55210NI Kichler Wall Light,-- Unbranded --,-- No Unilog Brand --,-- No DIB Brand --,Kichler Lighting (KICLI),The L.D. Kichler Co,,,55210NI,,Electrical>Lamps & Lightings>Indoor Lighting>Wall Sconces,"The L.D. Kichler Co, Wall Sconce, 55210NI",WALL SCONCE,The L.D. Kichler Co 55210NI Wall Sconce,,Wall Sconce,,,,,,,,,,,,,,,,,,,,,,,,,,,,Collection,,,Fixture Wattage,,,Voltage Rating,,,Amperage Rating,,,Frequency Rating,,,Fixture Style,,,Fixture Shape,,,Bulb Type,,,Bulb Wattage,,,Bulb Base,,,Number of Bulbs,,,Lumens,,,Color Temperature,,,Color Rendering Index (CRI),,,Average Life,,,Dimmable/Non-Dimmable,,,Lens Type,,,Lens Material,,,Fixture Material,,,Fixture Finish,,,Mounting Type,,,Backplate/Canopy Size,,,Enclosure Type,,,Dimensions,,,Bulb Included,,,Additional Information,,,,,,,,,,,,,,,,,,,,,,,,,,,,,,,,,,,,,,,,,,,,,,,,,,,,,,,,,,,,,,,,,,,,,,,,,,,,,,,,,,,,,,,,,,,,,,,,,,,,,,,,,,,,,,,,,,,,,,,,,
,,,,,,,,,,,55211BK,55211BK Kichler Wall Light,-- Unbranded --,-- No Unilog Brand --,-- No DIB Brand --,Kichler Lighting (KICLI),The L.D. Kichler Co,,,55211BK,,Electrical>Lamps & Lightings>Indoor Lighting>Bath & Vanity Lights,"The L.D. Kichler Co, Bath & Vanity Light, 55211BK",BATH & VANITY LIGHT,The L.D. Kichler Co 55211BK Bath & Vanity Light,,Bath & Vanity Light,,,,,,,,,,,,,,,,,,,,,,,,,,,,Collection,,,Fixture Wattage,,,Voltage Rating,,,Amperage Rating,,,Frequency Rating,,,Fixture Style,,,Fixture Shape,,,Bulb Type,,,Bulb Wattage,,,Bulb Base,,,Number of Bulbs,,,Lumens,,,Color Temperature,,,Color Rendering Index (CRI),,,Average Life,,,Dimmable/Non-Dimmable,,,Lens Type,,,Lens Material,,,Fixture Material,,,Fixture Finish,,,Mounting Orientation,,,Mounting Type,,,Backplate/Canopy Size,,,Enclosure Type,,,Dimensions,,,Bulb Included,,,Additional Information,,,,,,,,,,,,,,,,,,,,,,,,,,,,,,,,,,,,,,,,,,,,,,,,,,,,,,,,,,,,,,,,,,,,,,,,,,,,,,,,,,,,,,,,,,,,,,,,,,,,,,,,,,,,,,,,,,,,,,
,,,,,,,,,,,55211NI,55211NI Kichler Wall Light,-- Unbranded --,-- No Unilog Brand --,-- No DIB Brand --,Kichler Lighting (KICLI),The L.D. Kichler Co,,,55211NI,,Electrical>Lamps & Lightings>Indoor Lighting>Wall Sconces,"The L.D. Kichler Co, Wall Sconce, 55211NI",WALL SCONCE,The L.D. Kichler Co 55211NI Wall Sconce,,Wall Sconce,,,,,,,,,,,,,,,,,,,,,,,,,,,,Collection,,,Fixture Wattage,,,Voltage Rating,,,Amperage Rating,,,Frequency Rating,,,Fixture Style,,,Fixture Shape,,,Bulb Type,,,Bulb Wattage,,,Bulb Base,,,Number of Bulbs,,,Lumens,,,Color Temperature,,,Color Rendering Index (CRI),,,Average Life,,,Dimmable/Non-Dimmable,,,Lens Type,,,Lens Material,,,Fixture Material,,,Fixture Finish,,,Mounting Type,,,Backplate/Canopy Size,,,Enclosure Type,,,Dimensions,,,Bulb Included,,,Additional Information,,,,,,,,,,,,,,,,,,,,,,,,,,,,,,,,,,,,,,,,,,,,,,,,,,,,,,,,,,,,,,,,,,,,,,,,,,,,,,,,,,,,,,,,,,,,,,,,,,,,,,,,,,,,,,,,,,,,,,,,,
,,,,,,,,,,,55212NI,55212NI Kichler Wall Light,-- Unbranded --,-- No Unilog Brand --,-- No DIB Brand --,Kichler Lighting (KICLI),The L.D. Kichler Co,,,55212NI,,Electrical>Lamps & Lightings>Indoor Lighting>Wall Sconces,"The L.D. Kichler Co, Wall Sconce, 55212NI",WALL SCONCE,The L.D. Kichler Co 55212NI Wall Sconce,,Wall Sconce,,,,,,,,,,,,,,,,,,,,,,,,,,,,Collection,,,Fixture Wattage,,,Voltage Rating,,,Amperage Rating,,,Frequency Rating,,,Fixture Style,,,Fixture Shape,,,Bulb Type,,,Bulb Wattage,,,Bulb Base,,,Number of Bulbs,,,Lumens,,,Color Temperature,,,Color Rendering Index (CRI),,,Average Life,,,Dimmable/Non-Dimmable,,,Lens Type,,,Lens Material,,,Fixture Material,,,Fixture Finish,,,Mounting Type,,,Backplate/Canopy Size,,,Enclosure Type,,,Dimensions,,,Bulb Included,,,Additional Information,,,,,,,,,,,,,,,,,,,,,,,,,,,,,,,,,,,,,,,,,,,,,,,,,,,,,,,,,,,,,,,,,,,,,,,,,,,,,,,,,,,,,,,,,,,,,,,,,,,,,,,,,,,,,,,,,,,,,,,,,
,,,,,,,,,,,55226BKLFU,55226BKFLU Kichler Wall Lt,-- Unbranded --,-- No Unilog Brand --,-- No DIB Brand --,Kichler Lighting (KICLI),The L.D. Kichler Co,,,55226BKLFU,,Electrical>Lamps & Lightings>Indoor Lighting>Bath & Vanity Lights,"The L.D. Kichler Co, Bath & Vanity Light, 55226BKLFU",BATH & VANITY LIGHT,The L.D. Kichler Co 55226BKLFU Bath & Vanity Light,,Bath & Vanity Light,,,,,,,,,,,,,,,,,,,,,,,,,,,,Collection,,,Fixture Wattage,,,Voltage Rating,,,Amperage Rating,,,Frequency Rating,,,Fixture Style,,,Fixture Shape,,,Bulb Type,,,Bulb Wattage,,,Bulb Base,,,Number of Bulbs,,,Lumens,,,Color Temperature,,,Color Rendering Index (CRI),,,Average Life,,,Dimmable/Non-Dimmable,,,Lens Type,,,Lens Material,,,Fixture Material,,,Fixture Finish,,,Mounting Orientation,,,Mounting Type,,,Backplate/Canopy Size,,,Enclosure Type,,,Dimensions,,,Bulb Included,,,Additional Information,,,,,,,,,,,,,,,,,,,,,,,,,,,,,,,,,,,,,,,,,,,,,,,,,,,,,,,,,,,,,,,,,,,,,,,,,,,,,,,,,,,,,,,,,,,,,,,,,,,,,,,,,,,,,,,,,,,,,,
,,,,,,,,,,,55239CPZLED,55239CPZLED Kichler Wall Lt,-- Unbranded --,-- No Unilog Brand --,-- No DIB Brand --,Kichler Lighting (KICLI),The L.D. Kichler Co,,,55239CPZLED,,Electrical>Lamps & Lightings>Indoor Lighting>Wall Sconces,"The L.D. Kichler Co, Wall Sconce, 55239CPZLED, E26 Medium",WALL SCONCE KAVI 75 120 MODERN CYLINDER,"The L.D. Kichler Co 55239CPZLED Wall Sconce, E26 Medium",,"Wall Sconce, E26 Medium",,,,,,,,,,,,,,,,,,,,,,,,,,,,Collection,Kavi,,Fixture Wattage,75,W,Voltage Rating,120,V,Amperage Rating,,,Frequency Rating,,,Fixture Style,Modern,,Fixture Shape,Cylinder,,Bulb Type,T10,,Bulb Wattage,75,W,Bulb Base,E26 Medium,,Number of Bulbs,1,,Lumens,,,Color Temperature,,,Color Rendering Index (CRI),,,Average Life,,,Dimmable/Non-Dimmable,,,Lens Type,,,Lens Material,,,Fixture Material,,,Fixture Finish,,,Mounting Type,Wall,,Backplate/Canopy Size,5 in W x 1 in D,,Enclosure Type,,,Dimensions,13 in H x 5 in W x 6 in D,,Bulb Included,No,,Additional Information,6 in L Lead Wire,,,,,,,,,,,,,,,,,,,,,,,,,,,,,,,,,,,,,,,,,,,,,,,,,,,,,,,,,,,,,,,,,,,,,,,,,,,,,,,,,,,,,,,,,,,,,,,,,,,,,,,,,,,,,,,,,,,,,,,,
,,,,,,,,,,,44072DBK,44072DBK Kichler Chandelier Lt,-- Unbranded --,-- No Unilog Brand --,-- No DIB Brand --,Kichler Lighting (KICLI),The L.D. Kichler Co,,,44072DBK,,Electrical>Lamps & Lightings>Indoor Lighting>Bath & Vanity Lights,"The L.D. Kichler Co, Bath & Vanity Light, 44072DBK",BATH & VANITY LIGHT,The L.D. Kichler Co 44072DBK Bath & Vanity Light,,Bath & Vanity Light,,,,,,,,,,,,,,,,,,,,,,,,,,,,Collection,,,Fixture Wattage,,,Voltage Rating,,,Amperage Rating,,,Frequency Rating,,,Fixture Style,,,Fixture Shape,,,Bulb Type,,,Bulb Wattage,,,Bulb Base,,,Number of Bulbs,,,Lumens,,,Color Temperature,,,Color Rendering Index (CRI),,,Average Life,,,Dimmable/Non-Dimmable,,,Lens Type,,,Lens Material,,,Fixture Material,,,Fixture Finish,,,Mounting Orientation,,,Mounting Type,,,Backplate/Canopy Size,,,Enclosure Type,,,Dimensions,,,Bulb Included,,,Additional Information,,,,,,,,,,,,,,,,,,,,,,,,,,,,,,,,,,,,,,,,,,,,,,,,,,,,,,,,,,,,,,,,,,,,,,,,,,,,,,,,,,,,,,,,,,,,,,,,,,,,,,,,,,,,,,,,,,,,,,
,,,,,,,,,,,44073NI,44073NI Kichler Chandelier Lt,-- Unbranded --,-- No Unilog Brand --,-- No DIB Brand --,Kichler Lighting (KICLI),The L.D. Kichler Co,,,44073NI,,Electrical>Lamps & Lightings>Indoor Lighting>Wall Sconces,"The L.D. Kichler Co, Wall Sconce, 44073NI",WALL SCONCE,The L.D. Kichler Co 44073NI Wall Sconce,,Wall Sconce,,,,,,,,,,,,,,,,,,,,,,,,,,,,Collection,,,Fixture Wattage,,,Voltage Rating,,,Amperage Rating,,,Frequency Rating,,,Fixture Style,,,Fixture Shape,,,Bulb Type,,,Bulb Wattage,,,Bulb Base,,,Number of Bulbs,,,Lumens,,,Color Temperature,,,Color Rendering Index (CRI),,,Average Life,,,Dimmable/Non-Dimmable,,,Lens Type,,,Lens Material,,,Fixture Material,,,Fixture Finish,,,Mounting Type,,,Backplate/Canopy Size,,,Enclosure Type,,,Dimensions,,,Bulb Included,,,Additional Information,,,,,,,,,,,,,,,,,,,,,,,,,,,,,,,,,,,,,,,,,,,,,,,,,,,,,,,,,,,,,,,,,,,,,,,,,,,,,,,,,,,,,,,,,,,,,,,,,,,,,,,,,,,,,,,,,,,,,,,,,
,,,,,,,,,,,52033BK,52033BK Kichler Chandelier Lt,-- Unbranded --,-- No Unilog Brand --,-- No DIB Brand --,Kichler Lighting (KICLI),The L.D. Kichler Co,,,52033BK,,Electrical>Lamps & Lightings>Indoor Lighting>Surface-Mount Fixtures,"The L.D. Kichler Co, Surface-Mount Fixture, 52033BK",SURFACE-MOUNT FIXTURE,The L.D. Kichler Co 52033BK Surface-Mount Fixture,,Surface-Mount Fixture,,,,,,,,,,,,,,,,,,,,,,,,,,,,Collection,,,Fixture Wattage,,,Voltage Rating,,,Amperage Rating,,,Frequency Rating,,,Fixture Style,,,Fixture Shape,,,Bulb Type,,,Bulb Wattage,,,Bulb Base,,,Number of Bulbs,,,Lumens,,,Color Temperature,,,Color Rendering Index (CRI),,,Average Life,,,Dimmable/Non-Dimmable,,,Lens Type,,,Lens Material,,,Fixture Material,,,Fixture Finish,,,Backplate/Canopy Size,,,Enclosure Type,,,Dimensions,,,Bulb Included,,,Additional Information,,,,,,,,,,,,,,,,,,,,,,,,,,,,,,,,,,,,,,,,,,,,,,,,,,,,,,,,,,,,,,,,,,,,,,,,,,,,,,,,,,,,,,,,,,,,,,,,,,,,,,,,,,,,,,,,,,,,,,,,,,,,
,,,,,,,,,,,84322WH,84322WH Kichler Chandelier Lt,-- Unbranded --,-- No Unilog Brand --,-- No DIB Brand --,Kichler Lighting (KICLI),The L.D. Kichler Co,,,84322WH,,Electrical>Lamps & Lightings>Indoor Lighting>Bath & Vanity Lights,"The L.D. Kichler Co, Bath & Vanity Light, 84322WH",BATH & VANITY LIGHT,The L.D. Kichler Co 84322WH Bath & Vanity Light,,Bath & Vanity Light,,,,,,,,,,,,,,,,,,,,,,,,,,,,Collection,,,Fixture Wattage,,,Voltage Rating,,,Amperage Rating,,,Frequency Rating,,,Fixture Style,,,Fixture Shape,,,Bulb Type,,,Bulb Wattage,,,Bulb Base,,,Number of Bulbs,,,Lumens,,,Color Temperature,,,Color Rendering Index (CRI),,,Average Life,,,Dimmable/Non-Dimmable,,,Lens Type,,,Lens Material,,,Fixture Material,,,Fixture Finish,,,Mounting Orientation,,,Mounting Type,,,Backplate/Canopy Size,,,Enclosure Type,,,Dimensions,,,Bulb Included,,,Additional Information,,,,,,,,,,,,,,,,,,,,,,,,,,,,,,,,,,,,,,,,,,,,,,,,,,,,,,,,,,,,,,,,,,,,,,,,,,,,,,,,,,,,,,,,,,,,,,,,,,,,,,,,,,,,,,,,,,,,,,
,,,,,,,,,,,52404BK,52404BK Kichler Chandelier Lt,-- Unbranded --,-- No Unilog Brand --,-- No DIB Brand --,Kichler Lighting (KICLI),The L.D. Kichler Co,,,52404BK,,Electrical>Lamps & Lightings>Indoor Lighting>Surface-Mount Fixtures,"The L.D. Kichler Co, Surface-Mount Fixture, 52404BK",SURFACE-MOUNT FIXTURE,The L.D. Kichler Co 52404BK Surface-Mount Fixture,,Surface-Mount Fixture,,,,,,,,,,,,,,,,,,,,,,,,,,,,Collection,,,Fixture Wattage,,,Voltage Rating,,,Amperage Rating,,,Frequency Rating,,,Fixture Style,,,Fixture Shape,,,Bulb Type,,,Bulb Wattage,,,Bulb Base,,,Number of Bulbs,,,Lumens,,,Color Temperature,,,Color Rendering Index (CRI),,,Average Life,,,Dimmable/Non-Dimmable,,,Lens Type,,,Lens Material,,,Fixture Material,,,Fixture Finish,,,Backplate/Canopy Size,,,Enclosure Type,,,Dimensions,,,Bulb Included,,,Additional Information,,,,,,,,,,,,,,,,,,,,,,,,,,,,,,,,,,,,,,,,,,,,,,,,,,,,,,,,,,,,,,,,,,,,,,,,,,,,,,,,,,,,,,,,,,,,,,,,,,,,,,,,,,,,,,,,,,,,,,,,,,,,
,,,,,,,,,,,34686A,34686A Kichler Chandelier Lt,-- Unbranded --,-- No Unilog Brand --,-- No DIB Brand --,Kichler Lighting (KICLI),The L.D. Kichler Co,,,34686A,,Electrical>Lamps & Lightings>Indoor Lighting>Bath & Vanity Lights,"The L.D. Kichler Co, Bath & Vanity Light, 34686A",BATH & VANITY LIGHT,The L.D. Kichler Co 34686A Bath & Vanity Light,,Bath & Vanity Light,,,,,,,,,,,,,,,,,,,,,,,,,,,,Collection,,,Fixture Wattage,,,Voltage Rating,,,Amperage Rating,,,Frequency Rating,,,Fixture Style,,,Fixture Shape,,,Bulb Type,,,Bulb Wattage,,,Bulb Base,,,Number of Bulbs,,,Lumens,,,Color Temperature,,,Color Rendering Index (CRI),,,Average Life,,,Dimmable/Non-Dimmable,,,Lens Type,,,Lens Material,,,Fixture Material,,,Fixture Finish,,,Mounting Orientation,,,Mounting Type,,,Backplate/Canopy Size,,,Enclosure Type,,,Dimensions,,,Bulb Included,,,Additional Information,,,,,,,,,,,,,,,,,,,,,,,,,,,,,,,,,,,,,,,,,,,,,,,,,,,,,,,,,,,,,,,,,,,,,,,,,,,,,,,,,,,,,,,,,,,,,,,,,,,,,,,,,,,,,,,,,,,,,,
,,,,,,,,,,,34687A,34687A Kichler Chandelier Lt,-- Unbranded --,-- No Unilog Brand --,-- No DIB Brand --,Kichler Lighting (KICLI),The L.D. Kichler Co,,,34687A,,Electrical>Lamps & Lightings>Indoor Lighting>Bath & Vanity Lights,"The L.D. Kichler Co, Bath & Vanity Light, 34687A",BATH & VANITY LIGHT,The L.D. Kichler Co 34687A Bath & Vanity Light,,Bath & Vanity Light,,,,,,,,,,,,,,,,,,,,,,,,,,,,Collection,,,Fixture Wattage,,,Voltage Rating,,,Amperage Rating,,,Frequency Rating,,,Fixture Style,,,Fixture Shape,,,Bulb Type,,,Bulb Wattage,,,Bulb Base,,,Number of Bulbs,,,Lumens,,,Color Temperature,,,Color Rendering Index (CRI),,,Average Life,,,Dimmable/Non-Dimmable,,,Lens Type,,,Lens Material,,,Fixture Material,,,Fixture Finish,,,Mounting Orientation,,,Mounting Type,,,Backplate/Canopy Size,,,Enclosure Type,,,Dimensions,,,Bulb Included,,,Additional Information,,,,,,,,,,,,,,,,,,,,,,,,,,,,,,,,,,,,,,,,,,,,,,,,,,,,,,,,,,,,,,,,,,,,,,,,,,,,,,,,,,,,,,,,,,,,,,,,,,,,,,,,,,,,,,,,,,,,,,
,,,,,,,,,,,34688A,34688A Kichler Chandelier Lt,-- Unbranded --,-- No Unilog Brand --,-- No DIB Brand --,-,,,,34688A,,Electrical>Lamps & Lightings>Indoor Lighting>Bath & Vanity Lights,"Bath & Vanity Light, 34688A",BATH & VANITY LIGHT,34688A Bath & Vanity Light,,Bath & Vanity Light,,,,,,,,,,,,,,,,,,,,,,,,,,,,Collection,,,Fixture Wattage,,,Voltage Rating,,,Amperage Rating,,,Frequency Rating,,,Fixture Style,,,Fixture Shape,,,Bulb Type,,,Bulb Wattage,,,Bulb Base,,,Number of Bulbs,,,Lumens,,,Color Temperature,,,Color Rendering Index (CRI),,,Average Life,,,Dimmable/Non-Dimmable,,,Lens Type,,,Lens Material,,,Fixture Material,,,Fixture Finish,,,Mounting Orientation,,,Mounting Type,,,Backplate/Canopy Size,,,Enclosure Type,,,Dimensions,,,Bulb Included,,,Additional Information,,,,,,,,,,,,,,,,,,,,,,,,,,,,,,,,,,,,,,,,,,,,,,,,,,,,,,,,,,,,,,,,,,,,,,,,,,,,,,,,,,,,,,,,,,,,,,,,,,,,,,,,,,,,,,,,,,,,,,
,,,,,,,,,,,43671BKCLR,43671BKCLR Kichler Chand Lt,-- Unbranded --,-- No Unilog Brand --,-- No DIB Brand --,Kichler Lighting (KICLI),The L.D. Kichler Co,,,43671BKCLR,,Electrical>Lamps & Lightings>Indoor Lighting>Bath & Vanity Lights,"The L.D. Kichler Co, Bath & Vanity Light, 43671BKCLR",BATH & VANITY LIGHT,The L.D. Kichler Co 43671BKCLR Bath & Vanity Light,,Bath & Vanity Light,,,,,,,,,,,,,,,,,,,,,,,,,,,,Collection,,,Fixture Wattage,,,Voltage Rating,,,Amperage Rating,,,Frequency Rating,,,Fixture Style,,,Fixture Shape,,,Bulb Type,,,Bulb Wattage,,,Bulb Base,,,Number of Bulbs,,,Lumens,,,Color Temperature,,,Color Rendering Index (CRI),,,Average Life,,,Dimmable/Non-Dimmable,,,Lens Type,,,Lens Material,,,Fixture Material,,,Fixture Finish,,,Mounting Orientation,,,Mounting Type,,,Backplate/Canopy Size,,,Enclosure Type,,,Dimensions,,,Bulb Included,,,Additional Information,,,,,,,,,,,,,,,,,,,,,,,,,,,,,,,,,,,,,,,,,,,,,,,,,,,,,,,,,,,,,,,,,,,,,,,,,,,,,,,,,,,,,,,,,,,,,,,,,,,,,,,,,,,,,,,,,,,,,,
,,,,,,,,,,,52616BK,52616BK Kichler Chandelier Lt,-- Unbranded --,-- No Unilog Brand --,-- No DIB Brand --,Kichler Lighting (KICLI),The L.D. Kichler Co,,,52616BK,,Electrical>Lamps & Lightings>Indoor Lighting>Surface-Mount Fixtures,"The L.D. Kichler Co, Surface-Mount Fixture, 52616BK",SURFACE-MOUNT FIXTURE,The L.D. Kichler Co 52616BK Surface-Mount Fixture,,Surface-Mount Fixture,,,,,,,,,,,,,,,,,,,,,,,,,,,,Collection,,,Fixture Wattage,,,Voltage Rating,,,Amperage Rating,,,Frequency Rating,,,Fixture Style,,,Fixture Shape,,,Bulb Type,,,Bulb Wattage,,,Bulb Base,,,Number of Bulbs,,,Lumens,,,Color Temperature,,,Color Rendering Index (CRI),,,Average Life,,,Dimmable/Non-Dimmable,,,Lens Type,,,Lens Material,,,Fixture Material,,,Fixture Finish,,,Backplate/Canopy Size,,,Enclosure Type,,,Dimensions,,,Bulb Included,,,Additional Information,,,,,,,,,,,,,,,,,,,,,,,,,,,,,,,,,,,,,,,,,,,,,,,,,,,,,,,,,,,,,,,,,,,,,,,,,,,,,,,,,,,,,,,,,,,,,,,,,,,,,,,,,,,,,,,,,,,,,,,,,,,,
,,,,,,,,,,,52616NI,52616NI Kichler Chandelier Lt,-- Unbranded --,-- No Unilog Brand --,-- No DIB Brand --,Kichler Lighting (KICLI),The L.D. Kichler Co,,,52616NI,,Electrical>Lamps & Lightings>Indoor Lighting>Wall Sconces,"The L.D. Kichler Co, Wall Sconce, 52616NI",WALL SCONCE,The L.D. Kichler Co 52616NI Wall Sconce,,Wall Sconce,,,,,,,,,,,,,,,,,,,,,,,,,,,,Collection,,,Fixture Wattage,,,Voltage Rating,,,Amperage Rating,,,Frequency Rating,,,Fixture Style,,,Fixture Shape,,,Bulb Type,,,Bulb Wattage,,,Bulb Base,,,Number of Bulbs,,,Lumens,,,Color Temperature,,,Color Rendering Index (CRI),,,Average Life,,,Dimmable/Non-Dimmable,,,Lens Type,,,Lens Material,,,Fixture Material,,,Fixture Finish,,,Mounting Type,,,Backplate/Canopy Size,,,Enclosure Type,,,Dimensions,,,Bulb Included,,,Additional Information,,,,,,,,,,,,,,,,,,,,,,,,,,,,,,,,,,,,,,,,,,,,,,,,,,,,,,,,,,,,,,,,,,,,,,,,,,,,,,,,,,,,,,,,,,,,,,,,,,,,,,,,,,,,,,,,,,,,,,,,,
,,,,,,,,,,,52678BK,52678BK Kichler Chandelier Lt,-- Unbranded --,-- No Unilog Brand --,-- No DIB Brand --,Kichler Lighting (KICLI),The L.D. Kichler Co,,,52678BK,,Electrical>Lamps & Lightings>Indoor Lighting>Surface-Mount Fixtures,"The L.D. Kichler Co, Surface-Mount Fixture, 52678BK",SURFACE-MOUNT FIXTURE,The L.D. Kichler Co 52678BK Surface-Mount Fixture,,Surface-Mount Fixture,,,,,,,,,,,,,,,,,,,,,,,,,,,,Collection,,,Fixture Wattage,,,Voltage Rating,,,Amperage Rating,,,Frequency Rating,,,Fixture Style,,,Fixture Shape,,,Bulb Type,,,Bulb Wattage,,,Bulb Base,,,Number of Bulbs,,,Lumens,,,Color Temperature,,,Color Rendering Index (CRI),,,Average Life,,,Dimmable/Non-Dimmable,,,Lens Type,,,Lens Material,,,Fixture Material,,,Fixture Finish,,,Backplate/Canopy Size,,,Enclosure Type,,,Dimensions,,,Bulb Included,,,Additional Information,,,,,,,,,,,,,,,,,,,,,,,,,,,,,,,,,,,,,,,,,,,,,,,,,,,,,,,,,,,,,,,,,,,,,,,,,,,,,,,,,,,,,,,,,,,,,,,,,,,,,,,,,,,,,,,,,,,,,,,,,,,,
,,,,,,,,,,,52680CPZ,52680CPZ Kichler Chandelier Lt,-- Unbranded --,-- No Unilog Brand --,-- No DIB Brand --,Kichler Lighting (KICLI),The L.D. Kichler Co,,,52680CPZ,,Electrical>Lamps & Lightings>Indoor Lighting>Bath & Vanity Lights,"The L.D. Kichler Co, Bath & Vanity Light, 52680CPZ",BATH & VANITY LIGHT,The L.D. Kichler Co 52680CPZ Bath & Vanity Light,,Bath & Vanity Light,,,,,,,,,,,,,,,,,,,,,,,,,,,,Collection,,,Fixture Wattage,,,Voltage Rating,,,Amperage Rating,,,Frequency Rating,,,Fixture Style,,,Fixture Shape,,,Bulb Type,,,Bulb Wattage,,,Bulb Base,,,Number of Bulbs,,,Lumens,,,Color Temperature,,,Color Rendering Index (CRI),,,Average Life,,,Dimmable/Non-Dimmable,,,Lens Type,,,Lens Material,,,Fixture Material,,,Fixture Finish,,,Mounting Orientation,,,Mounting Type,,,Backplate/Canopy Size,,,Enclosure Type,,,Dimensions,,,Bulb Included,,,Additional Information,,,,,,,,,,,,,,,,,,,,,,,,,,,,,,,,,,,,,,,,,,,,,,,,,,,,,,,,,,,,,,,,,,,,,,,,,,,,,,,,,,,,,,,,,,,,,,,,,,,,,,,,,,,,,,,,,,,,,,
,,,,,,,,,,,52772BK,52772BK Kichler Chandelier Lt,-- Unbranded --,-- No Unilog Brand --,-- No DIB Brand --,Kichler Lighting (KICLI),The L.D. Kichler Co,,,52772BK,,Electrical>Lamps & Lightings>Indoor Lighting>Surface-Mount Fixtures,"The L.D. Kichler Co, Surface-Mount Fixture, 52772BK",SURFACE-MOUNT FIXTURE,The L.D. Kichler Co 52772BK Surface-Mount Fixture,,Surface-Mount Fixture,,,,,,,,,,,,,,,,,,,,,,,,,,,,Collection,,,Fixture Wattage,,,Voltage Rating,,,Amperage Rating,,,Frequency Rating,,,Fixture Style,,,Fixture Shape,,,Bulb Type,,,Bulb Wattage,,,Bulb Base,,,Number of Bulbs,,,Lumens,,,Color Temperature,,,Color Rendering Index (CRI),,,Average Life,,,Dimmable/Non-Dimmable,,,Lens Type,,,Lens Material,,,Fixture Material,,,Fixture Finish,,,Backplate/Canopy Size,,,Enclosure Type,,,Dimensions,,,Bulb Included,,,Additional Information,,,,,,,,,,,,,,,,,,,,,,,,,,,,,,,,,,,,,,,,,,,,,,,,,,,,,,,,,,,,,,,,,,,,,,,,,,,,,,,,,,,,,,,,,,,,,,,,,,,,,,,,,,,,,,,,,,,,,,,,,,,,
,,,,,,,,,,,82399,82399 Kichler Chandelier Lt,-- Unbranded --,-- No Unilog Brand --,-- No DIB Brand --,Kichler Lighting (KICLI),The L.D. Kichler Co,,,82399,,Electrical>Lamps & Lightings>Indoor Lighting>Bath & Vanity Lights,"The L.D. Kichler Co, Bath & Vanity Light, 82399",BATH & VANITY LIGHT,The L.D. Kichler Co 82399 Bath & Vanity Light,,Bath & Vanity Light,,,,,,,,,,,,,,,,,,,,,,,,,,,,Collection,,,Fixture Wattage,,,Voltage Rating,,,Amperage Rating,,,Frequency Rating,,,Fixture Style,,,Fixture Shape,,,Bulb Type,,,Bulb Wattage,,,Bulb Base,,,Number of Bulbs,,,Lumens,,,Color Temperature,,,Color Rendering Index (CRI),,,Average Life,,,Dimmable/Non-Dimmable,,,Lens Type,,,Lens Material,,,Fixture Material,,,Fixture Finish,,,Mounting Orientation,,,Mounting Type,,,Backplate/Canopy Size,,,Enclosure Type,,,Dimensions,,,Bulb Included,,,Additional Information,,,,,,,,,,,,,,,,,,,,,,,,,,,,,,,,,,,,,,,,,,,,,,,,,,,,,,,,,,,,,,,,,,,,,,,,,,,,,,,,,,,,,,,,,,,,,,,,,,,,,,,,,,,,,,,,,,,,,,
https://www.satco.com/products/65-771R3,https://www.satco.com/products/65-771R3,,,,,,,,,,65-771R3,65-771R3 Nuvo Highbay Light,-- Unbranded --,-- No Unilog Brand --,-- No DIB Brand --,Satco Prod Inc (5573),"Satco Products, Inc",,,65-771R3,,Electrical>Lamps & Lightings>Indoor Lighting>High Bay Fixtures,"SATCO, High Bay Fixture, 65-771R3, 4000 KK",HIGH BAY FIXTURE 150 50 UTILITY ROUND,"SATCO® 65-771R3 High Bay Fixture, 4000 K K, 22200 to 28800 Lumens",,"High Bay Fixture, 4000 K K, 22200 to 28800 Lumens",,,,,,,,,,,,,,,,,,,,,,,,,,,,Collection,,,Fixture Wattage,150,W,Voltage Rating,120 to 347,V,Amperage Rating,1.25 to 0.432,A,Frequency Rating,50,Hz,Fixture Style,Utility,,Fixture Shape,Round,,Bulb Type,LED,,Bulb Wattage,,,Bulb Base,,,Number of Bulbs,,,Lumens,22200 to 28800,Lumens,Color Temperature,4000 K,,Color Rendering Index (CRI),80+,,Average Life,50000,hr,Dimmable/Non-Dimmable,Dimmable,,Lens Type,Clear,,Lens Material,Polycarbonate,,Fixture Material,Aluminum,,Fixture Finish,Black,,Mounting Type,,,Hanging Device Maximum Length,,,Enclosure Type,IP65,,Dimensions,13.4 in Dia,,Bulb Included,Yes,,Additional Information,,,,,,,,,,,,,,,,,,,,,,,,,,,,,,,,,,,,,,,,,,,,,,,,,,,,,,,,,,,,,,,,,,,,,,,,,,,,,,,,,,,,,,,,,,,,,,,,,,,,,,,,,,,,,,,,,,,,,,,,,
,,,,,,,,,,,42955BK,42955BK Kichler Ceiling Lt,-- Unbranded --,-- No Unilog Brand --,-- No DIB Brand --,Kichler Lighting (KICLI),The L.D. Kichler Co,,,42955BK,,Electrical>Lamps & Lightings>Indoor Lighting>Surface-Mount Fixtures,"The L.D. Kichler Co, Surface-Mount Fixture, 42955BK",SURFACE-MOUNT FIXTURE,The L.D. Kichler Co 42955BK Surface-Mount Fixture,,Surface-Mount Fixture,,,,,,,,,,,,,,,,,,,,,,,,,,,,Collection,,,Fixture Wattage,,,Voltage Rating,,,Amperage Rating,,,Frequency Rating,,,Fixture Style,,,Fixture Shape,,,Bulb Type,,,Bulb Wattage,,,Bulb Base,,,Number of Bulbs,,,Lumens,,,Color Temperature,,,Color Rendering Index (CRI),,,Average Life,,,Dimmable/Non-Dimmable,,,Lens Type,,,Lens Material,,,Fixture Material,,,Fixture Finish,,,Backplate/Canopy Size,,,Enclosure Type,,,Dimensions,,,Bulb Included,,,Additional Information,,,,,,,,,,,,,,,,,,,,,,,,,,,,,,,,,,,,,,,,,,,,,,,,,,,,,,,,,,,,,,,,,,,,,,,,,,,,,,,,,,,,,,,,,,,,,,,,,,,,,,,,,,,,,,,,,,,,,,,,,,,,
,,,,,,,,,,,42275BK,42275BK Kichler Ceiling Lt,-- Unbranded --,-- No Unilog Brand --,-- No DIB Brand --,Kichler Lighting (KICLI),The L.D. Kichler Co,,,42275BK,,Electrical>Lamps & Lightings>Indoor Lighting>Surface-Mount Fixtures,"The L.D. Kichler Co, Surface-Mount Fixture, 42275BK",SURFACE-MOUNT FIXTURE,The L.D. Kichler Co 42275BK Surface-Mount Fixture,,Surface-Mount Fixture,,,,,,,,,,,,,,,,,,,,,,,,,,,,Collection,,,Fixture Wattage,,,Voltage Rating,,,Amperage Rating,,,Frequency Rating,,,Fixture Style,,,Fixture Shape,,,Bulb Type,,,Bulb Wattage,,,Bulb Base,,,Number of Bulbs,,,Lumens,,,Color Temperature,,,Color Rendering Index (CRI),,,Average Life,,,Dimmable/Non-Dimmable,,,Lens Type,,,Lens Material,,,Fixture Material,,,Fixture Finish,,,Backplate/Canopy Size,,,Enclosure Type,,,Dimensions,,,Bulb Included,,,Additional Information,,,,,,,,,,,,,,,,,,,,,,,,,,,,,,,,,,,,,,,,,,,,,,,,,,,,,,,,,,,,,,,,,,,,,,,,,,,,,,,,,,,,,,,,,,,,,,,,,,,,,,,,,,,,,,,,,,,,,,,,,,,,
https://www.satco.com/products/62-1850,https://www.satco.com/products/62-1850,,,,,,,,,,62-1850,"62-1850 11"" Led Ceiling Light",-- Unbranded --,-- No Unilog Brand --,-- No DIB Brand --,Satco Prod Inc (5573),"Satco Products, Inc",,,62-1850,,Electrical>Lamps & Lightings>Indoor Lighting>Indoor Ceiling Fixtures,"SATCO, Indoor Ceiling Fixture, 62-1850",INDOOR CEILING FIXTURE GLAMOUR 18 120 60,SATCO® 62-1850 Indoor Ceiling Fixture,,Indoor Ceiling Fixture,,,,,,,,,,,,,,,,,,,,,,,,,,,,Collection,Glamour,,Fixture Wattage,18,W,Voltage Rating,120,V,Amperage Rating,0.125,A,Frequency Rating,60,Hz,Fixture Style,Transitional,,Fixture Shape,Round,,Bulb Type,LED,,Bulb Wattage,,,Bulb Base,,,Number of Bulbs,,,Lumens,,,Color Temperature,,,Color Rendering Index (CRI),,,Average Life,50000,hr,Dimmable/Non-Dimmable,Dimmable,,Lens Type,White,,Lens Material,,,Fixture Material,Steel,,Fixture Finish,,,Mounting Type,Flush,,Backplate/Canopy Size,,,Enclosure Type,,,Dimensions,11 in Dia,,Bulb Included,,,Additional Information,,,,,,,,,,,,,,,,,,,,,,,,,,,,,,,,,,,,,,,,,,,,,,,,,,,,,,,,,,,,,,,,,,,,,,,,,,,,,,,,,,,,,,,,,,,,,,,,,,,,,,,,,,,,,,,,,,,,,,,,,
https://www.satco.com/products/62-1852,https://www.satco.com/products/62-1852,,,,,,,,,,62-1852,"62-1852 14"" Satco Led Ceiling Lt",-- Unbranded --,-- No Unilog Brand --,-- No DIB Brand --,Satco Prod Inc (5573),"Satco Products, Inc",,,62-1852,,Electrical>Lamps & Lightings>Indoor Lighting>Indoor Ceiling Fixtures,"SATCO, Indoor Ceiling Fixture, 62-1852",INDOOR CEILING FIXTURE GLAMOUR 14 120 60,SATCO® 62-1852 Indoor Ceiling Fixture,,Indoor Ceiling Fixture,,,,,,,,,,,,,,,,,,,,,,,,,,,,Collection,Glamour,,Fixture Wattage,14,W,Voltage Rating,120,V,Amperage Rating,0.104,A,Frequency Rating,60,Hz,Fixture Style,Transitional,,Fixture Shape,Round,,Bulb Type,LED,,Bulb Wattage,14,,Bulb Base,,,Number of Bulbs,,,Lumens,,,Color Temperature,,,Color Rendering Index (CRI),,,Average Life,,,Dimmable/Non-Dimmable,Dimmable,,Lens Type,White,,Lens Material,,,Fixture Material,Steel,,Fixture Finish,White,,Mounting Type,Flush,,Backplate/Canopy Size,,,Enclosure Type,,,Dimensions,,,Bulb Included,Yes,,Additional Information,,,,,,,,,,,,,,,,,,,,,,,,,,,,,,,,,,,,,,,,,,,,,,,,,,,,,,,,,,,,,,,,,,,,,,,,,,,,,,,,,,,,,,,,,,,,,,,,,,,,,,,,,,,,,,,,,,,,,,,,,
https://www.satco.com/products/62-1875,https://www.satco.com/products/62-1875,,,,,,,,,,62-1875,"62-1875 10"" Led Ceiling Lt Bn",-- Unbranded --,-- No Unilog Brand --,-- No DIB Brand --,Satco Prod Inc (5573),"Satco Products, Inc",,,62-1875,,Electrical>Lamps & Lightings>Indoor Lighting>Indoor Ceiling Fixtures,"SATCO, Indoor Ceiling Fixture, 62-1875, Bn, 2700 KK",INDOOR CEILING FIXTURE GLAMOUR 10 120 60,"SATCO® 62-1875 Indoor Ceiling Fixture, Bn, 2700 K K, 1473 Lumens",,"Indoor Ceiling Fixture, Bn, 2700 K K, 1473 Lumens",,,,,,,,,,,,,,,,,,,,,,,,,,,,Collection,Glamour,,Fixture Wattage,10,W,Voltage Rating,120,V,Amperage Rating,0.104,A,Frequency Rating,60,Hz,Fixture Style,Transitional,,Fixture Shape,Round,,Bulb Type,LED,,Bulb Wattage,10,,Bulb Base,Bn,,Number of Bulbs,1,,Lumens,1473,Lumens,Color Temperature,2700 K,,Color Rendering Index (CRI),90+,,Average Life,50000,hr,Dimmable/Non-Dimmable,Dimmable,,Lens Type,White,,Lens Material,Acrylic,,Fixture Material,Steel,,Fixture Finish,Brushed Nickel,,Mounting Type,Flush,,Backplate/Canopy Size,,,Enclosure Type,,,Dimensions,,,Bulb Included,Yes,,Additional Information,,,,,,,,,,,,,,,,,,,,,,,,,,,,,,,,,,,,,,,,,,,,,,,,,,,,,,,,,,,,,,,,,,,,,,,,,,,,,,,,,,,,,,,,,,,,,,,,,,,,,,,,,,,,,,,,,,,,,,,,,
https://www.satco.com/products/62-1876,https://www.satco.com/products/62-1876,,,,,,,,,,62-1876,"62-1876 13"" Satco Ceiling Light BN",-- Unbranded --,-- No Unilog Brand --,-- No DIB Brand --,Satco Prod Inc (5573),"Satco Products, Inc",,,62-1876,,Electrical>Lamps & Lightings>Indoor Lighting>Indoor Ceiling Fixtures,"SATCO, Indoor Ceiling Fixture, 62-1876, BN, 3000 KK",INDOOR CEILING FIXTURE GLAMOUR 18 120 60,"SATCO® 62-1876 Indoor Ceiling Fixture, BN, 3000 K K, 1473 Lumens",,"Indoor Ceiling Fixture, BN, 3000 K K, 1473 Lumens",,,,,,,,,,,,,,,,,,,,,,,,,,,,Collection,Glamour,,Fixture Wattage,18,W,Voltage Rating,120,V,Amperage Rating,0.125,A,Frequency Rating,60,Hz,Fixture Style,Transitional,,Fixture Shape,Round,,Bulb Type,LED,,Bulb Wattage,18,,Bulb Base,BN,,Number of Bulbs,1,,Lumens,1473,Lumens,Color Temperature,3000 K,,Color Rendering Index (CRI),90+,,Average Life,50000,hr,Dimmable/Non-Dimmable,Dimmable,,Lens Type,White,,Lens Material,Acrylic,,Fixture Material,Steel,,Fixture Finish,Brushed Nickel,,Mounting Type,Flush,,Backplate/Canopy Size,,,Enclosure Type,,,Dimensions,,,Bulb Included,Yes,,Additional Information,,,,,,,,,,,,,,,,,,,,,,,,,,,,,,,,,,,,,,,,,,,,,,,,,,,,,,,,,,,,,,,,,,,,,,,,,,,,,,,,,,,,,,,,,,,,,,,,,,,,,,,,,,,,,,,,,,,,,,,,,
,,,,,,,,,,,42296BK,42296BK Kichler Ceiling Lt,-- Unbranded --,-- No Unilog Brand --,-- No DIB Brand --,Kichler Lighting (KICLI),The L.D. Kichler Co,,,42296BK,,Electrical>Lamps & Lightings>Indoor Lighting>Surface-Mount Fixtures,"The L.D. Kichler Co, Surface-Mount Fixture, 42296BK",SURFACE-MOUNT FIXTURE,The L.D. Kichler Co 42296BK Surface-Mount Fixture,,Surface-Mount Fixture,,,,,,,,,,,,,,,,,,,,,,,,,,,,Collection,,,Fixture Wattage,,,Voltage Rating,,,Amperage Rating,,,Frequency Rating,,,Fixture Style,,,Fixture Shape,,,Bulb Type,,,Bulb Wattage,,,Bulb Base,,,Number of Bulbs,,,Lumens,,,Color Temperature,,,Color Rendering Index (CRI),,,Average Life,,,Dimmable/Non-Dimmable,,,Lens Type,,,Lens Material,,,Fixture Material,,,Fixture Finish,,,Backplate/Canopy Size,,,Enclosure Type,,,Dimensions,,,Bulb Included,,,Additional Information,,,,,,,,,,,,,,,,,,,,,,,,,,,,,,,,,,,,,,,,,,,,,,,,,,,,,,,,,,,,,,,,,,,,,,,,,,,,,,,,,,,,,,,,,,,,,,,,,,,,,,,,,,,,,,,,,,,,,,,,,,,,
,,,,,,,,,,,43913BK,43913BK Kichler Pendant Lt,-- Unbranded --,-- No Unilog Brand --,-- No DIB Brand --,Kichler Lighting (KICLI),The L.D. Kichler Co,,,43913BK,,Electrical>Lamps & Lightings>Indoor Lighting>Surface-Mount Fixtures,"The L.D. Kichler Co, Surface-Mount Fixture, 43913BK",SURFACE-MOUNT FIXTURE,The L.D. Kichler Co 43913BK Surface-Mount Fixture,,Surface-Mount Fixture,,,,,,,,,,,,,,,,,,,,,,,,,,,,Collection,,,Fixture Wattage,,,Voltage Rating,,,Amperage Rating,,,Frequency Rating,,,Fixture Style,,,Fixture Shape,,,Bulb Type,,,Bulb Wattage,,,Bulb Base,,,Number of Bulbs,,,Lumens,,,Color Temperature,,,Color Rendering Index (CRI),,,Average Life,,,Dimmable/Non-Dimmable,,,Lens Type,,,Lens Material,,,Fixture Material,,,Fixture Finish,,,Backplate/Canopy Size,,,Enclosure Type,,,Dimensions,,,Bulb Included,,,Additional Information,,,,,,,,,,,,,,,,,,,,,,,,,,,,,,,,,,,,,,,,,,,,,,,,,,,,,,,,,,,,,,,,,,,,,,,,,,,,,,,,,,,,,,,,,,,,,,,,,,,,,,,,,,,,,,,,,,,,,,,,,,,,
,,,,,,,,,,,HLSMS9129FS1E,"HLSMS9129FS1E 9"" Motion Lt",-- Unbranded --,-- No Unilog Brand --,-- No DIB Brand --,Cooper Lighting (7638),Cooper Lighting LLC,,,HLSMS9129FS1E,,Electrical>Lamps & Lightings>Light Bulbs>LED Light Bulbs,"Cooper Lighting LLC, LED Bulb, HLSMS9129FS1E",BULB LED,Cooper Lighting LLC HLSMS9129FS1E LED Bulb,,LED Bulb,,,,,,,,,,,,,,,,,,,,,,,,,,,,Series,,,Wattage,,,Lumens,,,Bulb Shape,,,Bulb Shape Code,,,Color Temperature,,,Light Appearance,,,Bulb Base,,,Bulb Base Code,,,Bulb Finish,,,Voltage Rating,,,Color Rendering Index (CRI),,,Bulb Designation,,,Average Life,,,Beam Angle,,,Incandescent Wattage Equivalent,,,Halogen Wattage Equivalent,,,Fluorescent Wattage Equivalent,,,HID Wattage Equivalent,,,Dimmable,,,Smart Compatible With,,,Diameter,,,Length,,,Energy Star Certified,,,Title 20 Compliant,,,Title 24 Compliant,,,Additional Information,,,,,,,,,,,,,,,,,,,,,,,,,,,,,,,,,,,,,,,,,,,,,,,,,,,,,,,,,,,,,,,,,,,,,,,,,,,,,,,,,,,,,,,,,,,,,,,,,,,,,,,,,,,,,,,,,,,,,,
https://www.satco.com/products/64-110,https://www.satco.com/products/64-110,,,,,,,,,,64-110,64-110 Satco Tape Light 16',-- Unbranded --,-- No Unilog Brand --,-- No DIB Brand --,Satco Prod Inc (5573),"Satco Products, Inc",,,64-110,,Electrical>Lamps & Lightings>Indoor Lighting>Indoor Strip & Tape Lighting,"SATCO, Indoor Strip & Tape Lighting, 64-110, not found, not foundK",INDOOR STRIP & TAPE LIGHTING 12 110 0.1,"SATCO® 64-110 Indoor Strip & Tape Lighting, not found, not found K, not found Lumens, not found deg Beam",,"Indoor Strip & Tape Lighting, not found, not found K, not found Lumens, not found deg Beam",,,,,,,,,,,,,,,,,,,,,,,,,,,,Collection,Satco Tape Light,,Fixture Wattage,12,W,Voltage Rating,110,V,Amperage Rating,0.1,A,Frequency Rating,50/60,Hz,Bulb Type,LED,,Bulb Wattage,not found,,Bulb Base,not found,,Number of Bulbs,not found,,Lumens,not found,Lumens,Color Temperature,not found,K,Color Rendering Index (CRI),not found,,Beam Type,not found,,Beam Angle,not found,,Average Life,50000,hr,Dimmable/Non-Dimmable,Dimmable,,Fixture Material,not found,,Fixture Finish,White,,Mounting Type,not found,,Enclosure Type,not found,,Dimensions,16 ft L,,Bulb Included,not found,,Additional Information,not found,,,,,,,,,,,,,,,,,,,,,,,,,,,,,,,,,,,,,,,,,,,,,,,,,,,,,,,,,,,,,,,,,,,,,,,,,,,,,,,,,,,,,,,,,,,,,,,,,,,,,,,,,,,,,,,,,,,,,,,,,,,,,,,,,
,,,,,,,,,,,603571,603571 3' Strip Light Ext,-- Unbranded --,-- No Unilog Brand --,Wiz,Phillips Lighting (5831),Signify Holding,Wiz,,603571,,Electrical>Lamps & Lightings>Indoor Lighting>Accent & Display Lighting,"Signify Holding Philips, Accent & Display Lighting, 603571",ACCENT & DISPLAY LIGHTING,Philips 603571 Accent & Display Lighting,,Accent & Display Lighting,,,,,,,,,,,,,,,,,,,,,,,,,,,,Collection,,,Fixture Wattage,,,Voltage Rating,,,Amperage Rating,,,Frequency Rating,,,Fixture Style,,,Fixture Shape,,,Bulb Type,,,Bulb Wattage,,,Bulb Base,,,Number of Bulbs,,,Lumens,,,Color Temperature,,,Color Rendering Index (CRI),,,Beam Type,,,Beam Angle,,,Average Life,,,Dimmable/Non-Dimmable,,,Lens Type,,,Lens Material,,,Fixture Material,,,Fixture Finish,,,Mounting Type,,,Enclosure Type,,,Dimensions,,,Bulb Included,,,Additional Information,,,,,,,,,,,,,,,,,,,,,,,,,,,,,,,,,,,,,,,,,,,,,,,,,,,,,,,,,,,,,,,,,,,,,,,,,,,,,,,,,,,,,,,,,,,,,,,,,,,,,,,,,,,,,,,,,,,,,,
https://www.satco.com/products/65-572R1,https://www.satco.com/products/65-572R1,,,,,,,,,,65-572R1,65572 Satco 2x4 Led Flat Panel,-- Unbranded --,-- No Unilog Brand --,-- No DIB Brand --,Satco Prod Inc (5573),"Satco Products, Inc",,,65-572R1,,Electrical>Lamps & Lightings>Indoor Lighting>Panel & Troffer Light Fixtures,"SATCO, Panel & Troffer Light Fixture, 65-572R1, 4000 KK",PANEL & TROFFER LIGHT FIXTURE 30 60 LED,"SATCO® 65-572R1 Panel & Troffer Light Fixture, 4000 K K, 3300 to 5750 Lumens, 120 deg Beam",,"Panel & Troffer Light Fixture, 4000 K K, 3300 to 5750 Lumens, 120 deg Beam",,,,,,,,,,,,,,,,,,,,,,,,,,,,Collection,,,Fixture Wattage,30,W,Voltage Rating,120 to 277,V,Amperage Rating,0.25 to 0.108,A,Frequency Rating,60,Hz,Fixture Style,Utility,,Fixture Shape,Rectangular,,Bulb Type,LED,,Bulb Wattage,,,Bulb Base,,,Number of Bulbs,,,Lumens,3300 to 5750,Lumens,Color Temperature,4000 K,,Color Rendering Index (CRI),80+,,Beam Type,,,Beam Angle,120,deg,Average Life,50000,hr,Dimmable/Non-Dimmable,Dimmable,,Lens Type,Frosted,,Lens Material,PMMA,,Fixture Material,Aluminum,,Fixture Finish,White,,Mounting Type,,,Enclosure Type,,,Dimensions,2 ft L x 4 ft W,,Bulb Included,Yes,,Additional Information,,,,,,,,,,,,,,,,,,,,,,,,,,,,,,,,,,,,,,,,,,,,,,,,,,,,,,,,,,,,,,,,,,,,,,,,,,,,,,,,,,,,,,,,,,,,,,,,,,,,,,,,,,,,,,,,,,,,,,
,,,,,,,,,,,52476AVI,52476AVI Kichler Pendant Lt,-- Unbranded --,-- No Unilog Brand --,-- No DIB Brand --,Kichler Lighting (KICLI),The L.D. Kichler Co,,,52476AVI,,Electrical>Lamps & Lightings>Indoor Lighting>Bath & Vanity Lights,"The L.D. Kichler Co, Bath & Vanity Light, 52476AVI",BATH & VANITY LIGHT,The L.D. Kichler Co 52476AVI Bath & Vanity Light,,Bath & Vanity Light,,,,,,,,,,,,,,,,,,,,,,,,,,,,Collection,,,Fixture Wattage,,,Voltage Rating,,,Amperage Rating,,,Frequency Rating,,,Fixture Style,,,Fixture Shape,,,Bulb Type,,,Bulb Wattage,,,Bulb Base,,,Number of Bulbs,,,Lumens,,,Color Temperature,,,Color Rendering Index (CRI),,,Average Life,,,Dimmable/Non-Dimmable,,,Lens Type,,,Lens Material,,,Fixture Material,,,Fixture Finish,,,Mounting Orientation,,,Mounting Type,,,Backplate/Canopy Size,,,Enclosure Type,,,Dimensions,,,Bulb Included,,,Additional Information,,,,,,,,,,,,,,,,,,,,,,,,,,,,,,,,,,,,,,,,,,,,,,,,,,,,,,,,,,,,,,,,,,,,,,,,,,,,,,,,,,,,,,,,,,,,,,,,,,,,,,,,,,,,,,,,,,,,,,
,,,,,,,,,,,42199BK,42199BK Kichler Pendant Lt,-- Unbranded --,-- No Unilog Brand --,-- No DIB Brand --,Kichler Lighting (KICLI),The L.D. Kichler Co,,,42199BK,,Electrical>Lamps & Lightings>Indoor Lighting>Surface-Mount Fixtures,"The L.D. Kichler Co, Surface-Mount Fixture, 42199BK",SURFACE-MOUNT FIXTURE,The L.D. Kichler Co 42199BK Surface-Mount Fixture,,Surface-Mount Fixture,,,,,,,,,,,,,,,,,,,,,,,,,,,,Collection,,,Fixture Wattage,,,Voltage Rating,,,Amperage Rating,,,Frequency Rating,,,Fixture Style,,,Fixture Shape,,,Bulb Type,,,Bulb Wattage,,,Bulb Base,,,Number of Bulbs,,,Lumens,,,Color Temperature,,,Color Rendering Index (CRI),,,Average Life,,,Dimmable/Non-Dimmable,,,Lens Type,,,Lens Material,,,Fixture Material,,,Fixture Finish,,,Backplate/Canopy Size,,,Enclosure Type,,,Dimensions,,,Bulb Included,,,Additional Information,,,,,,,,,,,,,,,,,,,,,,,,,,,,,,,,,,,,,,,,,,,,,,,,,,,,,,,,,,,,,,,,,,,,,,,,,,,,,,,,,,,,,,,,,,,,,,,,,,,,,,,,,,,,,,,,,,,,,,,,,,,,
,,,,,,,,,,,42199BKCS,42199BKCS Kichler Pendant Lt,-- Unbranded --,-- No Unilog Brand --,-- No DIB Brand --,Kichler Lighting (KICLI),The L.D. Kichler Co,,,42199BKCS,,Electrical>Lamps & Lightings>Indoor Lighting>Bath & Vanity Lights,"The L.D. Kichler Co, Bath & Vanity Light, 42199BKCS",BATH & VANITY LIGHT,The L.D. Kichler Co 42199BKCS Bath & Vanity Light,,Bath & Vanity Light,,,,,,,,,,,,,,,,,,,,,,,,,,,,Collection,,,Fixture Wattage,,,Voltage Rating,,,Amperage Rating,,,Frequency Rating,,,Fixture Style,,,Fixture Shape,,,Bulb Type,,,Bulb Wattage,,,Bulb Base,,,Number of Bulbs,,,Lumens,,,Color Temperature,,,Color Rendering Index (CRI),,,Average Life,,,Dimmable/Non-Dimmable,,,Lens Type,,,Lens Material,,,Fixture Material,,,Fixture Finish,,,Mounting Orientation,,,Mounting Type,,,Backplate/Canopy Size,,,Enclosure Type,,,Dimensions,,,Bulb Included,,,Additional Information,,,,,,,,,,,,,,,,,,,,,,,,,,,,,,,,,,,,,,,,,,,,,,,,,,,,,,,,,,,,,,,,,,,,,,,,,,,,,,,,,,,,,,,,,,,,,,,,,,,,,,,,,,,,,,,,,,,,,,
,,,,,,,,,,,42200BK,42200BK Kichler Pendant Lt,-- Unbranded --,-- No Unilog Brand --,-- No DIB Brand --,Kichler Lighting (KICLI),The L.D. Kichler Co,,,42200BK,,Electrical>Lamps & Lightings>Indoor Lighting>Surface-Mount Fixtures,"The L.D. Kichler Co, Surface-Mount Fixture, 42200BK",SURFACE-MOUNT FIXTURE,The L.D. Kichler Co 42200BK Surface-Mount Fixture,,Surface-Mount Fixture,,,,,,,,,,,,,,,,,,,,,,,,,,,,Collection,,,Fixture Wattage,,,Voltage Rating,,,Amperage Rating,,,Frequency Rating,,,Fixture Style,,,Fixture Shape,,,Bulb Type,,,Bulb Wattage,,,Bulb Base,,,Number of Bulbs,,,Lumens,,,Color Temperature,,,Color Rendering Index (CRI),,,Average Life,,,Dimmable/Non-Dimmable,,,Lens Type,,,Lens Material,,,Fixture Material,,,Fixture Finish,,,Backplate/Canopy Size,,,Enclosure Type,,,Dimensions,,,Bulb Included,,,Additional Information,,,,,,,,,,,,,,,,,,,,,,,,,,,,,,,,,,,,,,,,,,,,,,,,,,,,,,,,,,,,,,,,,,,,,,,,,,,,,,,,,,,,,,,,,,,,,,,,,,,,,,,,,,,,,,,,,,,,,,,,,,,,
,,,,,,,,,,,42200BKCS,42200BKCS Kichler Pendant Lt,-- Unbranded --,-- No Unilog Brand --,-- No DIB Brand --,Kichler Lighting (KICLI),The L.D. Kichler Co,,,42200BKCS,,Electrical>Lamps & Lightings>Indoor Lighting>Bath & Vanity Lights,"The L.D. Kichler Co, Bath & Vanity Light, 42200BKCS",BATH & VANITY LIGHT,The L.D. Kichler Co 42200BKCS Bath & Vanity Light,,Bath & Vanity Light,,,,,,,,,,,,,,,,,,,,,,,,,,,,Collection,,,Fixture Wattage,,,Voltage Rating,,,Amperage Rating,,,Frequency Rating,,,Fixture Style,,,Fixture Shape,,,Bulb Type,,,Bulb Wattage,,,Bulb Base,,,Number of Bulbs,,,Lumens,,,Color Temperature,,,Color Rendering Index (CRI),,,Average Life,,,Dimmable/Non-Dimmable,,,Lens Type,,,Lens Material,,,Fixture Material,,,Fixture Finish,,,Mounting Orientation,,,Mounting Type,,,Backplate/Canopy Size,,,Enclosure Type,,,Dimensions,,,Bulb Included,,,Additional Information,,,,,,,,,,,,,,,,,,,,,,,,,,,,,,,,,,,,,,,,,,,,,,,,,,,,,,,,,,,,,,,,,,,,,,,,,,,,,,,,,,,,,,,,,,,,,,,,,,,,,,,,,,,,,,,,,,,,,,
,,,,,,,,,,,43851BK,43851BK Kichler Pendant Lt,-- Unbranded --,-- No Unilog Brand --,-- No DIB Brand --,Kichler Lighting (KICLI),The L.D. Kichler Co,,,43851BK,,Electrical>Lamps & Lightings>Indoor Lighting>Surface-Mount Fixtures,"The L.D. Kichler Co, Surface-Mount Fixture, 43851BK",SURFACE-MOUNT FIXTURE,The L.D. Kichler Co 43851BK Surface-Mount Fixture,,Surface-Mount Fixture,,,,,,,,,,,,,,,,,,,,,,,,,,,,Collection,,,Fixture Wattage,,,Voltage Rating,,,Amperage Rating,,,Frequency Rating,,,Fixture Style,,,Fixture Shape,,,Bulb Type,,,Bulb Wattage,,,Bulb Base,,,Number of Bulbs,,,Lumens,,,Color Temperature,,,Color Rendering Index (CRI),,,Average Life,,,Dimmable/Non-Dimmable,,,Lens Type,,,Lens Material,,,Fixture Material,,,Fixture Finish,,,Backplate/Canopy Size,,,Enclosure Type,,,Dimensions,,,Bulb Included,,,Additional Information,,,,,,,,,,,,,,,,,,,,,,,,,,,,,,,,,,,,,,,,,,,,,,,,,,,,,,,,,,,,,,,,,,,,,,,,,,,,,,,,,,,,,,,,,,,,,,,,,,,,,,,,,,,,,,,,,,,,,,,,,,,,
,,,,,,,,,,,43852BK,43852BK Kichler Pendant Lt,-- Unbranded --,-- No Unilog Brand --,-- No DIB Brand --,Kichler Lighting (KICLI),The L.D. Kichler Co,,,43852BK,,Electrical>Lamps & Lightings>Indoor Lighting>Surface-Mount Fixtures,"The L.D. Kichler Co, Surface-Mount Fixture, 43852BK",SURFACE-MOUNT FIXTURE,The L.D. Kichler Co 43852BK Surface-Mount Fixture,,Surface-Mount Fixture,,,,,,,,,,,,,,,,,,,,,,,,,,,,Collection,,,Fixture Wattage,,,Voltage Rating,,,Amperage Rating,,,Frequency Rating,,,Fixture Style,,,Fixture Shape,,,Bulb Type,,,Bulb Wattage,,,Bulb Base,,,Number of Bulbs,,,Lumens,,,Color Temperature,,,Color Rendering Index (CRI),,,Average Life,,,Dimmable/Non-Dimmable,,,Lens Type,,,Lens Material,,,Fixture Material,,,Fixture Finish,,,Backplate/Canopy Size,,,Enclosure Type,,,Dimensions,,,Bulb Included,,,Additional Information,,,,,,,,,,,,,,,,,,,,,,,,,,,,,,,,,,,,,,,,,,,,,,,,,,,,,,,,,,,,,,,,,,,,,,,,,,,,,,,,,,,,,,,,,,,,,,,,,,,,,,,,,,,,,,,,,,,,,,,,,,,,
,,,,,,,,,,,43853BK,43853BK Kichler Pendant Lt,-- Unbranded --,-- No Unilog Brand --,-- No DIB Brand --,Kichler Lighting (KICLI),The L.D. Kichler Co,,,43853BK,,Electrical>Lamps & Lightings>Indoor Lighting>Surface-Mount Fixtures,"The L.D. Kichler Co, Surface-Mount Fixture, 43853BK",SURFACE-MOUNT FIXTURE,The L.D. Kichler Co 43853BK Surface-Mount Fixture,,Surface-Mount Fixture,,,,,,,,,,,,,,,,,,,,,,,,,,,,Collection,,,Fixture Wattage,,,Voltage Rating,,,Amperage Rating,,,Frequency Rating,,,Fixture Style,,,Fixture Shape,,,Bulb Type,,,Bulb Wattage,,,Bulb Base,,,Number of Bulbs,,,Lumens,,,Color Temperature,,,Color Rendering Index (CRI),,,Average Life,,,Dimmable/Non-Dimmable,,,Lens Type,,,Lens Material,,,Fixture Material,,,Fixture Finish,,,Backplate/Canopy Size,,,Enclosure Type,,,Dimensions,,,Bulb Included,,,Additional Information,,,,,,,,,,,,,,,,,,,,,,,,,,,,,,,,,,,,,,,,,,,,,,,,,,,,,,,,,,,,,,,,,,,,,,,,,,,,,,,,,,,,,,,,,,,,,,,,,,,,,,,,,,,,,,,,,,,,,,,,,,,,
,,,,,,,,,,,43905BK,43905BK Kichler Pendant Lt,-- Unbranded --,-- No Unilog Brand --,-- No DIB Brand --,Kichler Lighting (KICLI),The L.D. Kichler Co,,,43905BK,,Electrical>Lamps & Lightings>Indoor Lighting>Surface-Mount Fixtures,"The L.D. Kichler Co, Surface-Mount Fixture, 43905BK",SURFACE-MOUNT FIXTURE,The L.D. Kichler Co 43905BK Surface-Mount Fixture,,Surface-Mount Fixture,,,,,,,,,,,,,,,,,,,,,,,,,,,,Collection,,,Fixture Wattage,,,Voltage Rating,,,Amperage Rating,,,Frequency Rating,,,Fixture Style,,,Fixture Shape,,,Bulb Type,,,Bulb Wattage,,,Bulb Base,,,Number of Bulbs,,,Lumens,,,Color Temperature,,,Color Rendering Index (CRI),,,Average Life,,,Dimmable/Non-Dimmable,,,Lens Type,,,Lens Material,,,Fixture Material,,,Fixture Finish,,,Backplate/Canopy Size,,,Enclosure Type,,,Dimensions,,,Bulb Included,,,Additional Information,,,,,,,,,,,,,,,,,,,,,,,,,,,,,,,,,,,,,,,,,,,,,,,,,,,,,,,,,,,,,,,,,,,,,,,,,,,,,,,,,,,,,,,,,,,,,,,,,,,,,,,,,,,,,,,,,,,,,,,,,,,,
,,,,,,,,,,,43911BK,43911BK Kichler Pendant Lt,-- Unbranded --,-- No Unilog Brand --,-- No DIB Brand --,Kichler Lighting (KICLI),The L.D. Kichler Co,,,43911BK,,Electrical>Lamps & Lightings>Indoor Lighting>Surface-Mount Fixtures,"The L.D. Kichler Co, Surface-Mount Fixture, 43911BK",SURFACE-MOUNT FIXTURE,The L.D. Kichler Co 43911BK Surface-Mount Fixture,,Surface-Mount Fixture,,,,,,,,,,,,,,,,,,,,,,,,,,,,Collection,,,Fixture Wattage,,,Voltage Rating,,,Amperage Rating,,,Frequency Rating,,,Fixture Style,,,Fixture Shape,,,Bulb Type,,,Bulb Wattage,,,Bulb Base,,,Number of Bulbs,,,Lumens,,,Color Temperature,,,Color Rendering Index (CRI),,,Average Life,,,Dimmable/Non-Dimmable,,,Lens Type,,,Lens Material,,,Fixture Material,,,Fixture Finish,,,Backplate/Canopy Size,,,Enclosure Type,,,Dimensions,,,Bulb Included,,,Additional Information,,,,,,,,,,,,,,,,,,,,,,,,,,,,,,,,,,,,,,,,,,,,,,,,,,,,,,,,,,,,,,,,,,,,,,,,,,,,,,,,,,,,,,,,,,,,,,,,,,,,,,,,,,,,,,,,,,,,,,,,,,,,
,,,,,,,,,,,52529BK,52529BK Kichler Pendant Light,-- Unbranded --,-- No Unilog Brand --,-- No DIB Brand --,Kichler Lighting (KICLI),The L.D. Kichler Co,,,52529BK,,Electrical>Lamps & Lightings>Indoor Lighting>Bath & Vanity Lights,"The L.D. Kichler Co, Bath & Vanity Light, 52529BK",BATH & VANITY LIGHT,The L.D. Kichler Co 52529BK Bath & Vanity Light,,Bath & Vanity Light,,,,,,,,,,,,,,,,,,,,,,,,,,,,Collection,,,Fixture Wattage,,,Voltage Rating,,,Amperage Rating,,,Frequency Rating,,,Fixture Style,,,Fixture Shape,,,Bulb Type,,,Bulb Wattage,,,Bulb Base,,,Number of Bulbs,,,Lumens,,,Color Temperature,,,Color Rendering Index (CRI),,,Average Life,,,Dimmable/Non-Dimmable,,,Lens Type,,,Lens Material,,,Fixture Material,,,Fixture Finish,,,Mounting Orientation,,,Mounting Type,,,Backplate/Canopy Size,,,Enclosure Type,,,Dimensions,,,Bulb Included,,,Additional Information,,,,,,,,,,,,,,,,,,,,,,,,,,,,,,,,,,,,,,,,,,,,,,,,,,,,,,,,,,,,,,,,,,,,,,,,,,,,,,,,,,,,,,,,,,,,,,,,,,,,,,,,,,,,,,,,,,,,,,
,,,,,,,,,,,52662BKCLR,52662BKCLR Kichler Pendant Lt,-- Unbranded --,-- No Unilog Brand --,-- No DIB Brand --,Kichler Lighting (KICLI),The L.D. Kichler Co,,,52662BKCLR,,Electrical>Lamps & Lightings>Indoor Lighting>Bath & Vanity Lights,"The L.D. Kichler Co, Bath & Vanity Light, 52662BKCLR",BATH & VANITY LIGHT,The L.D. Kichler Co 52662BKCLR Bath & Vanity Light,,Bath & Vanity Light,,,,,,,,,,,,,,,,,,,,,,,,,,,,Collection,,,Fixture Wattage,,,Voltage Rating,,,Amperage Rating,,,Frequency Rating,,,Fixture Style,,,Fixture Shape,,,Bulb Type,,,Bulb Wattage,,,Bulb Base,,,Number of Bulbs,,,Lumens,,,Color Temperature,,,Color Rendering Index (CRI),,,Average Life,,,Dimmable/Non-Dimmable,,,Lens Type,,,Lens Material,,,Fixture Material,,,Fixture Finish,,,Mounting Orientation,,,Mounting Type,,,Backplate/Canopy Size,,,Enclosure Type,,,Dimensions,,,Bulb Included,,,Additional Information,,,,,,,,,,,,,,,,,,,,,,,,,,,,,,,,,,,,,,,,,,,,,,,,,,,,,,,,,,,,,,,,,,,,,,,,,,,,,,,,,,,,,,,,,,,,,,,,,,,,,,,,,,,,,,,,,,,,,,
,,,,,,,,,,,52734CPZ,52734CPZ Kichler Pendant Light,-- Unbranded --,-- No Unilog Brand --,-- No DIB Brand --,Kichler Lighting (KICLI),The L.D. Kichler Co,,,52734CPZ,,Electrical>Lamps & Lightings>Indoor Lighting>Bath & Vanity Lights,"The L.D. Kichler Co, Bath & Vanity Light, 52734CPZ",BATH & VANITY LIGHT,The L.D. Kichler Co 52734CPZ Bath & Vanity Light,,Bath & Vanity Light,,,,,,,,,,,,,,,,,,,,,,,,,,,,Collection,,,Fixture Wattage,,,Voltage Rating,,,Amperage Rating,,,Frequency Rating,,,Fixture Style,,,Fixture Shape,,,Bulb Type,,,Bulb Wattage,,,Bulb Base,,,Number of Bulbs,,,Lumens,,,Color Temperature,,,Color Rendering Index (CRI),,,Average Life,,,Dimmable/Non-Dimmable,,,Lens Type,,,Lens Material,,,Fixture Material,,,Fixture Finish,,,Mounting Orientation,,,Mounting Type,,,Backplate/Canopy Size,,,Enclosure Type,,,Dimensions,,,Bulb Included,,,Additional Information,,,,,,,,,,,,,,,,,,,,,,,,,,,,,,,,,,,,,,,,,,,,,,,,,,,,,,,,,,,,,,,,,,,,,,,,,,,,,,,,,,,,,,,,,,,,,,,,,,,,,,,,,,,,,,,,,,,,,,
,,,,,,,,,,,82400,82400 Kichler Pendant Lt,-- Unbranded --,-- No Unilog Brand --,-- No DIB Brand --,Kichler Lighting (KICLI),The L.D. Kichler Co,,,82400,,Electrical>Lamps & Lightings>Indoor Lighting>Bath & Vanity Lights,"The L.D. Kichler Co, Bath & Vanity Light, 82400",BATH & VANITY LIGHT,The L.D. Kichler Co 82400 Bath & Vanity Light,,Bath & Vanity Light,,,,,,,,,,,,,,,,,,,,,,,,,,,,Collection,,,Fixture Wattage,,,Voltage Rating,,,Amperage Rating,,,Frequency Rating,,,Fixture Style,,,Fixture Shape,,,Bulb Type,,,Bulb Wattage,,,Bulb Base,,,Number of Bulbs,,,Lumens,,,Color Temperature,,,Color Rendering Index (CRI),,,Average Life,,,Dimmable/Non-Dimmable,,,Lens Type,,,Lens Material,,,Fixture Material,,,Fixture Finish,,,Mounting Orientation,,,Mounting Type,,,Backplate/Canopy Size,,,Enclosure Type,,,Dimensions,,,Bulb Included,,,Additional Information,,,,,,,,,,,,,,,,,,,,,,,,,,,,,,,,,,,,,,,,,,,,,,,,,,,,,,,,,,,,,,,,,,,,,,,,,,,,,,,,,,,,,,,,,,,,,,,,,,,,,,,,,,,,,,,,,,,,,,
https://www.satco.com/products/S11606,https://www.satco.com/products/S11606,,,,,,,,,,S11606,"S11606 8"" Round Down Lt 30K",-- Unbranded --,-- No Unilog Brand --,-- No DIB Brand --,Satco Prod Inc (5573),"Satco Products, Inc",,,S11606,,Electrical>Lamps & Lightings>Indoor Lighting>Recessed Lighting>Recessed Lighting Fixtures,"SATCO, Recessed Lighting Fixture, S11606",RECESSED LIGHTING FIXTURE,SATCO® S11606 Recessed Lighting Fixture,,Recessed Lighting Fixture,,,,,,,,,,,,,,,,,,,,,,,,,,,,Collection,,,Fixture Wattage,,,Voltage Rating,,,Amperage Rating,,,Frequency Rating,,,Fixture Style,,,Number of Bulbs,,,Bulb Type,,,Bulb Wattage,,,Bulb Base,,,Lumens,,,Color Temperature,,,Color Rendering Index (CRI),,,Dimmable/Non-Dimmable,,,Recessed Trim Type,,,Ceiling Opening Size,,,Lens Type,,,Lens Material,,,Fixture Material,,,Fixture Finish,,,Mounting Type,,,Enclosure Type,,,Dimensions,,,Bulb Included,,,Additional Information,,,,,,,,,,,,,,,,,,,,,,,,,,,,,,,,,,,,,,,,,,,,,,,,,,,,,,,,,,,,,,,,,,,,,,,,,,,,,,,,,,,,,,,,,,,,,,,,,,,,,,,,,,,,,,,,,,,,,,,,,,,,
https://www.satco.com/products/S11828,https://www.satco.com/products/S11828,,,,,,,,,,S11828,"S11828 8"" Led Down Light",-- Unbranded --,-- No Unilog Brand --,-- No DIB Brand --,Satco Prod Inc (5573),"Satco Products, Inc",,,S11828,,Electrical>Lamps & Lightings>Light Bulbs>LED Light Bulbs,"SATCO, LED Bulb, S11828",BULB LED,SATCO® S11828 LED Bulb,,LED Bulb,,,,,,,,,,,,,,,,,,,,,,,,,,,,Series,,,Wattage,,,Lumens,,,Bulb Shape,,,Bulb Shape Code,,,Color Temperature,,,Light Appearance,,,Bulb Base,,,Bulb Base Code,,,Bulb Finish,,,Voltage Rating,,,Color Rendering Index (CRI),,,Bulb Designation,,,Average Life,,,Beam Angle,,,Incandescent Wattage Equivalent,,,Halogen Wattage Equivalent,,,Fluorescent Wattage Equivalent,,,HID Wattage Equivalent,,,Dimmable,,,Smart Compatible With,,,Diameter,,,Length,,,Energy Star Certified,,,Title 20 Compliant,,,Title 24 Compliant,,,Additional Information,,,,,,,,,,,,,,,,,,,,,,,,,,,,,,,,,,,,,,,,,,,,,,,,,,,,,,,,,,,,,,,,,,,,,,,,,,,,,,,,,,,,,,,,,,,,,,,,,,,,,,,,,,,,,,,,,,,,,,
,,,,,,,,,,,801274,"801274 10w LED 6"" Retro 50k",-- Unbranded --,-- No Unilog Brand --,Philips,Phillips Lighting (5831),Signify Holding,Philips,,801274,,Electrical>Lamps & Lightings>Light Bulbs>LED Light Bulbs,"Signify Holding Philips, LED Bulb, 801274, 10W, 5000K",BULB LED 10W 5000K,"Philips 801274 LED Bulb, 10 W, 5000 K",,"LED Bulb, 10 W, 5000 K",,,,,,,,,,,,,,,,,,,,,,,,,,,,Series,,,Wattage,10,W,Lumens,,,Bulb Shape,,,Bulb Shape Code,,,Color Temperature,5000,K,Light Appearance,,,Bulb Base,,,Bulb Base Code,,,Bulb Finish,,,Voltage Rating,,,Color Rendering Index (CRI),,,Bulb Designation,,,Average Life,,,Beam Angle,,,Incandescent Wattage Equivalent,,,Halogen Wattage Equivalent,,,Fluorescent Wattage Equivalent,,,HID Wattage Equivalent,,,Dimmable,,,Smart Compatible With,,,Diameter,,,Length,,,Energy Star Certified,,,Title 20 Compliant,,,Title 24 Compliant,,,Additional Information,,,,,,,,,,,,,,,,,,,,,,,,,,,,,,,,,,,,,,,,,,,,,,,,,,,,,,,,,,,,,,,,,,,,,,,,,,,,,,,,,,,,,,,,,,,,,,,,,,,,,,,,,,,,,,,,,,,,,,
https://www.satco.com/products/S11860,https://www.satco.com/products/S11860,,,,,,,,,,S11860,"S11860 6"" Downlight White 5 CCT",-- Unbranded --,-- No Unilog Brand --,-- No DIB Brand --,Satco Prod Inc (5573),"Satco Products, Inc",,,S11860,,Electrical>Lamps & Lightings>Indoor Lighting>Recessed Lighting>Recessed Lighting Fixtures,"SATCO, Recessed Lighting Fixture, S11860, E26, 5000 KK",RECESSED LIGHTING FIXTURE 9 120 0.104 1,"SATCO® S11860 Recessed Lighting Fixture, E26, 5000 K K, 1280 to 1400 Lumens",,"Recessed Lighting Fixture, E26, 5000 K K, 1280 to 1400 Lumens",,,,,,,,,,,,,,,,,,,,,,,,,,,,Collection,Contractor Select™,,Fixture Wattage,9,W,Voltage Rating,120,V,Amperage Rating,0.104,A,Frequency Rating,50/60,Hz,Fixture Style,Downlight,,Number of Bulbs,1,,Bulb Type,LED,,Bulb Wattage,5,,Bulb Base,E26,,Lumens,1280 to 1400,Lumens,Color Temperature,5000 K,,Color Rendering Index (CRI),90,,Dimmable/Non-Dimmable,Dimmable,,Recessed Trim Type,Flat Face,,Ceiling Opening Size,6,in,Lens Type,Smooth Diffuse,,Lens Material,Plastic,,Fixture Material,Aluminum,,Fixture Finish,White,,Mounting Type,Recessed,,Enclosure Type,IP20,,Dimensions,6.62 in Dia x 6.5 in H,,Bulb Included,No,,Additional Information,"Air-Tight, IC Rated, 110 deg Beam Angle, Warm White to Natural Light Color, Remote Driver",,,,,,,,,,,,,,,,,,,,,,,,,,,,,,,,,,,,,,,,,,,,,,,,,,,,,,,,,,,,,,,,,,,,,,,,,,,,,,,,,,,,,,,,,,,,,,,,,,,,,,,,,,,,,,,,,,,,,,,,,,,
https://www.satco.com/products/S11562,https://www.satco.com/products/S11562,,,,,,,,,,S11562,"S11562 Starfish 6"" D/W Downlight",-- Unbranded --,-- No Unilog Brand --,-- No DIB Brand --,Satco Prod Inc (5573),"Satco Products, Inc",,,S11562,,Electrical>Lamps & Lightings>Indoor Lighting>Recessed Lighting>Recessed Lighting Fixtures,"SATCO, Recessed Lighting Fixture, S11562",RECESSED LIGHTING FIXTURE,SATCO® S11562 Recessed Lighting Fixture,,Recessed Lighting Fixture,,,,,,,,,,,,,,,,,,,,,,,,,,,,Collection,,,Fixture Wattage,,,Voltage Rating,,,Amperage Rating,,,Frequency Rating,,,Fixture Style,,,Number of Bulbs,,,Bulb Type,,,Bulb Wattage,,,Bulb Base,,,Lumens,,,Color Temperature,,,Color Rendering Index (CRI),,,Dimmable/Non-Dimmable,,,Recessed Trim Type,,,Ceiling Opening Size,,,Lens Type,,,Lens Material,,,Fixture Material,,,Fixture Finish,,,Mounting Type,,,Enclosure Type,,,Dimensions,,,Bulb Included,,,Additional Information,,,,,,,,,,,,,,,,,,,,,,,,,,,,,,,,,,,,,,,,,,,,,,,,,,,,,,,,,,,,,,,,,,,,,,,,,,,,,,,,,,,,,,,,,,,,,,,,,,,,,,,,,,,,,,,,,,,,,,,,,,,,
https://www.satco.com/products/S11646,https://www.satco.com/products/S11646,,,,,,,,,,S11646,"S11646 6"" Downlight Wh",-- Unbranded --,-- No Unilog Brand --,-- No DIB Brand --,Satco Prod Inc (5573),"Satco Products, Inc",,,S11646,,Electrical>Lamps & Lightings>Indoor Lighting>Recessed Lighting>Recessed Lighting Fixtures,"SATCO, Recessed Lighting Fixture, S11646, E26",RECESSED LIGHTING FIXTURE 9 120 0.104 1,"SATCO® S11646 Recessed Lighting Fixture, E26, 1280 to 1400 Lumens",,"Recessed Lighting Fixture, E26, 1280 to 1400 Lumens",,,,,,,,,,,,,,,,,,,,,,,,,,,,Collection,Contractor Select™,,Fixture Wattage,9,W,Voltage Rating,120,V,Amperage Rating,0.104,A,Frequency Rating,50/60,Hz,Fixture Style,Downlight,,Number of Bulbs,1,,Bulb Type,LED,,Bulb Wattage,,,Bulb Base,E26,,Lumens,1280 to 1400,Lumens,Color Temperature,,,Color Rendering Index (CRI),,,Dimmable/Non-Dimmable,Dimmable,,Recessed Trim Type,,,Ceiling Opening Size,6,in,Lens Type,,,Lens Material,,,Fixture Material,,,Fixture Finish,,,Mounting Type,Recessed,,Enclosure Type,,,Dimensions,6.62 in Dia x 6.5 in H,,Bulb Included,,,Additional Information,"Air-Tight, IC Rated, 110 deg Beam Angle, Warm White to Natural Light Color, Remote Driver",,,,,,,,,,,,,,,,,,,,,,,,,,,,,,,,,,,,,,,,,,,,,,,,,,,,,,,,,,,,,,,,,,,,,,,,,,,,,,,,,,,,,,,,,,,,,,,,,,,,,,,,,,,,,,,,,,,,,,,,,,,
https://www.satco.com/products/S11801R1,https://www.satco.com/products/S11801R1,,,,,,,,,,S11801R1,"S11801R1 6"" Led Downlight Wh",-- Unbranded --,-- No Unilog Brand --,-- No DIB Brand --,Satco Prod Inc (5573),"Satco Products, Inc",,,S11801R1,,Electrical>Lamps & Lightings>Indoor Lighting>Recessed Lighting>Recessed Lighting Fixtures,"SATCO, Recessed Lighting Fixture, S11801R1, E26",RECESSED LIGHTING FIXTURE 9 120 0.104 1,"SATCO® S11801R1 Recessed Lighting Fixture, E26, 1280 Lumens",,"Recessed Lighting Fixture, E26, 1280 Lumens",,,,,,,,,,,,,,,,,,,,,,,,,,,,Collection,Contractor Select™,,Fixture Wattage,9,W,Voltage Rating,120,V,Amperage Rating,0.104,A,Frequency Rating,50/60,Hz,Fixture Style,Downlight,,Number of Bulbs,1,,Bulb Type,LED,,Bulb Wattage,,,Bulb Base,E26,,Lumens,1280,Lumens,Color Temperature,,,Color Rendering Index (CRI),,,Dimmable/Non-Dimmable,,,Recessed Trim Type,,,Ceiling Opening Size,,,Lens Type,,,Lens Material,,,Fixture Material,,,Fixture Finish,,,Mounting Type,,,Enclosure Type,,,Dimensions,,,Bulb Included,,,Additional Information,,,,,,,,,,,,,,,,,,,,,,,,,,,,,,,,,,,,,,,,,,,,,,,,,,,,,,,,,,,,,,,,,,,,,,,,,,,,,,,,,,,,,,,,,,,,,,,,,,,,,,,,,,,,,,,,,,,,,,,,,,,,
https://www.satco.com/products/S11848,https://www.satco.com/products/S11848,,,,,,,,,,S11848,"S11848 10"" Down Light Wh",-- Unbranded --,-- No Unilog Brand --,-- No DIB Brand --,Satco Prod Inc (5573),"Satco Products, Inc",,,S11848,,Electrical>Lamps & Lightings>Indoor Lighting>Recessed Lighting>Recessed Lighting Fixtures,"SATCO, Recessed Lighting Fixture, S11848, E26",RECESSED LIGHTING FIXTURE 10 120 0.104 1,"SATCO® S11848 Recessed Lighting Fixture, E26, 1280 Lumens",,"Recessed Lighting Fixture, E26, 1280 Lumens",,,,,,,,,,,,,,,,,,,,,,,,,,,,Collection,Contractor Select™,,Fixture Wattage,10,W,Voltage Rating,120,V,Amperage Rating,0.104,A,Frequency Rating,50/60,Hz,Fixture Style,Down Light,,Number of Bulbs,1,,Bulb Type,LED,,Bulb Wattage,,,Bulb Base,E26,,Lumens,1280,Lumens,Color Temperature,,,Color Rendering Index (CRI),,,Dimmable/Non-Dimmable,Dimmable,,Recessed Trim Type,,,Ceiling Opening Size,10,in,Lens Type,,,Lens Material,,,Fixture Material,,,Fixture Finish,,,Mounting Type,Recessed,,Enclosure Type,,,Dimensions,10 in Dia,,Bulb Included,,,Additional Information,"Air-Tight, IC Rated, 100 deg Beam Angle, Warm White to Natural Light Color",,,,,,,,,,,,,,,,,,,,,,,,,,,,,,,,,,,,,,,,,,,,,,,,,,,,,,,,,,,,,,,,,,,,,,,,,,,,,,,,,,,,,,,,,,,,,,,,,,,,,,,,,,,,,,,,,,,,,,,,,,,
https://www.satco.com/products/S11849,https://www.satco.com/products/S11849,,,,,,,,,,S11849,"S11849 12"" Down Light Wh",-- Unbranded --,-- No Unilog Brand --,-- No DIB Brand --,Satco Prod Inc (5573),"Satco Products, Inc",,,S11849,,Electrical>Lamps & Lightings>Indoor Lighting>Recessed Lighting>Recessed Lighting Fixtures,"SATCO, Recessed Lighting Fixture, S11849, E26",RECESSED LIGHTING FIXTURE 12.5 120 0.104,"SATCO® S11849 Recessed Lighting Fixture, E26, 1280 to 1400 Lumens",,"Recessed Lighting Fixture, E26, 1280 to 1400 Lumens",,,,,,,,,,,,,,,,,,,,,,,,,,,,Collection,Contractor Select™,,Fixture Wattage,12.5,W,Voltage Rating,120,V,Amperage Rating,0.104,A,Frequency Rating,50/60,Hz,Fixture Style,Down Light,,Number of Bulbs,1,,Bulb Type,LED,,Bulb Wattage,,,Bulb Base,E26,,Lumens,1280 to 1400,Lumens,Color Temperature,,,Color Rendering Index (CRI),,,Dimmable/Non-Dimmable,Dimmable,,Recessed Trim Type,,,Ceiling Opening Size,12,in,Lens Type,,,Lens Material,,,Fixture Material,,,Fixture Finish,,,Mounting Type,Recessed,,Enclosure Type,,,Dimensions,12 in Dia,,Bulb Included,Yes,,Additional Information,"Air-Tight, IC Rated, 110 deg Beam Angle, Warm White to Natural Light Color, Remote Driver",,,,,,,,,,,,,,,,,,,,,,,,,,,,,,,,,,,,,,,,,,,,,,,,,,,,,,,,,,,,,,,,,,,,,,,,,,,,,,,,,,,,,,,,,,,,,,,,,,,,,,,,,,,,,,,,,,,,,,,,,,,
,,,,,,,,,,,HLBSL609FS5,"HLBSL609FS5 6"" Down Light",-- Unbranded --,-- No Unilog Brand --,-- No DIB Brand --,Cooper Lighting (7638),Cooper Lighting LLC,,,HLBSL609FS5,,Electrical>Lamps & Lightings>Indoor Lighting>Recessed Lighting>Recessed Lighting Fixtures,"Cooper Lighting LLC, Recessed Lighting Fixture, HLBSL609FS5",RECESSED LIGHTING FIXTURE,Cooper Lighting LLC HLBSL609FS5 Recessed Lighting Fixture,,Recessed Lighting Fixture,,,,,,,,,,,,,,,,,,,,,,,,,,,,Collection,,,Fixture Wattage,,,Voltage Rating,,,Amperage Rating,,,Frequency Rating,,,Fixture Style,,,Number of Bulbs,,,Bulb Type,,,Bulb Wattage,,,Bulb Base,,,Lumens,,,Color Temperature,,,Color Rendering Index (CRI),,,Dimmable/Non-Dimmable,,,Recessed Trim Type,,,Ceiling Opening Size,,,Lens Type,,,Lens Material,,,Fixture Material,,,Fixture Finish,,,Mounting Type,,,Enclosure Type,,,Dimensions,,,Bulb Included,,,Additional Information,,,,,,,,,,,,,,,,,,,,,,,,,,,,,,,,,,,,,,,,,,,,,,,,,,,,,,,,,,,,,,,,,,,,,,,,,,,,,,,,,,,,,,,,,,,,,,,,,,,,,,,,,,,,,,,,,,,,,,,,,,,,
,,,,,,,,,,,WF4REGSWW590CRIMW,"WF4REGSWW590CRIMW 4"" Down Light",-- Unbranded --,-- No Unilog Brand --,-- No DIB Brand --,Lithonia Lighting (2776),Acuity Brands,,,WF4REGSWW590CRIMW,,Electrical>Lamps & Lightings>Indoor Lighting>Recessed Lighting>Recessed Lighting Fixtures,"Acuity Brands, Recessed Lighting Fixture, WF4REGSWW590CRIMW",RECESSED LIGHTING FIXTURE,Acuity Brands WF4REGSWW590CRIMW Recessed Lighting Fixture,,Recessed Lighting Fixture,,,,,,,,,,,,,,,,,,,,,,,,,,,,Collection,,,Fixture Wattage,,,Voltage Rating,,,Amperage Rating,,,Frequency Rating,,,Fixture Style,,,Number of Bulbs,,,Bulb Type,,,Bulb Wattage,,,Bulb Base,,,Lumens,,,Color Temperature,,,Color Rendering Index (CRI),,,Dimmable/Non-Dimmable,,,Recessed Trim Type,,,Ceiling Opening Size,,,Lens Type,,,Lens Material,,,Fixture Material,,,Fixture Finish,,,Mounting Type,,,Enclosure Type,,,Dimensions,,,Bulb Included,,,Additional Information,,,,,,,,,,,,,,,,,,,,,,,,,,,,,,,,,,,,,,,,,,,,,,,,,,,,,,,,,,,,,,,,,,,,,,,,,,,,,,,,,,,,,,,,,,,,,,,,,,,,,,,,,,,,,,,,,,,,,,,,,,,,
,,,,,,,,,,,43849WH5CCT,43849WH5CCT Kichler Ceiling Lt,-- Unbranded --,-- No Unilog Brand --,-- No DIB Brand --,Kichler Lighting (KICLI),The L.D. Kichler Co,,,43849WH5CCT,,Electrical>Lamps & Lightings>Indoor Lighting>Surface-Mount Fixtures,"The L.D. Kichler Co, Surface-Mount Fixture, 43849WH5CCT",SURFACE-MOUNT FIXTURE,The L.D. Kichler Co 43849WH5CCT Surface-Mount Fixture,,Surface-Mount Fixture,,,,,,,,,,,,,,,,,,,,,,,,,,,,Collection,,,Fixture Wattage,,,Voltage Rating,,,Amperage Rating,,,Frequency Rating,,,Fixture Style,,,Fixture Shape,,,Bulb Type,,,Bulb Wattage,,,Bulb Base,,,Number of Bulbs,,,Lumens,,,Color Temperature,,,Color Rendering Index (CRI),,,Average Life,,,Dimmable/Non-Dimmable,,,Lens Type,,,Lens Material,,,Fixture Material,,,Fixture Finish,,,Backplate/Canopy Size,,,Enclosure Type,,,Dimensions,,,Bulb Included,,,Additional Information,,,,,,,,,,,,,,,,,,,,,,,,,,,,,,,,,,,,,,,,,,,,,,,,,,,,,,,,,,,,,,,,,,,,,,,,,,,,,,,,,,,,,,,,,,,,,,,,,,,,,,,,,,,,,,,,,,,,,,,,,,,,
https://www.satco.com/products/62-1777,https://www.satco.com/products/62-1777,,,,,,,,,,62-1777,"62-1777 15"" Ceiling Lt Wh",-- Unbranded --,-- No Unilog Brand --,-- No DIB Brand --,Satco Prod Inc (5573),"Satco Products, Inc",,,62-1777,,Electrical>Lamps & Lightings>Indoor Lighting>Indoor Ceiling Fixtures,"SATCO, Indoor Ceiling Fixture, 62-1777, 3000 KK",INDOOR CEILING FIXTURE GLAMOUR 15 120 60,"SATCO® 62-1777 Indoor Ceiling Fixture, 3000 K K, 1104 Lumens",,"Indoor Ceiling Fixture, 3000 K K, 1104 Lumens",,,,,,,,,,,,,,,,,,,,,,,,,,,,Collection,Glamour,,Fixture Wattage,15,W,Voltage Rating,120,V,Amperage Rating,0.125,A,Frequency Rating,60,Hz,Fixture Style,Utility,,Fixture Shape,Round,,Bulb Type,LED,,Bulb Wattage,,,Bulb Base,,,Number of Bulbs,,,Lumens,1104,Lumens,Color Temperature,3000 K,,Color Rendering Index (CRI),90+,,Average Life,50000,hr,Dimmable/Non-Dimmable,Dimmable,,Lens Type,White,,Lens Material,Acrylic,,Fixture Material,Steel,,Fixture Finish,White,,Mounting Type,Flush,,Backplate/Canopy Size,,,Enclosure Type,,,Dimensions,,,Bulb Included,Yes,,Additional Information,,,,,,,,,,,,,,,,,,,,,,,,,,,,,,,,,,,,,,,,,,,,,,,,,,,,,,,,,,,,,,,,,,,,,,,,,,,,,,,,,,,,,,,,,,,,,,,,,,,,,,,,,,,,,,,,,,,,,,,,,
https://www.satco.com/products/62-1778,https://www.satco.com/products/62-1778,,,,,,,,,,62-1778,"62-1778 19"" Ceiling Lt Wh",-- Unbranded --,-- No Unilog Brand --,-- No DIB Brand --,Satco Prod Inc (5573),"Satco Products, Inc",,,62-1778,,Electrical>Lamps & Lightings>Indoor Lighting>Surface-Mount Fixtures,"SATCO, Surface-Mount Fixture, 62-1778, 3000 KK",SURFACE-MOUNT FIXTURE 29 120/277 ROUND,"SATCO® 62-1778 Surface-Mount Fixture, 3000 K K, 2200 to 2320 Lumens",,"Surface-Mount Fixture, 3000 K K, 2200 to 2320 Lumens",,,,,,,,,,,,,,,,,,,,,,,,,,,,Collection,,,Fixture Wattage,29,W,Voltage Rating,120/277,V,Amperage Rating,,,Frequency Rating,,,Fixture Style,Contemporary,,Fixture Shape,Round,,Bulb Type,LED,,Bulb Wattage,,,Bulb Base,,,Number of Bulbs,,,Lumens,2200 to 2320,Lumens,Color Temperature,3000 K,,Color Rendering Index (CRI),90+,,Average Life,50000,hr,Dimmable/Non-Dimmable,Dimmable,,Lens Type,Frosted,,Lens Material,PMMA,,Fixture Material,Aluminum,,Fixture Finish,White,,Backplate/Canopy Size,,,Enclosure Type,,,Dimensions,19 in Dia,,Bulb Included,Yes,,Additional Information,,,,,,,,,,,,,,,,,,,,,,,,,,,,,,,,,,,,,,,,,,,,,,,,,,,,,,,,,,,,,,,,,,,,,,,,,,,,,,,,,,,,,,,,,,,,,,,,,,,,,,,,,,,,,,,,,,,,,,,,,,,,
https://www.satco.com/products/62-1784,https://www.satco.com/products/62-1784,,,,,,,,,,62-1784,62-1784 24x24 Led Ceiling Lt,-- Unbranded --,-- No Unilog Brand --,-- No DIB Brand --,Satco Prod Inc (5573),"Satco Products, Inc",,,62-1784,,Electrical>Lamps & Lightings>Indoor Lighting>Surface-Mount Fixtures,"SATCO, Surface-Mount Fixture, 62-1784, 3000 KK",SURFACE-MOUNT FIXTURE 29 120/277 60 LED,"SATCO® 62-1784 Surface-Mount Fixture, 3000 K K, 2200 to 2320 Lumens",,"Surface-Mount Fixture, 3000 K K, 2200 to 2320 Lumens",,,,,,,,,,,,,,,,,,,,,,,,,,,,Collection,,,Fixture Wattage,29,W,Voltage Rating,120/277,V,Amperage Rating,0.242/0.105,A,Frequency Rating,60,Hz,Fixture Style,Contemporary,,Fixture Shape,Square,,Bulb Type,LED,,Bulb Wattage,,,Bulb Base,,,Number of Bulbs,,,Lumens,2200 to 2320,Lumens,Color Temperature,3000 K,,Color Rendering Index (CRI),90+,,Average Life,50000,hr,Dimmable/Non-Dimmable,Dimmable,,Lens Type,Frosted,,Lens Material,PMMA,,Fixture Material,Aluminum,,Fixture Finish,White,,Backplate/Canopy Size,,,Enclosure Type,,,Dimensions,24 in L x 24 in W,,Bulb Included,Yes,,Additional Information,,,,,,,,,,,,,,,,,,,,,,,,,,,,,,,,,,,,,,,,,,,,,,,,,,,,,,,,,,,,,,,,,,,,,,,,,,,,,,,,,,,,,,,,,,,,,,,,,,,,,,,,,,,,,,,,,,,,,,,,,,,,
https://www.satco.com/products/62-1787,https://www.satco.com/products/62-1787,,,,,,,,,,62-1787,"62-1787 15"" Ceiling Lt Bk",-- Unbranded --,-- No Unilog Brand --,-- No DIB Brand --,Satco Prod Inc (5573),"Satco Products, Inc",,,62-1787,,Electrical>Lamps & Lightings>Indoor Lighting>Surface-Mount Fixtures,"SATCO, Surface-Mount Fixture, 62-1787, 3000 KK",SURFACE-MOUNT FIXTURE 29 120/277 ROUND,"SATCO® 62-1787 Surface-Mount Fixture, 3000 K K, 2200 to 2320 Lumens",,"Surface-Mount Fixture, 3000 K K, 2200 to 2320 Lumens",,,,,,,,,,,,,,,,,,,,,,,,,,,,Collection,,,Fixture Wattage,29,W,Voltage Rating,120/277,V,Amperage Rating,,,Frequency Rating,,,Fixture Style,Contemporary,,Fixture Shape,Round,,Bulb Type,LED,,Bulb Wattage,,,Bulb Base,,,Number of Bulbs,,,Lumens,2200 to 2320,Lumens,Color Temperature,3000 K,,Color Rendering Index (CRI),90+,,Average Life,50000,hr,Dimmable/Non-Dimmable,Dimmable,,Lens Type,Frosted,,Lens Material,PMMA,,Fixture Material,Aluminum,,Fixture Finish,Black,,Backplate/Canopy Size,,,Enclosure Type,,,Dimensions,15 in Dia,,Bulb Included,Yes,,Additional Information,,,,,,,,,,,,,,,,,,,,,,,,,,,,,,,,,,,,,,,,,,,,,,,,,,,,,,,,,,,,,,,,,,,,,,,,,,,,,,,,,,,,,,,,,,,,,,,,,,,,,,,,,,,,,,,,,,,,,,,,,,,,
https://www.satco.com/products/62-1788,https://www.satco.com/products/62-1788,,,,,,,,,,62-1788,"62-1788 19"" Ceiling Lt Bk",-- Unbranded --,-- No Unilog Brand --,-- No DIB Brand --,Satco Prod Inc (5573),"Satco Products, Inc",,,62-1788,,Electrical>Lamps & Lightings>Indoor Lighting>Surface-Mount Fixtures,"SATCO, Surface-Mount Fixture, 62-1788, 3000 KK",SURFACE-MOUNT FIXTURE 29 120/277 ROUND,"SATCO® 62-1788 Surface-Mount Fixture, 3000 K K, 2200 to 2320 Lumens",,"Surface-Mount Fixture, 3000 K K, 2200 to 2320 Lumens",,,,,,,,,,,,,,,,,,,,,,,,,,,,Collection,,,Fixture Wattage,29,W,Voltage Rating,120/277,V,Amperage Rating,,,Frequency Rating,,,Fixture Style,Contemporary,,Fixture Shape,Round,,Bulb Type,LED,,Bulb Wattage,,,Bulb Base,,,Number of Bulbs,,,Lumens,2200 to 2320,Lumens,Color Temperature,3000 K,,Color Rendering Index (CRI),90+,,Average Life,50000,hr,Dimmable/Non-Dimmable,Dimmable,,Lens Type,Frosted,,Lens Material,PMMA,,Fixture Material,Aluminum,,Fixture Finish,Black,,Backplate/Canopy Size,,,Enclosure Type,,,Dimensions,19 in Dia,,Bulb Included,Yes,,Additional Information,,,,,,,,,,,,,,,,,,,,,,,,,,,,,,,,,,,,,,,,,,,,,,,,,,,,,,,,,,,,,,,,,,,,,,,,,,,,,,,,,,,,,,,,,,,,,,,,,,,,,,,,,,,,,,,,,,,,,,,,,,,,
,,,,,,,,,,,SHOP/4X2/840/V1,4' Feit Shop Light 4500L 40k,-- Unbranded --,-- No Unilog Brand --,Feit Electric,Feit Electric (3468),,Feit Electric,,SHOP/4X2/840/V1,,Electrical>Lamps & Lightings>Indoor Lighting>Recessed Lighting>Recessed Lighting Fixtures,"Recessed Lighting Fixture, SHOP/4X2/840/V1",RECESSED LIGHTING FIXTURE,SHOP/4X2/840/V1 Recessed Lighting Fixture,,Recessed Lighting Fixture,,,,,,,,,,,,,,,,,,,,,,,,,,,,Collection,,,Fixture Wattage,,,Voltage Rating,,,Amperage Rating,,,Frequency Rating,,,Fixture Style,,,Number of Bulbs,,,Bulb Type,,,Bulb Wattage,,,Bulb Base,,,Lumens,,,Color Temperature,,,Color Rendering Index (CRI),,,Dimmable/Non-Dimmable,,,Recessed Trim Type,,,Ceiling Opening Size,,,Lens Type,,,Lens Material,,,Fixture Material,,,Fixture Finish,,,Mounting Type,,,Enclosure Type,,,Dimensions,,,Bulb Included,,,Additional Information,,,,,,,,,,,,,,,,,,,,,,,,,,,,,,,,,,,,,,,,,,,,,,,,,,,,,,,,,,,,,,,,,,,,,,,,,,,,,,,,,,,,,,,,,,,,,,,,,,,,,,,,,,,,,,,,,,,,,,,,,,,,
,,,,,,,,,,,45495BKCLR,45495BKCLR Kichler Wall Lt,-- Unbranded --,-- No Unilog Brand --,-- No DIB Brand --,Kichler Lighting (KICLI),The L.D. Kichler Co,,,45495BKCLR,,Electrical>Lamps & Lightings>Indoor Lighting>Bath & Vanity Lights,"The L.D. Kichler Co, Bath & Vanity Light, 45495BKCLR",BATH & VANITY LIGHT,The L.D. Kichler Co 45495BKCLR Bath & Vanity Light,,Bath & Vanity Light,,,,,,,,,,,,,,,,,,,,,,,,,,,,Collection,,,Fixture Wattage,,,Voltage Rating,,,Amperage Rating,,,Frequency Rating,,,Fixture Style,,,Fixture Shape,,,Bulb Type,,,Bulb Wattage,,,Bulb Base,,,Number of Bulbs,,,Lumens,,,Color Temperature,,,Color Rendering Index (CRI),,,Average Life,,,Dimmable/Non-Dimmable,,,Lens Type,,,Lens Material,,,Fixture Material,,,Fixture Finish,,,Mounting Orientation,,,Mounting Type,,,Backplate/Canopy Size,,,Enclosure Type,,,Dimensions,,,Bulb Included,,,Additional Information,,,,,,,,,,,,,,,,,,,,,,,,,,,,,,,,,,,,,,,,,,,,,,,,,,,,,,,,,,,,,,,,,,,,,,,,,,,,,,,,,,,,,,,,,,,,,,,,,,,,,,,,,,,,,,,,,,,,,,
,,,,,,,,,,,55209NI,55209NI Kichler Wall Sconce,-- Unbranded --,-- No Unilog Brand --,-- No DIB Brand --,Kichler Lighting (KICLI),The L.D. Kichler Co,,,55209NI,,Electrical>Lamps & Lightings>Indoor Lighting>Wall Sconces,"The L.D. Kichler Co, Wall Sconce, 55209NI, E26 Medium",WALL SCONCE KAVI 75 120 MODERN CYLINDER,"The L.D. Kichler Co 55209NI Wall Sconce, E26 Medium",,"Wall Sconce, E26 Medium",,,,,,,,,,,,,,,,,,,,,,,,,,,,Collection,Kavi,,Fixture Wattage,75,W,Voltage Rating,120,V,Amperage Rating,,,Frequency Rating,,,Fixture Style,Modern,,Fixture Shape,Cylinder,,Bulb Type,T10,,Bulb Wattage,75,W,Bulb Base,E26 Medium,,Number of Bulbs,1,,Lumens,,,Color Temperature,,,Color Rendering Index (CRI),,,Average Life,,,Dimmable/Non-Dimmable,Dimmable,,Lens Type,Clear Glass,,Lens Material,Glass,,Fixture Material,Steel,,Fixture Finish,Brushed Nickel,,Mounting Type,Wall,,Backplate/Canopy Size,5 in W x 1 in D,,Enclosure Type,,,Dimensions,13 in H x 5 in W x 6 in D,,Bulb Included,No,,Additional Information,6 in L Lead Wire,,,,,,,,,,,,,,,,,,,,,,,,,,,,,,,,,,,,,,,,,,,,,,,,,,,,,,,,,,,,,,,,,,,,,,,,,,,,,,,,,,,,,,,,,,,,,,,,,,,,,,,,,,,,,,,,,,,,,,,,
https://www.satco.com/products/65-1210,https://www.satco.com/products/65-1210,,,,,,,,,,65-1210,65-1210 2' LED Wrap Lt,-- Unbranded --,-- No Unilog Brand --,-- No DIB Brand --,Satco Prod Inc (5573),"Satco Products, Inc",,,65-1210,,Electrical>Lamps & Lightings>Indoor Lighting>Wraparound Lights,"SATCO, Wraparound Light, 65-1210, 3000 KK",WRAPAROUND LIGHT 20 0.17 50/60 UTILITY,"SATCO® 65-1210 Wraparound Light, 3000 K K, 3200 to 3400 Lumens",,"Wraparound Light, 3000 K K, 3200 to 3400 Lumens",,,,,,,,,,,,,,,,,,,,,,,,,,,,Collection,,,Fixture Wattage,20,W,Voltage Rating,120 to 277,V,Amperage Rating,0.17,A,Frequency Rating,50/60,Hz,Fixture Style,Utility,,Fixture Shape,Linear,,Bulb Type,LED,,Bulb Wattage,,,Bulb Base,,,Number of Bulbs,,,Lumens,3200 to 3400,Lumens,Color Temperature,3000 K,,Color Rendering Index (CRI),90+,,Average Life,50000,hr,Dimmable/Non-Dimmable,Non-Dimmable,,Lens Type,White,,Lens Material,Polycarbonate,,Fixture Material,Steel,,Fixture Finish,White,,Mounting Type,Ceiling,,Backplate/Canopy Size,,,Enclosure Type,,,Bulb Included,Yes,,Dimensions,2 ft L,,Additional Information,,,,,,,,,,,,,,,,,,,,,,,,,,,,,,,,,,,,,,,,,,,,,,,,,,,,,,,,,,,,,,,,,,,,,,,,,,,,,,,,,,,,,,,,,,,,,,,,,,,,,,,,,,,,,,,,,,,,,,,,,
https://www.satco.com/products/65-1211,https://www.satco.com/products/65-1211,,,,,,,,,,65-1211,65-1211 4' Led Wrap Light,-- Unbranded --,-- No Unilog Brand --,-- No DIB Brand --,Satco Prod Inc (5573),"Satco Products, Inc",,,65-1211,,Electrical>Lamps & Lightings>Indoor Lighting>Wraparound Lights,"SATCO, Wraparound Light, 65-1211, 3000 KK",WRAPAROUND LIGHT 39 0.33 50/60 UTILITY,"SATCO® 65-1211 Wraparound Light, 3000 K K, 3200 to 3400 Lumens",,"Wraparound Light, 3000 K K, 3200 to 3400 Lumens",,,,,,,,,,,,,,,,,,,,,,,,,,,,Collection,,,Fixture Wattage,39,W,Voltage Rating,120 to 277,V,Amperage Rating,0.33,A,Frequency Rating,50/60,Hz,Fixture Style,Utility,,Fixture Shape,Linear,,Bulb Type,LED,,Bulb Wattage,,,Bulb Base,,,Number of Bulbs,,,Lumens,3200 to 3400,Lumens,Color Temperature,3000 K,,Color Rendering Index (CRI),90+,,Average Life,50000,hr,Dimmable/Non-Dimmable,Non-Dimmable,,Lens Type,White,,Lens Material,Polycarbonate,,Fixture Material,Steel,,Fixture Finish,White,,Mounting Type,Ceiling,,Backplate/Canopy Size,,,Enclosure Type,,,Bulb Included,Yes,,Dimensions,4 ft L,,Additional Information,,,,,,,,,,,,,,,,,,,,,,,,,,,,,,,,,,,,,,,,,,,,,,,,,,,,,,,,,,,,,,,,,,,,,,,,,,,,,,,,,,,,,,,,,,,,,,,,,,,,,,,,,,,,,,,,,,,,,,,,,
,,,,,,,,,,,141465,"141465 15W Flor 18"" T12 27k",-- Unbranded --,-- No Unilog Brand --,Philips,Phillips Lighting (5831),Signify Holding,Philips,,141465,,Electrical>Lamps & Lightings>Light Bulbs>Fluorescent Light Bulbs,"Signify Holding Philips, Fluorescent Light Bulb, 141465, 15W, Flor, 4-Pin, Soft White, 27kK",FLUORESCENT LIGHT BULB T12 SERIES 15 T12,"Philips 141465 Fluorescent Light Bulb, 15 W, Flor, 4-Pin, Soft White, 27k K",,"Fluorescent Light Bulb, 15 W, Flor, 4-Pin, Soft White, 27k K",,,,,,,,,,,,,,,,,,,,,,,,,,,,Series,T12 Series,,Wattage,15,W,Lumens,,,Bulb Shape,Flor,,Bulb Shape Code,T12,,Color Temperature,27k,K,Light Appearance,Soft White,,Bulb Base,4-Pin,,Bulb Base Code,,,Bulb Finish,Soft White,,Voltage Rating,,,Color Rendering Index (CRI),,,Bulb Designation,,,Average Life,,,Beam Angle,,,Dimmable,,,Diameter,,,Length,18,in,Title 20 Compliant,,,Additional Information,,,,,,,,,,,,,,,,,,,,,,,,,,,,,,,,,,,,,,,,,,,,,,,,,,,,,,,,,,,,,,,,,,,,,,,,,,,,,,,,,,,,,,,,,,,,,,,,,,,,,,,,,,,,,,,,,,,,,,,,,,,,,,,,,,,,,,,,,,,
,,,,,,,,,,,391227,"391227 32W Led 12"" T9 30K",-- Unbranded --,-- No Unilog Brand --,Philips,Phillips Lighting (5831),Signify Holding,Philips,,391227,,Electrical>Lamps & Lightings>Light Bulbs>LED Light Bulbs,"Signify Holding Philips, LED Bulb, 391227, 32W, 3000K",BULB LED 32W 3000K,"Philips 391227 LED Bulb, 32 W, 3000 K",,"LED Bulb, 32 W, 3000 K",,,,,,,,,,,,,,,,,,,,,,,,,,,,Series,,,Wattage,32,W,Lumens,,,Bulb Shape,,,Bulb Shape Code,,,Color Temperature,3000,K,Light Appearance,,,Bulb Base,,,Bulb Base Code,,,Bulb Finish,,,Voltage Rating,,,Color Rendering Index (CRI),,,Bulb Designation,,,Average Life,,,Beam Angle,,,Incandescent Wattage Equivalent,,,Halogen Wattage Equivalent,,,Fluorescent Wattage Equivalent,,,HID Wattage Equivalent,,,Dimmable,,,Smart Compatible With,,,Diameter,,,Length,,,Energy Star Certified,,,Title 20 Compliant,,,Title 24 Compliant,,,Additional Information,,,,,,,,,,,,,,,,,,,,,,,,,,,,,,,,,,,,,,,,,,,,,,,,,,,,,,,,,,,,,,,,,,,,,,,,,,,,,,,,,,,,,,,,,,,,,,,,,,,,,,,,,,,,,,,,,,,,,,
,,,,,,,,,,,392225,"392225 22W Flor 8"" T9 30k",-- Unbranded --,-- No Unilog Brand --,Philips,Phillips Lighting (5831),Signify Holding,Philips,,392225,,Electrical>Lamps & Lightings>Light Bulbs>Fluorescent Light Bulbs,"Signify Holding Philips, Fluorescent Light Bulb, 392225, 22W, Tube, Flor, Soft White, 30kK",FLUORESCENT LIGHT BULB T12 SERIES 22 T9,"Philips 392225 Fluorescent Light Bulb, 22 W, Tube, Flor, Soft White, 30k K",,"Fluorescent Light Bulb, 22 W, Tube, Flor, Soft White, 30k K",,,,,,,,,,,,,,,,,,,,,,,,,,,,Series,T12 Series,,Wattage,22,W,Lumens,,,Bulb Shape,Tube,,Bulb Shape Code,T9,,Color Temperature,30k,K,Light Appearance,,,Bulb Base,Flor,,Bulb Base Code,,,Bulb Finish,Soft White,,Voltage Rating,22W,V,Color Rendering Index (CRI),80,,Bulb Designation,"Flor 8""",,Average Life,13000,hr,Beam Angle,,,Dimmable,,,Diameter,8,in,Length,8,in,Title 20 Compliant,,,Additional Information,Non-Dimmable,,,,,,,,,,,,,,,,,,,,,,,,,,,,,,,,,,,,,,,,,,,,,,,,,,,,,,,,,,,,,,,,,,,,,,,,,,,,,,,,,,,,,,,,,,,,,,,,,,,,,,,,,,,,,,,,,,,,,,,,,,,,,,,,,,,,,,,,,,
https://www.satco.com/products/S3539,https://www.satco.com/products/S3539,,,,,,,,,,S3539,S3539 20W Halogen Pin T4,-- Unbranded --,-- No Unilog Brand --,Satco,Satco Prod Inc (5573),"Satco Products, Inc",Satco,,S3539,,Electrical>Lamps & Lightings>Light Bulbs>Halogen Light Bulbs,"SATCO, Halogen Light Bulb, S3539, 20W",HALOGEN LIGHT BULB 20 T4,"SATCO® S3539 Halogen Light Bulb, 20 W",,"Halogen Light Bulb, 20 W",,,,,,,,,,,,,,,,,,,,,,,,,,,,Series,,,Wattage,20,W,Lumens,,,Bulb Shape,,,Bulb Shape Code,T4,,Color Temperature,,,Light Appearance,,,Bulb Base,,,Bulb Base Code,,,Bulb Finish,,,Voltage Rating,,,Color Rendering Index (CRI),,,Bulb Designation,,,Average Life,,,Beam Angle,,,Dimmable,,,Diameter,,,Length,,,Title 20 Compliant,,,Additional Information,,,,,,,,,,,,,,,,,,,,,,,,,,,,,,,,,,,,,,,,,,,,,,,,,,,,,,,,,,,,,,,,,,,,,,,,,,,,,,,,,,,,,,,,,,,,,,,,,,,,,,,,,,,,,,,,,,,,,,,,,,,,,,,,,,,,,,,,,,,
https://www.satco.com/products/S3496,https://www.satco.com/products/S3496,,,,,,,,,,S3496,S3496 300W Halogen T3 Bulb,-- Unbranded --,-- No Unilog Brand --,Satco,Satco Prod Inc (5573),"Satco Products, Inc",Satco,,S3496,,Electrical>Lamps & Lightings>Light Bulbs>Halogen Light Bulbs,"SATCO, Halogen Light Bulb, S3496, 300W",HALOGEN LIGHT BULB 300 T3 120,"SATCO® S3496 Halogen Light Bulb, 300 W",,"Halogen Light Bulb, 300 W",,,,,,,,,,,,,,,,,,,,,,,,,,,,Series,,,Wattage,300,W,Lumens,,,Bulb Shape,,,Bulb Shape Code,T3,,Color Temperature,,,Light Appearance,,,Bulb Base,,,Bulb Base Code,,,Bulb Finish,,,Voltage Rating,120,V,Color Rendering Index (CRI),,,Bulb Designation,,,Average Life,,,Beam Angle,,,Dimmable,,,Diameter,,,Length,,,Title 20 Compliant,,,Additional Information,,,,,,,,,,,,,,,,,,,,,,,,,,,,,,,,,,,,,,,,,,,,,,,,,,,,,,,,,,,,,,,,,,,,,,,,,,,,,,,,,,,,,,,,,,,,,,,,,,,,,,,,,,,,,,,,,,,,,,,,,,,,,,,,,,,,,,,,,,,
,,,,,,,,,,,467316,467316 150W Sodium Med 21k,-- Unbranded --,-- No Unilog Brand --,Philips,Phillips Lighting (5831),Signify Holding,Philips,,467316,,Electrical>Lamps & Lightings>Light Bulbs>LED Light Bulbs,"Signify Holding Philips, LED Bulb, 467316, 150W, 2100K",BULB LED 150W 2100K,"Philips 467316 LED Bulb, 150 W, 2100 K",,"LED Bulb, 150 W, 2100 K",,,,,,,,,,,,,,,,,,,,,,,,,,,,Series,,,Wattage,150,W,Lumens,,,Bulb Shape,,,Bulb Shape Code,,,Color Temperature,2100,K,Light Appearance,,,Bulb Base,,,Bulb Base Code,,,Bulb Finish,,,Voltage Rating,,,Color Rendering Index (CRI),,,Bulb Designation,,,Average Life,,,Beam Angle,,,Incandescent Wattage Equivalent,,,Halogen Wattage Equivalent,,,Fluorescent Wattage Equivalent,,,HID Wattage Equivalent,,,Dimmable,,,Smart Compatible With,,,Diameter,,,Length,,,Energy Star Certified,,,Title 20 Compliant,,,Title 24 Compliant,,,Additional Information,,,,,,,,,,,,,,,,,,,,,,,,,,,,,,,,,,,,,,,,,,,,,,,,,,,,,,,,,,,,,,,,,,,,,,,,,,,,,,,,,,,,,,,,,,,,,,,,,,,,,,,,,,,,,,,,,,,,,,
https://www.satco.com/products/S3709,https://www.satco.com/products/S3709,,,,,,,,,,S3709,S3709 25W Incan 27K,-- Unbranded --,-- No Unilog Brand --,Satco,Satco Prod Inc (5573),"Satco Products, Inc",Satco,,S3709,,Electrical>Lamps & Lightings>Light Bulbs>Incandescent Light Bulbs,"SATCO, Incandescent Light Bulb, S3709, 25W, 27KK",INCANDESCENT LIGHT BULB INCAN 25 T6.5,"SATCO® S3709 Incandescent Light Bulb, 25 W, 27K K",,"Incandescent Light Bulb, 25 W, 27K K",,,,,,,,,,,,,,,,,,,,,,,,,,,,Series,Incan,,Wattage,25,W,Lumens,,,Bulb Shape,,,Bulb Shape Code,T6.5,,Color Temperature,27K,K,Light Appearance,,,Bulb Base,,,Bulb Base Code,,,Bulb Finish,,,Voltage Rating,,,Color Rendering Index (CRI),,,Bulb Designation,,,Average Life,,,Beam Angle,,,Dimmable,,,Diameter,,,Length,,,Additional Information,,,,,,,,,,,,,,,,,,,,,,,,,,,,,,,,,,,,,,,,,,,,,,,,,,,,,,,,,,,,,,,,,,,,,,,,,,,,,,,,,,,,,,,,,,,,,,,,,,,,,,,,,,,,,,,,,,,,,,,,,,,,,,,,,,,,,,,,,,,,,,
https://www.satco.com/products/S4720,https://www.satco.com/products/S4720,,,,,,,,,,S4720,S4720 25W Incan 27K,-- Unbranded --,-- No Unilog Brand --,Satco,Satco Prod Inc (5573),"Satco Products, Inc",Satco,,S4720,,Electrical>Lamps & Lightings>Light Bulbs>Incandescent Light Bulbs,"SATCO, Incandescent Light Bulb, S4720, 25W, 27KK",INCANDESCENT LIGHT BULB INCAN 25 27K,"SATCO® S4720 Incandescent Light Bulb, 25 W, 27K K",,"Incandescent Light Bulb, 25 W, 27K K",,,,,,,,,,,,,,,,,,,,,,,,,,,,Series,Incan,,Wattage,25,W,Lumens,,,Bulb Shape,,,Bulb Shape Code,,,Color Temperature,27K,K,Light Appearance,,,Bulb Base,,,Bulb Base Code,,,Bulb Finish,,,Voltage Rating,,,Color Rendering Index (CRI),,,Bulb Designation,,,Average Life,,,Beam Angle,,,Dimmable,,,Diameter,,,Length,,,Additional Information,,,,,,,,,,,,,,,,,,,,,,,,,,,,,,,,,,,,,,,,,,,,,,,,,,,,,,,,,,,,,,,,,,,,,,,,,,,,,,,,,,,,,,,,,,,,,,,,,,,,,,,,,,,,,,,,,,,,,,,,,,,,,,,,,,,,,,,,,,,,,,
https://www.satco.com/products/S3720,https://www.satco.com/products/S3720,,,,,,,,,,S3720,S3720 40w Inc A15 Med 26k,-- Unbranded --,-- No Unilog Brand --,Satco,Satco Prod Inc (5573),"Satco Products, Inc",Satco,,S3720,,Electrical>Lamps & Lightings>Light Bulbs>Incandescent Light Bulbs,"SATCO, Incandescent Light Bulb, S3720, 40W, 2600K",INCANDESCENT LIGHT BULB 40 2600,"SATCO® S3720 Incandescent Light Bulb, 40 W, 2600 K",,"Incandescent Light Bulb, 40 W, 2600 K",,,,,,,,,,,,,,,,,,,,,,,,,,,,Series,,,Wattage,40,W,Lumens,,,Bulb Shape,,,Bulb Shape Code,,,Color Temperature,2600,K,Light Appearance,,,Bulb Base,,,Bulb Base Code,,,Bulb Finish,,,Voltage Rating,,,Color Rendering Index (CRI),,,Bulb Designation,,,Average Life,,,Beam Angle,,,Dimmable,,,Diameter,,,Length,,,Additional Information,,,,,,,,,,,,,,,,,,,,,,,,,,,,,,,,,,,,,,,,,,,,,,,,,,,,,,,,,,,,,,,,,,,,,,,,,,,,,,,,,,,,,,,,,,,,,,,,,,,,,,,,,,,,,,,,,,,,,,,,,,,,,,,,,,,,,,,,,,,,,,
https://www.satco.com/products/S3702,https://www.satco.com/products/S3702,,,,,,,,,,S3702,S3702 40W Incan Med 27K,-- Unbranded --,-- No Unilog Brand --,Satco,Satco Prod Inc (5573),"Satco Products, Inc",Satco,,S3702,,Electrical>Lamps & Lightings>Light Bulbs>Incandescent Light Bulbs,"SATCO, Incandescent Light Bulb, S3702, 40W, Medium, 27KK",INCANDESCENT LIGHT BULB 40 S6 27K MEDIUM,"SATCO® S3702 Incandescent Light Bulb, 40 W, Medium, 27K K",,"Incandescent Light Bulb, 40 W, Medium, 27K K",,,,,,,,,,,,,,,,,,,,,,,,,,,,Series,,,Wattage,40,W,Lumens,,,Bulb Shape,,,Bulb Shape Code,S6,,Color Temperature,27K,K,Light Appearance,,,Bulb Base,Medium,,Bulb Base Code,,,Bulb Finish,,,Voltage Rating,,,Color Rendering Index (CRI),,,Bulb Designation,,,Average Life,,,Beam Angle,,,Dimmable,,,Diameter,,,Length,,,Additional Information,,,,,,,,,,,,,,,,,,,,,,,,,,,,,,,,,,,,,,,,,,,,,,,,,,,,,,,,,,,,,,,,,,,,,,,,,,,,,,,,,,,,,,,,,,,,,,,,,,,,,,,,,,,,,,,,,,,,,,,,,,,,,,,,,,,,,,,,,,,,,,
https://www.satco.com/products/S3703,https://www.satco.com/products/S3703,,,,,,,,,,S3703,S3703 40W Incan Med 27K,-- Unbranded --,-- No Unilog Brand --,Satco,Satco Prod Inc (5573),"Satco Products, Inc",Satco,,S3703,,Electrical>Lamps & Lightings>Light Bulbs>Incandescent Light Bulbs,"SATCO, Incandescent Light Bulb, S3703, 40W, Medium, 27KK",INCANDESCENT LIGHT BULB 40 S6 27K MEDIUM,"SATCO® S3703 Incandescent Light Bulb, 40 W, Medium, 27K K",,"Incandescent Light Bulb, 40 W, Medium, 27K K",,,,,,,,,,,,,,,,,,,,,,,,,,,,Series,,,Wattage,40,W,Lumens,,,Bulb Shape,,,Bulb Shape Code,S6,,Color Temperature,27K,K,Light Appearance,,,Bulb Base,Medium,,Bulb Base Code,,,Bulb Finish,,,Voltage Rating,,,Color Rendering Index (CRI),,,Bulb Designation,,,Average Life,,,Beam Angle,,,Dimmable,,,Diameter,,,Length,,,Additional Information,,,,,,,,,,,,,,,,,,,,,,,,,,,,,,,,,,,,,,,,,,,,,,,,,,,,,,,,,,,,,,,,,,,,,,,,,,,,,,,,,,,,,,,,,,,,,,,,,,,,,,,,,,,,,,,,,,,,,,,,,,,,,,,,,,,,,,,,,,,,,,
https://www.satco.com/products/S3797,https://www.satco.com/products/S3797,,,,,,,,,,S3797,S3797 4W Incan Cand 27K 2pk,-- Unbranded --,-- No Unilog Brand --,Satco,Satco Prod Inc (5573),"Satco Products, Inc",Satco,,S3797,,Electrical>Lamps & Lightings>Light Bulbs>Incandescent Light Bulbs,"SATCO, Incandescent Light Bulb, S3797, 4W, Cand, Candelabra, Clear, 27KK",INCANDESCENT LIGHT BULB S3797 4 CAND 27K,"SATCO® S3797 Incandescent Light Bulb, 4 W, Cand, Candelabra, Clear, 27K K",,"Incandescent Light Bulb, 4 W, Cand, Candelabra, Clear, 27K K",,,,,,,,,,,,,,,,,,,,,,,,,,,,Series,S3797,,Wattage,4,W,Lumens,,,Bulb Shape,Cand,,Bulb Shape Code,,,Color Temperature,27K,K,Light Appearance,Warm White,,Bulb Base,Candelabra,,Bulb Base Code,,,Bulb Finish,Clear,,Voltage Rating,120,V,Color Rendering Index (CRI),,,Bulb Designation,,,Average Life,,,Beam Angle,,,Dimmable,,,Diameter,,,Length,,,Additional Information,,,,,,,,,,,,,,,,,,,,,,,,,,,,,,,,,,,,,,,,,,,,,,,,,,,,,,,,,,,,,,,,,,,,,,,,,,,,,,,,,,,,,,,,,,,,,,,,,,,,,,,,,,,,,,,,,,,,,,,,,,,,,,,,,,,,,,,,,,,,,,
https://www.satco.com/products/S4724,https://www.satco.com/products/S4724,,,,,,,,,,S4724,S4724 4W Incan Cand 27K 4pk,-- Unbranded --,-- No Unilog Brand --,Satco,Satco Prod Inc (5573),"Satco Products, Inc",Satco,,S4724,,Electrical>Lamps & Lightings>Light Bulbs>Incandescent Light Bulbs,"SATCO, Incandescent Light Bulb, S4724, 4W, Cand, Candelabra, Clear, 27KK",INCANDESCENT LIGHT BULB 4 CAND 27K CLEAR,"SATCO® S4724 Incandescent Light Bulb, 4 W, Cand, Candelabra, Clear, 27K K",,"Incandescent Light Bulb, 4 W, Cand, Candelabra, Clear, 27K K",,,,,,,,,,,,,,,,,,,,,,,,,,,,Series,,,Wattage,4,W,Lumens,,,Bulb Shape,Cand,,Bulb Shape Code,,,Color Temperature,27K,K,Light Appearance,Warm White,,Bulb Base,Candelabra,,Bulb Base Code,,,Bulb Finish,Clear,,Voltage Rating,120,V,Color Rendering Index (CRI),,,Bulb Designation,4C7 CAND CL,,Average Life,,,Beam Angle,,,Dimmable,,,Diameter,,,Length,,,Additional Information,,,,,,,,,,,,,,,,,,,,,,,,,,,,,,,,,,,,,,,,,,,,,,,,,,,,,,,,,,,,,,,,,,,,,,,,,,,,,,,,,,,,,,,,,,,,,,,,,,,,,,,,,,,,,,,,,,,,,,,,,,,,,,,,,,,,,,,,,,,,,,
https://www.satco.com/products/S4717,https://www.satco.com/products/S4717,,,,,,,,,,S4717,S4717 6W Incan Cand 27k 2pk,-- Unbranded --,-- No Unilog Brand --,Satco,Satco Prod Inc (5573),"Satco Products, Inc",Satco,,S4717,,Electrical>Lamps & Lightings>Light Bulbs>Incandescent Light Bulbs,"SATCO, Incandescent Light Bulb, S4717, 6W, Cand, Candelabra, 27kK",INCANDESCENT LIGHT BULB 6 CAND 27K 130,"SATCO® S4717 Incandescent Light Bulb, 6 W, Cand, Candelabra, 27k K",,"Incandescent Light Bulb, 6 W, Cand, Candelabra, 27k K",,,,,,,,,,,,,,,,,,,,,,,,,,,,Series,,,Wattage,6,W,Lumens,,,Bulb Shape,Cand,,Bulb Shape Code,,,Color Temperature,27k,K,Light Appearance,Warm White,,Bulb Base,Candelabra,,Bulb Base Code,,,Bulb Finish,,,Voltage Rating,130,V,Color Rendering Index (CRI),,,Bulb Designation,6S6 CAND CLEAR 130V 2/CD,,Average Life,,,Beam Angle,,,Dimmable,,,Diameter,,,Length,,,Additional Information,,,,,,,,,,,,,,,,,,,,,,,,,,,,,,,,,,,,,,,,,,,,,,,,,,,,,,,,,,,,,,,,,,,,,,,,,,,,,,,,,,,,,,,,,,,,,,,,,,,,,,,,,,,,,,,,,,,,,,,,,,,,,,,,,,,,,,,,,,,,,,
https://www.satco.com/products/S3794,https://www.satco.com/products/S3794,,,,,,,,,,S3794,S3794 7W Incan Med 27K,-- Unbranded --,-- No Unilog Brand --,Satco,Satco Prod Inc (5573),"Satco Products, Inc",Satco,,S3794,,Electrical>Lamps & Lightings>Light Bulbs>Incandescent Light Bulbs,"SATCO, Incandescent Light Bulb, S3794, 7W, 27KK",INCANDESCENT LIGHT BULB 7 27K,"SATCO® S3794 Incandescent Light Bulb, 7 W, 27K K",,"Incandescent Light Bulb, 7 W, 27K K",,,,,,,,,,,,,,,,,,,,,,,,,,,,Series,,,Wattage,7,W,Lumens,,,Bulb Shape,,,Bulb Shape Code,,,Color Temperature,27K,K,Light Appearance,,,Bulb Base,,,Bulb Base Code,,,Bulb Finish,,,Voltage Rating,,,Color Rendering Index (CRI),,,Bulb Designation,,,Average Life,,,Beam Angle,,,Dimmable,,,Diameter,,,Length,,,Additional Information,,,,,,,,,,,,,,,,,,,,,,,,,,,,,,,,,,,,,,,,,,,,,,,,,,,,,,,,,,,,,,,,,,,,,,,,,,,,,,,,,,,,,,,,,,,,,,,,,,,,,,,,,,,,,,,,,,,,,,,,,,,,,,,,,,,,,,,,,,,,,,
https://www.satco.com/products/S3795,https://www.satco.com/products/S3795,,,,,,,,,,S3795,S3795 7W Incan Med 27K,-- Unbranded --,-- No Unilog Brand --,Satco,Satco Prod Inc (5573),"Satco Products, Inc",Satco,,S3795,,Electrical>Lamps & Lightings>Light Bulbs>Incandescent Light Bulbs,"SATCO, Incandescent Light Bulb, S3795, 7W, 27KK",INCANDESCENT LIGHT BULB 7 27K,"SATCO® S3795 Incandescent Light Bulb, 7 W, 27K K",,"Incandescent Light Bulb, 7 W, 27K K",,,,,,,,,,,,,,,,,,,,,,,,,,,,Series,,,Wattage,7,W,Lumens,,,Bulb Shape,,,Bulb Shape Code,,,Color Temperature,27K,K,Light Appearance,,,Bulb Base,,,Bulb Base Code,,,Bulb Finish,,,Voltage Rating,,,Color Rendering Index (CRI),,,Bulb Designation,,,Average Life,,,Beam Angle,,,Dimmable,,,Diameter,,,Length,,,Additional Information,,,,,,,,,,,,,,,,,,,,,,,,,,,,,,,,,,,,,,,,,,,,,,,,,,,,,,,,,,,,,,,,,,,,,,,,,,,,,,,,,,,,,,,,,,,,,,,,,,,,,,,,,,,,,,,,,,,,,,,,,,,,,,,,,,,,,,,,,,,,,,
https://www.satco.com/products/S4726,https://www.satco.com/products/S4726,,,,,,,,,,S4726,S4726 7W Incan Cand 27K 4pk,-- Unbranded --,-- No Unilog Brand --,Satco,Satco Prod Inc (5573),"Satco Products, Inc",Satco,,S4726,,Electrical>Lamps & Lightings>Light Bulbs>Incandescent Light Bulbs,"SATCO, Incandescent Light Bulb, S4726, 7W, Candelabra, Clear, 27KK",INCANDESCENT LIGHT BULB 7 27K WARM WHITE,"SATCO® S4726 Incandescent Light Bulb, 7 W, Candelabra, Clear, 27K K",,"Incandescent Light Bulb, 7 W, Candelabra, Clear, 27K K",,,,,,,,,,,,,,,,,,,,,,,,,,,,Series,,,Wattage,7,W,Lumens,,,Bulb Shape,,,Bulb Shape Code,,,Color Temperature,27K,K,Light Appearance,Warm White,,Bulb Base,Candelabra,,Bulb Base Code,,,Bulb Finish,Clear,,Voltage Rating,,,Color Rendering Index (CRI),,,Bulb Designation,S4726,,Average Life,,,Beam Angle,,,Dimmable,,,Diameter,,,Length,,,Additional Information,,,,,,,,,,,,,,,,,,,,,,,,,,,,,,,,,,,,,,,,,,,,,,,,,,,,,,,,,,,,,,,,,,,,,,,,,,,,,,,,,,,,,,,,,,,,,,,,,,,,,,,,,,,,,,,,,,,,,,,,,,,,,,,,,,,,,,,,,,,,,,
https://www.satco.com/products/S11429,https://www.satco.com/products/S11429,,,,,,,,,,S11429,S11429 60W Led Bulb 27K,-- Unbranded --,-- No Unilog Brand --,Satco,Satco Prod Inc (5573),"Satco Products, Inc",Satco,,S11429,,Electrical>Lamps & Lightings>Light Bulbs>Halogen Light Bulbs,"SATCO, Halogen Light Bulb, S11429, 60W, 2700K",HALOGEN LIGHT BULB 60 2700,"SATCO® S11429 Halogen Light Bulb, 60 W, 2700 K",,"Halogen Light Bulb, 60 W, 2700 K",,,,,,,,,,,,,,,,,,,,,,,,,,,,Series,,,Wattage,60,W,Lumens,,,Bulb Shape,,,Bulb Shape Code,,,Color Temperature,2700,K,Light Appearance,,,Bulb Base,,,Bulb Base Code,,,Bulb Finish,,,Voltage Rating,,,Color Rendering Index (CRI),,,Bulb Designation,,,Average Life,,,Beam Angle,,,Dimmable,,,Diameter,,,Length,,,Title 20 Compliant,,,Additional Information,,,,,,,,,,,,,,,,,,,,,,,,,,,,,,,,,,,,,,,,,,,,,,,,,,,,,,,,,,,,,,,,,,,,,,,,,,,,,,,,,,,,,,,,,,,,,,,,,,,,,,,,,,,,,,,,,,,,,,,,,,,,,,,,,,,,,,,,,,,
https://www.satco.com/products/S21354,https://www.satco.com/products/S21354,,,,,,,,,,S21354,S21354 8W Led T9 Med 27k,-- Unbranded --,-- No Unilog Brand --,-- No DIB Brand --,Satco Prod Inc (5573),"Satco Products, Inc",,,S21354,,Electrical>Lamps & Lightings>Light Bulbs>LED Light Bulbs,"SATCO, LED Bulb, S21354, 8W, 2700K",BULB LED 8W 2700K,"SATCO® S21354 LED Bulb, 8 W, 2700 K",,"LED Bulb, 8 W, 2700 K",,,,,,,,,,,,,,,,,,,,,,,,,,,,Series,,,Wattage,8,W,Lumens,,,Bulb Shape,,,Bulb Shape Code,,,Color Temperature,2700,K,Light Appearance,,,Bulb Base,,,Bulb Base Code,,,Bulb Finish,,,Voltage Rating,,,Color Rendering Index (CRI),,,Bulb Designation,,,Average Life,,,Beam Angle,,,Incandescent Wattage Equivalent,,,Halogen Wattage Equivalent,,,Fluorescent Wattage Equivalent,,,HID Wattage Equivalent,,,Dimmable,,,Smart Compatible With,,,Diameter,,,Length,,,Energy Star Certified,,,Title 20 Compliant,,,Title 24 Compliant,,,Additional Information,,,,,,,,,,,,,,,,,,,,,,,,,,,,,,,,,,,,,,,,,,,,,,,,,,,,,,,,,,,,,,,,,,,,,,,,,,,,,,,,,,,,,,,,,,,,,,,,,,,,,,,,,,,,,,,,,,,,,,
https://www.satco.com/products/S21363,https://www.satco.com/products/S21363,,,,,,,,,,S21363,S21363 8W Led Edison ST19 27K,-- Unbranded --,-- No Unilog Brand --,-- No DIB Brand --,Satco Prod Inc (5573),"Satco Products, Inc",,,S21363,,Electrical>Lamps & Lightings>Light Bulbs>LED Light Bulbs,"SATCO, LED Filament Bulb, S21363, 8W, ST, Medium, Clear, 2700K",BULB FIL LED 8W ST ST19 2700K MDM E26,"SATCO® S21363 LED Filament Bulb, 8 W, ST, Medium, Clear, 2700 K, 300 deg Beam",,"LED Filament Bulb, 8 W, ST, Medium, Clear, 2700 K, 300 deg Beam",,,,,,,,,,,,,,,,,,,,,,,,,,,,Series,Edison,,Wattage,8,W,Lumens,,,Bulb Shape,ST,,Bulb Shape Code,ST19,,Color Temperature,2700,K,Light Appearance,Warm White,,Bulb Base,Medium,,Bulb Base Code,E26,,Bulb Finish,Clear,,Voltage Rating,120,V,Color Rendering Index (CRI),90,,Bulb Designation,,,Average Life,15000,hr,Beam Angle,300,deg,Incandescent Wattage Equivalent,40,W,Halogen Wattage Equivalent,,,Fluorescent Wattage Equivalent,,,HID Wattage Equivalent,,,Dimmable,Dimmable,,Smart Compatible With,,,Diameter,,,Length,,,Energy Star Certified,,,Title 20 Compliant,,,Title 24 Compliant,,,Additional Information,,,,,,,,,,,,,,,,,,,,,,,,,,,,,,,,,,,,,,,,,,,,,,,,,,,,,,,,,,,,,,,,,,,,,,,,,,,,,,,,,,,,,,,,,,,,,,,,,,,,,,,,,,,,,,,,,,,,,,
https://www.satco.com/products/S11445,https://www.satco.com/products/S11445,,,,,,,,,,S11445,S11445 12W Led Med 30k Motion,-- Unbranded --,-- No Unilog Brand --,-- No DIB Brand --,Satco Prod Inc (5573),"Satco Products, Inc",,,S11445,,Electrical>Lamps & Lightings>Light Bulbs>LED Light Bulbs,"SATCO, LED Bulb, S11445, 12W, 3000K",BULB LED 12W 3000K,"SATCO® S11445 LED Bulb, 12 W, 3000 K",,"LED Bulb, 12 W, 3000 K",,,,,,,,,,,,,,,,,,,,,,,,,,,,Series,,,Wattage,12,W,Lumens,,,Bulb Shape,,,Bulb Shape Code,,,Color Temperature,3000,K,Light Appearance,,,Bulb Base,,,Bulb Base Code,,,Bulb Finish,,,Voltage Rating,,,Color Rendering Index (CRI),,,Bulb Designation,,,Average Life,,,Beam Angle,,,Incandescent Wattage Equivalent,,,Halogen Wattage Equivalent,,,Fluorescent Wattage Equivalent,,,HID Wattage Equivalent,,,Dimmable,,,Smart Compatible With,,,Diameter,,,Length,,,Energy Star Certified,,,Title 20 Compliant,,,Title 24 Compliant,,,Additional Information,,,,,,,,,,,,,,,,,,,,,,,,,,,,,,,,,,,,,,,,,,,,,,,,,,,,,,,,,,,,,,,,,,,,,,,,,,,,,,,,,,,,,,,,,,,,,,,,,,,,,,,,,,,,,,,,,,,,,,
,,,,,,,,,,,567313,567313 50W Led MR16 30K 3pk,-- Unbranded --,-- No Unilog Brand --,Philips,Phillips Lighting (5831),Signify Holding,Philips,,567313,,Electrical>Lamps & Lightings>Light Bulbs>LED Light Bulbs,"Signify Holding Philips, LED Bulb, 567313, 50W, 3000K",BULB LED 50W 3000K,"Philips 567313 LED Bulb, 50 W, 3000 K",,"LED Bulb, 50 W, 3000 K",,,,,,,,,,,,,,,,,,,,,,,,,,,,Series,,,Wattage,50,W,Lumens,,,Bulb Shape,,,Bulb Shape Code,,,Color Temperature,3000,K,Light Appearance,,,Bulb Base,,,Bulb Base Code,,,Bulb Finish,,,Voltage Rating,,,Color Rendering Index (CRI),,,Bulb Designation,,,Average Life,,,Beam Angle,,,Incandescent Wattage Equivalent,,,Halogen Wattage Equivalent,,,Fluorescent Wattage Equivalent,,,HID Wattage Equivalent,,,Dimmable,,,Smart Compatible With,,,Diameter,,,Length,,,Energy Star Certified,,,Title 20 Compliant,,,Title 24 Compliant,,,Additional Information,,,,,,,,,,,,,,,,,,,,,,,,,,,,,,,,,,,,,,,,,,,,,,,,,,,,,,,,,,,,,,,,,,,,,,,,,,,,,,,,,,,,,,,,,,,,,,,,,,,,,,,,,,,,,,,,,,,,,,
,,,,,,,,,,,586875,586875 60W Led Multi CCT 4pk,-- Unbranded --,-- No Unilog Brand --,Philips,Phillips Lighting (5831),Signify Holding,Philips,,586875,,Electrical>Lamps & Lightings>Light Bulbs>LED Light Bulbs,"Signify Holding Philips, LED Bulb, 586875, 60W",BULB LED 60W,"Philips 586875 LED Bulb, 60 W",,"LED Bulb, 60 W",,,,,,,,,,,,,,,,,,,,,,,,,,,,Series,,,Wattage,60,W,Lumens,,,Bulb Shape,,,Bulb Shape Code,,,Color Temperature,,,Light Appearance,,,Bulb Base,,,Bulb Base Code,,,Bulb Finish,,,Voltage Rating,,,Color Rendering Index (CRI),,,Bulb Designation,,,Average Life,,,Beam Angle,,,Incandescent Wattage Equivalent,,,Halogen Wattage Equivalent,,,Fluorescent Wattage Equivalent,,,HID Wattage Equivalent,,,Dimmable,,,Smart Compatible With,,,Diameter,,,Length,,,Energy Star Certified,,,Title 20 Compliant,,,Title 24 Compliant,,,Additional Information,,,,,,,,,,,,,,,,,,,,,,,,,,,,,,,,,,,,,,,,,,,,,,,,,,,,,,,,,,,,,,,,,,,,,,,,,,,,,,,,,,,,,,,,,,,,,,,,,,,,,,,,,,,,,,,,,,,,,,
,,,,,,,,,,,576355,576355 60/100/150 Led Med 50k,-- Unbranded --,-- No Unilog Brand --,Philips,Phillips Lighting (5831),Signify Holding,Philips,,576355,,Electrical>Lamps & Lightings>Light Bulbs>LED Light Bulbs,"Signify Holding Philips, LED Bulb, 576355, 5000K",BULB LED 5000K,"Philips 576355 LED Bulb, 5000 K",,"LED Bulb, 5000 K",,,,,,,,,,,,,,,,,,,,,,,,,,,,Series,,,Wattage,,,Lumens,,,Bulb Shape,,,Bulb Shape Code,,,Color Temperature,5000,K,Light Appearance,,,Bulb Base,,,Bulb Base Code,,,Bulb Finish,,,Voltage Rating,,,Color Rendering Index (CRI),,,Bulb Designation,,,Average Life,,,Beam Angle,,,Incandescent Wattage Equivalent,,,Halogen Wattage Equivalent,,,Fluorescent Wattage Equivalent,,,HID Wattage Equivalent,,,Dimmable,,,Smart Compatible With,,,Diameter,,,Length,,,Energy Star Certified,,,Title 20 Compliant,,,Title 24 Compliant,,,Additional Information,,,,,,,,,,,,,,,,,,,,,,,,,,,,,,,,,,,,,,,,,,,,,,,,,,,,,,,,,,,,,,,,,,,,,,,,,,,,,,,,,,,,,,,,,,,,,,,,,,,,,,,,,,,,,,,,,,,,,,
,,,,,,,,,,,576363,576363 100/150/200 Led Med 27k,-- Unbranded --,-- No Unilog Brand --,Philips,Phillips Lighting (5831),Signify Holding,Philips,,576363,,Electrical>Lamps & Lightings>Light Bulbs>LED Light Bulbs,"Signify Holding Philips, LED Bulb, 576363, 2700K",BULB LED 2700K,"Philips 576363 LED Bulb, 2700 K",,"LED Bulb, 2700 K",,,,,,,,,,,,,,,,,,,,,,,,,,,,Series,,,Wattage,,,Lumens,,,Bulb Shape,,,Bulb Shape Code,,,Color Temperature,2700,K,Light Appearance,,,Bulb Base,,,Bulb Base Code,,,Bulb Finish,,,Voltage Rating,,,Color Rendering Index (CRI),,,Bulb Designation,,,Average Life,,,Beam Angle,,,Incandescent Wattage Equivalent,,,Halogen Wattage Equivalent,,,Fluorescent Wattage Equivalent,,,HID Wattage Equivalent,,,Dimmable,,,Smart Compatible With,,,Diameter,,,Length,,,Energy Star Certified,,,Title 20 Compliant,,,Title 24 Compliant,,,Additional Information,,,,,,,,,,,,,,,,,,,,,,,,,,,,,,,,,,,,,,,,,,,,,,,,,,,,,,,,,,,,,,,,,,,,,,,,,,,,,,,,,,,,,,,,,,,,,,,,,,,,,,,,,,,,,,,,,,,,,,
,,,,,,,,,,,565374,565374 75W Led A19 Med 27k 4pk,-- Unbranded --,-- No Unilog Brand --,Philips,Phillips Lighting (5831),Signify Holding,Philips,,565374,,Electrical>Lamps & Lightings>Light Bulbs>LED Light Bulbs,"Signify Holding Philips, LED Bulb, 565374, 75W, 2700K",BULB LED 75W 2700K,"Philips 565374 LED Bulb, 75 W, 2700 K",,"LED Bulb, 75 W, 2700 K",,,,,,,,,,,,,,,,,,,,,,,,,,,,Series,,,Wattage,75,W,Lumens,,,Bulb Shape,,,Bulb Shape Code,,,Color Temperature,2700,K,Light Appearance,,,Bulb Base,,,Bulb Base Code,,,Bulb Finish,,,Voltage Rating,,,Color Rendering Index (CRI),,,Bulb Designation,,,Average Life,,,Beam Angle,,,Incandescent Wattage Equivalent,,,Halogen Wattage Equivalent,,,Fluorescent Wattage Equivalent,,,HID Wattage Equivalent,,,Dimmable,,,Smart Compatible With,,,Diameter,,,Length,,,Energy Star Certified,,,Title 20 Compliant,,,Title 24 Compliant,,,Additional Information,,,,,,,,,,,,,,,,,,,,,,,,,,,,,,,,,,,,,,,,,,,,,,,,,,,,,,,,,,,,,,,,,,,,,,,,,,,,,,,,,,,,,,,,,,,,,,,,,,,,,,,,,,,,,,,,,,,,,,
,,,,,,,,,,,565390,565390 75W Led A19 Med 50k 4pk,-- Unbranded --,-- No Unilog Brand --,Philips,Phillips Lighting (5831),Signify Holding,Philips,,565390,,Electrical>Lamps & Lightings>Light Bulbs>LED Light Bulbs,"Signify Holding Philips, LED Bulb, 565390, 75W, 5000K",BULB LED 75W 5000K,"Philips 565390 LED Bulb, 75 W, 5000 K",,"LED Bulb, 75 W, 5000 K",,,,,,,,,,,,,,,,,,,,,,,,,,,,Series,,,Wattage,75,W,Lumens,,,Bulb Shape,,,Bulb Shape Code,,,Color Temperature,5000,K,Light Appearance,,,Bulb Base,,,Bulb Base Code,,,Bulb Finish,,,Voltage Rating,,,Color Rendering Index (CRI),,,Bulb Designation,,,Average Life,,,Beam Angle,,,Incandescent Wattage Equivalent,,,Halogen Wattage Equivalent,,,Fluorescent Wattage Equivalent,,,HID Wattage Equivalent,,,Dimmable,,,Smart Compatible With,,,Diameter,,,Length,,,Energy Star Certified,,,Title 20 Compliant,,,Title 24 Compliant,,,Additional Information,,,,,,,,,,,,,,,,,,,,,,,,,,,,,,,,,,,,,,,,,,,,,,,,,,,,,,,,,,,,,,,,,,,,,,,,,,,,,,,,,,,,,,,,,,,,,,,,,,,,,,,,,,,,,,,,,,,,,,
,,,,,,,,,,,576371,576371 100/150/200 Led Med 50k,-- Unbranded --,-- No Unilog Brand --,Philips,Phillips Lighting (5831),Signify Holding,Philips,,576371,,Electrical>Lamps & Lightings>Light Bulbs>LED Light Bulbs,"Signify Holding Philips, LED Bulb, 576371, 5000K",BULB LED 5000K,"Philips 576371 LED Bulb, 5000 K",,"LED Bulb, 5000 K",,,,,,,,,,,,,,,,,,,,,,,,,,,,Series,,,Wattage,,,Lumens,,,Bulb Shape,,,Bulb Shape Code,,,Color Temperature,5000,K,Light Appearance,,,Bulb Base,,,Bulb Base Code,,,Bulb Finish,,,Voltage Rating,,,Color Rendering Index (CRI),,,Bulb Designation,,,Average Life,,,Beam Angle,,,Incandescent Wattage Equivalent,,,Halogen Wattage Equivalent,,,Fluorescent Wattage Equivalent,,,HID Wattage Equivalent,,,Dimmable,,,Smart Compatible With,,,Diameter,,,Length,,,Energy Star Certified,,,Title 20 Compliant,,,Title 24 Compliant,,,Additional Information,,,,,,,,,,,,,,,,,,,,,,,,,,,,,,,,,,,,,,,,,,,,,,,,,,,,,,,,,,,,,,,,,,,,,,,,,,,,,,,,,,,,,,,,,,,,,,,,,,,,,,,,,,,,,,,,,,,,,,
,,,,,,,,,,,576496,576496 45W Led R20 Med 27k,-- Unbranded --,-- No Unilog Brand --,Philips,Phillips Lighting (5831),Signify Holding,Philips,,576496,,Electrical>Lamps & Lightings>Light Bulbs>LED Light Bulbs,"Signify Holding Philips, LED Bulb, 576496, 45W, 2700K",BULB LED 45W 2700K,"Philips 576496 LED Bulb, 45 W, 2700 K",,"LED Bulb, 45 W, 2700 K",,,,,,,,,,,,,,,,,,,,,,,,,,,,Series,,,Wattage,45,W,Lumens,,,Bulb Shape,,,Bulb Shape Code,,,Color Temperature,2700,K,Light Appearance,,,Bulb Base,,,Bulb Base Code,,,Bulb Finish,,,Voltage Rating,,,Color Rendering Index (CRI),,,Bulb Designation,,,Average Life,,,Beam Angle,,,Incandescent Wattage Equivalent,,,Halogen Wattage Equivalent,,,Fluorescent Wattage Equivalent,,,HID Wattage Equivalent,,,Dimmable,,,Smart Compatible With,,,Diameter,,,Length,,,Energy Star Certified,,,Title 20 Compliant,,,Title 24 Compliant,,,Additional Information,,,,,,,,,,,,,,,,,,,,,,,,,,,,,,,,,,,,,,,,,,,,,,,,,,,,,,,,,,,,,,,,,,,,,,,,,,,,,,,,,,,,,,,,,,,,,,,,,,,,,,,,,,,,,,,,,,,,,,
,,,,,,,,,,,564856,564856 40W Led ST19 27k 2pk,-- Unbranded --,-- No Unilog Brand --,Philips,Phillips Lighting (5831),Signify Holding,Philips,,564856,,Electrical>Lamps & Lightings>Light Bulbs>LED Light Bulbs,"Signify Holding Philips, LED Bulb, 564856, 40W, 2700K",BULB LED 40W 2700K,"Philips 564856 LED Bulb, 40 W, 2700 K",,"LED Bulb, 40 W, 2700 K",,,,,,,,,,,,,,,,,,,,,,,,,,,,Series,,,Wattage,40,W,Lumens,,,Bulb Shape,,,Bulb Shape Code,,,Color Temperature,2700,K,Light Appearance,,,Bulb Base,,,Bulb Base Code,,,Bulb Finish,,,Voltage Rating,,,Color Rendering Index (CRI),,,Bulb Designation,,,Average Life,,,Beam Angle,,,Incandescent Wattage Equivalent,,,Halogen Wattage Equivalent,,,Fluorescent Wattage Equivalent,,,HID Wattage Equivalent,,,Dimmable,,,Smart Compatible With,,,Diameter,,,Length,,,Energy Star Certified,,,Title 20 Compliant,,,Title 24 Compliant,,,Additional Information,,,,,,,,,,,,,,,,,,,,,,,,,,,,,,,,,,,,,,,,,,,,,,,,,,,,,,,,,,,,,,,,,,,,,,,,,,,,,,,,,,,,,,,,,,,,,,,,,,,,,,,,,,,,,,,,,,,,,,
,,,,,,,,,,,565796,565796 60W Led A19 Med 20k,-- Unbranded --,-- No Unilog Brand --,Philips,Phillips Lighting (5831),Signify Holding,Philips,,565796,,Electrical>Lamps & Lightings>Light Bulbs>LED Light Bulbs,"Signify Holding Philips, LED Bulb, 565796, 60W, 2000K",BULB LED 60W 2000K,"Philips 565796 LED Bulb, 60 W, 2000 K",,"LED Bulb, 60 W, 2000 K",,,,,,,,,,,,,,,,,,,,,,,,,,,,Series,,,Wattage,60,W,Lumens,,,Bulb Shape,,,Bulb Shape Code,,,Color Temperature,2000,K,Light Appearance,,,Bulb Base,,,Bulb Base Code,,,Bulb Finish,,,Voltage Rating,,,Color Rendering Index (CRI),,,Bulb Designation,,,Average Life,,,Beam Angle,,,Incandescent Wattage Equivalent,,,Halogen Wattage Equivalent,,,Fluorescent Wattage Equivalent,,,HID Wattage Equivalent,,,Dimmable,,,Smart Compatible With,,,Diameter,,,Length,,,Energy Star Certified,,,Title 20 Compliant,,,Title 24 Compliant,,,Additional Information,,,,,,,,,,,,,,,,,,,,,,,,,,,,,,,,,,,,,,,,,,,,,,,,,,,,,,,,,,,,,,,,,,,,,,,,,,,,,,,,,,,,,,,,,,,,,,,,,,,,,,,,,,,,,,,,,,,,,,
,,,,,,,,,,,576389,576389 100/200/300 Led Med 27k,-- Unbranded --,-- No Unilog Brand --,Philips,Phillips Lighting (5831),Signify Holding,Philips,,576389,,Electrical>Lamps & Lightings>Light Bulbs>LED Light Bulbs,"Signify Holding Philips, LED Bulb, 576389, 2700K",BULB LED 2700K,"Philips 576389 LED Bulb, 2700 K",,"LED Bulb, 2700 K",,,,,,,,,,,,,,,,,,,,,,,,,,,,Series,,,Wattage,,,Lumens,,,Bulb Shape,,,Bulb Shape Code,,,Color Temperature,2700,K,Light Appearance,,,Bulb Base,,,Bulb Base Code,,,Bulb Finish,,,Voltage Rating,,,Color Rendering Index (CRI),,,Bulb Designation,,,Average Life,,,Beam Angle,,,Incandescent Wattage Equivalent,,,Halogen Wattage Equivalent,,,Fluorescent Wattage Equivalent,,,HID Wattage Equivalent,,,Dimmable,,,Smart Compatible With,,,Diameter,,,Length,,,Energy Star Certified,,,Title 20 Compliant,,,Title 24 Compliant,,,Additional Information,,,,,,,,,,,,,,,,,,,,,,,,,,,,,,,,,,,,,,,,,,,,,,,,,,,,,,,,,,,,,,,,,,,,,,,,,,,,,,,,,,,,,,,,,,,,,,,,,,,,,,,,,,,,,,,,,,,,,,
,,,,,,,,,,,564492,564492 75W Adj Base 27k 3pk,-- Unbranded --,-- No Unilog Brand --,Philips,Phillips Lighting (5831),Signify Holding,Philips,,564492,,Electrical>Lamps & Lightings>Light Bulbs>LED Light Bulbs,"Signify Holding Philips, LED Bulb, 564492, 75W, 2700K",BULB LED 75W 2700K,"Philips 564492 LED Bulb, 75 W, 2700 K",,"LED Bulb, 75 W, 2700 K",,,,,,,,,,,,,,,,,,,,,,,,,,,,Series,,,Wattage,75,W,Lumens,,,Bulb Shape,,,Bulb Shape Code,,,Color Temperature,2700,K,Light Appearance,,,Bulb Base,,,Bulb Base Code,,,Bulb Finish,,,Voltage Rating,,,Color Rendering Index (CRI),,,Bulb Designation,,,Average Life,,,Beam Angle,,,Incandescent Wattage Equivalent,,,Halogen Wattage Equivalent,,,Fluorescent Wattage Equivalent,,,HID Wattage Equivalent,,,Dimmable,,,Smart Compatible With,,,Diameter,,,Length,,,Energy Star Certified,,,Title 20 Compliant,,,Title 24 Compliant,,,Additional Information,,,,,,,,,,,,,,,,,,,,,,,,,,,,,,,,,,,,,,,,,,,,,,,,,,,,,,,,,,,,,,,,,,,,,,,,,,,,,,,,,,,,,,,,,,,,,,,,,,,,,,,,,,,,,,,,,,,,,,
,,,,,,,,,,,603449,603449 Wiz 60W Led Med Clr Ch,-- Unbranded --,-- No Unilog Brand --,Wiz,Phillips Lighting (5831),Signify Holding,Wiz,,603449,,Electrical>Lamps & Lightings>Light Bulbs>LED Light Bulbs,"Signify Holding Philips, LED Bulb, 603449, 60W",BULB LED 60W,"Philips 603449 LED Bulb, 60 W",,"LED Bulb, 60 W",,,,,,,,,,,,,,,,,,,,,,,,,,,,Series,,,Wattage,60,W,Lumens,,,Bulb Shape,,,Bulb Shape Code,,,Color Temperature,,,Light Appearance,,,Bulb Base,,,Bulb Base Code,,,Bulb Finish,,,Voltage Rating,,,Color Rendering Index (CRI),,,Bulb Designation,,,Average Life,,,Beam Angle,,,Incandescent Wattage Equivalent,,,Halogen Wattage Equivalent,,,Fluorescent Wattage Equivalent,,,HID Wattage Equivalent,,,Dimmable,,,Smart Compatible With,,,Diameter,,,Length,,,Energy Star Certified,,,Title 20 Compliant,,,Title 24 Compliant,,,Additional Information,,,,,,,,,,,,,,,,,,,,,,,,,,,,,,,,,,,,,,,,,,,,,,,,,,,,,,,,,,,,,,,,,,,,,,,,,,,,,,,,,,,,,,,,,,,,,,,,,,,,,,,,,,,,,,,,,,,,,,
,,,,,,,,,,,586909,586909 Led 60W Med A19 27K,-- Unbranded --,-- No Unilog Brand --,Philips,Phillips Lighting (5831),Signify Holding,Philips,,586909,,Electrical>Lamps & Lightings>Light Bulbs>LED Light Bulbs,"Signify Holding Philips, LED Bulb, 586909, 60W, 2700K",BULB LED 60W 2700K,"Philips 586909 LED Bulb, 60 W, 2700 K",,"LED Bulb, 60 W, 2700 K",,,,,,,,,,,,,,,,,,,,,,,,,,,,Series,,,Wattage,60,W,Lumens,,,Bulb Shape,,,Bulb Shape Code,,,Color Temperature,2700,K,Light Appearance,,,Bulb Base,,,Bulb Base Code,,,Bulb Finish,,,Voltage Rating,,,Color Rendering Index (CRI),,,Bulb Designation,,,Average Life,,,Beam Angle,,,Incandescent Wattage Equivalent,,,Halogen Wattage Equivalent,,,Fluorescent Wattage Equivalent,,,HID Wattage Equivalent,,,Dimmable,,,Smart Compatible With,,,Diameter,,,Length,,,Energy Star Certified,,,Title 20 Compliant,,,Title 24 Compliant,,,Additional Information,,,,,,,,,,,,,,,,,,,,,,,,,,,,,,,,,,,,,,,,,,,,,,,,,,,,,,,,,,,,,,,,,,,,,,,,,,,,,,,,,,,,,,,,,,,,,,,,,,,,,,,,,,,,,,,,,,,,,,
,,,,,,,,,,,566364,566364 75W Led ST19 27k 4pk,-- Unbranded --,-- No Unilog Brand --,Philips,Phillips Lighting (5831),Signify Holding,Philips,,566364,,Electrical>Lamps & Lightings>Light Bulbs>LED Light Bulbs,"Signify Holding Philips, LED Bulb, 566364, 75W, 2700K",BULB LED 75W 2700K,"Philips 566364 LED Bulb, 75 W, 2700 K",,"LED Bulb, 75 W, 2700 K",,,,,,,,,,,,,,,,,,,,,,,,,,,,Series,,,Wattage,75,W,Lumens,,,Bulb Shape,,,Bulb Shape Code,,,Color Temperature,2700,K,Light Appearance,,,Bulb Base,,,Bulb Base Code,,,Bulb Finish,,,Voltage Rating,,,Color Rendering Index (CRI),,,Bulb Designation,,,Average Life,,,Beam Angle,,,Incandescent Wattage Equivalent,,,Halogen Wattage Equivalent,,,Fluorescent Wattage Equivalent,,,HID Wattage Equivalent,,,Dimmable,,,Smart Compatible With,,,Diameter,,,Length,,,Energy Star Certified,,,Title 20 Compliant,,,Title 24 Compliant,,,Additional Information,,,,,,,,,,,,,,,,,,,,,,,,,,,,,,,,,,,,,,,,,,,,,,,,,,,,,,,,,,,,,,,,,,,,,,,,,,,,,,,,,,,,,,,,,,,,,,,,,,,,,,,,,,,,,,,,,,,,,,
,,,,,,,,,,,576397,576394 100/200/300 Led A23 50k,-- Unbranded --,-- No Unilog Brand --,Philips,Phillips Lighting (5831),Signify Holding,Philips,,576397,,Electrical>Lamps & Lightings>Light Bulbs>LED Light Bulbs,"Signify Holding Philips, LED Bulb, 576397, 5000K",BULB LED 5000K,"Philips 576397 LED Bulb, 5000 K",,"LED Bulb, 5000 K",,,,,,,,,,,,,,,,,,,,,,,,,,,,Series,,,Wattage,,,Lumens,,,Bulb Shape,,,Bulb Shape Code,,,Color Temperature,5000,K,Light Appearance,,,Bulb Base,,,Bulb Base Code,,,Bulb Finish,,,Voltage Rating,,,Color Rendering Index (CRI),,,Bulb Designation,,,Average Life,,,Beam Angle,,,Incandescent Wattage Equivalent,,,Halogen Wattage Equivalent,,,Fluorescent Wattage Equivalent,,,HID Wattage Equivalent,,,Dimmable,,,Smart Compatible With,,,Diameter,,,Length,,,Energy Star Certified,,,Title 20 Compliant,,,Title 24 Compliant,,,Additional Information,,,,,,,,,,,,,,,,,,,,,,,,,,,,,,,,,,,,,,,,,,,,,,,,,,,,,,,,,,,,,,,,,,,,,,,,,,,,,,,,,,,,,,,,,,,,,,,,,,,,,,,,,,,,,,,,,,,,,,
,,,,,,,,,,,571497,571497 150W Led Med 27k,-- Unbranded --,-- No Unilog Brand --,Philips,Phillips Lighting (5831),Signify Holding,Philips,,571497,,Electrical>Lamps & Lightings>Light Bulbs>LED Light Bulbs,"Signify Holding Philips, LED Bulb, 571497, 150W, 2700K",BULB LED 150W 2700K,"Philips 571497 LED Bulb, 150 W, 2700 K",,"LED Bulb, 150 W, 2700 K",,,,,,,,,,,,,,,,,,,,,,,,,,,,Series,,,Wattage,150,W,Lumens,,,Bulb Shape,,,Bulb Shape Code,,,Color Temperature,2700,K,Light Appearance,,,Bulb Base,,,Bulb Base Code,,,Bulb Finish,,,Voltage Rating,,,Color Rendering Index (CRI),,,Bulb Designation,,,Average Life,,,Beam Angle,,,Incandescent Wattage Equivalent,,,Halogen Wattage Equivalent,,,Fluorescent Wattage Equivalent,,,HID Wattage Equivalent,,,Dimmable,,,Smart Compatible With,,,Diameter,,,Length,,,Energy Star Certified,,,Title 20 Compliant,,,Title 24 Compliant,,,Additional Information,,,,,,,,,,,,,,,,,,,,,,,,,,,,,,,,,,,,,,,,,,,,,,,,,,,,,,,,,,,,,,,,,,,,,,,,,,,,,,,,,,,,,,,,,,,,,,,,,,,,,,,,,,,,,,,,,,,,,,
,,,,,,,,,,,576306,576306 40W Led A19 5CCT 4pk,-- Unbranded --,-- No Unilog Brand --,Philips,Phillips Lighting (5831),Signify Holding,Philips,,576306,,Electrical>Lamps & Lightings>Light Bulbs>LED Light Bulbs,"Signify Holding Philips, LED Bulb, 576306, 40W",BULB LED 40W,"Philips 576306 LED Bulb, 40 W",,"LED Bulb, 40 W",,,,,,,,,,,,,,,,,,,,,,,,,,,,Series,,,Wattage,40,W,Lumens,,,Bulb Shape,,,Bulb Shape Code,,,Color Temperature,,,Light Appearance,,,Bulb Base,,,Bulb Base Code,,,Bulb Finish,,,Voltage Rating,,,Color Rendering Index (CRI),,,Bulb Designation,,,Average Life,,,Beam Angle,,,Incandescent Wattage Equivalent,,,Halogen Wattage Equivalent,,,Fluorescent Wattage Equivalent,,,HID Wattage Equivalent,,,Dimmable,,,Smart Compatible With,,,Diameter,,,Length,,,Energy Star Certified,,,Title 20 Compliant,,,Title 24 Compliant,,,Additional Information,,,,,,,,,,,,,,,,,,,,,,,,,,,,,,,,,,,,,,,,,,,,,,,,,,,,,,,,,,,,,,,,,,,,,,,,,,,,,,,,,,,,,,,,,,,,,,,,,,,,,,,,,,,,,,,,,,,,,,
,,,,,,,,,,,588533,588533 40W Led Cand 3pk,-- Unbranded --,-- No Unilog Brand --,Philips,Phillips Lighting (5831),Signify Holding,Philips,,588533,,Electrical>Lamps & Lightings>Light Bulbs>LED Light Bulbs,"Signify Holding Philips, LED Bulb, 588533, 40W",BULB LED 40W,"Philips 588533 LED Bulb, 40 W",,"LED Bulb, 40 W",,,,,,,,,,,,,,,,,,,,,,,,,,,,Series,,,Wattage,40,W,Lumens,,,Bulb Shape,,,Bulb Shape Code,,,Color Temperature,,,Light Appearance,,,Bulb Base,,,Bulb Base Code,,,Bulb Finish,,,Voltage Rating,,,Color Rendering Index (CRI),,,Bulb Designation,,,Average Life,,,Beam Angle,,,Incandescent Wattage Equivalent,,,Halogen Wattage Equivalent,,,Fluorescent Wattage Equivalent,,,HID Wattage Equivalent,,,Dimmable,,,Smart Compatible With,,,Diameter,,,Length,,,Energy Star Certified,,,Title 20 Compliant,,,Title 24 Compliant,,,Additional Information,,,,,,,,,,,,,,,,,,,,,,,,,,,,,,,,,,,,,,,,,,,,,,,,,,,,,,,,,,,,,,,,,,,,,,,,,,,,,,,,,,,,,,,,,,,,,,,,,,,,,,,,,,,,,,,,,,,,,,
,,,,,,,,,,,576520,576520 65W Led Med 27k,-- Unbranded --,-- No Unilog Brand --,Philips,Phillips Lighting (5831),Signify Holding,Philips,,576520,,Electrical>Lamps & Lightings>Light Bulbs>LED Light Bulbs,"Signify Holding Philips, LED Bulb, 576520, 65W, 2700K",BULB LED 65W 2700K,"Philips 576520 LED Bulb, 65 W, 2700 K",,"LED Bulb, 65 W, 2700 K",,,,,,,,,,,,,,,,,,,,,,,,,,,,Series,,,Wattage,65,W,Lumens,,,Bulb Shape,,,Bulb Shape Code,,,Color Temperature,2700,K,Light Appearance,,,Bulb Base,,,Bulb Base Code,,,Bulb Finish,,,Voltage Rating,,,Color Rendering Index (CRI),,,Bulb Designation,,,Average Life,,,Beam Angle,,,Incandescent Wattage Equivalent,,,Halogen Wattage Equivalent,,,Fluorescent Wattage Equivalent,,,HID Wattage Equivalent,,,Dimmable,,,Smart Compatible With,,,Diameter,,,Length,,,Energy Star Certified,,,Title 20 Compliant,,,Title 24 Compliant,,,Additional Information,,,,,,,,,,,,,,,,,,,,,,,,,,,,,,,,,,,,,,,,,,,,,,,,,,,,,,,,,,,,,,,,,,,,,,,,,,,,,,,,,,,,,,,,,,,,,,,,,,,,,,,,,,,,,,,,,,,,,,
,,,,,,,,,,,574004,574004 75W Led ST19 27k 2pk,-- Unbranded --,-- No Unilog Brand --,Philips,Phillips Lighting (5831),Signify Holding,Philips,,574004,,Electrical>Lamps & Lightings>Light Bulbs>LED Light Bulbs,"Signify Holding Philips, LED Bulb, 574004, 75W, 2700K",BULB LED 75W 2700K,"Philips 574004 LED Bulb, 75 W, 2700 K",,"LED Bulb, 75 W, 2700 K",,,,,,,,,,,,,,,,,,,,,,,,,,,,Series,,,Wattage,75,W,Lumens,,,Bulb Shape,,,Bulb Shape Code,,,Color Temperature,2700,K,Light Appearance,,,Bulb Base,,,Bulb Base Code,,,Bulb Finish,,,Voltage Rating,,,Color Rendering Index (CRI),,,Bulb Designation,,,Average Life,,,Beam Angle,,,Incandescent Wattage Equivalent,,,Halogen Wattage Equivalent,,,Fluorescent Wattage Equivalent,,,HID Wattage Equivalent,,,Dimmable,,,Smart Compatible With,,,Diameter,,,Length,,,Energy Star Certified,,,Title 20 Compliant,,,Title 24 Compliant,,,Additional Information,,,,,,,,,,,,,,,,,,,,,,,,,,,,,,,,,,,,,,,,,,,,,,,,,,,,,,,,,,,,,,,,,,,,,,,,,,,,,,,,,,,,,,,,,,,,,,,,,,,,,,,,,,,,,,,,,,,,,,
,,,,,,,,,,,574012,574012 75W Led ST19 50k 2pk,-- Unbranded --,-- No Unilog Brand --,Philips,Phillips Lighting (5831),Signify Holding,Philips,,574012,,Electrical>Lamps & Lightings>Light Bulbs>LED Light Bulbs,"Signify Holding Philips, LED Bulb, 574012, 75W, 5000K",BULB LED 75W 5000K,"Philips 574012 LED Bulb, 75 W, 5000 K",,"LED Bulb, 75 W, 5000 K",,,,,,,,,,,,,,,,,,,,,,,,,,,,Series,,,Wattage,75,W,Lumens,,,Bulb Shape,,,Bulb Shape Code,,,Color Temperature,5000,K,Light Appearance,,,Bulb Base,,,Bulb Base Code,,,Bulb Finish,,,Voltage Rating,,,Color Rendering Index (CRI),,,Bulb Designation,,,Average Life,,,Beam Angle,,,Incandescent Wattage Equivalent,,,Halogen Wattage Equivalent,,,Fluorescent Wattage Equivalent,,,HID Wattage Equivalent,,,Dimmable,,,Smart Compatible With,,,Diameter,,,Length,,,Energy Star Certified,,,Title 20 Compliant,,,Title 24 Compliant,,,Additional Information,,,,,,,,,,,,,,,,,,,,,,,,,,,,,,,,,,,,,,,,,,,,,,,,,,,,,,,,,,,,,,,,,,,,,,,,,,,,,,,,,,,,,,,,,,,,,,,,,,,,,,,,,,,,,,,,,,,,,,
,,,,,,,,,,,573971,573971 75W Led ST19 20k 4pk,-- Unbranded --,-- No Unilog Brand --,Philips,Phillips Lighting (5831),Signify Holding,Philips,,573971,,Electrical>Lamps & Lightings>Light Bulbs>LED Light Bulbs,"Signify Holding Philips, LED Bulb, 573971, 75W, 2000K",BULB LED 75W 2000K,"Philips 573971 LED Bulb, 75 W, 2000 K",,"LED Bulb, 75 W, 2000 K",,,,,,,,,,,,,,,,,,,,,,,,,,,,Series,,,Wattage,75,W,Lumens,,,Bulb Shape,,,Bulb Shape Code,,,Color Temperature,2000,K,Light Appearance,,,Bulb Base,,,Bulb Base Code,,,Bulb Finish,,,Voltage Rating,,,Color Rendering Index (CRI),,,Bulb Designation,,,Average Life,,,Beam Angle,,,Incandescent Wattage Equivalent,,,Halogen Wattage Equivalent,,,Fluorescent Wattage Equivalent,,,HID Wattage Equivalent,,,Dimmable,,,Smart Compatible With,,,Diameter,,,Length,,,Energy Star Certified,,,Title 20 Compliant,,,Title 24 Compliant,,,Additional Information,,,,,,,,,,,,,,,,,,,,,,,,,,,,,,,,,,,,,,,,,,,,,,,,,,,,,,,,,,,,,,,,,,,,,,,,,,,,,,,,,,,,,,,,,,,,,,,,,,,,,,,,,,,,,,,,,,,,,,
,,,,,,,,,,,573989,573989 40W Led Med 27K 4pk,-- Unbranded --,-- No Unilog Brand --,Philips,Phillips Lighting (5831),Signify Holding,Philips,,573989,,Electrical>Lamps & Lightings>Light Bulbs>LED Light Bulbs,"Signify Holding Philips, LED Bulb, 573989, 40W, 2700K",BULB LED 40W 2700K,"Philips 573989 LED Bulb, 40 W, 2700 K",,"LED Bulb, 40 W, 2700 K",,,,,,,,,,,,,,,,,,,,,,,,,,,,Series,,,Wattage,40,W,Lumens,,,Bulb Shape,,,Bulb Shape Code,,,Color Temperature,2700,K,Light Appearance,,,Bulb Base,,,Bulb Base Code,,,Bulb Finish,,,Voltage Rating,,,Color Rendering Index (CRI),,,Bulb Designation,,,Average Life,,,Beam Angle,,,Incandescent Wattage Equivalent,,,Halogen Wattage Equivalent,,,Fluorescent Wattage Equivalent,,,HID Wattage Equivalent,,,Dimmable,,,Smart Compatible With,,,Diameter,,,Length,,,Energy Star Certified,,,Title 20 Compliant,,,Title 24 Compliant,,,Additional Information,,,,,,,,,,,,,,,,,,,,,,,,,,,,,,,,,,,,,,,,,,,,,,,,,,,,,,,,,,,,,,,,,,,,,,,,,,,,,,,,,,,,,,,,,,,,,,,,,,,,,,,,,,,,,,,,,,,,,,
,,,,,,,,,,,576769,576769 65W Led BR30 Med 27k,-- Unbranded --,-- No Unilog Brand --,Philips,Phillips Lighting (5831),Signify Holding,Philips,,576769,,Electrical>Lamps & Lightings>Light Bulbs>LED Light Bulbs,"Signify Holding Philips, LED Bulb, 576769, 65W, 2700K",BULB LED 65W 2700K,"Philips 576769 LED Bulb, 65 W, 2700 K",,"LED Bulb, 65 W, 2700 K",,,,,,,,,,,,,,,,,,,,,,,,,,,,Series,,,Wattage,65,W,Lumens,,,Bulb Shape,,,Bulb Shape Code,,,Color Temperature,2700,K,Light Appearance,,,Bulb Base,,,Bulb Base Code,,,Bulb Finish,,,Voltage Rating,,,Color Rendering Index (CRI),,,Bulb Designation,,,Average Life,,,Beam Angle,,,Incandescent Wattage Equivalent,,,Halogen Wattage Equivalent,,,Fluorescent Wattage Equivalent,,,HID Wattage Equivalent,,,Dimmable,,,Smart Compatible With,,,Diameter,,,Length,,,Energy Star Certified,,,Title 20 Compliant,,,Title 24 Compliant,,,Additional Information,,,,,,,,,,,,,,,,,,,,,,,,,,,,,,,,,,,,,,,,,,,,,,,,,,,,,,,,,,,,,,,,,,,,,,,,,,,,,,,,,,,,,,,,,,,,,,,,,,,,,,,,,,,,,,,,,,,,,,
,,,,,,,,,,,567446,567446 60W Led Med 50K 3pk,-- Unbranded --,-- No Unilog Brand --,Philips,Phillips Lighting (5831),Signify Holding,Philips,,567446,,Electrical>Lamps & Lightings>Light Bulbs>LED Light Bulbs,"Signify Holding Philips, LED Bulb, 567446, 60W, 5000K",BULB LED 60W 5000K,"Philips 567446 LED Bulb, 60 W, 5000 K",,"LED Bulb, 60 W, 5000 K",,,,,,,,,,,,,,,,,,,,,,,,,,,,Series,,,Wattage,60,W,Lumens,,,Bulb Shape,,,Bulb Shape Code,,,Color Temperature,5000,K,Light Appearance,,,Bulb Base,,,Bulb Base Code,,,Bulb Finish,,,Voltage Rating,,,Color Rendering Index (CRI),,,Bulb Designation,,,Average Life,,,Beam Angle,,,Incandescent Wattage Equivalent,,,Halogen Wattage Equivalent,,,Fluorescent Wattage Equivalent,,,HID Wattage Equivalent,,,Dimmable,,,Smart Compatible With,,,Diameter,,,Length,,,Energy Star Certified,,,Title 20 Compliant,,,Title 24 Compliant,,,Additional Information,,,,,,,,,,,,,,,,,,,,,,,,,,,,,,,,,,,,,,,,,,,,,,,,,,,,,,,,,,,,,,,,,,,,,,,,,,,,,,,,,,,,,,,,,,,,,,,,,,,,,,,,,,,,,,,,,,,,,,
,,,,,,,,,,,573997,573997 40W Led Med 50k 4pk,-- Unbranded --,-- No Unilog Brand --,Philips,Phillips Lighting (5831),Signify Holding,Philips,,573997,,Electrical>Lamps & Lightings>Light Bulbs>LED Light Bulbs,"Signify Holding Philips, LED Bulb, 573997, 40W, 5000K",BULB LED 40W 5000K,"Philips 573997 LED Bulb, 40 W, 5000 K",,"LED Bulb, 40 W, 5000 K",,,,,,,,,,,,,,,,,,,,,,,,,,,,Series,,,Wattage,40,W,Lumens,,,Bulb Shape,,,Bulb Shape Code,,,Color Temperature,5000,K,Light Appearance,,,Bulb Base,,,Bulb Base Code,,,Bulb Finish,,,Voltage Rating,,,Color Rendering Index (CRI),,,Bulb Designation,,,Average Life,,,Beam Angle,,,Incandescent Wattage Equivalent,,,Halogen Wattage Equivalent,,,Fluorescent Wattage Equivalent,,,HID Wattage Equivalent,,,Dimmable,,,Smart Compatible With,,,Diameter,,,Length,,,Energy Star Certified,,,Title 20 Compliant,,,Title 24 Compliant,,,Additional Information,,,,,,,,,,,,,,,,,,,,,,,,,,,,,,,,,,,,,,,,,,,,,,,,,,,,,,,,,,,,,,,,,,,,,,,,,,,,,,,,,,,,,,,,,,,,,,,,,,,,,,,,,,,,,,,,,,,,,,
,,,,,,,,,,,571463,571463 100W Led BR30 Med 50k,-- Unbranded --,-- No Unilog Brand --,Philips,Phillips Lighting (5831),Signify Holding,Philips,,571463,,Electrical>Lamps & Lightings>Light Bulbs>LED Light Bulbs,"Signify Holding Philips, LED Bulb, 571463, 100W, 5000K",BULB LED 100W 5000K,"Philips 571463 LED Bulb, 100 W, 5000 K",,"LED Bulb, 100 W, 5000 K",,,,,,,,,,,,,,,,,,,,,,,,,,,,Series,,,Wattage,100,W,Lumens,,,Bulb Shape,,,Bulb Shape Code,,,Color Temperature,5000,K,Light Appearance,,,Bulb Base,,,Bulb Base Code,,,Bulb Finish,,,Voltage Rating,,,Color Rendering Index (CRI),,,Bulb Designation,,,Average Life,,,Beam Angle,,,Incandescent Wattage Equivalent,,,Halogen Wattage Equivalent,,,Fluorescent Wattage Equivalent,,,HID Wattage Equivalent,,,Dimmable,,,Smart Compatible With,,,Diameter,,,Length,,,Energy Star Certified,,,Title 20 Compliant,,,Title 24 Compliant,,,Additional Information,,,,,,,,,,,,,,,,,,,,,,,,,,,,,,,,,,,,,,,,,,,,,,,,,,,,,,,,,,,,,,,,,,,,,,,,,,,,,,,,,,,,,,,,,,,,,,,,,,,,,,,,,,,,,,,,,,,,,,
,,,,,,,,,,,576512,576512 65W Led BR40 Med 27k,-- Unbranded --,-- No Unilog Brand --,Philips,Phillips Lighting (5831),Signify Holding,Philips,,576512,,Electrical>Lamps & Lightings>Light Bulbs>LED Light Bulbs,"Signify Holding Philips, LED Bulb, 576512, 65W, 2700K",BULB LED 65W 2700K,"Philips 576512 LED Bulb, 65 W, 2700 K",,"LED Bulb, 65 W, 2700 K",,,,,,,,,,,,,,,,,,,,,,,,,,,,Series,,,Wattage,65,W,Lumens,,,Bulb Shape,,,Bulb Shape Code,,,Color Temperature,2700,K,Light Appearance,,,Bulb Base,,,Bulb Base Code,,,Bulb Finish,,,Voltage Rating,,,Color Rendering Index (CRI),,,Bulb Designation,,,Average Life,,,Beam Angle,,,Incandescent Wattage Equivalent,,,Halogen Wattage Equivalent,,,Fluorescent Wattage Equivalent,,,HID Wattage Equivalent,,,Dimmable,,,Smart Compatible With,,,Diameter,,,Length,,,Energy Star Certified,,,Title 20 Compliant,,,Title 24 Compliant,,,Additional Information,,,,,,,,,,,,,,,,,,,,,,,,,,,,,,,,,,,,,,,,,,,,,,,,,,,,,,,,,,,,,,,,,,,,,,,,,,,,,,,,,,,,,,,,,,,,,,,,,,,,,,,,,,,,,,,,,,,,,,
,,,,,,,,,,,581181,581181 40W Led Med 2pk,-- Unbranded --,-- No Unilog Brand --,Philips,Phillips Lighting (5831),Signify Holding,Philips,,581181,,Electrical>Lamps & Lightings>Light Bulbs>LED Light Bulbs,"Signify Holding Philips, LED Bulb, 581181, 40W",BULB LED 40W,"Philips 581181 LED Bulb, 40 W",,"LED Bulb, 40 W",,,,,,,,,,,,,,,,,,,,,,,,,,,,Series,,,Wattage,40,W,Lumens,,,Bulb Shape,,,Bulb Shape Code,,,Color Temperature,,,Light Appearance,,,Bulb Base,,,Bulb Base Code,,,Bulb Finish,,,Voltage Rating,,,Color Rendering Index (CRI),,,Bulb Designation,,,Average Life,,,Beam Angle,,,Incandescent Wattage Equivalent,,,Halogen Wattage Equivalent,,,Fluorescent Wattage Equivalent,,,HID Wattage Equivalent,,,Dimmable,,,Smart Compatible With,,,Diameter,,,Length,,,Energy Star Certified,,,Title 20 Compliant,,,Title 24 Compliant,,,Additional Information,,,,,,,,,,,,,,,,,,,,,,,,,,,,,,,,,,,,,,,,,,,,,,,,,,,,,,,,,,,,,,,,,,,,,,,,,,,,,,,,,,,,,,,,,,,,,,,,,,,,,,,,,,,,,,,,,,,,,,
,,,,,,,,,,,GT-CB-100C,GTCB100C Led 100W Cob Bulb,-- Unbranded --,-- No Unilog Brand --,GT-Lite,Keystone (5702),,GT-Lite,,GT-CB-100C,,Electrical>Lamps & Lightings>Light Bulbs>Halogen Light Bulbs,"Halogen Light Bulb, GT-CB-100C, 100W",HALOGEN LIGHT BULB 100,"GT-CB-100C Halogen Light Bulb, 100 W",,"Halogen Light Bulb, 100 W",,,,,,,,,,,,,,,,,,,,,,,,,,,,Series,,,Wattage,100,W,Lumens,,,Bulb Shape,,,Bulb Shape Code,,,Color Temperature,,,Light Appearance,,,Bulb Base,,,Bulb Base Code,,,Bulb Finish,,,Voltage Rating,,,Color Rendering Index (CRI),,,Bulb Designation,,,Average Life,,,Beam Angle,,,Dimmable,,,Diameter,,,Length,,,Title 20 Compliant,,,Additional Information,,,,,,,,,,,,,,,,,,,,,,,,,,,,,,,,,,,,,,,,,,,,,,,,,,,,,,,,,,,,,,,,,,,,,,,,,,,,,,,,,,,,,,,,,,,,,,,,,,,,,,,,,,,,,,,,,,,,,,,,,,,,,,,,,,,,,,,,,,,
,,,,,,,,,,,566430,566430 75W Led Med 50k 4pk,-- Unbranded --,-- No Unilog Brand --,Philips,Phillips Lighting (5831),Signify Holding,Philips,,566430,,Electrical>Lamps & Lightings>Light Bulbs>LED Light Bulbs,"Signify Holding Philips, LED Bulb, 566430, 75W, 5000K",BULB LED 75W 5000K,"Philips 566430 LED Bulb, 75 W, 5000 K",,"LED Bulb, 75 W, 5000 K",,,,,,,,,,,,,,,,,,,,,,,,,,,,Series,,,Wattage,75,W,Lumens,,,Bulb Shape,,,Bulb Shape Code,,,Color Temperature,5000,K,Light Appearance,,,Bulb Base,,,Bulb Base Code,,,Bulb Finish,,,Voltage Rating,,,Color Rendering Index (CRI),,,Bulb Designation,,,Average Life,,,Beam Angle,,,Incandescent Wattage Equivalent,,,Halogen Wattage Equivalent,,,Fluorescent Wattage Equivalent,,,HID Wattage Equivalent,,,Dimmable,,,Smart Compatible With,,,Diameter,,,Length,,,Energy Star Certified,,,Title 20 Compliant,,,Title 24 Compliant,,,Additional Information,,,,,,,,,,,,,,,,,,,,,,,,,,,,,,,,,,,,,,,,,,,,,,,,,,,,,,,,,,,,,,,,,,,,,,,,,,,,,,,,,,,,,,,,,,,,,,,,,,,,,,,,,,,,,,,,,,,,,,
,,,,,,,,,,,568337,568337 120W Led Par38 Med 50k,-- Unbranded --,-- No Unilog Brand --,Philips,Phillips Lighting (5831),Signify Holding,Philips,,568337,,Electrical>Lamps & Lightings>Light Bulbs>LED Light Bulbs,"Signify Holding Philips, LED Bulb, 568337, 120W, 5000K",BULB LED 120W 5000K,"Philips 568337 LED Bulb, 120 W, 5000 K",,"LED Bulb, 120 W, 5000 K",,,,,,,,,,,,,,,,,,,,,,,,,,,,Series,,,Wattage,120,W,Lumens,,,Bulb Shape,,,Bulb Shape Code,,,Color Temperature,5000,K,Light Appearance,,,Bulb Base,,,Bulb Base Code,,,Bulb Finish,,,Voltage Rating,,,Color Rendering Index (CRI),,,Bulb Designation,,,Average Life,,,Beam Angle,,,Incandescent Wattage Equivalent,,,Halogen Wattage Equivalent,,,Fluorescent Wattage Equivalent,,,HID Wattage Equivalent,,,Dimmable,,,Smart Compatible With,,,Diameter,,,Length,,,Energy Star Certified,,,Title 20 Compliant,,,Title 24 Compliant,,,Additional Information,,,,,,,,,,,,,,,,,,,,,,,,,,,,,,,,,,,,,,,,,,,,,,,,,,,,,,,,,,,,,,,,,,,,,,,,,,,,,,,,,,,,,,,,,,,,,,,,,,,,,,,,,,,,,,,,,,,,,,
,,,,,,,,,,,565788,565788 40W Led A19 Med 27k,-- Unbranded --,-- No Unilog Brand --,Philips,Phillips Lighting (5831),Signify Holding,Philips,,565788,,Electrical>Lamps & Lightings>Light Bulbs>LED Light Bulbs,"Signify Holding Philips, LED Bulb, 565788, 40W, 2700K",BULB LED 40W 2700K,"Philips 565788 LED Bulb, 40 W, 2700 K",,"LED Bulb, 40 W, 2700 K",,,,,,,,,,,,,,,,,,,,,,,,,,,,Series,,,Wattage,40,W,Lumens,,,Bulb Shape,,,Bulb Shape Code,,,Color Temperature,2700,K,Light Appearance,,,Bulb Base,,,Bulb Base Code,,,Bulb Finish,,,Voltage Rating,,,Color Rendering Index (CRI),,,Bulb Designation,,,Average Life,,,Beam Angle,,,Incandescent Wattage Equivalent,,,Halogen Wattage Equivalent,,,Fluorescent Wattage Equivalent,,,HID Wattage Equivalent,,,Dimmable,,,Smart Compatible With,,,Diameter,,,Length,,,Energy Star Certified,,,Title 20 Compliant,,,Title 24 Compliant,,,Additional Information,,,,,,,,,,,,,,,,,,,,,,,,,,,,,,,,,,,,,,,,,,,,,,,,,,,,,,,,,,,,,,,,,,,,,,,,,,,,,,,,,,,,,,,,,,,,,,,,,,,,,,,,,,,,,,,,,,,,,,
,,,,,,,,,,,565770,565770 40W Led A19 Med 50k,-- Unbranded --,-- No Unilog Brand --,Philips,Phillips Lighting (5831),Signify Holding,Philips,,565770,,Electrical>Lamps & Lightings>Light Bulbs>LED Light Bulbs,"Signify Holding Philips, LED Bulb, 565770, 40W, 5000K",BULB LED 40W 5000K,"Philips 565770 LED Bulb, 40 W, 5000 K",,"LED Bulb, 40 W, 5000 K",,,,,,,,,,,,,,,,,,,,,,,,,,,,Series,,,Wattage,40,W,Lumens,,,Bulb Shape,,,Bulb Shape Code,,,Color Temperature,5000,K,Light Appearance,,,Bulb Base,,,Bulb Base Code,,,Bulb Finish,,,Voltage Rating,,,Color Rendering Index (CRI),,,Bulb Designation,,,Average Life,,,Beam Angle,,,Incandescent Wattage Equivalent,,,Halogen Wattage Equivalent,,,Fluorescent Wattage Equivalent,,,HID Wattage Equivalent,,,Dimmable,,,Smart Compatible With,,,Diameter,,,Length,,,Energy Star Certified,,,Title 20 Compliant,,,Title 24 Compliant,,,Additional Information,,,,,,,,,,,,,,,,,,,,,,,,,,,,,,,,,,,,,,,,,,,,,,,,,,,,,,,,,,,,,,,,,,,,,,,,,,,,,,,,,,,,,,,,,,,,,,,,,,,,,,,,,,,,,,,,,,,,,,
,,,,,,,,,,,573436,573436 60W Led A19 Med 27k 2pk,-- Unbranded --,-- No Unilog Brand --,Philips,Phillips Lighting (5831),Signify Holding,Philips,,573436,,Electrical>Lamps & Lightings>Light Bulbs>LED Light Bulbs,"Signify Holding Philips, LED Bulb, 573436, 60W, 2700K",BULB LED 60W 2700K,"Philips 573436 LED Bulb, 60 W, 2700 K",,"LED Bulb, 60 W, 2700 K",,,,,,,,,,,,,,,,,,,,,,,,,,,,Series,,,Wattage,60,W,Lumens,,,Bulb Shape,,,Bulb Shape Code,,,Color Temperature,2700,K,Light Appearance,,,Bulb Base,,,Bulb Base Code,,,Bulb Finish,,,Voltage Rating,,,Color Rendering Index (CRI),,,Bulb Designation,,,Average Life,,,Beam Angle,,,Incandescent Wattage Equivalent,,,Halogen Wattage Equivalent,,,Fluorescent Wattage Equivalent,,,HID Wattage Equivalent,,,Dimmable,,,Smart Compatible With,,,Diameter,,,Length,,,Energy Star Certified,,,Title 20 Compliant,,,Title 24 Compliant,,,Additional Information,,,,,,,,,,,,,,,,,,,,,,,,,,,,,,,,,,,,,,,,,,,,,,,,,,,,,,,,,,,,,,,,,,,,,,,,,,,,,,,,,,,,,,,,,,,,,,,,,,,,,,,,,,,,,,,,,,,,,,
,,,,,,,,,,,576538,576538 65W Led BR30 Med 50k,-- Unbranded --,-- No Unilog Brand --,Philips,Phillips Lighting (5831),Signify Holding,Philips,,576538,,Electrical>Lamps & Lightings>Light Bulbs>LED Light Bulbs,"Signify Holding Philips, LED Bulb, 576538, 65W, 5000K",BULB LED 65W 5000K,"Philips 576538 LED Bulb, 65 W, 5000 K",,"LED Bulb, 65 W, 5000 K",,,,,,,,,,,,,,,,,,,,,,,,,,,,Series,,,Wattage,65,W,Lumens,,,Bulb Shape,,,Bulb Shape Code,,,Color Temperature,5000,K,Light Appearance,,,Bulb Base,,,Bulb Base Code,,,Bulb Finish,,,Voltage Rating,,,Color Rendering Index (CRI),,,Bulb Designation,,,Average Life,,,Beam Angle,,,Incandescent Wattage Equivalent,,,Halogen Wattage Equivalent,,,Fluorescent Wattage Equivalent,,,HID Wattage Equivalent,,,Dimmable,,,Smart Compatible With,,,Diameter,,,Length,,,Energy Star Certified,,,Title 20 Compliant,,,Title 24 Compliant,,,Additional Information,,,,,,,,,,,,,,,,,,,,,,,,,,,,,,,,,,,,,,,,,,,,,,,,,,,,,,,,,,,,,,,,,,,,,,,,,,,,,,,,,,,,,,,,,,,,,,,,,,,,,,,,,,,,,,,,,,,,,,
,,,,,,,,,,,573451,573451 40W Led Med 27k 2pk,-- Unbranded --,-- No Unilog Brand --,Philips,Phillips Lighting (5831),Signify Holding,Philips,,573451,,Electrical>Lamps & Lightings>Light Bulbs>LED Light Bulbs,"Signify Holding Philips, LED Bulb, 573451, 40W, 2700K",BULB LED 40W 2700K,"Philips 573451 LED Bulb, 40 W, 2700 K",,"LED Bulb, 40 W, 2700 K",,,,,,,,,,,,,,,,,,,,,,,,,,,,Series,,,Wattage,40,W,Lumens,,,Bulb Shape,,,Bulb Shape Code,,,Color Temperature,2700,K,Light Appearance,,,Bulb Base,,,Bulb Base Code,,,Bulb Finish,,,Voltage Rating,,,Color Rendering Index (CRI),,,Bulb Designation,,,Average Life,,,Beam Angle,,,Incandescent Wattage Equivalent,,,Halogen Wattage Equivalent,,,Fluorescent Wattage Equivalent,,,HID Wattage Equivalent,,,Dimmable,,,Smart Compatible With,,,Diameter,,,Length,,,Energy Star Certified,,,Title 20 Compliant,,,Title 24 Compliant,,,Additional Information,,,,,,,,,,,,,,,,,,,,,,,,,,,,,,,,,,,,,,,,,,,,,,,,,,,,,,,,,,,,,,,,,,,,,,,,,,,,,,,,,,,,,,,,,,,,,,,,,,,,,,,,,,,,,,,,,,,,,,
,,,,,,,,,,,586883,586883 100W Led Multi CCT 2pk,-- Unbranded --,-- No Unilog Brand --,Philips,Phillips Lighting (5831),Signify Holding,Philips,,586883,,Electrical>Lamps & Lightings>Light Bulbs>LED Light Bulbs,"Signify Holding Philips, LED Bulb, 586883, 100W",BULB LED 100W,"Philips 586883 LED Bulb, 100 W",,"LED Bulb, 100 W",,,,,,,,,,,,,,,,,,,,,,,,,,,,Series,,,Wattage,100,W,Lumens,,,Bulb Shape,,,Bulb Shape Code,,,Color Temperature,,,Light Appearance,,,Bulb Base,,,Bulb Base Code,,,Bulb Finish,,,Voltage Rating,,,Color Rendering Index (CRI),,,Bulb Designation,,,Average Life,,,Beam Angle,,,Incandescent Wattage Equivalent,,,Halogen Wattage Equivalent,,,Fluorescent Wattage Equivalent,,,HID Wattage Equivalent,,,Dimmable,,,Smart Compatible With,,,Diameter,,,Length,,,Energy Star Certified,,,Title 20 Compliant,,,Title 24 Compliant,,,Additional Information,,,,,,,,,,,,,,,,,,,,,,,,,,,,,,,,,,,,,,,,,,,,,,,,,,,,,,,,,,,,,,,,,,,,,,,,,,,,,,,,,,,,,,,,,,,,,,,,,,,,,,,,,,,,,,,,,,,,,,
,,,,,,,,,,,586859,586859 40W Led Med 27K Back Up,-- Unbranded --,-- No Unilog Brand --,Philips,Phillips Lighting (5831),Signify Holding,Philips,,586859,,Electrical>Lamps & Lightings>Light Bulbs>LED Light Bulbs,"Signify Holding Philips, LED Bulb, 586859, 40W, 2700K",BULB LED 40W 2700K,"Philips 586859 LED Bulb, 40 W, 2700 K",,"LED Bulb, 40 W, 2700 K",,,,,,,,,,,,,,,,,,,,,,,,,,,,Series,,,Wattage,40,W,Lumens,,,Bulb Shape,,,Bulb Shape Code,,,Color Temperature,2700,K,Light Appearance,,,Bulb Base,,,Bulb Base Code,,,Bulb Finish,,,Voltage Rating,,,Color Rendering Index (CRI),,,Bulb Designation,,,Average Life,,,Beam Angle,,,Incandescent Wattage Equivalent,,,Halogen Wattage Equivalent,,,Fluorescent Wattage Equivalent,,,HID Wattage Equivalent,,,Dimmable,,,Smart Compatible With,,,Diameter,,,Length,,,Energy Star Certified,,,Title 20 Compliant,,,Title 24 Compliant,,,Additional Information,,,,,,,,,,,,,,,,,,,,,,,,,,,,,,,,,,,,,,,,,,,,,,,,,,,,,,,,,,,,,,,,,,,,,,,,,,,,,,,,,,,,,,,,,,,,,,,,,,,,,,,,,,,,,,,,,,,,,,
,,,,,,,,,,,576488,576488 45W Led R20 Med 50k,-- Unbranded --,-- No Unilog Brand --,Philips,Phillips Lighting (5831),Signify Holding,Philips,,576488,,Electrical>Lamps & Lightings>Light Bulbs>LED Light Bulbs,"Signify Holding Philips, LED Bulb, 576488, 45W, 5000K",BULB LED 45W 5000K,"Philips 576488 LED Bulb, 45 W, 5000 K",,"LED Bulb, 45 W, 5000 K",,,,,,,,,,,,,,,,,,,,,,,,,,,,Series,,,Wattage,45,W,Lumens,,,Bulb Shape,,,Bulb Shape Code,,,Color Temperature,5000,K,Light Appearance,,,Bulb Base,,,Bulb Base Code,,,Bulb Finish,,,Voltage Rating,,,Color Rendering Index (CRI),,,Bulb Designation,,,Average Life,,,Beam Angle,,,Incandescent Wattage Equivalent,,,Halogen Wattage Equivalent,,,Fluorescent Wattage Equivalent,,,HID Wattage Equivalent,,,Dimmable,,,Smart Compatible With,,,Diameter,,,Length,,,Energy Star Certified,,,Title 20 Compliant,,,Title 24 Compliant,,,Additional Information,,,,,,,,,,,,,,,,,,,,,,,,,,,,,,,,,,,,,,,,,,,,,,,,,,,,,,,,,,,,,,,,,,,,,,,,,,,,,,,,,,,,,,,,,,,,,,,,,,,,,,,,,,,,,,,,,,,,,,
,,,,,,,,,,,575217,575217 60W Led Med 50k 2pk,-- Unbranded --,-- No Unilog Brand --,Philips,Phillips Lighting (5831),Signify Holding,Philips,,575217,,Electrical>Lamps & Lightings>Light Bulbs>LED Light Bulbs,"Signify Holding Philips, LED Bulb, 575217, 60W, 5000K",BULB LED 60W 5000K,"Philips 575217 LED Bulb, 60 W, 5000 K",,"LED Bulb, 60 W, 5000 K",,,,,,,,,,,,,,,,,,,,,,,,,,,,Series,,,Wattage,60,W,Lumens,,,Bulb Shape,,,Bulb Shape Code,,,Color Temperature,5000,K,Light Appearance,,,Bulb Base,,,Bulb Base Code,,,Bulb Finish,,,Voltage Rating,,,Color Rendering Index (CRI),,,Bulb Designation,,,Average Life,,,Beam Angle,,,Incandescent Wattage Equivalent,,,Halogen Wattage Equivalent,,,Fluorescent Wattage Equivalent,,,HID Wattage Equivalent,,,Dimmable,,,Smart Compatible With,,,Diameter,,,Length,,,Energy Star Certified,,,Title 20 Compliant,,,Title 24 Compliant,,,Additional Information,,,,,,,,,,,,,,,,,,,,,,,,,,,,,,,,,,,,,,,,,,,,,,,,,,,,,,,,,,,,,,,,,,,,,,,,,,,,,,,,,,,,,,,,,,,,,,,,,,,,,,,,,,,,,,,,,,,,,,
,,,,,,,,,,,586479,586479 90W Led Med Multi CCT,-- Unbranded --,-- No Unilog Brand --,Philips,Phillips Lighting (5831),Signify Holding,Philips,,586479,,Electrical>Lamps & Lightings>Light Bulbs>LED Light Bulbs,"Signify Holding Philips, LED Bulb, 586479, 90W",BULB LED 90W,"Philips 586479 LED Bulb, 90 W",,"LED Bulb, 90 W",,,,,,,,,,,,,,,,,,,,,,,,,,,,Series,,,Wattage,90,W,Lumens,,,Bulb Shape,,,Bulb Shape Code,,,Color Temperature,,,Light Appearance,,,Bulb Base,,,Bulb Base Code,,,Bulb Finish,,,Voltage Rating,,,Color Rendering Index (CRI),,,Bulb Designation,,,Average Life,,,Beam Angle,,,Incandescent Wattage Equivalent,,,Halogen Wattage Equivalent,,,Fluorescent Wattage Equivalent,,,HID Wattage Equivalent,,,Dimmable,,,Smart Compatible With,,,Diameter,,,Length,,,Energy Star Certified,,,Title 20 Compliant,,,Title 24 Compliant,,,Additional Information,,,,,,,,,,,,,,,,,,,,,,,,,,,,,,,,,,,,,,,,,,,,,,,,,,,,,,,,,,,,,,,,,,,,,,,,,,,,,,,,,,,,,,,,,,,,,,,,,,,,,,,,,,,,,,,,,,,,,,
,,,,,,,,,,,571471,571471 100W Led BR30 Med 27k,-- Unbranded --,-- No Unilog Brand --,Philips,Phillips Lighting (5831),Signify Holding,Philips,,571471,,Electrical>Lamps & Lightings>Light Bulbs>LED Light Bulbs,"Signify Holding Philips, LED Bulb, 571471, 100W, 2700K",BULB LED 100W 2700K,"Philips 571471 LED Bulb, 100 W, 2700 K",,"LED Bulb, 100 W, 2700 K",,,,,,,,,,,,,,,,,,,,,,,,,,,,Series,,,Wattage,100,W,Lumens,,,Bulb Shape,,,Bulb Shape Code,,,Color Temperature,2700,K,Light Appearance,,,Bulb Base,,,Bulb Base Code,,,Bulb Finish,,,Voltage Rating,,,Color Rendering Index (CRI),,,Bulb Designation,,,Average Life,,,Beam Angle,,,Incandescent Wattage Equivalent,,,Halogen Wattage Equivalent,,,Fluorescent Wattage Equivalent,,,HID Wattage Equivalent,,,Dimmable,,,Smart Compatible With,,,Diameter,,,Length,,,Energy Star Certified,,,Title 20 Compliant,,,Title 24 Compliant,,,Additional Information,,,,,,,,,,,,,,,,,,,,,,,,,,,,,,,,,,,,,,,,,,,,,,,,,,,,,,,,,,,,,,,,,,,,,,,,,,,,,,,,,,,,,,,,,,,,,,,,,,,,,,,,,,,,,,,,,,,,,,
,,,,,,,,,,,570762,570762 50W Led Par16 30k 3pk,-- Unbranded --,-- No Unilog Brand --,Philips,Phillips Lighting (5831),Signify Holding,Philips,,570762,,Electrical>Lamps & Lightings>Light Bulbs>LED Light Bulbs,"Signify Holding Philips, LED Bulb, 570762, 50W, 3000K",BULB LED 50W 3000K,"Philips 570762 LED Bulb, 50 W, 3000 K",,"LED Bulb, 50 W, 3000 K",,,,,,,,,,,,,,,,,,,,,,,,,,,,Series,,,Wattage,50,W,Lumens,,,Bulb Shape,,,Bulb Shape Code,,,Color Temperature,3000,K,Light Appearance,,,Bulb Base,,,Bulb Base Code,,,Bulb Finish,,,Voltage Rating,,,Color Rendering Index (CRI),,,Bulb Designation,,,Average Life,,,Beam Angle,,,Incandescent Wattage Equivalent,,,Halogen Wattage Equivalent,,,Fluorescent Wattage Equivalent,,,HID Wattage Equivalent,,,Dimmable,,,Smart Compatible With,,,Diameter,,,Length,,,Energy Star Certified,,,Title 20 Compliant,,,Title 24 Compliant,,,Additional Information,,,,,,,,,,,,,,,,,,,,,,,,,,,,,,,,,,,,,,,,,,,,,,,,,,,,,,,,,,,,,,,,,,,,,,,,,,,,,,,,,,,,,,,,,,,,,,,,,,,,,,,,,,,,,,,,,,,,,,
,,,,,,,,,,,533352,571505 150W Led Med 50k,-- Unbranded --,-- No Unilog Brand --,Philips,Phillips Lighting (5831),Signify Holding,Philips,,533352,,Electrical>Lamps & Lightings>Light Bulbs>LED Light Bulbs,"Signify Holding Philips, LED Bulb, 533352, 150W, 5000K",BULB LED 150W 5000K,"Philips 533352 LED Bulb, 150 W, 5000 K",,"LED Bulb, 150 W, 5000 K",,,,,,,,,,,,,,,,,,,,,,,,,,,,Series,,,Wattage,150,W,Lumens,,,Bulb Shape,,,Bulb Shape Code,,,Color Temperature,5000,K,Light Appearance,,,Bulb Base,,,Bulb Base Code,,,Bulb Finish,,,Voltage Rating,,,Color Rendering Index (CRI),,,Bulb Designation,,,Average Life,,,Beam Angle,,,Incandescent Wattage Equivalent,,,Halogen Wattage Equivalent,,,Fluorescent Wattage Equivalent,,,HID Wattage Equivalent,,,Dimmable,,,Smart Compatible With,,,Diameter,,,Length,,,Energy Star Certified,,,Title 20 Compliant,,,Title 24 Compliant,,,Additional Information,,,,,,,,,,,,,,,,,,,,,,,,,,,,,,,,,,,,,,,,,,,,,,,,,,,,,,,,,,,,,,,,,,,,,,,,,,,,,,,,,,,,,,,,,,,,,,,,,,,,,,,,,,,,,,,,,,,,,,
,,,,,,,,,,,573519,573519 100W Led A21 27k 2pk,-- Unbranded --,-- No Unilog Brand --,Philips,Phillips Lighting (5831),Signify Holding,Philips,,573519,,Electrical>Lamps & Lightings>Light Bulbs>LED Light Bulbs,"Signify Holding Philips, LED Bulb, 573519, 100W, 2700K",BULB LED 100W 2700K,"Philips 573519 LED Bulb, 100 W, 2700 K",,"LED Bulb, 100 W, 2700 K",,,,,,,,,,,,,,,,,,,,,,,,,,,,Series,,,Wattage,100,W,Lumens,,,Bulb Shape,,,Bulb Shape Code,,,Color Temperature,2700,K,Light Appearance,,,Bulb Base,,,Bulb Base Code,,,Bulb Finish,,,Voltage Rating,,,Color Rendering Index (CRI),,,Bulb Designation,,,Average Life,,,Beam Angle,,,Incandescent Wattage Equivalent,,,Halogen Wattage Equivalent,,,Fluorescent Wattage Equivalent,,,HID Wattage Equivalent,,,Dimmable,,,Smart Compatible With,,,Diameter,,,Length,,,Energy Star Certified,,,Title 20 Compliant,,,Title 24 Compliant,,,Additional Information,,,,,,,,,,,,,,,,,,,,,,,,,,,,,,,,,,,,,,,,,,,,,,,,,,,,,,,,,,,,,,,,,,,,,,,,,,,,,,,,,,,,,,,,,,,,,,,,,,,,,,,,,,,,,,,,,,,,,,
,,,,,,,,,,,573378,573378 60W Led Med 27k 3pk,-- Unbranded --,-- No Unilog Brand --,Philips,Phillips Lighting (5831),Signify Holding,Philips,,573378,,Electrical>Lamps & Lightings>Light Bulbs>LED Light Bulbs,"Signify Holding Philips, LED Bulb, 573378, 60W, 2700K",BULB LED 60W 2700K,"Philips 573378 LED Bulb, 60 W, 2700 K",,"LED Bulb, 60 W, 2700 K",,,,,,,,,,,,,,,,,,,,,,,,,,,,Series,,,Wattage,60,W,Lumens,,,Bulb Shape,,,Bulb Shape Code,,,Color Temperature,2700,K,Light Appearance,,,Bulb Base,,,Bulb Base Code,,,Bulb Finish,,,Voltage Rating,,,Color Rendering Index (CRI),,,Bulb Designation,,,Average Life,,,Beam Angle,,,Incandescent Wattage Equivalent,,,Halogen Wattage Equivalent,,,Fluorescent Wattage Equivalent,,,HID Wattage Equivalent,,,Dimmable,,,Smart Compatible With,,,Diameter,,,Length,,,Energy Star Certified,,,Title 20 Compliant,,,Title 24 Compliant,,,Additional Information,,,,,,,,,,,,,,,,,,,,,,,,,,,,,,,,,,,,,,,,,,,,,,,,,,,,,,,,,,,,,,,,,,,,,,,,,,,,,,,,,,,,,,,,,,,,,,,,,,,,,,,,,,,,,,,,,,,,,,
,,,,,,,,,,,565622,565622 60W Led Med 20k,-- Unbranded --,-- No Unilog Brand --,Philips,Phillips Lighting (5831),Signify Holding,Philips,,565622,,Electrical>Lamps & Lightings>Light Bulbs>LED Light Bulbs,"Signify Holding Philips, LED Bulb, 565622, 60W, 2000K",BULB LED 60W 2000K,"Philips 565622 LED Bulb, 60 W, 2000 K",,"LED Bulb, 60 W, 2000 K",,,,,,,,,,,,,,,,,,,,,,,,,,,,Series,,,Wattage,60,W,Lumens,,,Bulb Shape,,,Bulb Shape Code,,,Color Temperature,2000,K,Light Appearance,,,Bulb Base,,,Bulb Base Code,,,Bulb Finish,,,Voltage Rating,,,Color Rendering Index (CRI),,,Bulb Designation,,,Average Life,,,Beam Angle,,,Incandescent Wattage Equivalent,,,Halogen Wattage Equivalent,,,Fluorescent Wattage Equivalent,,,HID Wattage Equivalent,,,Dimmable,,,Smart Compatible With,,,Diameter,,,Length,,,Energy Star Certified,,,Title 20 Compliant,,,Title 24 Compliant,,,Additional Information,,,,,,,,,,,,,,,,,,,,,,,,,,,,,,,,,,,,,,,,,,,,,,,,,,,,,,,,,,,,,,,,,,,,,,,,,,,,,,,,,,,,,,,,,,,,,,,,,,,,,,,,,,,,,,,,,,,,,,
,,,,,,,,,,,586891,586891 Led 60W Med A19 27k,-- Unbranded --,-- No Unilog Brand --,Philips,Phillips Lighting (5831),Signify Holding,Philips,,586891,,Electrical>Lamps & Lightings>Light Bulbs>LED Light Bulbs,"Signify Holding Philips, LED Bulb, 586891, 60W, 2700K",BULB LED 60W 2700K,"Philips 586891 LED Bulb, 60 W, 2700 K",,"LED Bulb, 60 W, 2700 K",,,,,,,,,,,,,,,,,,,,,,,,,,,,Series,,,Wattage,60,W,Lumens,,,Bulb Shape,,,Bulb Shape Code,,,Color Temperature,2700,K,Light Appearance,,,Bulb Base,,,Bulb Base Code,,,Bulb Finish,,,Voltage Rating,,,Color Rendering Index (CRI),,,Bulb Designation,,,Average Life,,,Beam Angle,,,Incandescent Wattage Equivalent,,,Halogen Wattage Equivalent,,,Fluorescent Wattage Equivalent,,,HID Wattage Equivalent,,,Dimmable,,,Smart Compatible With,,,Diameter,,,Length,,,Energy Star Certified,,,Title 20 Compliant,,,Title 24 Compliant,,,Additional Information,,,,,,,,,,,,,,,,,,,,,,,,,,,,,,,,,,,,,,,,,,,,,,,,,,,,,,,,,,,,,,,,,,,,,,,,,,,,,,,,,,,,,,,,,,,,,,,,,,,,,,,,,,,,,,,,,,,,,,
,,,,,,,,,,,585448,585448 120W Led Motion Bulb,-- Unbranded --,-- No Unilog Brand --,Philips,Phillips Lighting (5831),Signify Holding,Philips,,585448,,Electrical>Lamps & Lightings>Light Bulbs>LED Light Bulbs,"Signify Holding Philips, LED Bulb, 585448, 120W",BULB LED 120W,"Philips 585448 LED Bulb, 120 W",,"LED Bulb, 120 W",,,,,,,,,,,,,,,,,,,,,,,,,,,,Series,,,Wattage,120,W,Lumens,,,Bulb Shape,,,Bulb Shape Code,,,Color Temperature,,,Light Appearance,,,Bulb Base,,,Bulb Base Code,,,Bulb Finish,,,Voltage Rating,,,Color Rendering Index (CRI),,,Bulb Designation,,,Average Life,,,Beam Angle,,,Incandescent Wattage Equivalent,,,Halogen Wattage Equivalent,,,Fluorescent Wattage Equivalent,,,HID Wattage Equivalent,,,Dimmable,,,Smart Compatible With,,,Diameter,,,Length,,,Energy Star Certified,,,Title 20 Compliant,,,Title 24 Compliant,,,Additional Information,,,,,,,,,,,,,,,,,,,,,,,,,,,,,,,,,,,,,,,,,,,,,,,,,,,,,,,,,,,,,,,,,,,,,,,,,,,,,,,,,,,,,,,,,,,,,,,,,,,,,,,,,,,,,,,,,,,,,,
,,,,,,,,,,,573444,573444 60W Led A19 Med 50k 2pk,-- Unbranded --,-- No Unilog Brand --,Philips,Phillips Lighting (5831),Signify Holding,Philips,,573444,,Electrical>Lamps & Lightings>Light Bulbs>LED Light Bulbs,"Signify Holding Philips, LED Bulb, 573444, 60W, 5000K",BULB LED 60W 5000K,"Philips 573444 LED Bulb, 60 W, 5000 K",,"LED Bulb, 60 W, 5000 K",,,,,,,,,,,,,,,,,,,,,,,,,,,,Series,,,Wattage,60,W,Lumens,,,Bulb Shape,,,Bulb Shape Code,,,Color Temperature,5000,K,Light Appearance,,,Bulb Base,,,Bulb Base Code,,,Bulb Finish,,,Voltage Rating,,,Color Rendering Index (CRI),,,Bulb Designation,,,Average Life,,,Beam Angle,,,Incandescent Wattage Equivalent,,,Halogen Wattage Equivalent,,,Fluorescent Wattage Equivalent,,,HID Wattage Equivalent,,,Dimmable,,,Smart Compatible With,,,Diameter,,,Length,,,Energy Star Certified,,,Title 20 Compliant,,,Title 24 Compliant,,,Additional Information,,,,,,,,,,,,,,,,,,,,,,,,,,,,,,,,,,,,,,,,,,,,,,,,,,,,,,,,,,,,,,,,,,,,,,,,,,,,,,,,,,,,,,,,,,,,,,,,,,,,,,,,,,,,,,,,,,,,,,
,,,,,,,,,,,566687,566687 60W Cand Led 27k 3pk,-- Unbranded --,-- No Unilog Brand --,Philips,Phillips Lighting (5831),Signify Holding,Philips,,566687,,Electrical>Lamps & Lightings>Light Bulbs>LED Light Bulbs,"Signify Holding Philips, LED Bulb, 566687, 60W, 2700K",BULB LED 60W 2700K,"Philips 566687 LED Bulb, 60 W, 2700 K",,"LED Bulb, 60 W, 2700 K",,,,,,,,,,,,,,,,,,,,,,,,,,,,Series,,,Wattage,60,W,Lumens,,,Bulb Shape,,,Bulb Shape Code,,,Color Temperature,2700,K,Light Appearance,,,Bulb Base,,,Bulb Base Code,,,Bulb Finish,,,Voltage Rating,,,Color Rendering Index (CRI),,,Bulb Designation,,,Average Life,,,Beam Angle,,,Incandescent Wattage Equivalent,,,Halogen Wattage Equivalent,,,Fluorescent Wattage Equivalent,,,HID Wattage Equivalent,,,Dimmable,,,Smart Compatible With,,,Diameter,,,Length,,,Energy Star Certified,,,Title 20 Compliant,,,Title 24 Compliant,,,Additional Information,,,,,,,,,,,,,,,,,,,,,,,,,,,,,,,,,,,,,,,,,,,,,,,,,,,,,,,,,,,,,,,,,,,,,,,,,,,,,,,,,,,,,,,,,,,,,,,,,,,,,,,,,,,,,,,,,,,,,,
,,,,,,,,,,,564385,564385 40w Led Med 27k 2pk,-- Unbranded --,-- No Unilog Brand --,Philips,Phillips Lighting (5831),Signify Holding,Philips,,564385,,Electrical>Lamps & Lightings>Light Bulbs>LED Light Bulbs,"Signify Holding Philips, LED Bulb, 564385, 40W, 2700K",BULB LED 40W 2700K,"Philips 564385 LED Bulb, 40 W, 2700 K",,"LED Bulb, 40 W, 2700 K",,,,,,,,,,,,,,,,,,,,,,,,,,,,Series,,,Wattage,40,W,Lumens,,,Bulb Shape,,,Bulb Shape Code,,,Color Temperature,2700,K,Light Appearance,,,Bulb Base,,,Bulb Base Code,,,Bulb Finish,,,Voltage Rating,,,Color Rendering Index (CRI),,,Bulb Designation,,,Average Life,,,Beam Angle,,,Incandescent Wattage Equivalent,,,Halogen Wattage Equivalent,,,Fluorescent Wattage Equivalent,,,HID Wattage Equivalent,,,Dimmable,,,Smart Compatible With,,,Diameter,,,Length,,,Energy Star Certified,,,Title 20 Compliant,,,Title 24 Compliant,,,Additional Information,,,,,,,,,,,,,,,,,,,,,,,,,,,,,,,,,,,,,,,,,,,,,,,,,,,,,,,,,,,,,,,,,,,,,,,,,,,,,,,,,,,,,,,,,,,,,,,,,,,,,,,,,,,,,,,,,,,,,,
,,,,,,,,,,,566661,566661 40W LED Cand 27k 3pk,-- Unbranded --,-- No Unilog Brand --,Philips,Phillips Lighting (5831),Signify Holding,Philips,,566661,,Electrical>Lamps & Lightings>Light Bulbs>LED Light Bulbs,"Signify Holding Philips, LED Bulb, 566661, 40W, 2700K",BULB LED 40W 2700K,"Philips 566661 LED Bulb, 40 W, 2700 K",,"LED Bulb, 40 W, 2700 K",,,,,,,,,,,,,,,,,,,,,,,,,,,,Series,,,Wattage,40,W,Lumens,,,Bulb Shape,,,Bulb Shape Code,,,Color Temperature,2700,K,Light Appearance,,,Bulb Base,,,Bulb Base Code,,,Bulb Finish,,,Voltage Rating,,,Color Rendering Index (CRI),,,Bulb Designation,,,Average Life,,,Beam Angle,,,Incandescent Wattage Equivalent,,,Halogen Wattage Equivalent,,,Fluorescent Wattage Equivalent,,,HID Wattage Equivalent,,,Dimmable,,,Smart Compatible With,,,Diameter,,,Length,,,Energy Star Certified,,,Title 20 Compliant,,,Title 24 Compliant,,,Additional Information,,,,,,,,,,,,,,,,,,,,,,,,,,,,,,,,,,,,,,,,,,,,,,,,,,,,,,,,,,,,,,,,,,,,,,,,,,,,,,,,,,,,,,,,,,,,,,,,,,,,,,,,,,,,,,,,,,,,,,
,,,,,,,,,,,564898,564898 60W Cand Led 50k 3pk,-- Unbranded --,-- No Unilog Brand --,Philips,Phillips Lighting (5831),Signify Holding,Philips,,564898,,Electrical>Lamps & Lightings>Light Bulbs>LED Light Bulbs,"Signify Holding Philips, LED Bulb, 564898, 60W, 5000K",BULB LED 60W 5000K,"Philips 564898 LED Bulb, 60 W, 5000 K",,"LED Bulb, 60 W, 5000 K",,,,,,,,,,,,,,,,,,,,,,,,,,,,Series,,,Wattage,60,W,Lumens,,,Bulb Shape,,,Bulb Shape Code,,,Color Temperature,5000,K,Light Appearance,,,Bulb Base,,,Bulb Base Code,,,Bulb Finish,,,Voltage Rating,,,Color Rendering Index (CRI),,,Bulb Designation,,,Average Life,,,Beam Angle,,,Incandescent Wattage Equivalent,,,Halogen Wattage Equivalent,,,Fluorescent Wattage Equivalent,,,HID Wattage Equivalent,,,Dimmable,,,Smart Compatible With,,,Diameter,,,Length,,,Energy Star Certified,,,Title 20 Compliant,,,Title 24 Compliant,,,Additional Information,,,,,,,,,,,,,,,,,,,,,,,,,,,,,,,,,,,,,,,,,,,,,,,,,,,,,,,,,,,,,,,,,,,,,,,,,,,,,,,,,,,,,,,,,,,,,,,,,,,,,,,,,,,,,,,,,,,,,,
,,,,,,,,,,,538319,588525 40W Led Cand 3pk,-- Unbranded --,-- No Unilog Brand --,Philips,Phillips Lighting (5831),Signify Holding,Philips,,538319,,Electrical>Lamps & Lightings>Light Bulbs>LED Light Bulbs,"Signify Holding Philips, LED Bulb, 538319, 40W",BULB LED 40W,"Philips 538319 LED Bulb, 40 W",,"LED Bulb, 40 W",,,,,,,,,,,,,,,,,,,,,,,,,,,,Series,,,Wattage,40,W,Lumens,,,Bulb Shape,,,Bulb Shape Code,,,Color Temperature,,,Light Appearance,,,Bulb Base,,,Bulb Base Code,,,Bulb Finish,,,Voltage Rating,,,Color Rendering Index (CRI),,,Bulb Designation,,,Average Life,,,Beam Angle,,,Incandescent Wattage Equivalent,,,Halogen Wattage Equivalent,,,Fluorescent Wattage Equivalent,,,HID Wattage Equivalent,,,Dimmable,,,Smart Compatible With,,,Diameter,,,Length,,,Energy Star Certified,,,Title 20 Compliant,,,Title 24 Compliant,,,Additional Information,,,,,,,,,,,,,,,,,,,,,,,,,,,,,,,,,,,,,,,,,,,,,,,,,,,,,,,,,,,,,,,,,,,,,,,,,,,,,,,,,,,,,,,,,,,,,,,,,,,,,,,,,,,,,,,,,,,,,,
,,,,,,,,,,,576009,576009 100W Led Par30L Med 50k,-- Unbranded --,-- No Unilog Brand --,Philips,Phillips Lighting (5831),Signify Holding,Philips,,576009,,Electrical>Lamps & Lightings>Light Bulbs>LED Light Bulbs,"Signify Holding Philips, LED Bulb, 576009, 100W, 5000K",BULB LED 100W 5000K,"Philips 576009 LED Bulb, 100 W, 5000 K",,"LED Bulb, 100 W, 5000 K",,,,,,,,,,,,,,,,,,,,,,,,,,,,Series,,,Wattage,100,W,Lumens,,,Bulb Shape,,,Bulb Shape Code,,,Color Temperature,5000,K,Light Appearance,,,Bulb Base,,,Bulb Base Code,,,Bulb Finish,,,Voltage Rating,,,Color Rendering Index (CRI),,,Bulb Designation,,,Average Life,,,Beam Angle,,,Incandescent Wattage Equivalent,,,Halogen Wattage Equivalent,,,Fluorescent Wattage Equivalent,,,HID Wattage Equivalent,,,Dimmable,,,Smart Compatible With,,,Diameter,,,Length,,,Energy Star Certified,,,Title 20 Compliant,,,Title 24 Compliant,,,Additional Information,,,,,,,,,,,,,,,,,,,,,,,,,,,,,,,,,,,,,,,,,,,,,,,,,,,,,,,,,,,,,,,,,,,,,,,,,,,,,,,,,,,,,,,,,,,,,,,,,,,,,,,,,,,,,,,,,,,,,,
,,,,,,,,,,,564450,564450 40W Led Cand 27k 2pk,-- Unbranded --,-- No Unilog Brand --,Philips,Phillips Lighting (5831),Signify Holding,Philips,,564450,,Electrical>Lamps & Lightings>Light Bulbs>LED Light Bulbs,"Signify Holding Philips, LED Bulb, 564450, 40W, 2700K",BULB LED 40W 2700K,"Philips 564450 LED Bulb, 40 W, 2700 K",,"LED Bulb, 40 W, 2700 K",,,,,,,,,,,,,,,,,,,,,,,,,,,,Series,,,Wattage,40,W,Lumens,,,Bulb Shape,,,Bulb Shape Code,,,Color Temperature,2700,K,Light Appearance,,,Bulb Base,,,Bulb Base Code,,,Bulb Finish,,,Voltage Rating,,,Color Rendering Index (CRI),,,Bulb Designation,,,Average Life,,,Beam Angle,,,Incandescent Wattage Equivalent,,,Halogen Wattage Equivalent,,,Fluorescent Wattage Equivalent,,,HID Wattage Equivalent,,,Dimmable,,,Smart Compatible With,,,Diameter,,,Length,,,Energy Star Certified,,,Title 20 Compliant,,,Title 24 Compliant,,,Additional Information,,,,,,,,,,,,,,,,,,,,,,,,,,,,,,,,,,,,,,,,,,,,,,,,,,,,,,,,,,,,,,,,,,,,,,,,,,,,,,,,,,,,,,,,,,,,,,,,,,,,,,,,,,,,,,,,,,,,,,
,,,,,,,,,,,572669,572669 60W Led F15 Med 27k,-- Unbranded --,-- No Unilog Brand --,Philips,Phillips Lighting (5831),Signify Holding,Philips,,572669,,Electrical>Lamps & Lightings>Light Bulbs>LED Light Bulbs,"Signify Holding Philips, LED Bulb, 572669, 60W, 2700K",BULB LED 60W 2700K,"Philips 572669 LED Bulb, 60 W, 2700 K",,"LED Bulb, 60 W, 2700 K",,,,,,,,,,,,,,,,,,,,,,,,,,,,Series,,,Wattage,60,W,Lumens,,,Bulb Shape,,,Bulb Shape Code,,,Color Temperature,2700,K,Light Appearance,,,Bulb Base,,,Bulb Base Code,,,Bulb Finish,,,Voltage Rating,,,Color Rendering Index (CRI),,,Bulb Designation,,,Average Life,,,Beam Angle,,,Incandescent Wattage Equivalent,,,Halogen Wattage Equivalent,,,Fluorescent Wattage Equivalent,,,HID Wattage Equivalent,,,Dimmable,,,Smart Compatible With,,,Diameter,,,Length,,,Energy Star Certified,,,Title 20 Compliant,,,Title 24 Compliant,,,Additional Information,,,,,,,,,,,,,,,,,,,,,,,,,,,,,,,,,,,,,,,,,,,,,,,,,,,,,,,,,,,,,,,,,,,,,,,,,,,,,,,,,,,,,,,,,,,,,,,,,,,,,,,,,,,,,,,,,,,,,,
,,,,,,,,,,,564906,564906 60W Led Med 27k 2pk,-- Unbranded --,-- No Unilog Brand --,Philips,Phillips Lighting (5831),Signify Holding,Philips,,564906,,Electrical>Lamps & Lightings>Light Bulbs>LED Light Bulbs,"Signify Holding Philips, LED Bulb, 564906, 60W, 2700K",BULB LED 60W 2700K,"Philips 564906 LED Bulb, 60 W, 2700 K",,"LED Bulb, 60 W, 2700 K",,,,,,,,,,,,,,,,,,,,,,,,,,,,Series,,,Wattage,60,W,Lumens,,,Bulb Shape,,,Bulb Shape Code,,,Color Temperature,2700,K,Light Appearance,,,Bulb Base,,,Bulb Base Code,,,Bulb Finish,,,Voltage Rating,,,Color Rendering Index (CRI),,,Bulb Designation,,,Average Life,,,Beam Angle,,,Incandescent Wattage Equivalent,,,Halogen Wattage Equivalent,,,Fluorescent Wattage Equivalent,,,HID Wattage Equivalent,,,Dimmable,,,Smart Compatible With,,,Diameter,,,Length,,,Energy Star Certified,,,Title 20 Compliant,,,Title 24 Compliant,,,Additional Information,,,,,,,,,,,,,,,,,,,,,,,,,,,,,,,,,,,,,,,,,,,,,,,,,,,,,,,,,,,,,,,,,,,,,,,,,,,,,,,,,,,,,,,,,,,,,,,,,,,,,,,,,,,,,,,,,,,,,,
,,,,,,,,,,,573410,573410 40W Led A19 Med 27k 2pk,-- Unbranded --,-- No Unilog Brand --,Philips,Phillips Lighting (5831),Signify Holding,Philips,,573410,,Electrical>Lamps & Lightings>Light Bulbs>LED Light Bulbs,"Signify Holding Philips, LED Bulb, 573410, 40W, 2700K",BULB LED 40W 2700K,"Philips 573410 LED Bulb, 40 W, 2700 K",,"LED Bulb, 40 W, 2700 K",,,,,,,,,,,,,,,,,,,,,,,,,,,,Series,,,Wattage,40,W,Lumens,,,Bulb Shape,,,Bulb Shape Code,,,Color Temperature,2700,K,Light Appearance,,,Bulb Base,,,Bulb Base Code,,,Bulb Finish,,,Voltage Rating,,,Color Rendering Index (CRI),,,Bulb Designation,,,Average Life,,,Beam Angle,,,Incandescent Wattage Equivalent,,,Halogen Wattage Equivalent,,,Fluorescent Wattage Equivalent,,,HID Wattage Equivalent,,,Dimmable,,,Smart Compatible With,,,Diameter,,,Length,,,Energy Star Certified,,,Title 20 Compliant,,,Title 24 Compliant,,,Additional Information,,,,,,,,,,,,,,,,,,,,,,,,,,,,,,,,,,,,,,,,,,,,,,,,,,,,,,,,,,,,,,,,,,,,,,,,,,,,,,,,,,,,,,,,,,,,,,,,,,,,,,,,,,,,,,,,,,,,,,
,,,,,,,,,,,576504,576504 65W Led BR40 Med 50k,-- Unbranded --,-- No Unilog Brand --,Philips,Phillips Lighting (5831),Signify Holding,Philips,,576504,,Electrical>Lamps & Lightings>Light Bulbs>LED Light Bulbs,"Signify Holding Philips, LED Bulb, 576504, 65W, 5000K",BULB LED 65W 5000K,"Philips 576504 LED Bulb, 65 W, 5000 K",,"LED Bulb, 65 W, 5000 K",,,,,,,,,,,,,,,,,,,,,,,,,,,,Series,,,Wattage,65,W,Lumens,,,Bulb Shape,,,Bulb Shape Code,,,Color Temperature,5000,K,Light Appearance,,,Bulb Base,,,Bulb Base Code,,,Bulb Finish,,,Voltage Rating,,,Color Rendering Index (CRI),,,Bulb Designation,,,Average Life,,,Beam Angle,,,Incandescent Wattage Equivalent,,,Halogen Wattage Equivalent,,,Fluorescent Wattage Equivalent,,,HID Wattage Equivalent,,,Dimmable,,,Smart Compatible With,,,Diameter,,,Length,,,Energy Star Certified,,,Title 20 Compliant,,,Title 24 Compliant,,,Additional Information,,,,,,,,,,,,,,,,,,,,,,,,,,,,,,,,,,,,,,,,,,,,,,,,,,,,,,,,,,,,,,,,,,,,,,,,,,,,,,,,,,,,,,,,,,,,,,,,,,,,,,,,,,,,,,,,,,,,,,
,,,,,,,,,,,576017,576017 100W Led Par30L Med 30k,-- Unbranded --,-- No Unilog Brand --,Philips,Phillips Lighting (5831),Signify Holding,Philips,,576017,,Electrical>Lamps & Lightings>Light Bulbs>LED Light Bulbs,"Signify Holding Philips, LED Bulb, 576017, 100W, 3000K",BULB LED 100W 3000K,"Philips 576017 LED Bulb, 100 W, 3000 K",,"LED Bulb, 100 W, 3000 K",,,,,,,,,,,,,,,,,,,,,,,,,,,,Series,,,Wattage,100,W,Lumens,,,Bulb Shape,,,Bulb Shape Code,,,Color Temperature,3000,K,Light Appearance,,,Bulb Base,,,Bulb Base Code,,,Bulb Finish,,,Voltage Rating,,,Color Rendering Index (CRI),,,Bulb Designation,,,Average Life,,,Beam Angle,,,Incandescent Wattage Equivalent,,,Halogen Wattage Equivalent,,,Fluorescent Wattage Equivalent,,,HID Wattage Equivalent,,,Dimmable,,,Smart Compatible With,,,Diameter,,,Length,,,Energy Star Certified,,,Title 20 Compliant,,,Title 24 Compliant,,,Additional Information,,,,,,,,,,,,,,,,,,,,,,,,,,,,,,,,,,,,,,,,,,,,,,,,,,,,,,,,,,,,,,,,,,,,,,,,,,,,,,,,,,,,,,,,,,,,,,,,,,,,,,,,,,,,,,,,,,,,,,
,,,,,,,,,,,574392,574392 40W Led B11 Med 27k 3pk,-- Unbranded --,-- No Unilog Brand --,Philips,Phillips Lighting (5831),Signify Holding,Philips,,574392,,Electrical>Lamps & Lightings>Light Bulbs>LED Light Bulbs,"Signify Holding Philips, LED Bulb, 574392, 40W, 2700K",BULB LED 40W 2700K,"Philips 574392 LED Bulb, 40 W, 2700 K",,"LED Bulb, 40 W, 2700 K",,,,,,,,,,,,,,,,,,,,,,,,,,,,Series,,,Wattage,40,W,Lumens,,,Bulb Shape,,,Bulb Shape Code,,,Color Temperature,2700,K,Light Appearance,,,Bulb Base,,,Bulb Base Code,,,Bulb Finish,,,Voltage Rating,,,Color Rendering Index (CRI),,,Bulb Designation,,,Average Life,,,Beam Angle,,,Incandescent Wattage Equivalent,,,Halogen Wattage Equivalent,,,Fluorescent Wattage Equivalent,,,HID Wattage Equivalent,,,Dimmable,,,Smart Compatible With,,,Diameter,,,Length,,,Energy Star Certified,,,Title 20 Compliant,,,Title 24 Compliant,,,Additional Information,,,,,,,,,,,,,,,,,,,,,,,,,,,,,,,,,,,,,,,,,,,,,,,,,,,,,,,,,,,,,,,,,,,,,,,,,,,,,,,,,,,,,,,,,,,,,,,,,,,,,,,,,,,,,,,,,,,,,,
,,,,,,,,,,,576751,576751 65W Led BR30 Med 3pk,-- Unbranded --,-- No Unilog Brand --,Philips,Phillips Lighting (5831),Signify Holding,Philips,,576751,,Electrical>Lamps & Lightings>Light Bulbs>LED Light Bulbs,"Signify Holding Philips, LED Bulb, 576751, 65W",BULB LED 65W,"Philips 576751 LED Bulb, 65 W",,"LED Bulb, 65 W",,,,,,,,,,,,,,,,,,,,,,,,,,,,Series,,,Wattage,65,W,Lumens,,,Bulb Shape,,,Bulb Shape Code,,,Color Temperature,,,Light Appearance,,,Bulb Base,,,Bulb Base Code,,,Bulb Finish,,,Voltage Rating,,,Color Rendering Index (CRI),,,Bulb Designation,,,Average Life,,,Beam Angle,,,Incandescent Wattage Equivalent,,,Halogen Wattage Equivalent,,,Fluorescent Wattage Equivalent,,,HID Wattage Equivalent,,,Dimmable,,,Smart Compatible With,,,Diameter,,,Length,,,Energy Star Certified,,,Title 20 Compliant,,,Title 24 Compliant,,,Additional Information,,,,,,,,,,,,,,,,,,,,,,,,,,,,,,,,,,,,,,,,,,,,,,,,,,,,,,,,,,,,,,,,,,,,,,,,,,,,,,,,,,,,,,,,,,,,,,,,,,,,,,,,,,,,,,,,,,,,,,
,,,,,,,,,,,583161,583161 Led 65W Med BR30 3pk,-- Unbranded --,-- No Unilog Brand --,Philips,Phillips Lighting (5831),Signify Holding,Philips,,583161,,Electrical>Lamps & Lightings>Light Bulbs>LED Light Bulbs,"Signify Holding Philips, LED Bulb, 583161, 65W",BULB LED 65W,"Philips 583161 LED Bulb, 65 W",,"LED Bulb, 65 W",,,,,,,,,,,,,,,,,,,,,,,,,,,,Series,,,Wattage,65,W,Lumens,,,Bulb Shape,,,Bulb Shape Code,,,Color Temperature,,,Light Appearance,,,Bulb Base,,,Bulb Base Code,,,Bulb Finish,,,Voltage Rating,,,Color Rendering Index (CRI),,,Bulb Designation,,,Average Life,,,Beam Angle,,,Incandescent Wattage Equivalent,,,Halogen Wattage Equivalent,,,Fluorescent Wattage Equivalent,,,HID Wattage Equivalent,,,Dimmable,,,Smart Compatible With,,,Diameter,,,Length,,,Energy Star Certified,,,Title 20 Compliant,,,Title 24 Compliant,,,Additional Information,,,,,,,,,,,,,,,,,,,,,,,,,,,,,,,,,,,,,,,,,,,,,,,,,,,,,,,,,,,,,,,,,,,,,,,,,,,,,,,,,,,,,,,,,,,,,,,,,,,,,,,,,,,,,,,,,,,,,,
,,,,,,,,,,,566695,566695 60W Led Med 27k 3pk,-- Unbranded --,-- No Unilog Brand --,Philips,Phillips Lighting (5831),Signify Holding,Philips,,566695,,Electrical>Lamps & Lightings>Light Bulbs>LED Light Bulbs,"Signify Holding Philips, LED Bulb, 566695, 60W, 2700K",BULB LED 60W 2700K,"Philips 566695 LED Bulb, 60 W, 2700 K",,"LED Bulb, 60 W, 2700 K",,,,,,,,,,,,,,,,,,,,,,,,,,,,Series,,,Wattage,60,W,Lumens,,,Bulb Shape,,,Bulb Shape Code,,,Color Temperature,2700,K,Light Appearance,,,Bulb Base,,,Bulb Base Code,,,Bulb Finish,,,Voltage Rating,,,Color Rendering Index (CRI),,,Bulb Designation,,,Average Life,,,Beam Angle,,,Incandescent Wattage Equivalent,,,Halogen Wattage Equivalent,,,Fluorescent Wattage Equivalent,,,HID Wattage Equivalent,,,Dimmable,,,Smart Compatible With,,,Diameter,,,Length,,,Energy Star Certified,,,Title 20 Compliant,,,Title 24 Compliant,,,Additional Information,,,,,,,,,,,,,,,,,,,,,,,,,,,,,,,,,,,,,,,,,,,,,,,,,,,,,,,,,,,,,,,,,,,,,,,,,,,,,,,,,,,,,,,,,,,,,,,,,,,,,,,,,,,,,,,,,,,,,,
,,,,,,,,,,,577007,577007 125W Led Med 30k Flood,-- Unbranded --,-- No Unilog Brand --,Philips,Phillips Lighting (5831),Signify Holding,Philips,,577007,,Electrical>Lamps & Lightings>Light Bulbs>LED Light Bulbs,"Signify Holding Philips, LED Bulb, 577007, 125W, 3000K",BULB LED 125W 3000K,"Philips 577007 LED Bulb, 125 W, 3000 K",,"LED Bulb, 125 W, 3000 K",,,,,,,,,,,,,,,,,,,,,,,,,,,,Series,,,Wattage,125,W,Lumens,,,Bulb Shape,,,Bulb Shape Code,,,Color Temperature,3000,K,Light Appearance,,,Bulb Base,,,Bulb Base Code,,,Bulb Finish,,,Voltage Rating,,,Color Rendering Index (CRI),,,Bulb Designation,,,Average Life,,,Beam Angle,,,Incandescent Wattage Equivalent,,,Halogen Wattage Equivalent,,,Fluorescent Wattage Equivalent,,,HID Wattage Equivalent,,,Dimmable,,,Smart Compatible With,,,Diameter,,,Length,,,Energy Star Certified,,,Title 20 Compliant,,,Title 24 Compliant,,,Additional Information,,,,,,,,,,,,,,,,,,,,,,,,,,,,,,,,,,,,,,,,,,,,,,,,,,,,,,,,,,,,,,,,,,,,,,,,,,,,,,,,,,,,,,,,,,,,,,,,,,,,,,,,,,,,,,,,,,,,,,
,,,,,,,,,,,566653,566653 25W Led Cand 27k 3pk,-- Unbranded --,-- No Unilog Brand --,Philips,Phillips Lighting (5831),Signify Holding,Philips,,566653,,Electrical>Lamps & Lightings>Light Bulbs>LED Light Bulbs,"Signify Holding Philips, LED Bulb, 566653, 25W, 2700K",BULB LED 25W 2700K,"Philips 566653 LED Bulb, 25 W, 2700 K",,"LED Bulb, 25 W, 2700 K",,,,,,,,,,,,,,,,,,,,,,,,,,,,Series,,,Wattage,25,W,Lumens,,,Bulb Shape,,,Bulb Shape Code,,,Color Temperature,2700,K,Light Appearance,,,Bulb Base,,,Bulb Base Code,,,Bulb Finish,,,Voltage Rating,,,Color Rendering Index (CRI),,,Bulb Designation,,,Average Life,,,Beam Angle,,,Incandescent Wattage Equivalent,,,Halogen Wattage Equivalent,,,Fluorescent Wattage Equivalent,,,HID Wattage Equivalent,,,Dimmable,,,Smart Compatible With,,,Diameter,,,Length,,,Energy Star Certified,,,Title 20 Compliant,,,Title 24 Compliant,,,Additional Information,,,,,,,,,,,,,,,,,,,,,,,,,,,,,,,,,,,,,,,,,,,,,,,,,,,,,,,,,,,,,,,,,,,,,,,,,,,,,,,,,,,,,,,,,,,,,,,,,,,,,,,,,,,,,,,,,,,,,,
,,,,,,,,,,,566679,566679 40W Led Med 27k 3pk,-- Unbranded --,-- No Unilog Brand --,Philips,Phillips Lighting (5831),Signify Holding,Philips,,566679,,Electrical>Lamps & Lightings>Light Bulbs>LED Light Bulbs,"Signify Holding Philips, LED Bulb, 566679, 40W, 2700K",BULB LED 40W 2700K,"Philips 566679 LED Bulb, 40 W, 2700 K",,"LED Bulb, 40 W, 2700 K",,,,,,,,,,,,,,,,,,,,,,,,,,,,Series,,,Wattage,40,W,Lumens,,,Bulb Shape,,,Bulb Shape Code,,,Color Temperature,2700,K,Light Appearance,,,Bulb Base,,,Bulb Base Code,,,Bulb Finish,,,Voltage Rating,,,Color Rendering Index (CRI),,,Bulb Designation,,,Average Life,,,Beam Angle,,,Incandescent Wattage Equivalent,,,Halogen Wattage Equivalent,,,Fluorescent Wattage Equivalent,,,HID Wattage Equivalent,,,Dimmable,,,Smart Compatible With,,,Diameter,,,Length,,,Energy Star Certified,,,Title 20 Compliant,,,Title 24 Compliant,,,Additional Information,,,,,,,,,,,,,,,,,,,,,,,,,,,,,,,,,,,,,,,,,,,,,,,,,,,,,,,,,,,,,,,,,,,,,,,,,,,,,,,,,,,,,,,,,,,,,,,,,,,,,,,,,,,,,,,,,,,,,,
,,,,,,,,,,,573311,573311 60W Led Med 27k 2pk,-- Unbranded --,-- No Unilog Brand --,Philips,Phillips Lighting (5831),Signify Holding,Philips,,573311,,Electrical>Lamps & Lightings>Light Bulbs>LED Light Bulbs,"Signify Holding Philips, LED Bulb, 573311, 60W, 2700K",BULB LED 60W 2700K,"Philips 573311 LED Bulb, 60 W, 2700 K",,"LED Bulb, 60 W, 2700 K",,,,,,,,,,,,,,,,,,,,,,,,,,,,Series,,,Wattage,60,W,Lumens,,,Bulb Shape,,,Bulb Shape Code,,,Color Temperature,2700,K,Light Appearance,,,Bulb Base,,,Bulb Base Code,,,Bulb Finish,,,Voltage Rating,,,Color Rendering Index (CRI),,,Bulb Designation,,,Average Life,,,Beam Angle,,,Incandescent Wattage Equivalent,,,Halogen Wattage Equivalent,,,Fluorescent Wattage Equivalent,,,HID Wattage Equivalent,,,Dimmable,,,Smart Compatible With,,,Diameter,,,Length,,,Energy Star Certified,,,Title 20 Compliant,,,Title 24 Compliant,,,Additional Information,,,,,,,,,,,,,,,,,,,,,,,,,,,,,,,,,,,,,,,,,,,,,,,,,,,,,,,,,,,,,,,,,,,,,,,,,,,,,,,,,,,,,,,,,,,,,,,,,,,,,,,,,,,,,,,,,,,,,,
,,,,,,,,,,,573394,573394 60W Led Cand 27k 2pk,-- Unbranded --,-- No Unilog Brand --,Philips,Phillips Lighting (5831),Signify Holding,Philips,,573394,,Electrical>Lamps & Lightings>Light Bulbs>LED Light Bulbs,"Signify Holding Philips, LED Bulb, 573394, 60W, 2700K",BULB LED 60W 2700K,"Philips 573394 LED Bulb, 60 W, 2700 K",,"LED Bulb, 60 W, 2700 K",,,,,,,,,,,,,,,,,,,,,,,,,,,,Series,,,Wattage,60,W,Lumens,,,Bulb Shape,,,Bulb Shape Code,,,Color Temperature,2700,K,Light Appearance,,,Bulb Base,,,Bulb Base Code,,,Bulb Finish,,,Voltage Rating,,,Color Rendering Index (CRI),,,Bulb Designation,,,Average Life,,,Beam Angle,,,Incandescent Wattage Equivalent,,,Halogen Wattage Equivalent,,,Fluorescent Wattage Equivalent,,,HID Wattage Equivalent,,,Dimmable,,,Smart Compatible With,,,Diameter,,,Length,,,Energy Star Certified,,,Title 20 Compliant,,,Title 24 Compliant,,,Additional Information,,,,,,,,,,,,,,,,,,,,,,,,,,,,,,,,,,,,,,,,,,,,,,,,,,,,,,,,,,,,,,,,,,,,,,,,,,,,,,,,,,,,,,,,,,,,,,,,,,,,,,,,,,,,,,,,,,,,,,
,,,,,,,,,,,573329,573329 60W Cand Led 27k 2pk,-- Unbranded --,-- No Unilog Brand --,Philips,Phillips Lighting (5831),Signify Holding,Philips,,573329,,Electrical>Lamps & Lightings>Light Bulbs>LED Light Bulbs,"Signify Holding Philips, LED Bulb, 573329, 60W, 2700K",BULB LED 60W 2700K,"Philips 573329 LED Bulb, 60 W, 2700 K",,"LED Bulb, 60 W, 2700 K",,,,,,,,,,,,,,,,,,,,,,,,,,,,Series,,,Wattage,60,W,Lumens,,,Bulb Shape,,,Bulb Shape Code,,,Color Temperature,2700,K,Light Appearance,,,Bulb Base,,,Bulb Base Code,,,Bulb Finish,,,Voltage Rating,,,Color Rendering Index (CRI),,,Bulb Designation,,,Average Life,,,Beam Angle,,,Incandescent Wattage Equivalent,,,Halogen Wattage Equivalent,,,Fluorescent Wattage Equivalent,,,HID Wattage Equivalent,,,Dimmable,,,Smart Compatible With,,,Diameter,,,Length,,,Energy Star Certified,,,Title 20 Compliant,,,Title 24 Compliant,,,Additional Information,,,,,,,,,,,,,,,,,,,,,,,,,,,,,,,,,,,,,,,,,,,,,,,,,,,,,,,,,,,,,,,,,,,,,,,,,,,,,,,,,,,,,,,,,,,,,,,,,,,,,,,,,,,,,,,,,,,,,,
,,,,,,,,,,,564930,564930 40W Cand Led 50k 3pk,-- Unbranded --,-- No Unilog Brand --,Philips,Phillips Lighting (5831),Signify Holding,Philips,,564930,,Electrical>Lamps & Lightings>Light Bulbs>LED Light Bulbs,"Signify Holding Philips, LED Bulb, 564930, 40W, 5000K",BULB LED 40W 5000K,"Philips 564930 LED Bulb, 40 W, 5000 K",,"LED Bulb, 40 W, 5000 K",,,,,,,,,,,,,,,,,,,,,,,,,,,,Series,,,Wattage,40,W,Lumens,,,Bulb Shape,,,Bulb Shape Code,,,Color Temperature,5000,K,Light Appearance,,,Bulb Base,,,Bulb Base Code,,,Bulb Finish,,,Voltage Rating,,,Color Rendering Index (CRI),,,Bulb Designation,,,Average Life,,,Beam Angle,,,Incandescent Wattage Equivalent,,,Halogen Wattage Equivalent,,,Fluorescent Wattage Equivalent,,,HID Wattage Equivalent,,,Dimmable,,,Smart Compatible With,,,Diameter,,,Length,,,Energy Star Certified,,,Title 20 Compliant,,,Title 24 Compliant,,,Additional Information,,,,,,,,,,,,,,,,,,,,,,,,,,,,,,,,,,,,,,,,,,,,,,,,,,,,,,,,,,,,,,,,,,,,,,,,,,,,,,,,,,,,,,,,,,,,,,,,,,,,,,,,,,,,,,,,,,,,,,
,,,,,,,,,,,565000,565000 60W Led Med 27k 2pk,-- Unbranded --,-- No Unilog Brand --,Philips,Phillips Lighting (5831),Signify Holding,Philips,,565000,,Electrical>Lamps & Lightings>Light Bulbs>LED Light Bulbs,"Signify Holding Philips, LED Bulb, 565000, 60W, 2700K",BULB LED 60W 2700K,"Philips 565000 LED Bulb, 60 W, 2700 K",,"LED Bulb, 60 W, 2700 K",,,,,,,,,,,,,,,,,,,,,,,,,,,,Series,,,Wattage,60,W,Lumens,,,Bulb Shape,,,Bulb Shape Code,,,Color Temperature,2700,K,Light Appearance,,,Bulb Base,,,Bulb Base Code,,,Bulb Finish,,,Voltage Rating,,,Color Rendering Index (CRI),,,Bulb Designation,,,Average Life,,,Beam Angle,,,Incandescent Wattage Equivalent,,,Halogen Wattage Equivalent,,,Fluorescent Wattage Equivalent,,,HID Wattage Equivalent,,,Dimmable,,,Smart Compatible With,,,Diameter,,,Length,,,Energy Star Certified,,,Title 20 Compliant,,,Title 24 Compliant,,,Additional Information,,,,,,,,,,,,,,,,,,,,,,,,,,,,,,,,,,,,,,,,,,,,,,,,,,,,,,,,,,,,,,,,,,,,,,,,,,,,,,,,,,,,,,,,,,,,,,,,,,,,,,,,,,,,,,,,,,,,,,
,,,,,,,,,,,564922,564922 60W Led BA11 50k 3pk,-- Unbranded --,-- No Unilog Brand --,Philips,Phillips Lighting (5831),Signify Holding,Philips,,564922,,Electrical>Lamps & Lightings>Light Bulbs>LED Light Bulbs,"Signify Holding Philips, LED Bulb, 564922, 60W, 5000K",BULB LED 60W 5000K,"Philips 564922 LED Bulb, 60 W, 5000 K",,"LED Bulb, 60 W, 5000 K",,,,,,,,,,,,,,,,,,,,,,,,,,,,Series,,,Wattage,60,W,Lumens,,,Bulb Shape,,,Bulb Shape Code,,,Color Temperature,5000,K,Light Appearance,,,Bulb Base,,,Bulb Base Code,,,Bulb Finish,,,Voltage Rating,,,Color Rendering Index (CRI),,,Bulb Designation,,,Average Life,,,Beam Angle,,,Incandescent Wattage Equivalent,,,Halogen Wattage Equivalent,,,Fluorescent Wattage Equivalent,,,HID Wattage Equivalent,,,Dimmable,,,Smart Compatible With,,,Diameter,,,Length,,,Energy Star Certified,,,Title 20 Compliant,,,Title 24 Compliant,,,Additional Information,,,,,,,,,,,,,,,,,,,,,,,,,,,,,,,,,,,,,,,,,,,,,,,,,,,,,,,,,,,,,,,,,,,,,,,,,,,,,,,,,,,,,,,,,,,,,,,,,,,,,,,,,,,,,,,,,,,,,,
,,,,,,,,,,,573295,573295 40W Led Med 27k 2pk,-- Unbranded --,-- No Unilog Brand --,Philips,Phillips Lighting (5831),Signify Holding,Philips,,573295,,Electrical>Lamps & Lightings>Light Bulbs>LED Light Bulbs,"Signify Holding Philips, LED Bulb, 573295, 40W, 2700K",BULB LED 40W 2700K,"Philips 573295 LED Bulb, 40 W, 2700 K",,"LED Bulb, 40 W, 2700 K",,,,,,,,,,,,,,,,,,,,,,,,,,,,Series,,,Wattage,40,W,Lumens,,,Bulb Shape,,,Bulb Shape Code,,,Color Temperature,2700,K,Light Appearance,,,Bulb Base,,,Bulb Base Code,,,Bulb Finish,,,Voltage Rating,,,Color Rendering Index (CRI),,,Bulb Designation,,,Average Life,,,Beam Angle,,,Incandescent Wattage Equivalent,,,Halogen Wattage Equivalent,,,Fluorescent Wattage Equivalent,,,HID Wattage Equivalent,,,Dimmable,,,Smart Compatible With,,,Diameter,,,Length,,,Energy Star Certified,,,Title 20 Compliant,,,Title 24 Compliant,,,Additional Information,,,,,,,,,,,,,,,,,,,,,,,,,,,,,,,,,,,,,,,,,,,,,,,,,,,,,,,,,,,,,,,,,,,,,,,,,,,,,,,,,,,,,,,,,,,,,,,,,,,,,,,,,,,,,,,,,,,,,,
,,,,,,,,,,,564914,564914 60W Med Led 50k 2pk,-- Unbranded --,-- No Unilog Brand --,Philips,Phillips Lighting (5831),Signify Holding,Philips,,564914,,Electrical>Lamps & Lightings>Light Bulbs>LED Light Bulbs,"Signify Holding Philips, LED Bulb, 564914, 60W, 5000K",BULB LED 60W 5000K,"Philips 564914 LED Bulb, 60 W, 5000 K",,"LED Bulb, 60 W, 5000 K",,,,,,,,,,,,,,,,,,,,,,,,,,,,Series,,,Wattage,60,W,Lumens,,,Bulb Shape,,,Bulb Shape Code,,,Color Temperature,5000,K,Light Appearance,,,Bulb Base,,,Bulb Base Code,,,Bulb Finish,,,Voltage Rating,,,Color Rendering Index (CRI),,,Bulb Designation,,,Average Life,,,Beam Angle,,,Incandescent Wattage Equivalent,,,Halogen Wattage Equivalent,,,Fluorescent Wattage Equivalent,,,HID Wattage Equivalent,,,Dimmable,,,Smart Compatible With,,,Diameter,,,Length,,,Energy Star Certified,,,Title 20 Compliant,,,Title 24 Compliant,,,Additional Information,,,,,,,,,,,,,,,,,,,,,,,,,,,,,,,,,,,,,,,,,,,,,,,,,,,,,,,,,,,,,,,,,,,,,,,,,,,,,,,,,,,,,,,,,,,,,,,,,,,,,,,,,,,,,,,,,,,,,,
,,,,,,,,,,,573485,573485 60W Led A19 Med 50k 2pk,-- Unbranded --,-- No Unilog Brand --,Philips,Phillips Lighting (5831),Signify Holding,Philips,,573485,,Electrical>Lamps & Lightings>Light Bulbs>LED Light Bulbs,"Signify Holding Philips, LED Bulb, 573485, 60W, 5000K",BULB LED 60W 5000K,"Philips 573485 LED Bulb, 60 W, 5000 K",,"LED Bulb, 60 W, 5000 K",,,,,,,,,,,,,,,,,,,,,,,,,,,,Series,,,Wattage,60,W,Lumens,,,Bulb Shape,,,Bulb Shape Code,,,Color Temperature,5000,K,Light Appearance,,,Bulb Base,,,Bulb Base Code,,,Bulb Finish,,,Voltage Rating,,,Color Rendering Index (CRI),,,Bulb Designation,,,Average Life,,,Beam Angle,,,Incandescent Wattage Equivalent,,,Halogen Wattage Equivalent,,,Fluorescent Wattage Equivalent,,,HID Wattage Equivalent,,,Dimmable,,,Smart Compatible With,,,Diameter,,,Length,,,Energy Star Certified,,,Title 20 Compliant,,,Title 24 Compliant,,,Additional Information,,,,,,,,,,,,,,,,,,,,,,,,,,,,,,,,,,,,,,,,,,,,,,,,,,,,,,,,,,,,,,,,,,,,,,,,,,,,,,,,,,,,,,,,,,,,,,,,,,,,,,,,,,,,,,,,,,,,,,
,,,,,,,,,,,573337,573337 40W Led G25 Med 50k 2pk,-- Unbranded --,-- No Unilog Brand --,Philips,Phillips Lighting (5831),Signify Holding,Philips,,573337,,Electrical>Lamps & Lightings>Light Bulbs>LED Light Bulbs,"Signify Holding Philips, LED Bulb, 573337, 40W, 5000K",BULB LED 40W 5000K,"Philips 573337 LED Bulb, 40 W, 5000 K",,"LED Bulb, 40 W, 5000 K",,,,,,,,,,,,,,,,,,,,,,,,,,,,Series,,,Wattage,40,W,Lumens,,,Bulb Shape,,,Bulb Shape Code,,,Color Temperature,5000,K,Light Appearance,,,Bulb Base,,,Bulb Base Code,,,Bulb Finish,,,Voltage Rating,,,Color Rendering Index (CRI),,,Bulb Designation,,,Average Life,,,Beam Angle,,,Incandescent Wattage Equivalent,,,Halogen Wattage Equivalent,,,Fluorescent Wattage Equivalent,,,HID Wattage Equivalent,,,Dimmable,,,Smart Compatible With,,,Diameter,,,Length,,,Energy Star Certified,,,Title 20 Compliant,,,Title 24 Compliant,,,Additional Information,,,,,,,,,,,,,,,,,,,,,,,,,,,,,,,,,,,,,,,,,,,,,,,,,,,,,,,,,,,,,,,,,,,,,,,,,,,,,,,,,,,,,,,,,,,,,,,,,,,,,,,,,,,,,,,,,,,,,,
,,,,,,,,,,,544874,544874 32W Led T8 UBulb 40k,-- Unbranded --,-- No Unilog Brand --,Philips,Phillips Lighting (5831),Signify Holding,Philips,,544874,,Electrical>Lamps & Lightings>Light Bulbs>LED Light Bulbs,"Signify Holding Philips, LED Bulb, 544874, 32W, 4000K",BULB LED 32W 4000K,"Philips 544874 LED Bulb, 32 W, 4000 K",,"LED Bulb, 32 W, 4000 K",,,,,,,,,,,,,,,,,,,,,,,,,,,,Series,,,Wattage,32,W,Lumens,,,Bulb Shape,,,Bulb Shape Code,,,Color Temperature,4000,K,Light Appearance,,,Bulb Base,,,Bulb Base Code,,,Bulb Finish,,,Voltage Rating,,,Color Rendering Index (CRI),,,Bulb Designation,,,Average Life,,,Beam Angle,,,Incandescent Wattage Equivalent,,,Halogen Wattage Equivalent,,,Fluorescent Wattage Equivalent,,,HID Wattage Equivalent,,,Dimmable,,,Smart Compatible With,,,Diameter,,,Length,,,Energy Star Certified,,,Title 20 Compliant,,,Title 24 Compliant,,,Additional Information,,,,,,,,,,,,,,,,,,,,,,,,,,,,,,,,,,,,,,,,,,,,,,,,,,,,,,,,,,,,,,,,,,,,,,,,,,,,,,,,,,,,,,,,,,,,,,,,,,,,,,,,,,,,,,,,,,,,,,
,,,,,,,,,,,570846,570846 50W Led Med 22K 2pk,-- Unbranded --,-- No Unilog Brand --,Philips,Phillips Lighting (5831),Signify Holding,Philips,,570846,,Electrical>Lamps & Lightings>Light Bulbs>LED Light Bulbs,"Signify Holding Philips, LED Bulb, 570846, 50W, 2200K",BULB LED 50W 2200K,"Philips 570846 LED Bulb, 50 W, 2200 K",,"LED Bulb, 50 W, 2200 K",,,,,,,,,,,,,,,,,,,,,,,,,,,,Series,,,Wattage,50,W,Lumens,,,Bulb Shape,,,Bulb Shape Code,,,Color Temperature,2200,K,Light Appearance,,,Bulb Base,,,Bulb Base Code,,,Bulb Finish,,,Voltage Rating,,,Color Rendering Index (CRI),,,Bulb Designation,,,Average Life,,,Beam Angle,,,Incandescent Wattage Equivalent,,,Halogen Wattage Equivalent,,,Fluorescent Wattage Equivalent,,,HID Wattage Equivalent,,,Dimmable,,,Smart Compatible With,,,Diameter,,,Length,,,Energy Star Certified,,,Title 20 Compliant,,,Title 24 Compliant,,,Additional Information,,,,,,,,,,,,,,,,,,,,,,,,,,,,,,,,,,,,,,,,,,,,,,,,,,,,,,,,,,,,,,,,,,,,,,,,,,,,,,,,,,,,,,,,,,,,,,,,,,,,,,,,,,,,,,,,,,,,,,
,,,,,,,,,,,565473,565473 60W Led A19 Bulb 2pk,-- Unbranded --,-- No Unilog Brand --,Philips,Phillips Lighting (5831),Signify Holding,Philips,,565473,,Electrical>Lamps & Lightings>Light Bulbs>LED Light Bulbs,"Signify Holding Philips, LED Bulb, 565473, 60W",BULB LED 60W,"Philips 565473 LED Bulb, 60 W",,"LED Bulb, 60 W",,,,,,,,,,,,,,,,,,,,,,,,,,,,Series,,,Wattage,60,W,Lumens,,,Bulb Shape,,,Bulb Shape Code,,,Color Temperature,,,Light Appearance,,,Bulb Base,,,Bulb Base Code,,,Bulb Finish,,,Voltage Rating,,,Color Rendering Index (CRI),,,Bulb Designation,,,Average Life,,,Beam Angle,,,Incandescent Wattage Equivalent,,,Halogen Wattage Equivalent,,,Fluorescent Wattage Equivalent,,,HID Wattage Equivalent,,,Dimmable,,,Smart Compatible With,,,Diameter,,,Length,,,Energy Star Certified,,,Title 20 Compliant,,,Title 24 Compliant,,,Additional Information,,,,,,,,,,,,,,,,,,,,,,,,,,,,,,,,,,,,,,,,,,,,,,,,,,,,,,,,,,,,,,,,,,,,,,,,,,,,,,,,,,,,,,,,,,,,,,,,,,,,,,,,,,,,,,,,,,,,,,
,,,,,,,,,,,573402,573402 60W Led Med 50k 2pk,-- Unbranded --,-- No Unilog Brand --,Philips,Phillips Lighting (5831),Signify Holding,Philips,,573402,,Electrical>Lamps & Lightings>Light Bulbs>LED Light Bulbs,"Signify Holding Philips, LED Bulb, 573402, 60W, 5000K",BULB LED 60W 5000K,"Philips 573402 LED Bulb, 60 W, 5000 K",,"LED Bulb, 60 W, 5000 K",,,,,,,,,,,,,,,,,,,,,,,,,,,,Series,,,Wattage,60,W,Lumens,,,Bulb Shape,,,Bulb Shape Code,,,Color Temperature,5000,K,Light Appearance,,,Bulb Base,,,Bulb Base Code,,,Bulb Finish,,,Voltage Rating,,,Color Rendering Index (CRI),,,Bulb Designation,,,Average Life,,,Beam Angle,,,Incandescent Wattage Equivalent,,,Halogen Wattage Equivalent,,,Fluorescent Wattage Equivalent,,,HID Wattage Equivalent,,,Dimmable,,,Smart Compatible With,,,Diameter,,,Length,,,Energy Star Certified,,,Title 20 Compliant,,,Title 24 Compliant,,,Additional Information,,,,,,,,,,,,,,,,,,,,,,,,,,,,,,,,,,,,,,,,,,,,,,,,,,,,,,,,,,,,,,,,,,,,,,,,,,,,,,,,,,,,,,,,,,,,,,,,,,,,,,,,,,,,,,,,,,,,,,
,,,,,,,,,,,573352,573352 40W Led Med 27k 2pk,-- Unbranded --,-- No Unilog Brand --,Philips,Phillips Lighting (5831),Signify Holding,Philips,,573352,,Electrical>Lamps & Lightings>Light Bulbs>LED Light Bulbs,"Signify Holding Philips, LED Bulb, 573352, 40W, 2700K",BULB LED 40W 2700K,"Philips 573352 LED Bulb, 40 W, 2700 K",,"LED Bulb, 40 W, 2700 K",,,,,,,,,,,,,,,,,,,,,,,,,,,,Series,,,Wattage,40,W,Lumens,,,Bulb Shape,,,Bulb Shape Code,,,Color Temperature,2700,K,Light Appearance,,,Bulb Base,,,Bulb Base Code,,,Bulb Finish,,,Voltage Rating,,,Color Rendering Index (CRI),,,Bulb Designation,,,Average Life,,,Beam Angle,,,Incandescent Wattage Equivalent,,,Halogen Wattage Equivalent,,,Fluorescent Wattage Equivalent,,,HID Wattage Equivalent,,,Dimmable,,,Smart Compatible With,,,Diameter,,,Length,,,Energy Star Certified,,,Title 20 Compliant,,,Title 24 Compliant,,,Additional Information,,,,,,,,,,,,,,,,,,,,,,,,,,,,,,,,,,,,,,,,,,,,,,,,,,,,,,,,,,,,,,,,,,,,,,,,,,,,,,,,,,,,,,,,,,,,,,,,,,,,,,,,,,,,,,,,,,,,,,
,,,,,,,,,,,573428,573428 40W Med Led 50k 2pk,-- Unbranded --,-- No Unilog Brand --,Philips,Phillips Lighting (5831),Signify Holding,Philips,,573428,,Electrical>Lamps & Lightings>Light Bulbs>LED Light Bulbs,"Signify Holding Philips, LED Bulb, 573428, 40W, 5000K",BULB LED 40W 5000K,"Philips 573428 LED Bulb, 40 W, 5000 K",,"LED Bulb, 40 W, 5000 K",,,,,,,,,,,,,,,,,,,,,,,,,,,,Series,,,Wattage,40,W,Lumens,,,Bulb Shape,,,Bulb Shape Code,,,Color Temperature,5000,K,Light Appearance,,,Bulb Base,,,Bulb Base Code,,,Bulb Finish,,,Voltage Rating,,,Color Rendering Index (CRI),,,Bulb Designation,,,Average Life,,,Beam Angle,,,Incandescent Wattage Equivalent,,,Halogen Wattage Equivalent,,,Fluorescent Wattage Equivalent,,,HID Wattage Equivalent,,,Dimmable,,,Smart Compatible With,,,Diameter,,,Length,,,Energy Star Certified,,,Title 20 Compliant,,,Title 24 Compliant,,,Additional Information,,,,,,,,,,,,,,,,,,,,,,,,,,,,,,,,,,,,,,,,,,,,,,,,,,,,,,,,,,,,,,,,,,,,,,,,,,,,,,,,,,,,,,,,,,,,,,,,,,,,,,,,,,,,,,,,,,,,,,
,,,,,,,,,,,573386,573386 60W Led Med 27k 2pk,-- Unbranded --,-- No Unilog Brand --,Philips,Phillips Lighting (5831),Signify Holding,Philips,,573386,,Electrical>Lamps & Lightings>Light Bulbs>LED Light Bulbs,"Signify Holding Philips, LED Bulb, 573386, 60W, 2700K",BULB LED 60W 2700K,"Philips 573386 LED Bulb, 60 W, 2700 K",,"LED Bulb, 60 W, 2700 K",,,,,,,,,,,,,,,,,,,,,,,,,,,,Series,,,Wattage,60,W,Lumens,,,Bulb Shape,,,Bulb Shape Code,,,Color Temperature,2700,K,Light Appearance,,,Bulb Base,,,Bulb Base Code,,,Bulb Finish,,,Voltage Rating,,,Color Rendering Index (CRI),,,Bulb Designation,,,Average Life,,,Beam Angle,,,Incandescent Wattage Equivalent,,,Halogen Wattage Equivalent,,,Fluorescent Wattage Equivalent,,,HID Wattage Equivalent,,,Dimmable,,,Smart Compatible With,,,Diameter,,,Length,,,Energy Star Certified,,,Title 20 Compliant,,,Title 24 Compliant,,,Additional Information,,,,,,,,,,,,,,,,,,,,,,,,,,,,,,,,,,,,,,,,,,,,,,,,,,,,,,,,,,,,,,,,,,,,,,,,,,,,,,,,,,,,,,,,,,,,,,,,,,,,,,,,,,,,,,,,,,,,,,
,,,,,,,,,,,564948,564948 40W Led Med 50k 3pk,-- Unbranded --,-- No Unilog Brand --,Philips,Phillips Lighting (5831),Signify Holding,Philips,,564948,,Electrical>Lamps & Lightings>Light Bulbs>LED Light Bulbs,"Signify Holding Philips, LED Bulb, 564948, 40W, 5000K",BULB LED 40W 5000K,"Philips 564948 LED Bulb, 40 W, 5000 K",,"LED Bulb, 40 W, 5000 K",,,,,,,,,,,,,,,,,,,,,,,,,,,,Series,,,Wattage,40,W,Lumens,,,Bulb Shape,,,Bulb Shape Code,,,Color Temperature,5000,K,Light Appearance,,,Bulb Base,,,Bulb Base Code,,,Bulb Finish,,,Voltage Rating,,,Color Rendering Index (CRI),,,Bulb Designation,,,Average Life,,,Beam Angle,,,Incandescent Wattage Equivalent,,,Halogen Wattage Equivalent,,,Fluorescent Wattage Equivalent,,,HID Wattage Equivalent,,,Dimmable,,,Smart Compatible With,,,Diameter,,,Length,,,Energy Star Certified,,,Title 20 Compliant,,,Title 24 Compliant,,,Additional Information,,,,,,,,,,,,,,,,,,,,,,,,,,,,,,,,,,,,,,,,,,,,,,,,,,,,,,,,,,,,,,,,,,,,,,,,,,,,,,,,,,,,,,,,,,,,,,,,,,,,,,,,,,,,,,,,,,,,,,
,,,,,,,,,,,573303,573303 40W Led Cand 27k 2pk,-- Unbranded --,-- No Unilog Brand --,Philips,Phillips Lighting (5831),Signify Holding,Philips,,573303,,Electrical>Lamps & Lightings>Light Bulbs>LED Light Bulbs,"Signify Holding Philips, LED Bulb, 573303, 40W, 2700K",BULB LED 40W 2700K,"Philips 573303 LED Bulb, 40 W, 2700 K",,"LED Bulb, 40 W, 2700 K",,,,,,,,,,,,,,,,,,,,,,,,,,,,Series,,,Wattage,40,W,Lumens,,,Bulb Shape,,,Bulb Shape Code,,,Color Temperature,2700,K,Light Appearance,,,Bulb Base,,,Bulb Base Code,,,Bulb Finish,,,Voltage Rating,,,Color Rendering Index (CRI),,,Bulb Designation,,,Average Life,,,Beam Angle,,,Incandescent Wattage Equivalent,,,Halogen Wattage Equivalent,,,Fluorescent Wattage Equivalent,,,HID Wattage Equivalent,,,Dimmable,,,Smart Compatible With,,,Diameter,,,Length,,,Energy Star Certified,,,Title 20 Compliant,,,Title 24 Compliant,,,Additional Information,,,,,,,,,,,,,,,,,,,,,,,,,,,,,,,,,,,,,,,,,,,,,,,,,,,,,,,,,,,,,,,,,,,,,,,,,,,,,,,,,,,,,,,,,,,,,,,,,,,,,,,,,,,,,,,,,,,,,,
,,,,,,,,,,,573188,573188 250W Led Par38 Med 50k,-- Unbranded --,-- No Unilog Brand --,Philips,Phillips Lighting (5831),Signify Holding,Philips,,573188,,Electrical>Lamps & Lightings>Light Bulbs>LED Light Bulbs,"Signify Holding Philips, LED Bulb, 573188, 250W, 5000K",BULB LED 250W 5000K,"Philips 573188 LED Bulb, 250 W, 5000 K",,"LED Bulb, 250 W, 5000 K",,,,,,,,,,,,,,,,,,,,,,,,,,,,Series,,,Wattage,250,W,Lumens,,,Bulb Shape,,,Bulb Shape Code,,,Color Temperature,5000,K,Light Appearance,,,Bulb Base,,,Bulb Base Code,,,Bulb Finish,,,Voltage Rating,,,Color Rendering Index (CRI),,,Bulb Designation,,,Average Life,,,Beam Angle,,,Incandescent Wattage Equivalent,,,Halogen Wattage Equivalent,,,Fluorescent Wattage Equivalent,,,HID Wattage Equivalent,,,Dimmable,,,Smart Compatible With,,,Diameter,,,Length,,,Energy Star Certified,,,Title 20 Compliant,,,Title 24 Compliant,,,Additional Information,,,,,,,,,,,,,,,,,,,,,,,,,,,,,,,,,,,,,,,,,,,,,,,,,,,,,,,,,,,,,,,,,,,,,,,,,,,,,,,,,,,,,,,,,,,,,,,,,,,,,,,,,,,,,,,,,,,,,,
,,,,,,,,,,,573469,573469 40W Led A19 Med 50k 2pk,-- Unbranded --,-- No Unilog Brand --,Philips,Phillips Lighting (5831),Signify Holding,Philips,,573469,,Electrical>Lamps & Lightings>Light Bulbs>LED Light Bulbs,"Signify Holding Philips, LED Bulb, 573469, 40W, 5000K",BULB LED 40W 5000K,"Philips 573469 LED Bulb, 40 W, 5000 K",,"LED Bulb, 40 W, 5000 K",,,,,,,,,,,,,,,,,,,,,,,,,,,,Series,,,Wattage,40,W,Lumens,,,Bulb Shape,,,Bulb Shape Code,,,Color Temperature,5000,K,Light Appearance,,,Bulb Base,,,Bulb Base Code,,,Bulb Finish,,,Voltage Rating,,,Color Rendering Index (CRI),,,Bulb Designation,,,Average Life,,,Beam Angle,,,Incandescent Wattage Equivalent,,,Halogen Wattage Equivalent,,,Fluorescent Wattage Equivalent,,,HID Wattage Equivalent,,,Dimmable,,,Smart Compatible With,,,Diameter,,,Length,,,Energy Star Certified,,,Title 20 Compliant,,,Title 24 Compliant,,,Additional Information,,,,,,,,,,,,,,,,,,,,,,,,,,,,,,,,,,,,,,,,,,,,,,,,,,,,,,,,,,,,,,,,,,,,,,,,,,,,,,,,,,,,,,,,,,,,,,,,,,,,,,,,,,,,,,,,,,,,,,
,,,,,,,,,,,565671,565671 25W Led Med 20K,-- Unbranded --,-- No Unilog Brand --,Philips,Phillips Lighting (5831),Signify Holding,Philips,,565671,,Electrical>Lamps & Lightings>Light Bulbs>LED Light Bulbs,"Signify Holding Philips, LED Bulb, 565671, 25W, 2000K",BULB LED 25W 2000K,"Philips 565671 LED Bulb, 25 W, 2000 K",,"LED Bulb, 25 W, 2000 K",,,,,,,,,,,,,,,,,,,,,,,,,,,,Series,,,Wattage,25,W,Lumens,,,Bulb Shape,,,Bulb Shape Code,,,Color Temperature,2000,K,Light Appearance,,,Bulb Base,,,Bulb Base Code,,,Bulb Finish,,,Voltage Rating,,,Color Rendering Index (CRI),,,Bulb Designation,,,Average Life,,,Beam Angle,,,Incandescent Wattage Equivalent,,,Halogen Wattage Equivalent,,,Fluorescent Wattage Equivalent,,,HID Wattage Equivalent,,,Dimmable,,,Smart Compatible With,,,Diameter,,,Length,,,Energy Star Certified,,,Title 20 Compliant,,,Title 24 Compliant,,,Additional Information,,,,,,,,,,,,,,,,,,,,,,,,,,,,,,,,,,,,,,,,,,,,,,,,,,,,,,,,,,,,,,,,,,,,,,,,,,,,,,,,,,,,,,,,,,,,,,,,,,,,,,,,,,,,,,,,,,,,,,
,,,,,,,,,,,573204,573204 75W Led Par20 Med 50k,-- Unbranded --,-- No Unilog Brand --,Philips,Phillips Lighting (5831),Signify Holding,Philips,,573204,,Electrical>Lamps & Lightings>Light Bulbs>LED Light Bulbs,"Signify Holding Philips, LED Bulb, 573204, 75W, 5000K",BULB LED 75W 5000K,"Philips 573204 LED Bulb, 75 W, 5000 K",,"LED Bulb, 75 W, 5000 K",,,,,,,,,,,,,,,,,,,,,,,,,,,,Series,,,Wattage,75,W,Lumens,,,Bulb Shape,,,Bulb Shape Code,,,Color Temperature,5000,K,Light Appearance,,,Bulb Base,,,Bulb Base Code,,,Bulb Finish,,,Voltage Rating,,,Color Rendering Index (CRI),,,Bulb Designation,,,Average Life,,,Beam Angle,,,Incandescent Wattage Equivalent,,,Halogen Wattage Equivalent,,,Fluorescent Wattage Equivalent,,,HID Wattage Equivalent,,,Dimmable,,,Smart Compatible With,,,Diameter,,,Length,,,Energy Star Certified,,,Title 20 Compliant,,,Title 24 Compliant,,,Additional Information,,,,,,,,,,,,,,,,,,,,,,,,,,,,,,,,,,,,,,,,,,,,,,,,,,,,,,,,,,,,,,,,,,,,,,,,,,,,,,,,,,,,,,,,,,,,,,,,,,,,,,,,,,,,,,,,,,,,,,
,,,,,,,,,,,581199,581199 60W Led Med 2pk,-- Unbranded --,-- No Unilog Brand --,Philips,Phillips Lighting (5831),Signify Holding,Philips,,581199,,Electrical>Lamps & Lightings>Light Bulbs>LED Light Bulbs,"Signify Holding Philips, LED Bulb, 581199, 60W",BULB LED 60W,"Philips 581199 LED Bulb, 60 W",,"LED Bulb, 60 W",,,,,,,,,,,,,,,,,,,,,,,,,,,,Series,,,Wattage,60,W,Lumens,,,Bulb Shape,,,Bulb Shape Code,,,Color Temperature,,,Light Appearance,,,Bulb Base,,,Bulb Base Code,,,Bulb Finish,,,Voltage Rating,,,Color Rendering Index (CRI),,,Bulb Designation,,,Average Life,,,Beam Angle,,,Incandescent Wattage Equivalent,,,Halogen Wattage Equivalent,,,Fluorescent Wattage Equivalent,,,HID Wattage Equivalent,,,Dimmable,,,Smart Compatible With,,,Diameter,,,Length,,,Energy Star Certified,,,Title 20 Compliant,,,Title 24 Compliant,,,Additional Information,,,,,,,,,,,,,,,,,,,,,,,,,,,,,,,,,,,,,,,,,,,,,,,,,,,,,,,,,,,,,,,,,,,,,,,,,,,,,,,,,,,,,,,,,,,,,,,,,,,,,,,,,,,,,,,,,,,,,,
,,,,,,,,,,,565887,565887 60W Led Med 20k,-- Unbranded --,-- No Unilog Brand --,Philips,Phillips Lighting (5831),Signify Holding,Philips,,565887,,Electrical>Lamps & Lightings>Light Bulbs>LED Light Bulbs,"Signify Holding Philips, LED Bulb, 565887, 60W, 2000K",BULB LED 60W 2000K,"Philips 565887 LED Bulb, 60 W, 2000 K",,"LED Bulb, 60 W, 2000 K",,,,,,,,,,,,,,,,,,,,,,,,,,,,Series,,,Wattage,60,W,Lumens,,,Bulb Shape,,,Bulb Shape Code,,,Color Temperature,2000,K,Light Appearance,,,Bulb Base,,,Bulb Base Code,,,Bulb Finish,,,Voltage Rating,,,Color Rendering Index (CRI),,,Bulb Designation,,,Average Life,,,Beam Angle,,,Incandescent Wattage Equivalent,,,Halogen Wattage Equivalent,,,Fluorescent Wattage Equivalent,,,HID Wattage Equivalent,,,Dimmable,,,Smart Compatible With,,,Diameter,,,Length,,,Energy Star Certified,,,Title 20 Compliant,,,Title 24 Compliant,,,Additional Information,,,,,,,,,,,,,,,,,,,,,,,,,,,,,,,,,,,,,,,,,,,,,,,,,,,,,,,,,,,,,,,,,,,,,,,,,,,,,,,,,,,,,,,,,,,,,,,,,,,,,,,,,,,,,,,,,,,,,,
,,,,,,,,,,,586867,586867 60W Led Med 27K,-- Unbranded --,-- No Unilog Brand --,Philips,Phillips Lighting (5831),Signify Holding,Philips,,586867,,Electrical>Lamps & Lightings>Light Bulbs>LED Light Bulbs,"Signify Holding Philips, LED Bulb, 586867, 60W, 2700K",BULB LED 60W 2700K,"Philips 586867 LED Bulb, 60 W, 2700 K",,"LED Bulb, 60 W, 2700 K",,,,,,,,,,,,,,,,,,,,,,,,,,,,Series,,,Wattage,60,W,Lumens,,,Bulb Shape,,,Bulb Shape Code,,,Color Temperature,2700,K,Light Appearance,,,Bulb Base,,,Bulb Base Code,,,Bulb Finish,,,Voltage Rating,,,Color Rendering Index (CRI),,,Bulb Designation,,,Average Life,,,Beam Angle,,,Incandescent Wattage Equivalent,,,Halogen Wattage Equivalent,,,Fluorescent Wattage Equivalent,,,HID Wattage Equivalent,,,Dimmable,,,Smart Compatible With,,,Diameter,,,Length,,,Energy Star Certified,,,Title 20 Compliant,,,Title 24 Compliant,,,Additional Information,,,,,,,,,,,,,,,,,,,,,,,,,,,,,,,,,,,,,,,,,,,,,,,,,,,,,,,,,,,,,,,,,,,,,,,,,,,,,,,,,,,,,,,,,,,,,,,,,,,,,,,,,,,,,,,,,,,,,,
,,,,,,,,,,,568451,5686451 50W Led Med 50k 2pk,-- Unbranded --,-- No Unilog Brand --,Philips,Phillips Lighting (5831),Signify Holding,Philips,,568451,,Electrical>Lamps & Lightings>Light Bulbs>LED Light Bulbs,"Signify Holding Philips, LED Bulb, 568451, 50W, 5000K",BULB LED 50W 5000K,"Philips 568451 LED Bulb, 50 W, 5000 K",,"LED Bulb, 50 W, 5000 K",,,,,,,,,,,,,,,,,,,,,,,,,,,,Series,,,Wattage,50,W,Lumens,,,Bulb Shape,,,Bulb Shape Code,,,Color Temperature,5000,K,Light Appearance,,,Bulb Base,,,Bulb Base Code,,,Bulb Finish,,,Voltage Rating,,,Color Rendering Index (CRI),,,Bulb Designation,,,Average Life,,,Beam Angle,,,Incandescent Wattage Equivalent,,,Halogen Wattage Equivalent,,,Fluorescent Wattage Equivalent,,,HID Wattage Equivalent,,,Dimmable,,,Smart Compatible With,,,Diameter,,,Length,,,Energy Star Certified,,,Title 20 Compliant,,,Title 24 Compliant,,,Additional Information,,,,,,,,,,,,,,,,,,,,,,,,,,,,,,,,,,,,,,,,,,,,,,,,,,,,,,,,,,,,,,,,,,,,,,,,,,,,,,,,,,,,,,,,,,,,,,,,,,,,,,,,,,,,,,,,,,,,,,
,,,,,,,,,,,568444,568444 90W Led Par38 50k 2pk,-- Unbranded --,-- No Unilog Brand --,Philips,Phillips Lighting (5831),Signify Holding,Philips,,568444,,Electrical>Lamps & Lightings>Light Bulbs>LED Light Bulbs,"Signify Holding Philips, LED Bulb, 568444, 90W, 5000K",BULB LED 90W 5000K,"Philips 568444 LED Bulb, 90 W, 5000 K",,"LED Bulb, 90 W, 5000 K",,,,,,,,,,,,,,,,,,,,,,,,,,,,Series,,,Wattage,90,W,Lumens,,,Bulb Shape,,,Bulb Shape Code,,,Color Temperature,5000,K,Light Appearance,,,Bulb Base,,,Bulb Base Code,,,Bulb Finish,,,Voltage Rating,,,Color Rendering Index (CRI),,,Bulb Designation,,,Average Life,,,Beam Angle,,,Incandescent Wattage Equivalent,,,Halogen Wattage Equivalent,,,Fluorescent Wattage Equivalent,,,HID Wattage Equivalent,,,Dimmable,,,Smart Compatible With,,,Diameter,,,Length,,,Energy Star Certified,,,Title 20 Compliant,,,Title 24 Compliant,,,Additional Information,,,,,,,,,,,,,,,,,,,,,,,,,,,,,,,,,,,,,,,,,,,,,,,,,,,,,,,,,,,,,,,,,,,,,,,,,,,,,,,,,,,,,,,,,,,,,,,,,,,,,,,,,,,,,,,,,,,,,,
,,,,,,,,,,,573196,573196 75W Led Med 30K,-- Unbranded --,-- No Unilog Brand --,Philips,Phillips Lighting (5831),Signify Holding,Philips,,573196,,Electrical>Lamps & Lightings>Light Bulbs>LED Light Bulbs,"Signify Holding Philips, LED Bulb, 573196, 75W, 3000K",BULB LED 75W 3000K,"Philips 573196 LED Bulb, 75 W, 3000 K",,"LED Bulb, 75 W, 3000 K",,,,,,,,,,,,,,,,,,,,,,,,,,,,Series,,,Wattage,75,W,Lumens,,,Bulb Shape,,,Bulb Shape Code,,,Color Temperature,3000,K,Light Appearance,,,Bulb Base,,,Bulb Base Code,,,Bulb Finish,,,Voltage Rating,,,Color Rendering Index (CRI),,,Bulb Designation,,,Average Life,,,Beam Angle,,,Incandescent Wattage Equivalent,,,Halogen Wattage Equivalent,,,Fluorescent Wattage Equivalent,,,HID Wattage Equivalent,,,Dimmable,,,Smart Compatible With,,,Diameter,,,Length,,,Energy Star Certified,,,Title 20 Compliant,,,Title 24 Compliant,,,Additional Information,,,,,,,,,,,,,,,,,,,,,,,,,,,,,,,,,,,,,,,,,,,,,,,,,,,,,,,,,,,,,,,,,,,,,,,,,,,,,,,,,,,,,,,,,,,,,,,,,,,,,,,,,,,,,,,,,,,,,,
,,,,,,,,,,,564500,564500 75W Adj Base 50k 3pk,-- Unbranded --,-- No Unilog Brand --,Philips,Phillips Lighting (5831),Signify Holding,Philips,,564500,,Electrical>Lamps & Lightings>Light Bulbs>LED Light Bulbs,"Signify Holding Philips, LED Bulb, 564500, 75W, 5000K",BULB LED 75W 5000K,"Philips 564500 LED Bulb, 75 W, 5000 K",,"LED Bulb, 75 W, 5000 K",,,,,,,,,,,,,,,,,,,,,,,,,,,,Series,,,Wattage,75,W,Lumens,,,Bulb Shape,,,Bulb Shape Code,,,Color Temperature,5000,K,Light Appearance,,,Bulb Base,,,Bulb Base Code,,,Bulb Finish,,,Voltage Rating,,,Color Rendering Index (CRI),,,Bulb Designation,,,Average Life,,,Beam Angle,,,Incandescent Wattage Equivalent,,,Halogen Wattage Equivalent,,,Fluorescent Wattage Equivalent,,,HID Wattage Equivalent,,,Dimmable,,,Smart Compatible With,,,Diameter,,,Length,,,Energy Star Certified,,,Title 20 Compliant,,,Title 24 Compliant,,,Additional Information,,,,,,,,,,,,,,,,,,,,,,,,,,,,,,,,,,,,,,,,,,,,,,,,,,,,,,,,,,,,,,,,,,,,,,,,,,,,,,,,,,,,,,,,,,,,,,,,,,,,,,,,,,,,,,,,,,,,,,
,,,,,,,,,,,571513,571513 40/60/100 Led Med 27k,-- Unbranded --,-- No Unilog Brand --,Philips,Phillips Lighting (5831),Signify Holding,Philips,,571513,,Electrical>Lamps & Lightings>Light Bulbs>LED Light Bulbs,"Signify Holding Philips, LED Bulb, 571513, 2700K",BULB LED 2700K,"Philips 571513 LED Bulb, 2700 K",,"LED Bulb, 2700 K",,,,,,,,,,,,,,,,,,,,,,,,,,,,Series,,,Wattage,,,Lumens,,,Bulb Shape,,,Bulb Shape Code,,,Color Temperature,2700,K,Light Appearance,,,Bulb Base,,,Bulb Base Code,,,Bulb Finish,,,Voltage Rating,,,Color Rendering Index (CRI),,,Bulb Designation,,,Average Life,,,Beam Angle,,,Incandescent Wattage Equivalent,,,Halogen Wattage Equivalent,,,Fluorescent Wattage Equivalent,,,HID Wattage Equivalent,,,Dimmable,,,Smart Compatible With,,,Diameter,,,Length,,,Energy Star Certified,,,Title 20 Compliant,,,Title 24 Compliant,,,Additional Information,,,,,,,,,,,,,,,,,,,,,,,,,,,,,,,,,,,,,,,,,,,,,,,,,,,,,,,,,,,,,,,,,,,,,,,,,,,,,,,,,,,,,,,,,,,,,,,,,,,,,,,,,,,,,,,,,,,,,,
,,,,,,,,,,,588566,588566 40W Led Med 55k 3pk,-- Unbranded --,-- No Unilog Brand --,Philips,Phillips Lighting (5831),Signify Holding,Philips,,588566,,Electrical>Lamps & Lightings>Light Bulbs>LED Light Bulbs,"Signify Holding Philips, LED Bulb, 588566, 40W, 5500K",BULB LED 40W 5500K,"Philips 588566 LED Bulb, 40 W, 5500 K",,"LED Bulb, 40 W, 5500 K",,,,,,,,,,,,,,,,,,,,,,,,,,,,Series,,,Wattage,40,W,Lumens,,,Bulb Shape,,,Bulb Shape Code,,,Color Temperature,5500,K,Light Appearance,,,Bulb Base,,,Bulb Base Code,,,Bulb Finish,,,Voltage Rating,,,Color Rendering Index (CRI),,,Bulb Designation,,,Average Life,,,Beam Angle,,,Incandescent Wattage Equivalent,,,Halogen Wattage Equivalent,,,Fluorescent Wattage Equivalent,,,HID Wattage Equivalent,,,Dimmable,,,Smart Compatible With,,,Diameter,,,Length,,,Energy Star Certified,,,Title 20 Compliant,,,Title 24 Compliant,,,Additional Information,,,,,,,,,,,,,,,,,,,,,,,,,,,,,,,,,,,,,,,,,,,,,,,,,,,,,,,,,,,,,,,,,,,,,,,,,,,,,,,,,,,,,,,,,,,,,,,,,,,,,,,,,,,,,,,,,,,,,,
,,,,,,,,,,,565655,565655 25W Led A15 Med 20k,-- Unbranded --,-- No Unilog Brand --,Philips,Phillips Lighting (5831),Signify Holding,Philips,,565655,,Electrical>Lamps & Lightings>Light Bulbs>LED Light Bulbs,"Signify Holding Philips, LED Bulb, 565655, 25W, 2000K",BULB LED 25W 2000K,"Philips 565655 LED Bulb, 25 W, 2000 K",,"LED Bulb, 25 W, 2000 K",,,,,,,,,,,,,,,,,,,,,,,,,,,,Series,,,Wattage,25,W,Lumens,,,Bulb Shape,,,Bulb Shape Code,,,Color Temperature,2000,K,Light Appearance,,,Bulb Base,,,Bulb Base Code,,,Bulb Finish,,,Voltage Rating,,,Color Rendering Index (CRI),,,Bulb Designation,,,Average Life,,,Beam Angle,,,Incandescent Wattage Equivalent,,,Halogen Wattage Equivalent,,,Fluorescent Wattage Equivalent,,,HID Wattage Equivalent,,,Dimmable,,,Smart Compatible With,,,Diameter,,,Length,,,Energy Star Certified,,,Title 20 Compliant,,,Title 24 Compliant,,,Additional Information,,,,,,,,,,,,,,,,,,,,,,,,,,,,,,,,,,,,,,,,,,,,,,,,,,,,,,,,,,,,,,,,,,,,,,,,,,,,,,,,,,,,,,,,,,,,,,,,,,,,,,,,,,,,,,,,,,,,,,
,,,,,,,,,,,565812,565812 60W Med Led 50k,-- Unbranded --,-- No Unilog Brand --,Philips,Phillips Lighting (5831),Signify Holding,Philips,,565812,,Electrical>Lamps & Lightings>Light Bulbs>LED Light Bulbs,"Signify Holding Philips, LED Bulb, 565812, 60W, 5000K",BULB LED 60W 5000K,"Philips 565812 LED Bulb, 60 W, 5000 K",,"LED Bulb, 60 W, 5000 K",,,,,,,,,,,,,,,,,,,,,,,,,,,,Series,,,Wattage,60,W,Lumens,,,Bulb Shape,,,Bulb Shape Code,,,Color Temperature,5000,K,Light Appearance,,,Bulb Base,,,Bulb Base Code,,,Bulb Finish,,,Voltage Rating,,,Color Rendering Index (CRI),,,Bulb Designation,,,Average Life,,,Beam Angle,,,Incandescent Wattage Equivalent,,,Halogen Wattage Equivalent,,,Fluorescent Wattage Equivalent,,,HID Wattage Equivalent,,,Dimmable,,,Smart Compatible With,,,Diameter,,,Length,,,Energy Star Certified,,,Title 20 Compliant,,,Title 24 Compliant,,,Additional Information,,,,,,,,,,,,,,,,,,,,,,,,,,,,,,,,,,,,,,,,,,,,,,,,,,,,,,,,,,,,,,,,,,,,,,,,,,,,,,,,,,,,,,,,,,,,,,,,,,,,,,,,,,,,,,,,,,,,,,
,,,,,,,,,,,586917,586917 40W Led Cand 27K 2pk,-- Unbranded --,-- No Unilog Brand --,Philips,Phillips Lighting (5831),Signify Holding,Philips,,586917,,Electrical>Lamps & Lightings>Light Bulbs>LED Light Bulbs,"Signify Holding Philips, LED Bulb, 586917, 40W, 2700K",BULB LED 40W 2700K,"Philips 586917 LED Bulb, 40 W, 2700 K",,"LED Bulb, 40 W, 2700 K",,,,,,,,,,,,,,,,,,,,,,,,,,,,Series,,,Wattage,40,W,Lumens,,,Bulb Shape,,,Bulb Shape Code,,,Color Temperature,2700,K,Light Appearance,,,Bulb Base,,,Bulb Base Code,,,Bulb Finish,,,Voltage Rating,,,Color Rendering Index (CRI),,,Bulb Designation,,,Average Life,,,Beam Angle,,,Incandescent Wattage Equivalent,,,Halogen Wattage Equivalent,,,Fluorescent Wattage Equivalent,,,HID Wattage Equivalent,,,Dimmable,,,Smart Compatible With,,,Diameter,,,Length,,,Energy Star Certified,,,Title 20 Compliant,,,Title 24 Compliant,,,Additional Information,,,,,,,,,,,,,,,,,,,,,,,,,,,,,,,,,,,,,,,,,,,,,,,,,,,,,,,,,,,,,,,,,,,,,,,,,,,,,,,,,,,,,,,,,,,,,,,,,,,,,,,,,,,,,,,,,,,,,,
,,,,,,,,,,,46719,49719 Wall Light Motion Wh,-- Unbranded --,-- No Unilog Brand --,-- No DIB Brand --,Maxsa Innovations (MAXIN),,,,46719,,Electrical>Lamps & Lightings>Light Bulbs>LED Light Bulbs,"LED Bulb, 46719",BULB LED,46719 LED Bulb,,LED Bulb,,,,,,,,,,,,,,,,,,,,,,,,,,,,Series,,,Wattage,,,Lumens,,,Bulb Shape,,,Bulb Shape Code,,,Color Temperature,,,Light Appearance,,,Bulb Base,,,Bulb Base Code,,,Bulb Finish,,,Voltage Rating,,,Color Rendering Index (CRI),,,Bulb Designation,,,Average Life,,,Beam Angle,,,Incandescent Wattage Equivalent,,,Halogen Wattage Equivalent,,,Fluorescent Wattage Equivalent,,,HID Wattage Equivalent,,,Dimmable,,,Smart Compatible With,,,Diameter,,,Length,,,Energy Star Certified,,,Title 20 Compliant,,,Title 24 Compliant,,,Additional Information,,,,,,,,,,,,,,,,,,,,,,,,,,,,,,,,,,,,,,,,,,,,,,,,,,,,,,,,,,,,,,,,,,,,,,,,,,,,,,,,,,,,,,,,,,,,,,,,,,,,,,,,,,,,,,,,,,,,,,
,,,,,,,,,,,59061BSL,59061BSL Kichler Ext Wall Lt,-- Unbranded --,-- No Unilog Brand --,-- No DIB Brand --,Kichler Lighting (KICLI),The L.D. Kichler Co,,,59061BSL,,Building Materials>Doors & Windows>Exterior Doors>Patio Doors,"The L.D. Kichler Co, Patio Door, 59061BSL",PATIO DOOR,The L.D. Kichler Co 59061BSL Patio Door,,Patio Door,,,,,,,,,,,,,,,,,,,,,,,,,,,,Series,,,Door Width,,,Door Height,,,Door Thickness,,,Opening Width,,,Opening Height,,,Door Color,,,Door Finish,,,Door Material,,,Frame Material,,,Door Handing,,,Texture Type,,,Number of Panels/Lites,,,Panel Type,,,Glass Type,,,Core Type,,,Handle Type,,,Locking Type,,,Hinge Type,,,Paintable/Stainable,,,Additional Information,,,,,,,,,,,,,,,,,,,,,,,,,,,,,,,,,,,,,,,,,,,,,,,,,,,,,,,,,,,,,,,,,,,,,,,,,,,,,,,,,,,,,,,,,,,,,,,,,,,,,,,,,,,,,,,,,,,,,,,,,,,,,,,,,,,,,,,,
,,,,,,,,,,,59062BSL,59062BSL Kichler Ext Wall Lt,-- Unbranded --,-- No Unilog Brand --,-- No DIB Brand --,Kichler Lighting (KICLI),The L.D. Kichler Co,,,59062BSL,,Building Materials>Doors & Windows>Exterior Doors>Patio Doors,"The L.D. Kichler Co, Patio Door, 59062BSL",PATIO DOOR,The L.D. Kichler Co 59062BSL Patio Door,,Patio Door,,,,,,,,,,,,,,,,,,,,,,,,,,,,Series,,,Door Width,,,Door Height,,,Door Thickness,,,Opening Width,,,Opening Height,,,Door Color,,,Door Finish,,,Door Material,,,Frame Material,,,Door Handing,,,Texture Type,,,Number of Panels/Lites,,,Panel Type,,,Glass Type,,,Core Type,,,Handle Type,,,Locking Type,,,Hinge Type,,,Paintable/Stainable,,,Additional Information,,,,,,,,,,,,,,,,,,,,,,,,,,,,,,,,,,,,,,,,,,,,,,,,,,,,,,,,,,,,,,,,,,,,,,,,,,,,,,,,,,,,,,,,,,,,,,,,,,,,,,,,,,,,,,,,,,,,,,,,,,,,,,,,,,,,,,,,
,,,,,,,,,,,59124BKT,59124BKT Kichler Ext Wall Lt,-- Unbranded --,-- No Unilog Brand --,-- No DIB Brand --,Kichler Lighting (KICLI),The L.D. Kichler Co,,,59124BKT,,Building Materials>Doors & Windows>Exterior Doors>Patio Doors,"The L.D. Kichler Co, Patio Door, 59124BKT",PATIO DOOR,The L.D. Kichler Co 59124BKT Patio Door,,Patio Door,,,,,,,,,,,,,,,,,,,,,,,,,,,,Series,,,Door Width,,,Door Height,,,Door Thickness,,,Opening Width,,,Opening Height,,,Door Color,,,Door Finish,,,Door Material,,,Frame Material,,,Door Handing,,,Texture Type,,,Number of Panels/Lites,,,Panel Type,,,Glass Type,,,Core Type,,,Handle Type,,,Locking Type,,,Hinge Type,,,Paintable/Stainable,,,Additional Information,,,,,,,,,,,,,,,,,,,,,,,,,,,,,,,,,,,,,,,,,,,,,,,,,,,,,,,,,,,,,,,,,,,,,,,,,,,,,,,,,,,,,,,,,,,,,,,,,,,,,,,,,,,,,,,,,,,,,,,,,,,,,,,,,,,,,,,,
,,,,,,,,,,,59025BK,59025BK Kichler Post Lt,-- Unbranded --,-- No Unilog Brand --,-- No DIB Brand --,Kichler Lighting (KICLI),The L.D. Kichler Co,,,59025BK,,Electrical>Lamps & Lightings>Indoor Lighting>Surface-Mount Fixtures,"The L.D. Kichler Co, Surface-Mount Fixture, 59025BK",SURFACE-MOUNT FIXTURE,The L.D. Kichler Co 59025BK Surface-Mount Fixture,,Surface-Mount Fixture,,,,,,,,,,,,,,,,,,,,,,,,,,,,Collection,,,Fixture Wattage,,,Voltage Rating,,,Amperage Rating,,,Frequency Rating,,,Fixture Style,,,Fixture Shape,,,Bulb Type,,,Bulb Wattage,,,Bulb Base,,,Number of Bulbs,,,Lumens,,,Color Temperature,,,Color Rendering Index (CRI),,,Average Life,,,Dimmable/Non-Dimmable,,,Lens Type,,,Lens Material,,,Fixture Material,,,Fixture Finish,,,Backplate/Canopy Size,,,Enclosure Type,,,Dimensions,,,Bulb Included,,,Additional Information,,,,,,,,,,,,,,,,,,,,,,,,,,,,,,,,,,,,,,,,,,,,,,,,,,,,,,,,,,,,,,,,,,,,,,,,,,,,,,,,,,,,,,,,,,,,,,,,,,,,,,,,,,,,,,,,,,,,,,,,,,,,
,,,,,,,,,,,DCL183,Dewalt DCL183 Light - Rechargeable,-- Unbranded --,-- No Unilog Brand --,DEWALT,Black & Decker/dewlt (2585),Stanley Black & Decker,DEWALT,,DCL183,,Electrical>Lamps & Lightings>Indoor Lighting>Recessed Lighting>Recessed Lighting Fixtures,"Stanley Black & Decker, Recessed Lighting Fixture, DCL183",RECESSED LIGHTING FIXTURE,Stanley Black & Decker DCL183 Recessed Lighting Fixture,,Recessed Lighting Fixture,,,,,,,,,,,,,,,,,,,,,,,,,,,,Collection,,,Fixture Wattage,,,Voltage Rating,,,Amperage Rating,,,Frequency Rating,,,Fixture Style,,,Number of Bulbs,,,Bulb Type,,,Bulb Wattage,,,Bulb Base,,,Lumens,,,Color Temperature,,,Color Rendering Index (CRI),,,Dimmable/Non-Dimmable,,,Recessed Trim Type,,,Ceiling Opening Size,,,Lens Type,,,Lens Material,,,Fixture Material,,,Fixture Finish,,,Mounting Type,,,Enclosure Type,,,Dimensions,,,Bulb Included,,,Additional Information,,,,,,,,,,,,,,,,,,,,,,,,,,,,,,,,,,,,,,,,,,,,,,,,,,,,,,,,,,,,,,,,,,,,,,,,,,,,,,,,,,,,,,,,,,,,,,,,,,,,,,,,,,,,,,,,,,,,,,,,,,,,
,,,,,,,,,,,73020,73020 Nano Clip Light Bk,-- Unbranded --,-- No Unilog Brand --,-- No DIB Brand --,Streamlight (7277),,,,73020,,Electrical>Lamps & Lightings>Indoor Lighting>Recessed Lighting>Recessed Lighting Fixtures,"Recessed Lighting Fixture, 73020",RECESSED LIGHTING FIXTURE,73020 Recessed Lighting Fixture,,Recessed Lighting Fixture,,,,,,,,,,,,,,,,,,,,,,,,,,,,Collection,,,Fixture Wattage,,,Voltage Rating,,,Amperage Rating,,,Frequency Rating,,,Fixture Style,,,Number of Bulbs,,,Bulb Type,,,Bulb Wattage,,,Bulb Base,,,Lumens,,,Color Temperature,,,Color Rendering Index (CRI),,,Dimmable/Non-Dimmable,,,Recessed Trim Type,,,Ceiling Opening Size,,,Lens Type,,,Lens Material,,,Fixture Material,,,Fixture Finish,,,Mounting Type,,,Enclosure Type,,,Dimensions,,,Bulb Included,,,Additional Information,,,,,,,,,,,,,,,,,,,,,,,,,,,,,,,,,,,,,,,,,,,,,,,,,,,,,,,,,,,,,,,,,,,,,,,,,,,,,,,,,,,,,,,,,,,,,,,,,,,,,,,,,,,,,,,,,,,,,,,,,,,,
,,,,,,,,,,,NEB-FLT-1021,NEBFLT1021 Slyde King FlashLt,-- Unbranded --,-- No Unilog Brand --,-- No DIB Brand --,ACG Brands (1154),,,,NEB-FLT-1021,,,,,,,,,,,,,,,,,,,,,,,,,,,,,,,,,,,,,,,,,,,,,,,,,,,,,,,,,,,,,,,,,,,,,,,,,,,,,,,,,,,,,,,,,,,,,,,,,,,,,,,,,,,,,,,,,,,,,,,,,,,,,,,,,,,,,,,,,,,,,,,,,,,,,,,,,,,,,,,,,,,,,,,,,,,,,,,,,,,,,,,,,,,,,,,,,,,,,,,,,,,,,,,,,,,,,,,,,,,,,,,,,,,,,,,
,,,,,,,,,,,NEB-FLT-0053,NEBFLT0053 2600L Flash Light,-- Unbranded --,-- No Unilog Brand --,-- No DIB Brand --,ACG Brands (1154),,,,NEB-FLT-0053,,Electrical>Lamps & Lightings>Indoor Lighting>Recessed Lighting>Recessed Lighting Fixtures,"Recessed Lighting Fixture, NEB-FLT-0053",RECESSED LIGHTING FIXTURE,NEB-FLT-0053 Recessed Lighting Fixture,,Recessed Lighting Fixture,,,,,,,,,,,,,,,,,,,,,,,,,,,,Collection,,,Fixture Wattage,,,Voltage Rating,,,Amperage Rating,,,Frequency Rating,,,Fixture Style,,,Number of Bulbs,,,Bulb Type,,,Bulb Wattage,,,Bulb Base,,,Lumens,,,Color Temperature,,,Color Rendering Index (CRI),,,Dimmable/Non-Dimmable,,,Recessed Trim Type,,,Ceiling Opening Size,,,Lens Type,,,Lens Material,,,Fixture Material,,,Fixture Finish,,,Mounting Type,,,Enclosure Type,,,Dimensions,,,Bulb Included,,,Additional Information,,,,,,,,,,,,,,,,,,,,,,,,,,,,,,,,,,,,,,,,,,,,,,,,,,,,,,,,,,,,,,,,,,,,,,,,,,,,,,,,,,,,,,,,,,,,,,,,,,,,,,,,,,,,,,,,,,,,,,,,,,,,
,,,,,,,,,,,97708,97708 Police 800L Headlight,-- Unbranded --,-- No Unilog Brand --,Police Security,Police Security (9470),Police Security Flashlights,Police Security,,97708,,Electrical>Lamps & Lightings>Portable & Temporary Lightings>Headlamps,"Police Security Flashlights, Headlamp, 97708",HEADLAMP,Police Security Flashlights 97708 Headlamp,,Headlamp,,,,,,,,,,,,,,,,,,,,,,,,,,,,Series,,,Battery Size,,,Battery Type,,,Battery Capacity,,,Lamp Type,,,Lumens,,,Beam Type,,,Beam Distance,,,Body Material,,,Body Color,,,Strap Material,,,Number of Batteries,,,Battery Life,,,Run Time,,,Lamp Life,,,Width,,,Height,,,Depth,,,Additional Information,,,,,,,,,,,,,,,,,,,,,,,,,,,,,,,,,,,,,,,,,,,,,,,,,,,,,,,,,,,,,,,,,,,,,,,,,,,,,,,,,,,,,,,,,,,,,,,,,,,,,,,,,,,,,,,,,,,,,,,,,,,,,,,,,,,,,,,,,,,,,,
,,,,,,,,,,,WORK6000XLTPPLUG,6000L Twin Head Work Light,-- Unbranded --,-- No Unilog Brand --,Feit Electric,Feit Electric (3468),,Feit Electric,,WORK6000XLTPPLUG,,Tools & Equipment>Power Tools>Power Drills>Cordless Drills,"Cordless Drill, WORK6000XLTPPLUG",CORDLESS DRILL,WORK6000XLTPPLUG Cordless Drill,,Cordless Drill,,,,,,,,,,,,,,,,,,,,,,,,,,,,Series,,,Tool/Kit,,,Torque Rating,,,Chuck Size,,,Chuck Type,,,Chuck Material,,,Voltage Rating,,,Battery Type,,,Battery Capacity,,,Speed Rating,,,Speed Setting,,,Housing Material,,,Housing Color,,,Switch Type,,,Handle Type,,,Handle Material,,,Handle Color,,,Sound Level,,,Overall Length,,,Overall Width,,,Overall Depth,,,Additional Information,,,,,,,,,,,,,,,,,,,,,,,,,,,,,,,,,,,,,,,,,,,,,,,,,,,,,,,,,,,,,,,,,,,,,,,,,,,,,,,,,,,,,,,,,,,,,,,,,,,,,,,,,,,,,,,,,,,,,,,,,,,,,,,,,,,,,
,,,,,,,,,,,HOM2040M200PRB,HOM2040M200PRB 200A Load Cntr,-- Unbranded --,-- No Unilog Brand --,-- No DIB Brand --,Square D Con Prod Dv (6825),,,,HOM2040M200PRB,,,,,,,,,,,,,,,,,,,,,,,,,,,,,,,,,,,,,,,,,,,,,,,,,,,,,,,,,,,,,,,,,,,,,,,,,,,,,,,,,,,,,,,,,,,,,,,,,,,,,,,,,,,,,,,,,,,,,,,,,,,,,,,,,,,,,,,,,,,,,,,,,,,,,,,,,,,,,,,,,,,,,,,,,,,,,,,,,,,,,,,,,,,,,,,,,,,,,,,,,,,,,,,,,,,,,,,,,,,,,,,,,,,,,,,
,,,,,,,,,,,HOM3060L225PGC,HOM3060L225PGC 225 Load Center,-- Unbranded --,-- No Unilog Brand --,Square D,Square D Con Prod Dv (6825),,Square D,,HOM3060L225PGC,,Food Preparation Equipment & Supplies>Bar Supplies>Beverage & Wine Coolers>Beverage Coolers,"Beverage Cooler, HOM3060L225PGC",BEVERAGE COOLER,HOM3060L225PGC Beverage Cooler,,Beverage Cooler,,,,,,,,,,,,,,,,,,,,,,,,,,,,Series,,,Model,,,Capacity,,,Refrigerant Type,,,Compressor Location,,,HP Rating,,,Voltage Rating,,,Amperage Rating,,,Frequency Rating,,,Phase,,,Number of Sections,,,Number of Shelves,,,Door Type,,,Number of Doors,,,Temperature Rating,,,Caster Type,,,Material,,,Finish,,,Color,,,Height,,,Width,,,Depth,,,Additional Information,,,,,,,,,,,,,,,,,,,,,,,,,,,,,,,,,,,,,,,,,,,,,,,,,,,,,,,,,,,,,,,,,,,,,,,,,,,,,,,,,,,,,,,,,,,,,,,,,,,,,,,,,,,,,,,,,,,,,,,,,,,,,,,,,,
,,,,,,,,,,,QO612L100RBCP,QO612L100RBCP 100A Load Center,-- Unbranded --,-- No Unilog Brand --,Square D,Square D Con Prod Dv (6825),,Square D,,QO612L100RBCP,,Food Preparation Equipment & Supplies>Bar Supplies>Beverage & Wine Coolers>Beverage Coolers,"Beverage Cooler, QO612L100RBCP",BEVERAGE COOLER 100,QO612L100RBCP Beverage Cooler,,Beverage Cooler,,,,,,,,,,,,,,,,,,,,,,,,,,,,Series,,,Model,,,Capacity,,,Refrigerant Type,,,Compressor Location,,,HP Rating,,,Voltage Rating,,,Amperage Rating,100,A,Frequency Rating,,,Phase,,,Number of Sections,,,Number of Shelves,,,Door Type,,,Number of Doors,,,Temperature Rating,,,Caster Type,,,Material,,,Finish,,,Color,,,Height,,,Width,,,Depth,,,Additional Information,,,,,,,,,,,,,,,,,,,,,,,,,,,,,,,,,,,,,,,,,,,,,,,,,,,,,,,,,,,,,,,,,,,,,,,,,,,,,,,,,,,,,,,,,,,,,,,,,,,,,,,,,,,,,,,,,,,,,,,,,,,,,,,,,,
,,,,,,,,,,,13093005,4/0 Aluminum Entrance Cable (Linear Foot),-- Unbranded --,-- No Unilog Brand --,-- No DIB Brand --,Southwire/g Turner (6603),"Southwire Company, LLC",,,13093005,,Electrical>Wires & Cables>Building Wires>Service Entrance & Underground Cables,"Southwire Company, LLC, Service Entrance & Underground Cable, 13093005",SERVICE ENTRANCE & UNDERGROUND CABLE,"Southwire Company, LLC 13093005 Service Entrance & Underground Cable",,Service Entrance & Underground Cable,,,,,,,,,,,,,,,,,,,,,,,,,,,,Series,,,Voltage Rating,,,Amperage Rating,,,Frequency Rating,,,Number of Conductors,,,Conductor Type,,,Conductor Size,,,Material Standard,,,Conductor Material,,,Solid/Stranded,,,Insulation Thickness,,,Jacket Thickness,,,End Type,,,Strands,,,Resistance,,,Insulation Material,,,Jacket Material,,,Insulation Color,,,Jacket Color,,,Temperature Rating,,,Package Type,,,Outside Diameter,,,Length,,,Additional Information,,,,,,,,,,,,,,,,,,,,,,,,,,,,,,,,,,,,,,,,,,,,,,,,,,,,,,,,,,,,,,,,,,,,,,,,,,,,,,,,,,,,,,,,,,,,,,,,,,,,,,,,,,,,,,,,,,,,,,,,,,,,,,,
,,,,,,,,,,,12-4 SO,12-4 SO Cord (Linear Foot),-- Unbranded --,-- No Unilog Brand --,-- No DIB Brand --,-,,,,12-4 SO,,Electrical>Wires & Cables>Building Wires>Service Entrance & Underground Cables,"Service Entrance & Underground Cable, 12-4 SO",SERVICE ENTRANCE & UNDERGROUND CABLE,12-4 SO Service Entrance & Underground Cable,,Service Entrance & Underground Cable,,,,,,,,,,,,,,,,,,,,,,,,,,,,Series,,,Voltage Rating,,,Amperage Rating,,,Frequency Rating,,,Number of Conductors,,,Conductor Type,,,Conductor Size,,,Material Standard,,,Conductor Material,,,Solid/Stranded,,,Insulation Thickness,,,Jacket Thickness,,,End Type,,,Strands,,,Resistance,,,Insulation Material,,,Jacket Material,,,Insulation Color,,,Jacket Color,,,Temperature Rating,,,Package Type,,,Outside Diameter,,,Length,,,Additional Information,,,,,,,,,,,,,,,,,,,,,,,,,,,,,,,,,,,,,,,,,,,,,,,,,,,,,,,,,,,,,,,,,,,,,,,,,,,,,,,,,,,,,,,,,,,,,,,,,,,,,,,,,,,,,,,,,,,,,,,,,,,,,,,
,,,,,,,,,,,96263-46-06,96263-46-06 CAT5E Wire (Linear Foot),-- Unbranded --,-- No Unilog Brand --,-- No DIB Brand --,Woods Wire Southwire (7579),"Southwire Company, LLC",,,96263-46-06,,Electrical>Wires & Cables>Copper Data Cables,"Southwire Company, LLC, Copper Data Cable, 96263-46-06",COPPER DATA CABLE,"Southwire Company, LLC 96263-46-06 Copper Data Cable",,Copper Data Cable,,,,,,,,,,,,,,,,,,,,,,,,,,,,Series,,,Cable Category,,,Voltage Rating,,,Amperage Rating,,,Number of Conductors,,,Conductor Type,,,Conductor Size,,,Material Standard,,,Conductor Material,,,Solid/Stranded,,,Outside Diameter,,,Insulation Thickness,,,Jacket Thickness,,,Cross Sectional Area,,,Length,,,End Type,,,Strands,,,Plenum/Non-Plenum,,,Shielded/Unshielded,,,Resistance,,,Attenuation,,,Dielectric Strength,,,Bend Radius,,,Mutual Capacitance,,,Impedance,,,Bandwidth,,,Frequency Rating,,,Pulling Force,,,Insulation Material,,,Jacket Material,,,Insulation Color,,,Jacket Color,,,Temperature Rating,,,Package Type,,,Additional Information,,,,,,,,,,,,,,,,,,,,,,,,,,,,,,,,,,,,,,,,,,,,,,,,,,,,,,,,,,,,,,,,,,,,,,,,,,,,,,,,,,,,,,,,,,,,,,
,,,,,,,,,,,R50003-ID,16-2 Stranded Wire CL3 500' (Linear Foot),-- Unbranded --,-- No Unilog Brand --,-- No DIB Brand --,Southwire/g Turner (6603),"Southwire Company, LLC",,,R50003-ID,,Electrical>Wires & Cables>Copper Data Cables,"Southwire Company, LLC, Copper Data Cable, R50003-ID",COPPER DATA CABLE,"Southwire Company, LLC R50003-ID Copper Data Cable",,Copper Data Cable,,,,,,,,,,,,,,,,,,,,,,,,,,,,Series,,,Cable Category,,,Voltage Rating,,,Amperage Rating,,,Number of Conductors,,,Conductor Type,,,Conductor Size,,,Material Standard,,,Conductor Material,,,Solid/Stranded,,,Outside Diameter,,,Insulation Thickness,,,Jacket Thickness,,,Cross Sectional Area,,,Length,,,End Type,,,Strands,,,Plenum/Non-Plenum,,,Shielded/Unshielded,,,Resistance,,,Attenuation,,,Dielectric Strength,,,Bend Radius,,,Mutual Capacitance,,,Impedance,,,Bandwidth,,,Frequency Rating,,,Pulling Force,,,Insulation Material,,,Jacket Material,,,Insulation Color,,,Jacket Color,,,Temperature Rating,,,Package Type,,,Additional Information,,,,,,,,,,,,,,,,,,,,,,,,,,,,,,,,,,,,,,,,,,,,,,,,,,,,,,,,,,,,,,,,,,,,,,,,,,,,,,,,,,,,,,,,,,,,,,
,,,,,,,,,,,10-4 SO,10-4 SO Cord (Linear Foot),-- Unbranded --,-- No Unilog Brand --,-- No DIB Brand --,Southwire/g Turner (6603),"Southwire Company, LLC",,,10-4 SO,,Electrical>Wires & Cables>Building Wires>Service Entrance & Underground Cables,"Southwire Company, LLC, Service Entrance & Underground Cable, 10-4 SO",SERVICE ENTRANCE & UNDERGROUND CABLE,"Southwire Company, LLC 10-4 SO Service Entrance & Underground Cable",,Service Entrance & Underground Cable,,,,,,,,,,,,,,,,,,,,,,,,,,,,Series,,,Voltage Rating,,,Amperage Rating,,,Frequency Rating,,,Number of Conductors,,,Conductor Type,,,Conductor Size,,,Material Standard,,,Conductor Material,,,Solid/Stranded,,,Insulation Thickness,,,Jacket Thickness,,,End Type,,,Strands,,,Resistance,,,Insulation Material,,,Jacket Material,,,Insulation Color,,,Jacket Color,,,Temperature Rating,,,Package Type,,,Outside Diameter,,,Length,,,Additional Information,,,,,,,,,,,,,,,,,,,,,,,,,,,,,,,,,,,,,,,,,,,,,,,,,,,,,,,,,,,,,,,,,,,,,,,,,,,,,,,,,,,,,,,,,,,,,,,,,,,,,,,,,,,,,,,,,,,,,,,,,,,,,,,
,,,,,,,,,,,23346-0408,23346-0408 Wire 16/3 SJEWA 250 (Linear Foot),-- Unbranded --,-- No Unilog Brand --,-- No DIB Brand --,-,,,,23346-0408,,Electrical>Wires & Cables>Copper Data Cables,"Copper Data Cable, 23346-0408",COPPER DATA CABLE,23346-0408 Copper Data Cable,,Copper Data Cable,,,,,,,,,,,,,,,,,,,,,,,,,,,,Series,,,Cable Category,,,Voltage Rating,,,Amperage Rating,,,Number of Conductors,,,Conductor Type,,,Conductor Size,,,Material Standard,,,Conductor Material,,,Solid/Stranded,,,Outside Diameter,,,Insulation Thickness,,,Jacket Thickness,,,Cross Sectional Area,,,Length,,,End Type,,,Strands,,,Plenum/Non-Plenum,,,Shielded/Unshielded,,,Resistance,,,Attenuation,,,Dielectric Strength,,,Bend Radius,,,Mutual Capacitance,,,Impedance,,,Bandwidth,,,Frequency Rating,,,Pulling Force,,,Insulation Material,,,Jacket Material,,,Insulation Color,,,Jacket Color,,,Temperature Rating,,,Package Type,,,Additional Information,,,,,,,,,,,,,,,,,,,,,,,,,,,,,,,,,,,,,,,,,,,,,,,,,,,,,,,,,,,,,,,,,,,,,,,,,,,,,,,,,,,,,,,,,,,,,,
,,,,,,,,,,,2/2/4 UD ALUM,2/2/4 UD Aluminum Triplex Wire (Linear Foot),-- Unbranded --,-- No Unilog Brand --,-- No DIB Brand --,Southwire/g Turner (6603),"Southwire Company, LLC",,,2/2/4 UD ALUM,,Electrical>Wires & Cables>Building Wires>Service Entrance & Underground Cables,"Southwire Company, LLC, Service Entrance & Underground Cable, 2/2/4 UD ALUM",SERVICE ENTRANCE & UNDERGROUND CABLE,"Southwire Company, LLC 2/2/4 UD ALUM Service Entrance & Underground Cable",,Service Entrance & Underground Cable,,,,,,,,,,,,,,,,,,,,,,,,,,,,Series,,,Voltage Rating,,,Amperage Rating,,,Frequency Rating,,,Number of Conductors,,,Conductor Type,,,Conductor Size,,,Material Standard,,,Conductor Material,,,Solid/Stranded,,,Insulation Thickness,,,Jacket Thickness,,,End Type,,,Strands,,,Resistance,,,Insulation Material,,,Jacket Material,,,Insulation Color,,,Jacket Color,,,Temperature Rating,,,Package Type,,,Outside Diameter,,,Length,,,Additional Information,,,,,,,,,,,,,,,,,,,,,,,,,,,,,,,,,,,,,,,,,,,,,,,,,,,,,,,,,,,,,,,,,,,,,,,,,,,,,,,,,,,,,,,,,,,,,,,,,,,,,,,,,,,,,,,,,,,,,,,,,,,,,,,
,,,,,,,,,,,55418901,6/6/6 UD Triplex Aluminum Wire,-- Unbranded --,-- No Unilog Brand --,-- No DIB Brand --,Southwire/g Turner (6603),"Southwire Company, LLC",,,55418901,,Electrical>Wires & Cables>Building Wires>Service Entrance & Underground Cables,"Southwire Company, LLC, Service Entrance & Underground Cable, 55418901",SERVICE ENTRANCE & UNDERGROUND CABLE,"Southwire Company, LLC 55418901 Service Entrance & Underground Cable",,Service Entrance & Underground Cable,,,,,,,,,,,,,,,,,,,,,,,,,,,,Series,,,Voltage Rating,,,Amperage Rating,,,Frequency Rating,,,Number of Conductors,,,Conductor Type,,,Conductor Size,,,Material Standard,,,Conductor Material,,,Solid/Stranded,,,Insulation Thickness,,,Jacket Thickness,,,End Type,,,Strands,,,Resistance,,,Insulation Material,,,Jacket Material,,,Insulation Color,,,Jacket Color,,,Temperature Rating,,,Package Type,,,Outside Diameter,,,Length,,,Additional Information,,,,,,,,,,,,,,,,,,,,,,,,,,,,,,,,,,,,,,,,,,,,,,,,,,,,,,,,,,,,,,,,,,,,,,,,,,,,,,,,,,,,,,,,,,,,,,,,,,,,,,,,,,,,,,,,,,,,,,,,,,,,,,,
,,,,,,,,,,,CG50K,"CG50K 1/2"" Cord Grip Kit",-- Unbranded --,-- No Unilog Brand --,-- No DIB Brand --,Fenton Bros Electric Inc (FENBR),,,,CG50K,,Test & Measurement>Measuring & Layout Tools>Levels>Rotary & Straight Line Laser Levels,"Rotary & Straight Line Laser Level, CG50K",ROTARY & STRAIGHT LINE LASER LEVEL,CG50K Rotary & Straight Line Laser Level,,Rotary & Straight Line Laser Level,,,,,,,,,,,,,,,,,,,,,,,,,,,,Model,,,Size,,,Working Range with Detector,,,Working Range without Detector,,,Accuracy,,,Leveling Range,,,Laser Projection,,,Leveling Type,,,Thread Size,,,IP Rating,,,Power Source,,,Number of Lines,,,Number of Beams,,,Material,,,Finish,,,Laser Color,,,Dimensions,,,Temperature Rating,,,Additional Information,,,,,,,,,,,,,,,,,,,,,,,,,,,,,,,,,,,,,,,,,,,,,,,,,,,,,,,,,,,,,,,,,,,,,,,,,,,,,,,,,,,,,,,,,,,,,,,,,,,,,,,,,,,,,,,,,,,,,,,,,,,,,,,,,,,,,,,,,,,,,,
,,,,,,,,,,,R02-D215P-1RW,R02D215P1RW 15A Mini Outlet Wh,-- Unbranded --,-- No Unilog Brand --,Leviton,Leviton Mfg Co (4927),Leviton,Leviton,,R02-D215P-1RW,,Tools & Equipment>Hand Tools>Snips & Shears>Snips,"Leviton, Snip, R02-D215P-1RW",SNIP,Leviton R02-D215P-1RW Snip,,Snip,,,,,,,,,,,,,,,,,,,,,,,,,,,,Series,,,Snip Type,,,Cut Type,,,Maximum Sheet Thickness,,,Maximum Sheet Gauge,,,Length of Cut,,,Blade Type,,,Blade Material,,,Blade Finish,,,Handle Type,,,Handle Material,,,Handle Color,,,Overall Length,,,Cut Materials,,,Additional Information,,,,,,,,,,,,,,,,,,,,,,,,,,,,,,,,,,,,,,,,,,,,,,,,,,,,,,,,,,,,,,,,,,,,,,,,,,,,,,,,,,,,,,,,,,,,,,,,,,,,,,,,,,,,,,,,,,,,,,,,,,,,,,,,,,,,,,,,,,,,,,,,,,,,,,,,,,
,,,,,,,,,,,PBUC013,PBUC013 15A Wall Tap w/USB,-- Unbranded --,-- No Unilog Brand --,Prime,Prime Wire & Cable (3562),,Prime,,PBUC013,,Electrical>Wiring Devices>Straight Blade Devices>Receptacles & USB Ports,"Receptacles & USB Port, PBUC013",RECEPTACLES & USB PORT 15,PBUC013 Receptacles & USB Port,,Receptacles & USB Port,,,,,,,,,,,,,,,,,,,,,,,,,,,,Series,,,Model,,,Voltage Rating,,,Amperage Rating,15,A,HP Rating,,,Frequency Rating,,,Number of Poles,,,Phase,,,Number of Gangs,,,Number of Outlets,,,Outlet Type,,,Number of USB Ports,,,USB Type,,,USB Charging Capacity,,,Type of Indicators,,,Construction,,,Number of Conductors,,,Conductor Size,,,Terminal Type,,,Grounding,,,Short Circuit Rating,,,Dielectric Strength,,,Grade,,,NEMA Rating,,,IP Rating,,,Contact Material,,,Housing Material,,,Housing Color,,,Mounting Type,,,Temperature Rating,,,Length,,,Width,,,Height,,,Additional Information,,,,,,,,,,,,,,,,,,,,,,,,,,,,,,,,,,,,,,,,,,,,,,,,,,,,,,,,,,,,,,,,,,,,,,,,,,,,,,,,,,,,,,,,,,,,,,,,,
,,,,,,,,,,,R00-GFNT1-00K,R00GFNT100K 15A Outlet Br,-- Unbranded --,-- No Unilog Brand --,Leviton,Leviton Mfg Co (4927),Leviton,Leviton,,R00-GFNT1-00K,,Electrical>Wiring Devices>GFCI & AFCI Devices>GFCI & AFCI Receptacles,"Leviton, GFCI & AFCI Receptacle, R00-GFNT1-00K",GFCI & AFCI RECEPTACLE 15,Leviton R00-GFNT1-00K GFCI & AFCI Receptacle,,GFCI & AFCI Receptacle,,,,,,,,,,,,,,,,,,,,,,,,,,,,Series,,,Model,,,Voltage Rating,,,Amperage Rating,15,A,Frequency Rating,,,Phase,,,Power Rating,,,Interrupt Rating,,,Short Circuit Rating,,,Number of Poles,,,Number of Wires,,,Wire Size,,,Cord Diameter,,,Grounding,,,Enclosure Type,,,NEMA Rating,,,IP Rating,,,Dielectric Strength,,,Indicator Type,,,Mounting Type,,,Terminal Type,,,Connection Type,,,Body Material,,,Contact Material,,,Color,,,Temperature Rating,,,Length,,,Width,,,Height,,,Additional Information,,,,,,,,,,,,,,,,,,,,,,,,,,,,,,,,,,,,,,,,,,,,,,,,,,,,,,,,,,,,,,,,,,,,,,,,,,,,,,,,,,,,,,,,,,,,,,,,,,,,,,,,,,,,,
,,,,,,,,,,,R92-GFWT1-0KW,R92GFWT10KW 15A GFCI Outlet Wh,-- Unbranded --,-- No Unilog Brand --,Leviton,Leviton Mfg Co (4927),Leviton,Leviton,,R92-GFWT1-0KW,,Electrical>Wiring Devices>GFCI & AFCI Devices>GFCI & AFCI Receptacles,"Leviton, GFCI & AFCI Receptacle, R92-GFWT1-0KW",GFCI & AFCI RECEPTACLE 15,Leviton R92-GFWT1-0KW GFCI & AFCI Receptacle,,GFCI & AFCI Receptacle,,,,,,,,,,,,,,,,,,,,,,,,,,,,Series,,,Model,,,Voltage Rating,,,Amperage Rating,15,A,Frequency Rating,,,Phase,,,Power Rating,,,Interrupt Rating,,,Short Circuit Rating,,,Number of Poles,,,Number of Wires,,,Wire Size,,,Cord Diameter,,,Grounding,,,Enclosure Type,,,NEMA Rating,,,IP Rating,,,Dielectric Strength,,,Indicator Type,,,Mounting Type,,,Terminal Type,,,Connection Type,,,Body Material,,,Contact Material,,,Color,,,Temperature Rating,,,Length,,,Width,,,Height,,,Additional Information,,,,,,,,,,,,,,,,,,,,,,,,,,,,,,,,,,,,,,,,,,,,,,,,,,,,,,,,,,,,,,,,,,,,,,,,,,,,,,,,,,,,,,,,,,,,,,,,,,,,,,,,,,,,,
,,,,,,,,,,,R12-AGTR1-0KW,R12AGTR10KW 15A GFCI Outler Wh,-- Unbranded --,-- No Unilog Brand --,Leviton,Leviton Mfg Co (4927),Leviton,Leviton,,R12-AGTR1-0KW,,Electrical>Wiring Devices>GFCI & AFCI Devices>GFCI & AFCI Receptacles,"Leviton, GFCI & AFCI Receptacle, R12-AGTR1-0KW",GFCI & AFCI RECEPTACLE 15,Leviton R12-AGTR1-0KW GFCI & AFCI Receptacle,,GFCI & AFCI Receptacle,,,,,,,,,,,,,,,,,,,,,,,,,,,,Series,,,Model,,,Voltage Rating,,,Amperage Rating,15,A,Frequency Rating,,,Phase,,,Power Rating,,,Interrupt Rating,,,Short Circuit Rating,,,Number of Poles,,,Number of Wires,,,Wire Size,,,Cord Diameter,,,Grounding,,,Enclosure Type,,,NEMA Rating,,,IP Rating,,,Dielectric Strength,,,Indicator Type,,,Mounting Type,,,Terminal Type,,,Connection Type,,,Body Material,,,Contact Material,,,Color,,,Temperature Rating,,,Length,,,Width,,,Height,,,Additional Information,,,,,,,,,,,,,,,,,,,,,,,,,,,,,,,,,,,,,,,,,,,,,,,,,,,,,,,,,,,,,,,,,,,,,,,,,,,,,,,,,,,,,,,,,,,,,,,,,,,,,,,,,,,,,
,,,,,,,,,,,R62-GFTA1-0KW,R92GFTA10KW 15A GFCI Outlet Wh,-- Unbranded --,-- No Unilog Brand --,Leviton,Leviton Mfg Co (4927),Leviton,Leviton,,R62-GFTA1-0KW,,Electrical>Wiring Devices>GFCI & AFCI Devices>GFCI & AFCI Receptacles,"Leviton, GFCI & AFCI Receptacle, R62-GFTA1-0KW",GFCI & AFCI RECEPTACLE 15,Leviton R62-GFTA1-0KW GFCI & AFCI Receptacle,,GFCI & AFCI Receptacle,,,,,,,,,,,,,,,,,,,,,,,,,,,,Series,,,Model,,,Voltage Rating,,,Amperage Rating,15,A,Frequency Rating,,,Phase,,,Power Rating,,,Interrupt Rating,,,Short Circuit Rating,,,Number of Poles,,,Number of Wires,,,Wire Size,,,Cord Diameter,,,Grounding,,,Enclosure Type,,,NEMA Rating,,,IP Rating,,,Dielectric Strength,,,Indicator Type,,,Mounting Type,,,Terminal Type,,,Connection Type,,,Body Material,,,Contact Material,,,Color,,,Temperature Rating,,,Length,,,Width,,,Height,,,Additional Information,,,,,,,,,,,,,,,,,,,,,,,,,,,,,,,,,,,,,,,,,,,,,,,,,,,,,,,,,,,,,,,,,,,,,,,,,,,,,,,,,,,,,,,,,,,,,,,,,,,,,,,,,,,,,
,,,,,,,,,,,165-04729-00C,1650472900C 15A 125V Cord Conn,-- Unbranded --,-- No Unilog Brand --,Leviton,Leviton Mfg Co (4927),Leviton,Leviton,,165-04729-00C,,Electrical>Wiring Devices>GFCI & AFCI Devices>GFCI & AFCI Receptacles,"Leviton, GFCI & AFCI Receptacle, 165-04729-00C",GFCI & AFCI RECEPTACLE 125 15,Leviton 165-04729-00C GFCI & AFCI Receptacle,,GFCI & AFCI Receptacle,,,,,,,,,,,,,,,,,,,,,,,,,,,,Series,,,Model,,,Voltage Rating,125,V,Amperage Rating,15,A,Frequency Rating,,,Phase,,,Power Rating,,,Interrupt Rating,,,Short Circuit Rating,,,Number of Poles,,,Number of Wires,,,Wire Size,,,Cord Diameter,,,Grounding,,,Enclosure Type,,,NEMA Rating,,,IP Rating,,,Dielectric Strength,,,Indicator Type,,,Mounting Type,,,Terminal Type,,,Connection Type,,,Body Material,,,Contact Material,,,Color,,,Temperature Rating,,,Length,,,Width,,,Height,,,Additional Information,,,,,,,,,,,,,,,,,,,,,,,,,,,,,,,,,,,,,,,,,,,,,,,,,,,,,,,,,,,,,,,,,,,,,,,,,,,,,,,,,,,,,,,,,,,,,,,,,,,,,,,,,,,,,
,,,,,,,,,,,161-04720-00C,1610472000C 15A 125V Cord Conn,-- Unbranded --,-- No Unilog Brand --,Leviton,Leviton Mfg Co (4927),Leviton,Leviton,,161-04720-00C,,Electrical>Wiring Devices>GFCI & AFCI Devices>GFCI & AFCI Receptacles,"Leviton, GFCI & AFCI Receptacle, 161-04720-00C",GFCI & AFCI RECEPTACLE 125 15,Leviton 161-04720-00C GFCI & AFCI Receptacle,,GFCI & AFCI Receptacle,,,,,,,,,,,,,,,,,,,,,,,,,,,,Series,,,Model,,,Voltage Rating,125,V,Amperage Rating,15,A,Frequency Rating,,,Phase,,,Power Rating,,,Interrupt Rating,,,Short Circuit Rating,,,Number of Poles,,,Number of Wires,,,Wire Size,,,Cord Diameter,,,Grounding,,,Enclosure Type,,,NEMA Rating,,,IP Rating,,,Dielectric Strength,,,Indicator Type,,,Mounting Type,,,Terminal Type,,,Connection Type,,,Body Material,,,Contact Material,,,Color,,,Temperature Rating,,,Length,,,Width,,,Height,,,Additional Information,,,,,,,,,,,,,,,,,,,,,,,,,,,,,,,,,,,,,,,,,,,,,,,,,,,,,,,,,,,,,,,,,,,,,,,,,,,,,,,,,,,,,,,,,,,,,,,,,,,,,,,,,,,,,
,,,,,,,,,,,R02-GUAC1-0BW,R02GUAC10BW 15A/USB Outlet Wh,-- Unbranded --,-- No Unilog Brand --,Leviton,Leviton Mfg Co (4927),Leviton,Leviton,,R02-GUAC1-0BW,,Electrical>Wiring Devices>Straight Blade Devices>Receptacles & USB Ports,"Leviton, Receptacles & USB Port, R02-GUAC1-0BW",RECEPTACLES & USB PORT 15,Leviton R02-GUAC1-0BW Receptacles & USB Port,,Receptacles & USB Port,,,,,,,,,,,,,,,,,,,,,,,,,,,,Series,,,Model,,,Voltage Rating,,,Amperage Rating,15,A,HP Rating,,,Frequency Rating,,,Number of Poles,,,Phase,,,Number of Gangs,,,Number of Outlets,,,Outlet Type,,,Number of USB Ports,,,USB Type,,,USB Charging Capacity,,,Type of Indicators,,,Construction,,,Number of Conductors,,,Conductor Size,,,Terminal Type,,,Grounding,,,Short Circuit Rating,,,Dielectric Strength,,,Grade,,,NEMA Rating,,,IP Rating,,,Contact Material,,,Housing Material,,,Housing Color,,,Mounting Type,,,Temperature Rating,,,Length,,,Width,,,Height,,,Additional Information,,,,,,,,,,,,,,,,,,,,,,,,,,,,,,,,,,,,,,,,,,,,,,,,,,,,,,,,,,,,,,,,,,,,,,,,,,,,,,,,,,,,,,,,,,,,,,,,,
,,,,,,,,,,,R56-CBR15-00T,R56CBR1500T 15A Outlet LA,-- Unbranded --,-- No Unilog Brand --,Leviton,Leviton Mfg Co (4927),Leviton,Leviton,,R56-CBR15-00T,,Electrical>Wiring Devices>GFCI & AFCI Devices>GFCI & AFCI Receptacles,"Leviton, GFCI & AFCI Receptacle, R56-CBR15-00T",GFCI & AFCI RECEPTACLE 15,Leviton R56-CBR15-00T GFCI & AFCI Receptacle,,GFCI & AFCI Receptacle,,,,,,,,,,,,,,,,,,,,,,,,,,,,Series,,,Model,,,Voltage Rating,,,Amperage Rating,15,A,Frequency Rating,,,Phase,,,Power Rating,,,Interrupt Rating,,,Short Circuit Rating,,,Number of Poles,,,Number of Wires,,,Wire Size,,,Cord Diameter,,,Grounding,,,Enclosure Type,,,NEMA Rating,,,IP Rating,,,Dielectric Strength,,,Indicator Type,,,Mounting Type,,,Terminal Type,,,Connection Type,,,Body Material,,,Contact Material,,,Color,,,Temperature Rating,,,Length,,,Width,,,Height,,,Additional Information,,,,,,,,,,,,,,,,,,,,,,,,,,,,,,,,,,,,,,,,,,,,,,,,,,,,,,,,,,,,,,,,,,,,,,,,,,,,,,,,,,,,,,,,,,,,,,,,,,,,,,,,,,,,,
,,,,,,,,,,,R20-05378-P00,R2005378P00 6-50R Welder Outet,-- Unbranded --,-- No Unilog Brand --,Leviton,Leviton Mfg Co (4927),Leviton,Leviton,,R20-05378-P00,,Electrical>Wiring Devices>GFCI & AFCI Devices>GFCI & AFCI Receptacles,"Leviton, GFCI & AFCI Receptacle, R20-05378-P00",GFCI & AFCI RECEPTACLE,Leviton R20-05378-P00 GFCI & AFCI Receptacle,,GFCI & AFCI Receptacle,,,,,,,,,,,,,,,,,,,,,,,,,,,,Series,,,Model,,,Voltage Rating,,,Amperage Rating,,,Frequency Rating,,,Phase,,,Power Rating,,,Interrupt Rating,,,Short Circuit Rating,,,Number of Poles,,,Number of Wires,,,Wire Size,,,Cord Diameter,,,Grounding,,,Enclosure Type,,,NEMA Rating,,,IP Rating,,,Dielectric Strength,,,Indicator Type,,,Mounting Type,,,Terminal Type,,,Connection Type,,,Body Material,,,Contact Material,,,Color,,,Temperature Rating,,,Length,,,Width,,,Height,,,Additional Information,,,,,,,,,,,,,,,,,,,,,,,,,,,,,,,,,,,,,,,,,,,,,,,,,,,,,,,,,,,,,,,,,,,,,,,,,,,,,,,,,,,,,,,,,,,,,,,,,,,,,,,,,,,,,
,,,,,,,,,,,WC1V12W-SG-UPC,WC1V12WSGUPC 1G Cover Wh,-- Unbranded --,-- No Unilog Brand --,Southwire,Southwire/g Turner (6603),"Southwire Company, LLC",Southwire,,WC1V12W-SG-UPC,,Electrical>Boxes & Enclosures>Electrical Boxes & Covers>Electrical Box Covers,"Southwire Company, LLC, Electrical Box Cover, WC1V12W-SG-UPC",ELECTRICAL BOX COVER,"Southwire Company, LLC WC1V12W-SG-UPC Electrical Box Cover",,Electrical Box Cover,,,,,,,,,,,,,,,,,,,,,,,,,,,,Series,,,Cover Type,,,Box Type,,,Number of Gangs,,,Material,,,Finish,,,Color,,,Length,,,Width,,,Thickness,,,Additional Information,,,,,,,,,,,,,,,,,,,,,,,,,,,,,,,,,,,,,,,,,,,,,,,,,,,,,,,,,,,,,,,,,,,,,,,,,,,,,,,,,,,,,,,,,,,,,,,,,,,,,,,,,,,,,,,,,,,,,,,,,,,,,,,,,,,,,,,,,,,,,,,,,,,,,,,,,,,,,,,,,,,,,,
,,,,,,,,,,,R51-GSRA1-THD,R5GSRA1THD 15A GFCI Plug,-- Unbranded --,-- No Unilog Brand --,Leviton,Leviton Mfg Co (4927),Leviton,Leviton,,R51-GSRA1-THD,,Electrical>Wiring Devices>GFCI & AFCI Devices>GFCI & AFCI Receptacles,"Leviton, GFCI & AFCI Receptacle, R51-GSRA1-THD",GFCI & AFCI RECEPTACLE 15,Leviton R51-GSRA1-THD GFCI & AFCI Receptacle,,GFCI & AFCI Receptacle,,,,,,,,,,,,,,,,,,,,,,,,,,,,Series,,,Model,,,Voltage Rating,,,Amperage Rating,15,A,Frequency Rating,,,Phase,,,Power Rating,,,Interrupt Rating,,,Short Circuit Rating,,,Number of Poles,,,Number of Wires,,,Wire Size,,,Cord Diameter,,,Grounding,,,Enclosure Type,,,NEMA Rating,,,IP Rating,,,Dielectric Strength,,,Indicator Type,,,Mounting Type,,,Terminal Type,,,Connection Type,,,Body Material,,,Contact Material,,,Color,,,Temperature Rating,,,Length,,,Width,,,Height,,,Additional Information,,,,,,,,,,,,,,,,,,,,,,,,,,,,,,,,,,,,,,,,,,,,,,,,,,,,,,,,,,,,,,,,,,,,,,,,,,,,,,,,,,,,,,,,,,,,,,,,,,,,,,,,,,,,,
,,,,,,,,,,,R62-CBR15-00W,R62CBR1500W 15A Outlet Wh,-- Unbranded --,-- No Unilog Brand --,Leviton,Leviton Mfg Co (4927),Leviton,Leviton,,R62-CBR15-00W,,Electrical>Wiring Devices>GFCI & AFCI Devices>GFCI & AFCI Receptacles,"Leviton, GFCI & AFCI Receptacle, R62-CBR15-00W",GFCI & AFCI RECEPTACLE 15,Leviton R62-CBR15-00W GFCI & AFCI Receptacle,,GFCI & AFCI Receptacle,,,,,,,,,,,,,,,,,,,,,,,,,,,,Series,,,Model,,,Voltage Rating,,,Amperage Rating,15,A,Frequency Rating,,,Phase,,,Power Rating,,,Interrupt Rating,,,Short Circuit Rating,,,Number of Poles,,,Number of Wires,,,Wire Size,,,Cord Diameter,,,Grounding,,,Enclosure Type,,,NEMA Rating,,,IP Rating,,,Dielectric Strength,,,Indicator Type,,,Mounting Type,,,Terminal Type,,,Connection Type,,,Body Material,,,Contact Material,,,Color,,,Temperature Rating,,,Length,,,Width,,,Height,,,Additional Information,,,,,,,,,,,,,,,,,,,,,,,,,,,,,,,,,,,,,,,,,,,,,,,,,,,,,,,,,,,,,,,,,,,,,,,,,,,,,,,,,,,,,,,,,,,,,,,,,,,,,,,,,,,,,
,,,,,,,,,,,S03-05226-IS,S0305226IS IV Switch / Pilot,-- Unbranded --,-- No Unilog Brand --,Leviton,Leviton Mfg Co (4927),Leviton,Leviton,,S03-05226-IS,,Electrical>Wiring Devices>GFCI & AFCI Devices>GFCI & AFCI Receptacles,"Leviton, GFCI & AFCI Receptacle, S03-05226-IS",GFCI & AFCI RECEPTACLE,Leviton S03-05226-IS GFCI & AFCI Receptacle,,GFCI & AFCI Receptacle,,,,,,,,,,,,,,,,,,,,,,,,,,,,Series,,,Model,,,Voltage Rating,,,Amperage Rating,,,Frequency Rating,,,Phase,,,Power Rating,,,Interrupt Rating,,,Short Circuit Rating,,,Number of Poles,,,Number of Wires,,,Wire Size,,,Cord Diameter,,,Grounding,,,Enclosure Type,,,NEMA Rating,,,IP Rating,,,Dielectric Strength,,,Indicator Type,,,Mounting Type,,,Terminal Type,,,Connection Type,,,Body Material,,,Contact Material,,,Color,,,Temperature Rating,,,Length,,,Width,,,Height,,,Additional Information,,,,,,,,,,,,,,,,,,,,,,,,,,,,,,,,,,,,,,,,,,,,,,,,,,,,,,,,,,,,,,,,,,,,,,,,,,,,,,,,,,,,,,,,,,,,,,,,,,,,,,,,,,,,,
,,,,,,,,,,,174-0CSB3-15W,174-OCSB3-15A Toggle 3-Way Switch Wh,-- Unbranded --,-- No Unilog Brand --,-- No DIB Brand --,Leviton Mfg Co (4927),Leviton,,,174-0CSB3-15W,,Appliances & Consumer Electronics>Laundry Appliances>Gas Dryers,"Leviton, Gas Dryer, 174-0CSB3-15W",GAS DRYER,Leviton 174-0CSB3-15W Gas Dryer,,Gas Dryer,,,,,,,,,,,,,,,,,,,,,,,,,,,,Series,,,Model,,,Capacity,,,Rotational Speed,,,BTU Rating,,,Drum Type,,,Fuel Type,,,Depth With Door Open,,,Height With Lid Open,,,Number of Cycles,,,Number of Temperature Setting,,,Color,,,Dimensions,,,Additional Information,,,,,,,,,,,,,,,,,,,,,,,,,,,,,,,,,,,,,,,,,,,,,,,,,,,,,,,,,,,,,,,,,,,,,,,,,,,,,,,,,,,,,,,,,,,,,,,,,,,,,,,,,,,,,,,,,,,,,,,,,,,,,,,,,,,,,,,,,,,,,,,,,,,,,,,,,,,,,
,,,,,,,,,,,R50-0SL13-000,T50-0SL13000 1G Wallplate SS - Blank,-- Unbranded --,-- No Unilog Brand --,Leviton,Leviton Mfg Co (4927),Leviton,Leviton,,R50-0SL13-000,,Electrical>Batteries & Accessories>Battery Accessories>Battery Jump Starters,"Leviton, Battery Jump Starter, R50-0SL13-000",BATTERY JUMP STARTER,Leviton R50-0SL13-000 Battery Jump Starter,,Battery Jump Starter,,,,,,,,,,,,,,,,,,,,,,,,,,,,Series,,,Automatic/Manual,,,Battery Type,,,Battery Voltage,,,Battery Capacity,,,Input Voltage,,,Input Current,,,Charging Current,,,Peak Current,,,Maintaining Current,,,Cold Cranking Amperage Rating,,,Charger Type,,,Charge Time,,,Interface/Ports,,,Cable Gauge,,,Cable Length,,,Cable Clamp Type,,,Number of Batteries,,,Power Cord Length,,,Operating Temperature,,,Material,,,Color,,,Dimensions,,,Additional Information,,,,,,,,,,,,,,,,,,,,,,,,,,,,,,,,,,,,,,,,,,,,,,,,,,,,,,,,,,,,,,,,,,,,,,,,,,,,,,,,,,,,,,,,,,,,,,,,,,,,,,,,,,,,,,,,,,,,,,,,,,,,,,,
,,,,,,,,,,,R52-0PJ13-00W,R520PJ1300W 1G Wallplate Wh - Blank,-- Unbranded --,-- No Unilog Brand --,Leviton,Leviton Mfg Co (4927),Leviton,Leviton,,R52-0PJ13-00W,,Appliances & Consumer Electronics>Laundry Appliances>Gas Dryers,"Leviton, Gas Dryer, R52-0PJ13-00W",GAS DRYER,Leviton R52-0PJ13-00W Gas Dryer,,Gas Dryer,,,,,,,,,,,,,,,,,,,,,,,,,,,,Series,,,Model,,,Capacity,,,Rotational Speed,,,BTU Rating,,,Drum Type,,,Fuel Type,,,Depth With Door Open,,,Height With Lid Open,,,Number of Cycles,,,Number of Temperature Setting,,,Color,,,Dimensions,,,Additional Information,,,,,,,,,,,,,,,,,,,,,,,,,,,,,,,,,,,,,,,,,,,,,,,,,,,,,,,,,,,,,,,,,,,,,,,,,,,,,,,,,,,,,,,,,,,,,,,,,,,,,,,,,,,,,,,,,,,,,,,,,,,,,,,,,,,,,,,,,,,,,,,,,,,,,,,,,,,,,
,,,,,,,,,,,XOU2470BCGS,XOU2470BCGS Tall Beverage Center SS,-- Unbranded --,-- No Unilog Brand --,-- No DIB Brand --,Appliance Dealers Cooperative (APPDE),,,,XOU2470BCGS,,Food Preparation Equipment & Supplies>Bar Supplies>Beverage & Wine Coolers>Beverage Coolers,"Beverage Cooler, XOU2470BCGS",BEVERAGE COOLER,XOU2470BCGS Beverage Cooler,,Beverage Cooler,,,,,,,,,,,,,,,,,,,,,,,,,,,,Series,,,Model,,,Capacity,,,Refrigerant Type,,,Compressor Location,,,HP Rating,,,Voltage Rating,,,Amperage Rating,,,Frequency Rating,,,Phase,,,Number of Sections,,,Number of Shelves,,,Door Type,,,Number of Doors,,,Temperature Rating,,,Caster Type,,,Material,,,Finish,,,Color,,,Height,,,Width,,,Depth,,,Additional Information,,,,,,,,,,,,,,,,,,,,,,,,,,,,,,,,,,,,,,,,,,,,,,,,,,,,,,,,,,,,,,,,,,,,,,,,,,,,,,,,,,,,,,,,,,,,,,,,,,,,,,,,,,,,,,,,,,,,,,,,,,,,,,,,,,
,,,,,,,,,,,XOU24BCGSR,XOU24BCGSR Beverage Center SS,-- Unbranded --,-- No Unilog Brand --,-- No DIB Brand --,Appliance Dealers Cooperative (APPDE),,,,XOU24BCGSR,,Food Preparation Equipment & Supplies>Bar Supplies>Beverage & Wine Coolers>Beverage Coolers,"Beverage Cooler, XOU24BCGSR",BEVERAGE COOLER,XOU24BCGSR Beverage Cooler,,Beverage Cooler,,,,,,,,,,,,,,,,,,,,,,,,,,,,Series,,,Model,,,Capacity,,,Refrigerant Type,,,Compressor Location,,,HP Rating,,,Voltage Rating,,,Amperage Rating,,,Frequency Rating,,,Phase,,,Number of Sections,,,Number of Shelves,,,Door Type,,,Number of Doors,,,Temperature Rating,,,Caster Type,,,Material,,,Finish,,,Color,,,Height,,,Width,,,Depth,,,Additional Information,,,,,,,,,,,,,,,,,,,,,,,,,,,,,,,,,,,,,,,,,,,,,,,,,,,,,,,,,,,,,,,,,,,,,,,,,,,,,,,,,,,,,,,,,,,,,,,,,,,,,,,,,,,,,,,,,,,,,,,,,,,,,,,,,,
,,,,,,,,,,,XOU24WDZGBR,XOU24WDZGBR Beverage Center Bk,-- Unbranded --,-- No Unilog Brand --,-- No DIB Brand --,Appliance Dealers Cooperative (APPDE),,,,XOU24WDZGBR,,Food Preparation Equipment & Supplies>Bar Supplies>Beverage & Wine Coolers>Wine Coolers,"Wine Cooler, XOU24WDZGBR",WINE COOLER,XOU24WDZGBR Wine Cooler,,Wine Cooler,,,,,,,,,,,,,,,,,,,,,,,,,,,,Series,,,Model,,,Capacity,,,Refrigerant Type,,,Compressor Location,,,HP Rating,,,Voltage Rating,,,Amperage Rating,,,Frequency Rating,,,Phase,,,Number of Sections,,,Number of Shelves,,,Door Type,,,Number of Doors,,,Temperature Rating,,,Caster Type,,,Material,,,Finish,,,Color,,,Height,,,Width,,,Depth,,,Additional Information,,,,,,,,,,,,,,,,,,,,,,,,,,,,,,,,,,,,,,,,,,,,,,,,,,,,,,,,,,,,,,,,,,,,,,,,,,,,,,,,,,,,,,,,,,,,,,,,,,,,,,,,,,,,,,,,,,,,,,,,,,,,,,,,,,
,,,,,,,,,,,C7CDAAS3PD3,C7CDAAS3PD3 Café Drip Coffee Maker MB,-- Unbranded --,-- No Unilog Brand --,-- No DIB Brand --,Appliance Dealers Cooperative (APPDE),,,,C7CDAAS3PD3,,Food Preparation Equipment & Supplies>Food Equipment>Cooking Equipment>Induction Cooktops,"Induction Cooktop, C7CDAAS3PD3",INDUCTION COOKTOP,C7CDAAS3PD3 Induction Cooktop,,Induction Cooktop,,,,,,,,,,,,,,,,,,,,,,,,,,,,Series,,,Cooktop Surface Type,,,Burner Type,,,BTU Rating,,,Voltage Rating,,,Amperage Rating,,,Frequency Rating,,,Phase,,,Power Rating,,,Control Type,,,Control Location,,,Ignition Type,,,Fuel Type,,,Installation Type,,,Temperature Rating,,,Cooktop Width,,,Cooktop Depth,,,Number of Burners,,,Number of Elements,,,Number of Controls,,,Material,,,Color,,,Cutout Width,,,Cutout Height,,,Overall Width,,,Overall Height,,,Overall Depth,,,Additional Information,,,,,,,,,,,,,,,,,,,,,,,,,,,,,,,,,,,,,,,,,,,,,,,,,,,,,,,,,,,,,,,,,,,,,,,,,,,,,,,,,,,,,,,,,,,,,,,,,,,,,,,,,,,,,,,,,,,
,,,,,,,,,,,C7CDAAS4PW3,C7CDAAS4PW3 Café Drip Coffee Maker MW,-- Unbranded --,-- No Unilog Brand --,-- No DIB Brand --,Appliance Dealers Cooperative (APPDE),,,,C7CDAAS4PW3,,Food Preparation Equipment & Supplies>Food Equipment>Cooking Equipment>Induction Cooktops,"Induction Cooktop, C7CDAAS4PW3",INDUCTION COOKTOP,C7CDAAS4PW3 Induction Cooktop,,Induction Cooktop,,,,,,,,,,,,,,,,,,,,,,,,,,,,Series,,,Cooktop Surface Type,,,Burner Type,,,BTU Rating,,,Voltage Rating,,,Amperage Rating,,,Frequency Rating,,,Phase,,,Power Rating,,,Control Type,,,Control Location,,,Ignition Type,,,Fuel Type,,,Installation Type,,,Temperature Rating,,,Cooktop Width,,,Cooktop Depth,,,Number of Burners,,,Number of Elements,,,Number of Controls,,,Material,,,Color,,,Cutout Width,,,Cutout Height,,,Overall Width,,,Overall Height,,,Overall Depth,,,Additional Information,,,,,,,,,,,,,,,,,,,,,,,,,,,,,,,,,,,,,,,,,,,,,,,,,,,,,,,,,,,,,,,,,,,,,,,,,,,,,,,,,,,,,,,,,,,,,,,,,,,,,,,,,,,,,,,,,,,
,,,,,,,,,,,C7CDABS2RS3,C7CDABS2RS3 Cafe Coffee Maker,-- Unbranded --,-- No Unilog Brand --,-- No DIB Brand --,Appliance Dealers Cooperative (APPDE),,,,C7CDABS2RS3,,,,,,,,,,,,,,,,,,,,,,,,,,,,,,,,,,,,,,,,,,,,,,,,,,,,,,,,,,,,,,,,,,,,,,,,,,,,,,,,,,,,,,,,,,,,,,,,,,,,,,,,,,,,,,,,,,,,,,,,,,,,,,,,,,,,,,,,,,,,,,,,,,,,,,,,,,,,,,,,,,,,,,,,,,,,,,,,,,,,,,,,,,,,,,,,,,,,,,,,,,,,,,,,,,,,,,,,,,,,,,,,,,,,,,,
,,,,,,,,,,,C7CDABS3RD3,C7CDABS3RD3 Café Coffee Maker MB,-- Unbranded --,-- No Unilog Brand --,-- No DIB Brand --,Appliance Dealers Cooperative (APPDE),,,,C7CDABS3RD3,,Food Preparation Equipment & Supplies>Food Equipment>Cooking Equipment>Induction Cooktops,"Induction Cooktop, C7CDABS3RD3",INDUCTION COOKTOP,C7CDABS3RD3 Induction Cooktop,,Induction Cooktop,,,,,,,,,,,,,,,,,,,,,,,,,,,,Series,,,Cooktop Surface Type,,,Burner Type,,,BTU Rating,,,Voltage Rating,,,Amperage Rating,,,Frequency Rating,,,Phase,,,Power Rating,,,Control Type,,,Control Location,,,Ignition Type,,,Fuel Type,,,Installation Type,,,Temperature Rating,,,Cooktop Width,,,Cooktop Depth,,,Number of Burners,,,Number of Elements,,,Number of Controls,,,Material,,,Color,,,Cutout Width,,,Cutout Height,,,Overall Width,,,Overall Height,,,Overall Depth,,,Additional Information,,,,,,,,,,,,,,,,,,,,,,,,,,,,,,,,,,,,,,,,,,,,,,,,,,,,,,,,,,,,,,,,,,,,,,,,,,,,,,,,,,,,,,,,,,,,,,,,,,,,,,,,,,,,,,,,,,,
,,,,,,,,,,,C7CDABS4RW3,C7CDABS4RW3 Café Coffee Maker MW,-- Unbranded --,-- No Unilog Brand --,-- No DIB Brand --,Appliance Dealers Cooperative (APPDE),,,,C7CDABS4RW3,,Food Preparation Equipment & Supplies>Food Equipment>Cooking Equipment>Induction Cooktops,"Induction Cooktop, C7CDABS4RW3",INDUCTION COOKTOP,C7CDABS4RW3 Induction Cooktop,,Induction Cooktop,,,,,,,,,,,,,,,,,,,,,,,,,,,,Series,,,Cooktop Surface Type,,,Burner Type,,,BTU Rating,,,Voltage Rating,,,Amperage Rating,,,Frequency Rating,,,Phase,,,Power Rating,,,Control Type,,,Control Location,,,Ignition Type,,,Fuel Type,,,Installation Type,,,Temperature Rating,,,Cooktop Width,,,Cooktop Depth,,,Number of Burners,,,Number of Elements,,,Number of Controls,,,Material,,,Color,,,Cutout Width,,,Cutout Height,,,Overall Width,,,Overall Height,,,Overall Depth,,,Additional Information,,,,,,,,,,,,,,,,,,,,,,,,,,,,,,,,,,,,,,,,,,,,,,,,,,,,,,,,,,,,,,,,,,,,,,,,,,,,,,,,,,,,,,,,,,,,,,,,,,,,,,,,,,,,,,,,,,,
,,,,,,,,,,,C7CEBBS2RS3,C7CEBBS2RS3 Cafe Auto Espresso Machine SS,-- Unbranded --,-- No Unilog Brand --,-- No DIB Brand --,Appliance Dealers Cooperative (APPDE),,,,C7CEBBS2RS3,,Appliances & Consumer Electronics>Kitchen Appliances>Built-In Dishwashers,"Built-In Dishwasher, C7CEBBS2RS3",BUILT-IN DISHWASHER,C7CEBBS2RS3 Built-In Dishwasher,,Built-In Dishwasher,,,,,,,,,,,,,,,,,,,,,,,,,,,,Series,,,Model,,,Number of Wash Cycles,,,Voltage Rating,,,Amperage Rating,,,Mounting Type,,,Plug Type,,,Size,,,Depth With Door Open,,,Minimum Height,,,Maximum Height,,,Sound Level,,,Material,,,Color,,,Additional Information,,,,,,,,,,,,,,,,,,,,,,,,,,,,,,,,,,,,,,,,,,,,,,,,,,,,,,,,,,,,,,,,,,,,,,,,,,,,,,,,,,,,,,,,,,,,,,,,,,,,,,,,,,,,,,,,,,,,,,,,,,,,,,,,,,,,,,,,,,,,,,,,,,,,,,,,,,
,,,,,,,,,,,C7CEBBS4RW3,C7CEBBS4RW3 Café Auto Espresso Machine Wh,-- Unbranded --,-- No Unilog Brand --,-- No DIB Brand --,Appliance Dealers Cooperative (APPDE),,,,C7CEBBS4RW3,,Food Preparation Equipment & Supplies>Food Equipment>Cooking Equipment>Induction Cooktops,"Induction Cooktop, C7CEBBS4RW3",INDUCTION COOKTOP,C7CEBBS4RW3 Induction Cooktop,,Induction Cooktop,,,,,,,,,,,,,,,,,,,,,,,,,,,,Series,,,Cooktop Surface Type,,,Burner Type,,,BTU Rating,,,Voltage Rating,,,Amperage Rating,,,Frequency Rating,,,Phase,,,Power Rating,,,Control Type,,,Control Location,,,Ignition Type,,,Fuel Type,,,Installation Type,,,Temperature Rating,,,Cooktop Width,,,Cooktop Depth,,,Number of Burners,,,Number of Elements,,,Number of Controls,,,Material,,,Color,,,Cutout Width,,,Cutout Height,,,Overall Width,,,Overall Height,,,Overall Depth,,,Additional Information,,,,,,,,,,,,,,,,,,,,,,,,,,,,,,,,,,,,,,,,,,,,,,,,,,,,,,,,,,,,,,,,,,,,,,,,,,,,,,,,,,,,,,,,,,,,,,,,,,,,,,,,,,,,,,,,,,,
,,,,,,,,,,,C7CESAS2RS3,C7CESAS2RS3 Café Espresso SS,-- Unbranded --,-- No Unilog Brand --,-- No DIB Brand --,Appliance Dealers Cooperative (APPDE),,,,C7CESAS2RS3,,Food Preparation Equipment & Supplies>Food Equipment>Cooking Equipment>Induction Cooktops,"Induction Cooktop, C7CESAS2RS3",INDUCTION COOKTOP,C7CESAS2RS3 Induction Cooktop,,Induction Cooktop,,,,,,,,,,,,,,,,,,,,,,,,,,,,Series,,,Cooktop Surface Type,,,Burner Type,,,BTU Rating,,,Voltage Rating,,,Amperage Rating,,,Frequency Rating,,,Phase,,,Power Rating,,,Control Type,,,Control Location,,,Ignition Type,,,Fuel Type,,,Installation Type,,,Temperature Rating,,,Cooktop Width,,,Cooktop Depth,,,Number of Burners,,,Number of Elements,,,Number of Controls,,,Material,,,Color,,,Cutout Width,,,Cutout Height,,,Overall Width,,,Overall Height,,,Overall Depth,,,Additional Information,,,,,,,,,,,,,,,,,,,,,,,,,,,,,,,,,,,,,,,,,,,,,,,,,,,,,,,,,,,,,,,,,,,,,,,,,,,,,,,,,,,,,,,,,,,,,,,,,,,,,,,,,,,,,,,,,,,
,,,,,,,,,,,C7CESAS3RD3,C7CESAS3RD3 Café Espresso Machine MB,-- Unbranded --,-- No Unilog Brand --,-- No DIB Brand --,Appliance Dealers Cooperative (APPDE),,,,C7CESAS3RD3,,Food Preparation Equipment & Supplies>Food Equipment>Cooking Equipment>Induction Cooktops,"Induction Cooktop, C7CESAS3RD3",INDUCTION COOKTOP,C7CESAS3RD3 Induction Cooktop,,Induction Cooktop,,,,,,,,,,,,,,,,,,,,,,,,,,,,Series,,,Cooktop Surface Type,,,Burner Type,,,BTU Rating,,,Voltage Rating,,,Amperage Rating,,,Frequency Rating,,,Phase,,,Power Rating,,,Control Type,,,Control Location,,,Ignition Type,,,Fuel Type,,,Installation Type,,,Temperature Rating,,,Cooktop Width,,,Cooktop Depth,,,Number of Burners,,,Number of Elements,,,Number of Controls,,,Material,,,Color,,,Cutout Width,,,Cutout Height,,,Overall Width,,,Overall Height,,,Overall Depth,,,Additional Information,,,,,,,,,,,,,,,,,,,,,,,,,,,,,,,,,,,,,,,,,,,,,,,,,,,,,,,,,,,,,,,,,,,,,,,,,,,,,,,,,,,,,,,,,,,,,,,,,,,,,,,,,,,,,,,,,,,
,,,,,,,,,,,C7CESAS4RW3,C7CESAS4RW3 Cafe Espresso Wh,-- Unbranded --,-- No Unilog Brand --,-- No DIB Brand --,Appliance Dealers Cooperative (APPDE),,,,C7CESAS4RW3,,Appliances & Consumer Electronics>Laundry Appliances>Gas Dryers,"Gas Dryer, C7CESAS4RW3",GAS DRYER,C7CESAS4RW3 Gas Dryer,,Gas Dryer,,,,,,,,,,,,,,,,,,,,,,,,,,,,Series,,,Model,,,Capacity,,,Rotational Speed,,,BTU Rating,,,Drum Type,,,Fuel Type,,,Depth With Door Open,,,Height With Lid Open,,,Number of Cycles,,,Number of Temperature Setting,,,Color,,,Dimensions,,,Additional Information,,,,,,,,,,,,,,,,,,,,,,,,,,,,,,,,,,,,,,,,,,,,,,,,,,,,,,,,,,,,,,,,,,,,,,,,,,,,,,,,,,,,,,,,,,,,,,,,,,,,,,,,,,,,,,,,,,,,,,,,,,,,,,,,,,,,,,,,,,,,,,,,,,,,,,,,,,,,,
,,,,,,,,,,,WOSP30100SS,WOSP30100SS Beko Wall Oven SS,-- Unbranded --,-- No Unilog Brand --,-- No DIB Brand --,Appliance Dealers Cooperative (APPDE),,,,WOSP30100SS,,Food Preparation Equipment & Supplies>Food Equipment>Cooking Equipment>Built-In Microwaves,"Built-In Microwave, WOSP30100SS",BUILT-IN MICROWAVE,WOSP30100SS Built-In Microwave,,Built-In Microwave,,,,,,,,,,,,,,,,,,,,,,,,,,,,Series,,,Model,,,Capacity,,,Voltage Rating,,,Amperage Rating,,,Frequency Rating,,,Phase,,,Power Rating,,,HP Rating,,,Number of Power Levels,,,Maximum Cooking Time,,,Programmable,,,Cooking Stages,,,Display Type,,,Control Type,,,See-Through Door,,,Number of Racks,,,Interior Light Type,,,Temperature Rating,,,Material,,,Color,,,Interior Width,,,Interior Depth,,,Interior Height,,,Exterior Width,,,Exterior Depth,,,Exterior Height,,,Additional Information,,,,,,,,,,,,,,,,,,,,,,,,,,,,,,,,,,,,,,,,,,,,,,,,,,,,,,,,,,,,,,,,,,,,,,,,,,,,,,,,,,,,,,,,,,,,,,,,,,,,,,,,,,,,,,,,,,,
,,,,,,,,,,,MSER2090S,MSER2090S LG Microwave SS,-- Unbranded --,-- No Unilog Brand --,-- No DIB Brand --,Appliance Dealers Cooperative (APPDE),,,,MSER2090S,,Appliances & Consumer Electronics>Kitchen Appliances>Built-In Dishwashers,"Built-In Dishwasher, MSER2090S",BUILT-IN DISHWASHER,MSER2090S Built-In Dishwasher,,Built-In Dishwasher,,,,,,,,,,,,,,,,,,,,,,,,,,,,Series,,,Model,,,Number of Wash Cycles,,,Voltage Rating,,,Amperage Rating,,,Mounting Type,,,Plug Type,,,Size,,,Depth With Door Open,,,Minimum Height,,,Maximum Height,,,Sound Level,,,Material,,,Color,,,Additional Information,,,,,,,,,,,,,,,,,,,,,,,,,,,,,,,,,,,,,,,,,,,,,,,,,,,,,,,,,,,,,,,,,,,,,,,,,,,,,,,,,,,,,,,,,,,,,,,,,,,,,,,,,,,,,,,,,,,,,,,,,,,,,,,,,,,,,,,,,,,,,,,,,,,,,,,,,,
,,,,,,,,,,,GCST16S1WSS,GCST16S1WSS GE Microwave SS,-- Unbranded --,-- No Unilog Brand --,-- No DIB Brand --,Appliance Dealers Cooperative (APPDE),,,,GCST16S1WSS,,Appliances & Consumer Electronics>Kitchen Appliances>Built-In Dishwashers,"Built-In Dishwasher, GCST16S1WSS",BUILT-IN DISHWASHER,GCST16S1WSS Built-In Dishwasher,,Built-In Dishwasher,,,,,,,,,,,,,,,,,,,,,,,,,,,,Series,,,Model,,,Number of Wash Cycles,,,Voltage Rating,,,Amperage Rating,,,Mounting Type,,,Plug Type,,,Size,,,Depth With Door Open,,,Minimum Height,,,Maximum Height,,,Sound Level,,,Material,,,Color,,,Additional Information,,,,,,,,,,,,,,,,,,,,,,,,,,,,,,,,,,,,,,,,,,,,,,,,,,,,,,,,,,,,,,,,,,,,,,,,,,,,,,,,,,,,,,,,,,,,,,,,,,,,,,,,,,,,,,,,,,,,,,,,,,,,,,,,,,,,,,,,,,,,,,,,,,,,,,,,,,
,,,,,,,,,,,PCWK15C1WSS,PCWK15C1WSS GE Microwave,-- Unbranded --,-- No Unilog Brand --,-- No DIB Brand --,Appliance Dealers Cooperative (APPDE),,,,PCWK15C1WSS,,Appliances & Consumer Electronics>Laundry Appliances>Gas Dryers,"Gas Dryer, PCWK15C1WSS",GAS DRYER,PCWK15C1WSS Gas Dryer,,Gas Dryer,,,,,,,,,,,,,,,,,,,,,,,,,,,,Series,,,Model,,,Capacity,,,Rotational Speed,,,BTU Rating,,,Drum Type,,,Fuel Type,,,Depth With Door Open,,,Height With Lid Open,,,Number of Cycles,,,Number of Temperature Setting,,,Color,,,Dimensions,,,Additional Information,,,,,,,,,,,,,,,,,,,,,,,,,,,,,,,,,,,,,,,,,,,,,,,,,,,,,,,,,,,,,,,,,,,,,,,,,,,,,,,,,,,,,,,,,,,,,,,,,,,,,,,,,,,,,,,,,,,,,,,,,,,,,,,,,,,,,,,,,,,,,,,,,,,,,,,,,,,,,
,,,,,,,,,,,SMC2266KS,SMC2266KS Microwave SS Display Only,-- Unbranded --,-- No Unilog Brand --,-- No DIB Brand --,Appliance Dealers Cooperative (APPDE),,,,SMC2266KS,,Appliances & Consumer Electronics>Kitchen Appliances>Built-In Dishwashers,"Built-In Dishwasher, SMC2266KS",BUILT-IN DISHWASHER,SMC2266KS Built-In Dishwasher,,Built-In Dishwasher,,,,,,,,,,,,,,,,,,,,,,,,,,,,Series,,,Model,,,Number of Wash Cycles,,,Voltage Rating,,,Amperage Rating,,,Mounting Type,,,Plug Type,,,Size,,,Depth With Door Open,,,Minimum Height,,,Maximum Height,,,Sound Level,,,Material,,,Color,,,Additional Information,,,,,,,,,,,,,,,,,,,,,,,,,,,,,,,,,,,,,,,,,,,,,,,,,,,,,,,,,,,,,,,,,,,,,,,,,,,,,,,,,,,,,,,,,,,,,,,,,,,,,,,,,,,,,,,,,,,,,,,,,,,,,,,,,,,,,,,,,,,,,,,,,,,,,,,,,,
,,,,,,,,,,,SMD2479JS,SMD2479JS Microwave Drawer SS Display Only,-- Unbranded --,-- No Unilog Brand --,-- No DIB Brand --,Appliance Dealers Cooperative (APPDE),,,,SMD2479JS,,Appliances & Consumer Electronics>Kitchen Appliances>Built-In Dishwashers,"Built-In Dishwasher, SMD2479JS",BUILT-IN DISHWASHER,SMD2479JS Built-In Dishwasher,,Built-In Dishwasher,,,,,,,,,,,,,,,,,,,,,,,,,,,,Series,,,Model,,,Number of Wash Cycles,,,Voltage Rating,,,Amperage Rating,,,Mounting Type,,,Plug Type,,,Size,,,Depth With Door Open,,,Minimum Height,,,Maximum Height,,,Sound Level,,,Material,,,Color,,,Additional Information,,,,,,,,,,,,,,,,,,,,,,,,,,,,,,,,,,,,,,,,,,,,,,,,,,,,,,,,,,,,,,,,,,,,,,,,,,,,,,,,,,,,,,,,,,,,,,,,,,,,,,,,,,,,,,,,,,,,,,,,,,,,,,,,,,,,,,,,,,,,,,,,,,,,,,,,,,
,,,,,,,,,,,PEP9030DTBB,"PEP9030DTBB 30"" GE Cooktop Bk",-- Unbranded --,-- No Unilog Brand --,-- No DIB Brand --,Appliance Dealers Cooperative (APPDE),,,,PEP9030DTBB,,Food Preparation Equipment & Supplies>Food Equipment>Cooking Equipment>Electric Cooktops,"Electric Cooktop, PEP9030DTBB",ELECTRIC COOKTOP,PEP9030DTBB Electric Cooktop,,Electric Cooktop,,,,,,,,,,,,,,,,,,,,,,,,,,,,Series,,,Model,,,BTU Rating,,,Cooktop Surface Type,,,Cooktop Width,,,Cooktop Depth,,,Number of Burners,,,Burner Type,,,Number of Controls,,,Control Type,,,Ignition Type,,,Temperature Rating,,,Voltage Rating,,,Amperage Rating,,,Frequency Rating,,,Phase,,,Power Rating,,,Material,,,Color,,,Cutout Width,,,Cutout Height,,,Overall Width,,,Overall Height,,,Overall Depth,,,Additional Information,,,,,,,,,,,,,,,,,,,,,,,,,,,,,,,,,,,,,,,,,,,,,,,,,,,,,,,,,,,,,,,,,,,,,,,,,,,,,,,,,,,,,,,,,,,,,,,,,,,,,,,,,,,,,,,,,,,,,,,,,,,,
,,,,,,,,,,,CES700P3MD1,"CES700P3MD1 Cafe 30"" Range Bk - Display",-- Unbranded --,-- No Unilog Brand --,-- No DIB Brand --,Appliance Dealers Cooperative (APPDE),,,,CES700P3MD1,,Test & Measurement>Measuring & Layout Tools>Levels>Rotary & Straight Line Laser Levels,"Rotary & Straight Line Laser Level, CES700P3MD1",ROTARY & STRAIGHT LINE LASER LEVEL,CES700P3MD1 Rotary & Straight Line Laser Level,,Rotary & Straight Line Laser Level,,,,,,,,,,,,,,,,,,,,,,,,,,,,Model,,,Size,,,Working Range with Detector,,,Working Range without Detector,,,Accuracy,,,Leveling Range,,,Laser Projection,,,Leveling Type,,,Thread Size,,,IP Rating,,,Power Source,,,Number of Lines,,,Number of Beams,,,Material,,,Finish,,,Laser Color,,,Dimensions,,,Temperature Rating,,,Additional Information,,,,,,,,,,,,,,,,,,,,,,,,,,,,,,,,,,,,,,,,,,,,,,,,,,,,,,,,,,,,,,,,,,,,,,,,,,,,,,,,,,,,,,,,,,,,,,,,,,,,,,,,,,,,,,,,,,,,,,,,,,,,,,,,,,,,,,,,,,,,,,
,,,,,,,,,,,PS960YPFS,"PS960YPFS 30"" GE Electric Range SS - Display Only",-- Unbranded --,-- No Unilog Brand --,-- No DIB Brand --,Appliance Dealers Cooperative (APPDE),,,,PS960YPFS,,Appliances & Consumer Electronics>Kitchen Appliances>Built-In Dishwashers,"Built-In Dishwasher, PS960YPFS",BUILT-IN DISHWASHER,PS960YPFS Built-In Dishwasher,,Built-In Dishwasher,,,,,,,,,,,,,,,,,,,,,,,,,,,,Series,,,Model,,,Number of Wash Cycles,,,Voltage Rating,,,Amperage Rating,,,Mounting Type,,,Plug Type,,,Size,,,Depth With Door Open,,,Minimum Height,,,Maximum Height,,,Sound Level,,,Material,,,Color,,,Additional Information,,,,,,,,,,,,,,,,,,,,,,,,,,,,,,,,,,,,,,,,,,,,,,,,,,,,,,,,,,,,,,,,,,,,,,,,,,,,,,,,,,,,,,,,,,,,,,,,,,,,,,,,,,,,,,,,,,,,,,,,,,,,,,,,,,,,,,,,,,,,,,,,,,,,,,,,,,
,,,,,,,,,,,PB900YVFS,"PB900YVFS Elect 30"" Range SS",-- Unbranded --,-- No Unilog Brand --,-- No DIB Brand --,Appliance Dealers Cooperative (APPDE),,,,PB900YVFS,,Test & Measurement>Measuring & Layout Tools>Levels>Rotary & Straight Line Laser Levels,"Rotary & Straight Line Laser Level, PB900YVFS",ROTARY & STRAIGHT LINE LASER LEVEL,PB900YVFS Rotary & Straight Line Laser Level,,Rotary & Straight Line Laser Level,,,,,,,,,,,,,,,,,,,,,,,,,,,,Model,,,Size,,,Working Range with Detector,,,Working Range without Detector,,,Accuracy,,,Leveling Range,,,Laser Projection,,,Leveling Type,,,Thread Size,,,IP Rating,,,Power Source,,,Number of Lines,,,Number of Beams,,,Material,,,Finish,,,Laser Color,,,Dimensions,,,Temperature Rating,,,Additional Information,,,,,,,,,,,,,,,,,,,,,,,,,,,,,,,,,,,,,,,,,,,,,,,,,,,,,,,,,,,,,,,,,,,,,,,,,,,,,,,,,,,,,,,,,,,,,,,,,,,,,,,,,,,,,,,,,,,,,,,,,,,,,,,,,,,,,,,,,,,,,,
,,,,,,,,,,,PCFE3080AF,"PCFE3080AF 30"" Elect Range SS - Display Only",-- Unbranded --,-- No Unilog Brand --,-- No DIB Brand --,Appliance Dealers Cooperative (APPDE),,,,PCFE3080AF,,Appliances & Consumer Electronics>Kitchen Appliances>Built-In Dishwashers,"Built-In Dishwasher, PCFE3080AF",BUILT-IN DISHWASHER,PCFE3080AF Built-In Dishwasher,,Built-In Dishwasher,,,,,,,,,,,,,,,,,,,,,,,,,,,,Series,,,Model,,,Number of Wash Cycles,,,Voltage Rating,,,Amperage Rating,,,Mounting Type,,,Plug Type,,,Size,,,Depth With Door Open,,,Minimum Height,,,Maximum Height,,,Sound Level,,,Material,,,Color,,,Additional Information,,,,,,,,,,,,,,,,,,,,,,,,,,,,,,,,,,,,,,,,,,,,,,,,,,,,,,,,,,,,,,,,,,,,,,,,,,,,,,,,,,,,,,,,,,,,,,,,,,,,,,,,,,,,,,,,,,,,,,,,,,,,,,,,,,,,,,,,,,,,,,,,,,,,,,,,,,
,,,,,,,,,,,SLER30524SS,"SLER30524SS 30"" Elect Range SS",-- Unbranded --,-- No Unilog Brand --,-- No DIB Brand --,Appliance Dealers Cooperative (APPDE),,,,SLER30524SS,,Test & Measurement>Measuring & Layout Tools>Levels>Rotary & Straight Line Laser Levels,"Rotary & Straight Line Laser Level, SLER30524SS",ROTARY & STRAIGHT LINE LASER LEVEL,SLER30524SS Rotary & Straight Line Laser Level,,Rotary & Straight Line Laser Level,,,,,,,,,,,,,,,,,,,,,,,,,,,,Model,,,Size,,,Working Range with Detector,,,Working Range without Detector,,,Accuracy,,,Leveling Range,,,Laser Projection,,,Leveling Type,,,Thread Size,,,IP Rating,,,Power Source,,,Number of Lines,,,Number of Beams,,,Material,,,Finish,,,Laser Color,,,Dimensions,,,Temperature Rating,,,Additional Information,,,,,,,,,,,,,,,,,,,,,,,,,,,,,,,,,,,,,,,,,,,,,,,,,,,,,,,,,,,,,,,,,,,,,,,,,,,,,,,,,,,,,,,,,,,,,,,,,,,,,,,,,,,,,,,,,,,,,,,,,,,,,,,,,,,,,,,,,,,,,,
,,,,,,,,,,,LSEL6333ZE,"LSEL6333ZE LG 30"" Elec Range BS-Display Only",-- Unbranded --,-- No Unilog Brand --,-- No DIB Brand --,Appliance Dealers Cooperative (APPDE),,,,LSEL6333ZE,,Appliances & Consumer Electronics>Kitchen Appliances>Built-In Dishwashers,"Built-In Dishwasher, LSEL6333ZE",BUILT-IN DISHWASHER,LSEL6333ZE Built-In Dishwasher,,Built-In Dishwasher,,,,,,,,,,,,,,,,,,,,,,,,,,,,Series,,,Model,,,Number of Wash Cycles,,,Voltage Rating,,,Amperage Rating,,,Mounting Type,,,Plug Type,,,Size,,,Depth With Door Open,,,Minimum Height,,,Maximum Height,,,Sound Level,,,Material,,,Color,,,Additional Information,,,,,,,,,,,,,,,,,,,,,,,,,,,,,,,,,,,,,,,,,,,,,,,,,,,,,,,,,,,,,,,,,,,,,,,,,,,,,,,,,,,,,,,,,,,,,,,,,,,,,,,,,,,,,,,,,,,,,,,,,,,,,,,,,,,,,,,,,,,,,,,,,,,,,,,,,,
,,,,,,,,,,,KSES530SBE,"KSES530SBE 30"" Elect Range BO Display Only",-- Unbranded --,-- No Unilog Brand --,-- No DIB Brand --,Appliance Dealers Cooperative (APPDE),,,,KSES530SBE,,Appliances & Consumer Electronics>Kitchen Appliances>Built-In Dishwashers,"Built-In Dishwasher, KSES530SBE",BUILT-IN DISHWASHER,KSES530SBE Built-In Dishwasher,,Built-In Dishwasher,,,,,,,,,,,,,,,,,,,,,,,,,,,,Series,,,Model,,,Number of Wash Cycles,,,Voltage Rating,,,Amperage Rating,,,Mounting Type,,,Plug Type,,,Size,,,Depth With Door Open,,,Minimum Height,,,Maximum Height,,,Sound Level,,,Material,,,Color,,,Additional Information,,,,,,,,,,,,,,,,,,,,,,,,,,,,,,,,,,,,,,,,,,,,,,,,,,,,,,,,,,,,,,,,,,,,,,,,,,,,,,,,,,,,,,,,,,,,,,,,,,,,,,,,,,,,,,,,,,,,,,,,,,,,,,,,,,,,,,,,,,,,,,,,,,,,,,,,,,
,,,,,,,,,,,GCFG3661AF,"GCFG3661AF 36"" Frigidaire Gas Range SS",-- Unbranded --,-- No Unilog Brand --,-- No DIB Brand --,Appliance Dealers Cooperative (APPDE),,,,GCFG3661AF,,Appliances & Consumer Electronics>Kitchen Appliances>Built-In Dishwashers,"Built-In Dishwasher, GCFG3661AF",BUILT-IN DISHWASHER,GCFG3661AF Built-In Dishwasher,,Built-In Dishwasher,,,,,,,,,,,,,,,,,,,,,,,,,,,,Series,,,Model,,,Number of Wash Cycles,,,Voltage Rating,,,Amperage Rating,,,Mounting Type,,,Plug Type,,,Size,,,Depth With Door Open,,,Minimum Height,,,Maximum Height,,,Sound Level,,,Material,,,Color,,,Additional Information,,,,,,,,,,,,,,,,,,,,,,,,,,,,,,,,,,,,,,,,,,,,,,,,,,,,,,,,,,,,,,,,,,,,,,,,,,,,,,,,,,,,,,,,,,,,,,,,,,,,,,,,,,,,,,,,,,,,,,,,,,,,,,,,,,,,,,,,,,,,,,,,,,,,,,,,,,
,,,,,,,,,,,WSGS7530RZ,"WSGS7530RZ 30"" Gas Range SS - Display Only",-- Unbranded --,-- No Unilog Brand --,-- No DIB Brand --,Appliance Dealers Cooperative (APPDE),,,,WSGS7530RZ,,Appliances & Consumer Electronics>Kitchen Appliances>Built-In Dishwashers,"Built-In Dishwasher, WSGS7530RZ",BUILT-IN DISHWASHER,WSGS7530RZ Built-In Dishwasher,,Built-In Dishwasher,,,,,,,,,,,,,,,,,,,,,,,,,,,,Series,,,Model,,,Number of Wash Cycles,,,Voltage Rating,,,Amperage Rating,,,Mounting Type,,,Plug Type,,,Size,,,Depth With Door Open,,,Minimum Height,,,Maximum Height,,,Sound Level,,,Material,,,Color,,,Additional Information,,,,,,,,,,,,,,,,,,,,,,,,,,,,,,,,,,,,,,,,,,,,,,,,,,,,,,,,,,,,,,,,,,,,,,,,,,,,,,,,,,,,,,,,,,,,,,,,,,,,,,,,,,,,,,,,,,,,,,,,,,,,,,,,,,,,,,,,,,,,,,,,,,,,,,,,,,
,,,,,,,,,,,CHP90301TBB,CHP90301TBB Café Cooktop Bk,-- Unbranded --,-- No Unilog Brand --,-- No DIB Brand --,Appliance Dealers Cooperative (APPDE),,,,CHP90301TBB,,Food Preparation Equipment & Supplies>Food Equipment>Cooking Equipment>Induction Cooktops,"Induction Cooktop, CHP90301TBB",INDUCTION COOKTOP,CHP90301TBB Induction Cooktop,,Induction Cooktop,,,,,,,,,,,,,,,,,,,,,,,,,,,,Series,,,Cooktop Surface Type,,,Burner Type,,,BTU Rating,,,Voltage Rating,,,Amperage Rating,,,Frequency Rating,,,Phase,,,Power Rating,,,Control Type,,,Control Location,,,Ignition Type,,,Fuel Type,,,Installation Type,,,Temperature Rating,,,Cooktop Width,,,Cooktop Depth,,,Number of Burners,,,Number of Elements,,,Number of Controls,,,Material,,,Color,,,Cutout Width,,,Cutout Height,,,Overall Width,,,Overall Height,,,Overall Depth,,,Additional Information,,,,,,,,,,,,,,,,,,,,,,,,,,,,,,,,,,,,,,,,,,,,,,,,,,,,,,,,,,,,,,,,,,,,,,,,,,,,,,,,,,,,,,,,,,,,,,,,,,,,,,,,,,,,,,,,,,,
,,,,,,,,,,,CVM517P3RD1,CVM517P3RD1 Cafe Microwave Bk - Display,-- Unbranded --,-- No Unilog Brand --,-- No DIB Brand --,Appliance Dealers Cooperative (APPDE),,,,CVM517P3RD1,,Appliances & Consumer Electronics>Kitchen Appliances>Built-In Dishwashers,"Built-In Dishwasher, CVM517P3RD1",BUILT-IN DISHWASHER,CVM517P3RD1 Built-In Dishwasher,,Built-In Dishwasher,,,,,,,,,,,,,,,,,,,,,,,,,,,,Series,,,Model,,,Number of Wash Cycles,,,Voltage Rating,,,Amperage Rating,,,Mounting Type,,,Plug Type,,,Size,,,Depth With Door Open,,,Minimum Height,,,Maximum Height,,,Sound Level,,,Material,,,Color,,,Additional Information,,,,,,,,,,,,,,,,,,,,,,,,,,,,,,,,,,,,,,,,,,,,,,,,,,,,,,,,,,,,,,,,,,,,,,,,,,,,,,,,,,,,,,,,,,,,,,,,,,,,,,,,,,,,,,,,,,,,,,,,,,,,,,,,,,,,,,,,,,,,,,,,,,,,,,,,,,
,,,,,,,,,,,PMOS1980AF,PMOS1980AF OTR Microwave SS - Display Only,-- Unbranded --,-- No Unilog Brand --,-- No DIB Brand --,Appliance Dealers Cooperative (APPDE),,,,PMOS1980AF,,Appliances & Consumer Electronics>Kitchen Appliances>Built-In Dishwashers,"Built-In Dishwasher, PMOS1980AF",BUILT-IN DISHWASHER,PMOS1980AF Built-In Dishwasher,,Built-In Dishwasher,,,,,,,,,,,,,,,,,,,,,,,,,,,,Series,,,Model,,,Number of Wash Cycles,,,Voltage Rating,,,Amperage Rating,,,Mounting Type,,,Plug Type,,,Size,,,Depth With Door Open,,,Minimum Height,,,Maximum Height,,,Sound Level,,,Material,,,Color,,,Additional Information,,,,,,,,,,,,,,,,,,,,,,,,,,,,,,,,,,,,,,,,,,,,,,,,,,,,,,,,,,,,,,,,,,,,,,,,,,,,,,,,,,,,,,,,,,,,,,,,,,,,,,,,,,,,,,,,,,,,,,,,,,,,,,,,,,,,,,,,,,,,,,,,,,,,,,,,,,
,,,,,,,,,,,WMMS3330RZ,WMMS3330RZ OTR Mocrowave SS - Display Only,-- Unbranded --,-- No Unilog Brand --,-- No DIB Brand --,Appliance Dealers Cooperative (APPDE),,,,WMMS3330RZ,,Appliances & Consumer Electronics>Kitchen Appliances>Built-In Dishwashers,"Built-In Dishwasher, WMMS3330RZ",BUILT-IN DISHWASHER,WMMS3330RZ Built-In Dishwasher,,Built-In Dishwasher,,,,,,,,,,,,,,,,,,,,,,,,,,,,Series,,,Model,,,Number of Wash Cycles,,,Voltage Rating,,,Amperage Rating,,,Mounting Type,,,Plug Type,,,Size,,,Depth With Door Open,,,Minimum Height,,,Maximum Height,,,Sound Level,,,Material,,,Color,,,Additional Information,,,,,,,,,,,,,,,,,,,,,,,,,,,,,,,,,,,,,,,,,,,,,,,,,,,,,,,,,,,,,,,,,,,,,,,,,,,,,,,,,,,,,,,,,,,,,,,,,,,,,,,,,,,,,,,,,,,,,,,,,,,,,,,,,,,,,,,,,,,,,,,,,,,,,,,,,,
,,,,,,,,,,,KMMF530PBE,KMMF530PBE OTR Microwave BO Display Only,-- Unbranded --,-- No Unilog Brand --,-- No DIB Brand --,Appliance Dealers Cooperative (APPDE),,,,KMMF530PBE,,Appliances & Consumer Electronics>Kitchen Appliances>Built-In Dishwashers,"Built-In Dishwasher, KMMF530PBE",BUILT-IN DISHWASHER,KMMF530PBE Built-In Dishwasher,,Built-In Dishwasher,,,,,,,,,,,,,,,,,,,,,,,,,,,,Series,,,Model,,,Number of Wash Cycles,,,Voltage Rating,,,Amperage Rating,,,Mounting Type,,,Plug Type,,,Size,,,Depth With Door Open,,,Minimum Height,,,Maximum Height,,,Sound Level,,,Material,,,Color,,,Additional Information,,,,,,,,,,,,,,,,,,,,,,,,,,,,,,,,,,,,,,,,,,,,,,,,,,,,,,,,,,,,,,,,,,,,,,,,,,,,,,,,,,,,,,,,,,,,,,,,,,,,,,,,,,,,,,,,,,,,,,,,,,,,,,,,,,,,,,,,,,,,,,,,,,,,,,,,,,
,,,,,,,,,,,JXGRILL1,JXGRILL1 GE Range Grill,-- Unbranded --,-- No Unilog Brand --,-- No DIB Brand --,Appliance Dealers Cooperative (APPDE),,,,JXGRILL1,,Test & Measurement>Measuring & Layout Tools>Levels>Rotary & Straight Line Laser Levels,"Rotary & Straight Line Laser Level, JXGRILL1",ROTARY & STRAIGHT LINE LASER LEVEL,JXGRILL1 Rotary & Straight Line Laser Level,,Rotary & Straight Line Laser Level,,,,,,,,,,,,,,,,,,,,,,,,,,,,Model,,,Size,,,Working Range with Detector,,,Working Range without Detector,,,Accuracy,,,Leveling Range,,,Laser Projection,,,Leveling Type,,,Thread Size,,,IP Rating,,,Power Source,,,Number of Lines,,,Number of Beams,,,Material,,,Finish,,,Laser Color,,,Dimensions,,,Temperature Rating,,,Additional Information,,,,,,,,,,,,,,,,,,,,,,,,,,,,,,,,,,,,,,,,,,,,,,,,,,,,,,,,,,,,,,,,,,,,,,,,,,,,,,,,,,,,,,,,,,,,,,,,,,,,,,,,,,,,,,,,,,,,,,,,,,,,,,,,,,,,,,,,,,,,,,
,,,,,,,,,,,C9TMA2S3PD3,C9TMA2S3PD3 Café Toaster MB,-- Unbranded --,-- No Unilog Brand --,-- No DIB Brand --,Appliance Dealers Cooperative (APPDE),,,,C9TMA2S3PD3,,Food Preparation Equipment & Supplies>Food Equipment>Cooking Equipment>Induction Cooktops,"Induction Cooktop, C9TMA2S3PD3",INDUCTION COOKTOP,C9TMA2S3PD3 Induction Cooktop,,Induction Cooktop,,,,,,,,,,,,,,,,,,,,,,,,,,,,Series,,,Cooktop Surface Type,,,Burner Type,,,BTU Rating,,,Voltage Rating,,,Amperage Rating,,,Frequency Rating,,,Phase,,,Power Rating,,,Control Type,,,Control Location,,,Ignition Type,,,Fuel Type,,,Installation Type,,,Temperature Rating,,,Cooktop Width,,,Cooktop Depth,,,Number of Burners,,,Number of Elements,,,Number of Controls,,,Material,,,Color,,,Cutout Width,,,Cutout Height,,,Overall Width,,,Overall Height,,,Overall Depth,,,Additional Information,,,,,,,,,,,,,,,,,,,,,,,,,,,,,,,,,,,,,,,,,,,,,,,,,,,,,,,,,,,,,,,,,,,,,,,,,,,,,,,,,,,,,,,,,,,,,,,,,,,,,,,,,,,,,,,,,,,
,,,,,,,,,,,C9TMA2S4PW3,C9TMA2S4PW3 Café Toaster MW,-- Unbranded --,-- No Unilog Brand --,-- No DIB Brand --,Appliance Dealers Cooperative (APPDE),,,,C9TMA2S4PW3,,Food Preparation Equipment & Supplies>Food Equipment>Cooking Equipment>Induction Cooktops,"Induction Cooktop, C9TMA2S4PW3",INDUCTION COOKTOP,C9TMA2S4PW3 Induction Cooktop,,Induction Cooktop,,,,,,,,,,,,,,,,,,,,,,,,,,,,Series,,,Cooktop Surface Type,,,Burner Type,,,BTU Rating,,,Voltage Rating,,,Amperage Rating,,,Frequency Rating,,,Phase,,,Power Rating,,,Control Type,,,Control Location,,,Ignition Type,,,Fuel Type,,,Installation Type,,,Temperature Rating,,,Cooktop Width,,,Cooktop Depth,,,Number of Burners,,,Number of Elements,,,Number of Controls,,,Material,,,Color,,,Cutout Width,,,Cutout Height,,,Overall Width,,,Overall Height,,,Overall Depth,,,Additional Information,,,,,,,,,,,,,,,,,,,,,,,,,,,,,,,,,,,,,,,,,,,,,,,,,,,,,,,,,,,,,,,,,,,,,,,,,,,,,,,,,,,,,,,,,,,,,,,,,,,,,,,,,,,,,,,,,,,
,,,,,,,,,,,C90AAAS2RS3,C90AAAS2RS3 Cafe Toast Oven SS,-- Unbranded --,-- No Unilog Brand --,-- No DIB Brand --,Appliance Dealers Cooperative (APPDE),,,,C90AAAS2RS3,,Food Preparation Equipment & Supplies>Food Equipment>Cooking Equipment>Built-In Microwaves,"Built-In Microwave, C90AAAS2RS3",BUILT-IN MICROWAVE,C90AAAS2RS3 Built-In Microwave,,Built-In Microwave,,,,,,,,,,,,,,,,,,,,,,,,,,,,Series,,,Model,,,Capacity,,,Voltage Rating,,,Amperage Rating,,,Frequency Rating,,,Phase,,,Power Rating,,,HP Rating,,,Number of Power Levels,,,Maximum Cooking Time,,,Programmable,,,Cooking Stages,,,Display Type,,,Control Type,,,See-Through Door,,,Number of Racks,,,Interior Light Type,,,Temperature Rating,,,Material,,,Color,,,Interior Width,,,Interior Depth,,,Interior Height,,,Exterior Width,,,Exterior Depth,,,Exterior Height,,,Additional Information,,,,,,,,,,,,,,,,,,,,,,,,,,,,,,,,,,,,,,,,,,,,,,,,,,,,,,,,,,,,,,,,,,,,,,,,,,,,,,,,,,,,,,,,,,,,,,,,,,,,,,,,,,,,,,,,,,,
,,,,,,,,,,,C9TMA2SP2PS3,C9TMA2S2PS3 Cafe Toaster SS,-- Unbranded --,-- No Unilog Brand --,-- No DIB Brand --,Appliance Dealers Cooperative (APPDE),,,,C9TMA2SP2PS3,,Appliances & Consumer Electronics>Kitchen Appliances>Built-In Dishwashers,"Built-In Dishwasher, C9TMA2SP2PS3",BUILT-IN DISHWASHER,C9TMA2SP2PS3 Built-In Dishwasher,,Built-In Dishwasher,,,,,,,,,,,,,,,,,,,,,,,,,,,,Series,,,Model,,,Number of Wash Cycles,,,Voltage Rating,,,Amperage Rating,,,Mounting Type,,,Plug Type,,,Size,,,Depth With Door Open,,,Minimum Height,,,Maximum Height,,,Sound Level,,,Material,,,Color,,,Additional Information,,,,,,,,,,,,,,,,,,,,,,,,,,,,,,,,,,,,,,,,,,,,,,,,,,,,,,,,,,,,,,,,,,,,,,,,,,,,,,,,,,,,,,,,,,,,,,,,,,,,,,,,,,,,,,,,,,,,,,,,,,,,,,,,,,,,,,,,,,,,,,,,,,,,,,,,,,
,,,,,,,,,,,GDE21EMKES,GDE21EMKES GE 21CF Fridge SL Display Only,-- Unbranded --,-- No Unilog Brand --,-- No DIB Brand --,Appliance Dealers Cooperative (APPDE),,,,GDE21EMKES,,Appliances & Consumer Electronics>Kitchen Appliances>Built-In Dishwashers,"Built-In Dishwasher, GDE21EMKES",BUILT-IN DISHWASHER,GDE21EMKES Built-In Dishwasher,,Built-In Dishwasher,,,,,,,,,,,,,,,,,,,,,,,,,,,,Series,,,Model,,,Number of Wash Cycles,,,Voltage Rating,,,Amperage Rating,,,Mounting Type,,,Plug Type,,,Size,,,Depth With Door Open,,,Minimum Height,,,Maximum Height,,,Sound Level,,,Material,,,Color,,,Additional Information,,,,,,,,,,,,,,,,,,,,,,,,,,,,,,,,,,,,,,,,,,,,,,,,,,,,,,,,,,,,,,,,,,,,,,,,,,,,,,,,,,,,,,,,,,,,,,,,,,,,,,,,,,,,,,,,,,,,,,,,,,,,,,,,,,,,,,,,,,,,,,,,,,,,,,,,,,
,,,,,,,,,,,FCM16SLWW,FCM16SLWW 16CF GE Freezer Chest MH,-- Unbranded --,-- No Unilog Brand --,-- No DIB Brand --,Appliance Dealers Cooperative (APPDE),,,,FCM16SLWW,,Appliances & Consumer Electronics>Laundry Appliances>Gas Dryers,"Gas Dryer, FCM16SLWW",GAS DRYER,FCM16SLWW Gas Dryer,,Gas Dryer,,,,,,,,,,,,,,,,,,,,,,,,,,,,Series,,,Model,,,Capacity,,,Rotational Speed,,,BTU Rating,,,Drum Type,,,Fuel Type,,,Depth With Door Open,,,Height With Lid Open,,,Number of Cycles,,,Number of Temperature Setting,,,Color,,,Dimensions,,,Additional Information,,,,,,,,,,,,,,,,,,,,,,,,,,,,,,,,,,,,,,,,,,,,,,,,,,,,,,,,,,,,,,,,,,,,,,,,,,,,,,,,,,,,,,,,,,,,,,,,,,,,,,,,,,,,,,,,,,,,,,,,,,,,,,,,,,,,,,,,,,,,,,,,,,,,,,,,,,,,,
,,,,,,,,,,,GNE27JYMFS,GNE27JYMFS GE Fridge SS,-- Unbranded --,-- No Unilog Brand --,-- No DIB Brand --,Appliance Dealers Cooperative (APPDE),,,,GNE27JYMFS,,Appliances & Consumer Electronics>Kitchen Appliances>Built-In Dishwashers,"Built-In Dishwasher, GNE27JYMFS",BUILT-IN DISHWASHER,GNE27JYMFS Built-In Dishwasher,,Built-In Dishwasher,,,,,,,,,,,,,,,,,,,,,,,,,,,,Series,,,Model,,,Number of Wash Cycles,,,Voltage Rating,,,Amperage Rating,,,Mounting Type,,,Plug Type,,,Size,,,Depth With Door Open,,,Minimum Height,,,Maximum Height,,,Sound Level,,,Material,,,Color,,,Additional Information,,,,,,,,,,,,,,,,,,,,,,,,,,,,,,,,,,,,,,,,,,,,,,,,,,,,,,,,,,,,,,,,,,,,,,,,,,,,,,,,,,,,,,,,,,,,,,,,,,,,,,,,,,,,,,,,,,,,,,,,,,,,,,,,,,,,,,,,,,,,,,,,,,,,,,,,,,
,,,,,,,,,,,CVE28DP3ND1,CVE28DP3ND1 Cafe Fridge Bk,-- Unbranded --,-- No Unilog Brand --,-- No DIB Brand --,Appliance Dealers Cooperative (APPDE),,,,CVE28DP3ND1,,Appliances & Consumer Electronics>Laundry Appliances>Electric Dryers,"Electric Dryer, CVE28DP3ND1",ELECTRIC DRYER,CVE28DP3ND1 Electric Dryer,,Electric Dryer,,,,,,,,,,,,,,,,,,,,,,,,,,,,Series,,,Model,,,Capacity,,,Voltage Rating,,,Amperage Rating,,,Power Rating,,,HP Rating,,,Frequency Rating,,,Phase,,,Rotational Speed,,,BTU Rating,,,Drum Type,,,Fuel Type,,,Depth With Door Open,,,Height With Lid Open,,,Number of Cycles,,,Number of Temperature Setting,,,Color,,,Dimensions,,,Additional Information,,,,,,,,,,,,,,,,,,,,,,,,,,,,,,,,,,,,,,,,,,,,,,,,,,,,,,,,,,,,,,,,,,,,,,,,,,,,,,,,,,,,,,,,,,,,,,,,,,,,,,,,,,,,,,,,,,,,,,,,,,,,,,,,,,,,,,,,,,,
,,,,,,,,,,,GNE25JMKES,GNE25JMKES GE Fridge Slate - Display,-- Unbranded --,-- No Unilog Brand --,-- No DIB Brand --,Appliance Dealers Cooperative (APPDE),,,,GNE25JMKES,,Appliances & Consumer Electronics>Kitchen Appliances>Built-In Dishwashers,"Built-In Dishwasher, GNE25JMKES",BUILT-IN DISHWASHER,GNE25JMKES Built-In Dishwasher,,Built-In Dishwasher,,,,,,,,,,,,,,,,,,,,,,,,,,,,Series,,,Model,,,Number of Wash Cycles,,,Voltage Rating,,,Amperage Rating,,,Mounting Type,,,Plug Type,,,Size,,,Depth With Door Open,,,Minimum Height,,,Maximum Height,,,Sound Level,,,Material,,,Color,,,Additional Information,,,,,,,,,,,,,,,,,,,,,,,,,,,,,,,,,,,,,,,,,,,,,,,,,,,,,,,,,,,,,,,,,,,,,,,,,,,,,,,,,,,,,,,,,,,,,,,,,,,,,,,,,,,,,,,,,,,,,,,,,,,,,,,,,,,,,,,,,,,,,,,,,,,,,,,,,,
,,,,,,,,,,,PRFS2883AF,"PRFS2883AF 36"" Fridge SS - Display Only",-- Unbranded --,-- No Unilog Brand --,-- No DIB Brand --,Appliance Dealers Cooperative (APPDE),,,,PRFS2883AF,,Appliances & Consumer Electronics>Kitchen Appliances>Built-In Dishwashers,"Built-In Dishwasher, PRFS2883AF",BUILT-IN DISHWASHER,PRFS2883AF Built-In Dishwasher,,Built-In Dishwasher,,,,,,,,,,,,,,,,,,,,,,,,,,,,Series,,,Model,,,Number of Wash Cycles,,,Voltage Rating,,,Amperage Rating,,,Mounting Type,,,Plug Type,,,Size,,,Depth With Door Open,,,Minimum Height,,,Maximum Height,,,Sound Level,,,Material,,,Color,,,Additional Information,,,,,,,,,,,,,,,,,,,,,,,,,,,,,,,,,,,,,,,,,,,,,,,,,,,,,,,,,,,,,,,,,,,,,,,,,,,,,,,,,,,,,,,,,,,,,,,,,,,,,,,,,,,,,,,,,,,,,,,,,,,,,,,,,,,,,,,,,,,,,,,,,,,,,,,,,,
,,,,,,,,,,,PAD28BYTFS,PAD28BYTFS GE Fridge SS,-- Unbranded --,-- No Unilog Brand --,-- No DIB Brand --,Appliance Dealers Cooperative (APPDE),,,,PAD28BYTFS,,Appliances & Consumer Electronics>Kitchen Appliances>Built-In Dishwashers,"Built-In Dishwasher, PAD28BYTFS",BUILT-IN DISHWASHER,PAD28BYTFS Built-In Dishwasher,,Built-In Dishwasher,,,,,,,,,,,,,,,,,,,,,,,,,,,,Series,,,Model,,,Number of Wash Cycles,,,Voltage Rating,,,Amperage Rating,,,Mounting Type,,,Plug Type,,,Size,,,Depth With Door Open,,,Minimum Height,,,Maximum Height,,,Sound Level,,,Material,,,Color,,,Additional Information,,,,,,,,,,,,,,,,,,,,,,,,,,,,,,,,,,,,,,,,,,,,,,,,,,,,,,,,,,,,,,,,,,,,,,,,,,,,,,,,,,,,,,,,,,,,,,,,,,,,,,,,,,,,,,,,,,,,,,,,,,,,,,,,,,,,,,,,,,,,,,,,,,,,,,,,,,
,,,,,,,,,,,PGE29BYTFS,PGE29BYTFS GE Fridge SS,-- Unbranded --,-- No Unilog Brand --,-- No DIB Brand --,Appliance Dealers Cooperative (APPDE),,,,PGE29BYTFS,,Appliances & Consumer Electronics>Kitchen Appliances>Built-In Dishwashers,"Built-In Dishwasher, PGE29BYTFS",BUILT-IN DISHWASHER,PGE29BYTFS Built-In Dishwasher,,Built-In Dishwasher,,,,,,,,,,,,,,,,,,,,,,,,,,,,Series,,,Model,,,Number of Wash Cycles,,,Voltage Rating,,,Amperage Rating,,,Mounting Type,,,Plug Type,,,Size,,,Depth With Door Open,,,Minimum Height,,,Maximum Height,,,Sound Level,,,Material,,,Color,,,Additional Information,,,,,,,,,,,,,,,,,,,,,,,,,,,,,,,,,,,,,,,,,,,,,,,,,,,,,,,,,,,,,,,,,,,,,,,,,,,,,,,,,,,,,,,,,,,,,,,,,,,,,,,,,,,,,,,,,,,,,,,,,,,,,,,,,,,,,,,,,,,,,,,,,,,,,,,,,,
,,,,,,,,,,,ERFD19CGCS,ERFD19CGCS Element Fridge SS,-- Unbranded --,-- No Unilog Brand --,-- No DIB Brand --,Appliance Dealers Cooperative (APPDE),,,,ERFD19CGCS,,Appliances & Consumer Electronics>Kitchen Appliances>Built-In Dishwashers,"Built-In Dishwasher, ERFD19CGCS",BUILT-IN DISHWASHER,ERFD19CGCS Built-In Dishwasher,,Built-In Dishwasher,,,,,,,,,,,,,,,,,,,,,,,,,,,,Series,,,Model,,,Number of Wash Cycles,,,Voltage Rating,,,Amperage Rating,,,Mounting Type,,,Plug Type,,,Size,,,Depth With Door Open,,,Minimum Height,,,Maximum Height,,,Sound Level,,,Material,,,Color,,,Additional Information,,,,,,,,,,,,,,,,,,,,,,,,,,,,,,,,,,,,,,,,,,,,,,,,,,,,,,,,,,,,,,,,,,,,,,,,,,,,,,,,,,,,,,,,,,,,,,,,,,,,,,,,,,,,,,,,,,,,,,,,,,,,,,,,,,,,,,,,,,,,,,,,,,,,,,,,,,
,,,,,,,,,,,LT18S2100W,LT18S2100W LG Fridge Wh,-- Unbranded --,-- No Unilog Brand --,-- No DIB Brand --,Appliance Dealers Cooperative (APPDE),,,,LT18S2100W,,Electrical>Lamps & Lightings>Indoor Lighting>Surface-Mount Fixtures,"Surface-Mount Fixture, LT18S2100W",SURFACE-MOUNT FIXTURE 2100,LT18S2100W Surface-Mount Fixture,,Surface-Mount Fixture,,,,,,,,,,,,,,,,,,,,,,,,,,,,Collection,,,Fixture Wattage,2100,W,Voltage Rating,,,Amperage Rating,,,Frequency Rating,,,Fixture Style,,,Fixture Shape,,,Bulb Type,,,Bulb Wattage,,,Bulb Base,,,Number of Bulbs,,,Lumens,,,Color Temperature,,,Color Rendering Index (CRI),,,Average Life,,,Dimmable/Non-Dimmable,,,Lens Type,,,Lens Material,,,Fixture Material,,,Fixture Finish,,,Backplate/Canopy Size,,,Enclosure Type,,,Dimensions,,,Bulb Included,,,Additional Information,,,,,,,,,,,,,,,,,,,,,,,,,,,,,,,,,,,,,,,,,,,,,,,,,,,,,,,,,,,,,,,,,,,,,,,,,,,,,,,,,,,,,,,,,,,,,,,,,,,,,,,,,,,,,,,,,,,,,,,,,,,,
,,,,,,,,,,,LT18S2100SS,LT18S2100S 18CF LG Fridge SS,-- Unbranded --,-- No Unilog Brand --,-- No DIB Brand --,Appliance Dealers Cooperative (APPDE),,,,LT18S2100SS,,Appliances & Consumer Electronics>Kitchen Appliances>Built-In Dishwashers,"Built-In Dishwasher, LT18S2100SS",BUILT-IN DISHWASHER,LT18S2100SS Built-In Dishwasher,,Built-In Dishwasher,,,,,,,,,,,,,,,,,,,,,,,,,,,,Series,,,Model,,,Number of Wash Cycles,,,Voltage Rating,,,Amperage Rating,,,Mounting Type,,,Plug Type,,,Size,,,Depth With Door Open,,,Minimum Height,,,Maximum Height,,,Sound Level,,,Material,,,Color,,,Additional Information,,,,,,,,,,,,,,,,,,,,,,,,,,,,,,,,,,,,,,,,,,,,,,,,,,,,,,,,,,,,,,,,,,,,,,,,,,,,,,,,,,,,,,,,,,,,,,,,,,,,,,,,,,,,,,,,,,,,,,,,,,,,,,,,,,,,,,,,,,,,,,,,,,,,,,,,,,
,,,,,,,,,,,EUF17CDBW,EUF17CDBW Element 17CF Freezer - Upright,-- Unbranded --,-- No Unilog Brand --,-- No DIB Brand --,Appliance Dealers Cooperative (APPDE),,,,EUF17CDBW,,,,,,,,,,,,,,,,,,,,,,,,,,,,,,,,,,,,,,,,,,,,,,,,,,,,,,,,,,,,,,,,,,,,,,,,,,,,,,,,,,,,,,,,,,,,,,,,,,,,,,,,,,,,,,,,,,,,,,,,,,,,,,,,,,,,,,,,,,,,,,,,,,,,,,,,,,,,,,,,,,,,,,,,,,,,,,,,,,,,,,,,,,,,,,,,,,,,,,,,,,,,,,,,,,,,,,,,,,,,,,,,,,,,,,,
,,,,,,,,,,,EUF21CDBW,EUF21CDBW Element 21CF Freezer - Upright,-- Unbranded --,-- No Unilog Brand --,-- No DIB Brand --,Appliance Dealers Cooperative (APPDE),,,,EUF21CDBW,,,,,,,,,,,,,,,,,,,,,,,,,,,,,,,,,,,,,,,,,,,,,,,,,,,,,,,,,,,,,,,,,,,,,,,,,,,,,,,,,,,,,,,,,,,,,,,,,,,,,,,,,,,,,,,,,,,,,,,,,,,,,,,,,,,,,,,,,,,,,,,,,,,,,,,,,,,,,,,,,,,,,,,,,,,,,,,,,,,,,,,,,,,,,,,,,,,,,,,,,,,,,,,,,,,,,,,,,,,,,,,,,,,,,,,
,,,,,,,,,,,TP-1935,TP-1935 Hole Drilling System,-- Unbranded --,-- No Unilog Brand --,-- No DIB Brand --,-,,,,TP-1935,,Hardware & Fasteners>Cabinet & Drawer Hardware>Cabinet Hardware>Cabinet Hardware Installation Templates,"Cabinet Hardware Installation Template, TP-1935",CABINET HARDWARE INSTALLATION TEMPLATE,TP-1935 Cabinet Hardware Installation Template,,Cabinet Hardware Installation Template,,,,,,,,,,,,,,,,,,,,,,,,,,,,Series,,,Style,,,Length,,,Width,,,Height,,,Material,,,Color,,,Finish,,,Suitable For Use With,,,Additional Information,,,,,,,,,,,,,,,,,,,,,,,,,,,,,,,,,,,,,,,,,,,,,,,,,,,,,,,,,,,,,,,,,,,,,,,,,,,,,,,,,,,,,,,,,,,,,,,,,,,,,,,,,,,,,,,,,,,,,,,,,,,,,,,,,,,,,,,,,,,,,,,,,,,,,,,,,,,,,,,,,,,,,,,,,
,,,,,,,,,,,K527APBXR,"K527APBXR Senco .131x3"" SM BB - 500CT",-- Unbranded --,-- No Unilog Brand --,-- No DIB Brand --,Senco Products Inc (4650),KYOCERA Corporation,,,K527APBXR,,Tools & Equipment>Power Tools>Power Tool Accessories>Cordless Tool Batteries,"KYOCERA Corporation, Cordless Tool Battery, K527APBXR",CORDLESS TOOL BATTERY,KYOCERA Corporation K527APBXR Cordless Tool Battery,,Cordless Tool Battery,,,,,,,,,,,,,,,,,,,,,,,,,,,,Series,,,Battery Series,,,Voltage Rating,,,Battery Capacity,,,Battery Chemistry,,,Number of Batteries,,,Overall Length,,,Overall Width,,,Overall Height,,,Suitable For Use With,,,Additional Information,,,,,,,,,,,,,,,,,,,,,,,,,,,,,,,,,,,,,,,,,,,,,,,,,,,,,,,,,,,,,,,,,,,,,,,,,,,,,,,,,,,,,,,,,,,,,,,,,,,,,,,,,,,,,,,,,,,,,,,,,,,,,,,,,,,,,,,,,,,,,,,,,,,,,,,,,,,,,,,,,,,,,,
,,,,,,,,,,,603150,"603150 2-1/2"" Finish Nail 15GA - 4M",-- Unbranded --,-- No Unilog Brand --,-- No DIB Brand --,National Nail Corp (7439),,,,603150,,Tools & Equipment>Power Tools>Power Fastening Tools>Power Nailers>Cordless Nailers,"Cordless Nailer, 603150",CORDLESS NAILER,603150 Cordless Nailer,,Cordless Nailer,,,,,,,,,,,,,,,,,,,,,,,,,,,,Series,,,Tool/Kit,,,Nail Capacity,,,Nail Length,,,Nail Diameter,,,Nail Gauge,,,Nail Head Style,,,Magazine Style,,,Magazine Angle,,,Magazine Loading Type,,,Firing/Actuation Type,,,Fastening Rate,,,Voltage Rating,,,Battery Type,,,Battery Capacity,,,Speed Rating,,,Housing Material,,,Housing Color,,,Switch Type,,,Handle Type,,,Handle Material,,,Handle Color,,,Sound Level,,,Overall Length,,,Overall Width,,,Overall Depth,,,Additional Information,,,,,,,,,,,,,,,,,,,,,,,,,,,,,,,,,,,,,,,,,,,,,,,,,,,,,,,,,,,,,,,,,,,,,,,,,,,,,,,,,,,,,,,,,,,,,,,,,,,,,,,,,,,,,,,,,,,,,,
,,,,,,,,,,,d10cnk,"D10CNK Prebena 1/2""x3/8"" - Staple",-- Unbranded --,-- No Unilog Brand --,-- No DIB Brand --,Prebena (PREBE),,,,d10cnk,,,,,,,,,,,,,,,,,,,,,,,,,,,,,,,,,,,,,,,,,,,,,,,,,,,,,,,,,,,,,,,,,,,,,,,,,,,,,,,,,,,,,,,,,,,,,,,,,,,,,,,,,,,,,,,,,,,,,,,,,,,,,,,,,,,,,,,,,,,,,,,,,,,,,,,,,,,,,,,,,,,,,,,,,,,,,,,,,,,,,,,,,,,,,,,,,,,,,,,,,,,,,,,,,,,,,,,,,,,,,,,,,,,,,,,
,,,,,,,,,,,e28cnkha,"E28CNKHA Prebena 2/4""x1 1/8"" - Staple",-- Unbranded --,-- No Unilog Brand --,-- No DIB Brand --,Prebena (PREBE),,,,e28cnkha,,,,,,,,,,,,,,,,,,,,,,,,,,,,,,,,,,,,,,,,,,,,,,,,,,,,,,,,,,,,,,,,,,,,,,,,,,,,,,,,,,,,,,,,,,,,,,,,,,,,,,,,,,,,,,,,,,,,,,,,,,,,,,,,,,,,,,,,,,,,,,,,,,,,,,,,,,,,,,,,,,,,,,,,,,,,,,,,,,,,,,,,,,,,,,,,,,,,,,,,,,,,,,,,,,,,,,,,,,,,,,,,,,,,,,,
,,,,,,,,,,,51334,"51334 44"" Wh Gilmour Fan",-- Unbranded --,-- No Unilog Brand --,-- No DIB Brand --,Hunter Fan Co (4381),,,,51334,,Appliances & Consumer Electronics>Laundry Appliances>Gas Dryers,"Gas Dryer, 51334",GAS DRYER,51334 Gas Dryer,,Gas Dryer,,,,,,,,,,,,,,,,,,,,,,,,,,,,Series,,,Model,,,Capacity,,,Rotational Speed,,,BTU Rating,,,Drum Type,,,Fuel Type,,,Depth With Door Open,,,Height With Lid Open,,,Number of Cycles,,,Number of Temperature Setting,,,Color,,,Dimensions,,,Additional Information,,,,,,,,,,,,,,,,,,,,,,,,,,,,,,,,,,,,,,,,,,,,,,,,,,,,,,,,,,,,,,,,,,,,,,,,,,,,,,,,,,,,,,,,,,,,,,,,,,,,,,,,,,,,,,,,,,,,,,,,,,,,,,,,,,,,,,,,,,,,,,,,,,,,,,,,,,,,,
,,,,,,,,,,,59210,"59210 52"" BZ Sent Hunter Fan",-- Unbranded --,-- No Unilog Brand --,Hunter,Hunter Fan Co (4381),,Hunter,,59210,,,,,,,,,,,,,,,,,,,,,,,,,,,,,,,,,,,,,,,,,,,,,,,,,,,,,,,,,,,,,,,,,,,,,,,,,,,,,,,,,,,,,,,,,,,,,,,,,,,,,,,,,,,,,,,,,,,,,,,,,,,,,,,,,,,,,,,,,,,,,,,,,,,,,,,,,,,,,,,,,,,,,,,,,,,,,,,,,,,,,,,,,,,,,,,,,,,,,,,,,,,,,,,,,,,,,,,,,,,,,,,,,,,,,,,
,,,,,,,,,,,52485,"52485 52"" MB Anisten Fan",-- Unbranded --,-- No Unilog Brand --,-- No DIB Brand --,Hunter Fan Co (4381),,,,52485,,,,,,,,,,,,,,,,,,,,,,,,,,,,,,,,,,,,,,,,,,,,,,,,,,,,,,,,,,,,,,,,,,,,,,,,,,,,,,,,,,,,,,,,,,,,,,,,,,,,,,,,,,,,,,,,,,,,,,,,,,,,,,,,,,,,,,,,,,,,,,,,,,,,,,,,,,,,,,,,,,,,,,,,,,,,,,,,,,,,,,,,,,,,,,,,,,,,,,,,,,,,,,,,,,,,,,,,,,,,,,,,,,,,,,,
,,,,,,,,,,,52486,"52486 44"" MB Anisten Fan",-- Unbranded --,-- No Unilog Brand --,-- No DIB Brand --,Hunter Fan Co (4381),,,,52486,,,,,,,,,,,,,,,,,,,,,,,,,,,,,,,,,,,,,,,,,,,,,,,,,,,,,,,,,,,,,,,,,,,,,,,,,,,,,,,,,,,,,,,,,,,,,,,,,,,,,,,,,,,,,,,,,,,,,,,,,,,,,,,,,,,,,,,,,,,,,,,,,,,,,,,,,,,,,,,,,,,,,,,,,,,,,,,,,,,,,,,,,,,,,,,,,,,,,,,,,,,,,,,,,,,,,,,,,,,,,,,,,,,,,,,
,,,,,,,,,,,52487,"52487 52"" WH Anisten Fan",-- Unbranded --,-- No Unilog Brand --,-- No DIB Brand --,Hunter Fan Co (4381),,,,52487,,Appliances & Consumer Electronics>Laundry Appliances>Gas Dryers,"Gas Dryer, 52487",GAS DRYER,52487 Gas Dryer,,Gas Dryer,,,,,,,,,,,,,,,,,,,,,,,,,,,,Series,,,Model,,,Capacity,,,Rotational Speed,,,BTU Rating,,,Drum Type,,,Fuel Type,,,Depth With Door Open,,,Height With Lid Open,,,Number of Cycles,,,Number of Temperature Setting,,,Color,,,Dimensions,,,Additional Information,,,,,,,,,,,,,,,,,,,,,,,,,,,,,,,,,,,,,,,,,,,,,,,,,,,,,,,,,,,,,,,,,,,,,,,,,,,,,,,,,,,,,,,,,,,,,,,,,,,,,,,,,,,,,,,,,,,,,,,,,,,,,,,,,,,,,,,,,,,,,,,,,,,,,,,,,,,,,
,,,,,,,,,,,52488,"52488 44"" WH Anisten Fan",-- Unbranded --,-- No Unilog Brand --,-- No DIB Brand --,Hunter Fan Co (4381),,,,52488,,Appliances & Consumer Electronics>Laundry Appliances>Gas Dryers,"Gas Dryer, 52488",GAS DRYER,52488 Gas Dryer,,Gas Dryer,,,,,,,,,,,,,,,,,,,,,,,,,,,,Series,,,Model,,,Capacity,,,Rotational Speed,,,BTU Rating,,,Drum Type,,,Fuel Type,,,Depth With Door Open,,,Height With Lid Open,,,Number of Cycles,,,Number of Temperature Setting,,,Color,,,Dimensions,,,Additional Information,,,,,,,,,,,,,,,,,,,,,,,,,,,,,,,,,,,,,,,,,,,,,,,,,,,,,,,,,,,,,,,,,,,,,,,,,,,,,,,,,,,,,,,,,,,,,,,,,,,,,,,,,,,,,,,,,,,,,,,,,,,,,,,,,,,,,,,,,,,,,,,,,,,,,,,,,,,,,
,,,,,,,,,,,52655,"52655 52"" MB Xidane Hunter Fan",-- Unbranded --,-- No Unilog Brand --,-- No DIB Brand --,Hunter Fan Co (4381),,,,52655,,,,,,,,,,,,,,,,,,,,,,,,,,,,,,,,,,,,,,,,,,,,,,,,,,,,,,,,,,,,,,,,,,,,,,,,,,,,,,,,,,,,,,,,,,,,,,,,,,,,,,,,,,,,,,,,,,,,,,,,,,,,,,,,,,,,,,,,,,,,,,,,,,,,,,,,,,,,,,,,,,,,,,,,,,,,,,,,,,,,,,,,,,,,,,,,,,,,,,,,,,,,,,,,,,,,,,,,,,,,,,,,,,,,,,,
,,,,,,,,,,,59261,"59261 52"" PB Cassius Fan",-- Unbranded --,-- No Unilog Brand --,-- No DIB Brand --,Hunter Fan Co (4381),,,,59261,,,,,,,,,,,,,,,,,,,,,,,,,,,,,,,,,,,,,,,,,,,,,,,,,,,,,,,,,,,,,,,,,,,,,,,,,,,,,,,,,,,,,,,,,,,,,,,,,,,,,,,,,,,,,,,,,,,,,,,,,,,,,,,,,,,,,,,,,,,,,,,,,,,,,,,,,,,,,,,,,,,,,,,,,,,,,,,,,,,,,,,,,,,,,,,,,,,,,,,,,,,,,,,,,,,,,,,,,,,,,,,,,,,,,,,
,,,,,,,,,,,51731,"51731 52"" MB Jetty Hunter Fan",-- Unbranded --,-- No Unilog Brand --,-- No DIB Brand --,Hunter Fan Co (4381),,,,51731,,,,,,,,,,,,,,,,,,,,,,,,,,,,,,,,,,,,,,,,,,,,,,,,,,,,,,,,,,,,,,,,,,,,,,,,,,,,,,,,,,,,,,,,,,,,,,,,,,,,,,,,,,,,,,,,,,,,,,,,,,,,,,,,,,,,,,,,,,,,,,,,,,,,,,,,,,,,,,,,,,,,,,,,,,,,,,,,,,,,,,,,,,,,,,,,,,,,,,,,,,,,,,,,,,,,,,,,,,,,,,,,,,,,,,,
https://makitatools.com/products/details/XLC10ZW,https://makitatools.com/products/details/XLC10ZW,,,,,,,,,,XLC10ZW,XLC10ZW Makita 18V Cordless Vacuum (Bare),-- Unbranded --,-- No Unilog Brand --,-- No DIB Brand --,Makita Usa Inc (5142),Makita,,,XLC10ZW,,Tools & Equipment>Power Tools>Power Drills>Cordless Hammer Drills,"Makita, Cordless Hammer Drill, XLC10ZW",CORDLESS HAMMER DRILL 18,Makita XLC10ZW Cordless Hammer Drill,,Cordless Hammer Drill,,,,,,,,,,,,,,,,,,,,,,,,,,,,Series,,,Tool/Kit,,,Torque Rating,,,Chuck Size,,,Chuck Type,,,Chuck Material,,,Blows per Minute,,,No Load Speed,,,Voltage Rating,18,V,Battery Type,,,Battery Capacity,,,Speed Setting,,,Housing Material,,,Housing Color,,,Switch Type,,,Handle Type,,,Handle Material,,,Handle Color,,,Sound Level,,,Overall Length,,,Overall Width,,,Overall Depth,,,Additional Information,,,,,,,,,,,,,,,,,,,,,,,,,,,,,,,,,,,,,,,,,,,,,,,,,,,,,,,,,,,,,,,,,,,,,,,,,,,,,,,,,,,,,,,,,,,,,,,,,,,,,,,,,,,,,,,,,,,,,,,,,,,,,,,,,,
,,,,,,,,,,,HS-DA,HS-DA Motion Driveway Alert,-- Unbranded --,-- No Unilog Brand --,-- No DIB Brand --,Sabre (9195),,,,HS-DA,,Electrical>Lamps & Lightings>Light Bulbs>LED Light Bulbs,"LED Bulb, HS-DA",BULB LED,HS-DA LED Bulb,,LED Bulb,,,,,,,,,,,,,,,,,,,,,,,,,,,,Series,,,Wattage,,,Lumens,,,Bulb Shape,,,Bulb Shape Code,,,Color Temperature,,,Light Appearance,,,Bulb Base,,,Bulb Base Code,,,Bulb Finish,,,Voltage Rating,,,Color Rendering Index (CRI),,,Bulb Designation,,,Average Life,,,Beam Angle,,,Incandescent Wattage Equivalent,,,Halogen Wattage Equivalent,,,Fluorescent Wattage Equivalent,,,HID Wattage Equivalent,,,Dimmable,,,Smart Compatible With,,,Diameter,,,Length,,,Energy Star Certified,,,Title 20 Compliant,,,Title 24 Compliant,,,Additional Information,,,,,,,,,,,,,,,,,,,,,,,,,,,,,,,,,,,,,,,,,,,,,,,,,,,,,,,,,,,,,,,,,,,,,,,,,,,,,,,,,,,,,,,,,,,,,,,,,,,,,,,,,,,,,,,,,,,,,,
,,,,,,,,,,,73002252,Black Gate Gravity Latch RDI,-- Unbranded --,-- No Unilog Brand --,-- No DIB Brand --,-,,,,73002252,,"Lawn, Garden & Patio>Fencing>Gate Openers & Hardware>Gate Latches & Slide Bolts","Gate Latches & Slide Bolt, 73002252",GATE LATCHES & SLIDE BOLT,73002252 Gate Latches & Slide Bolt,,Gate Latches & Slide Bolt,,,,,,,,,,,,,,,,,,,,,,,,,,,,Series,,,Style,,,Bolt Head Diameter,,,Bolt Length,,,Throw Size,,,Material,,,Finish,,,Color,,,Number of Mounting Holes,,,Mounting Type,,,Width,,,Height,,,Depth,,,Additional Information,,,,,,,,,,,,,,,,,,,,,,,,,,,,,,,,,,,,,,,,,,,,,,,,,,,,,,,,,,,,,,,,,,,,,,,,,,,,,,,,,,,,,,,,,,,,,,,,,,,,,,,,,,,,,,,,,,,,,,,,,,,,,,,,,,,,,,,,,,,,,,,,,,,,,,,,,,,,,
,,,,,,,,,,,48-22-8396R,48-22-8396R Milw 24oz Bottle - Insulated,-- Unbranded --,-- No Unilog Brand --,-- No DIB Brand --,Milwaukee Accessory (4031),Milwaukee Tool,,,48-22-8396R,,Tools & Equipment>Power Tools>Power Saw Blades>Diamond Saw Blades,"Milwaukee Tool, Diamond Saw Blade, 48-22-8396R",DIAMOND SAW BLADE,Milwaukee Tool 48-22-8396R Diamond Saw Blade,,Diamond Saw Blade,,,,,,,,,,,,,,,,,,,,,,,,,,,,Series,,,Diameter,,,Thickness,,,Rim Type,,,Cut Type,,,Cut Width,,,Maximum Cutting Depth,,,Arbor Type,,,Arbor Size,,,Grade,,,Maximum Speed Rating,,,Cutting Edge Material,,,Blade Material,,,Color,,,Cut Materials,,,Suitable For Use With,,,Number of Pieces,,,Additional Information,,,,,,,,,,,,,,,,,,,,,,,,,,,,,,,,,,,,,,,,,,,,,,,,,,,,,,,,,,,,,,,,,,,,,,,,,,,,,,,,,,,,,,,,,,,,,,,,,,,,,,,,,,,,,,,,,,,,,,,,,,,,,,,,,,,,,,,,,,,,,,,,,
,,,,,,,,,,,48-22-8397R,48-22-8397R Milw 36oz Bottle - Insulated,-- Unbranded --,-- No Unilog Brand --,-- No DIB Brand --,Milwaukee Accessory (4031),Milwaukee Tool,,,48-22-8397R,,Tools & Equipment>Power Tools>Power Saw Blades>Diamond Saw Blades,"Milwaukee Tool, Diamond Saw Blade, 48-22-8397R",DIAMOND SAW BLADE,Milwaukee Tool 48-22-8397R Diamond Saw Blade,,Diamond Saw Blade,,,,,,,,,,,,,,,,,,,,,,,,,,,,Series,,,Diameter,,,Thickness,,,Rim Type,,,Cut Type,,,Cut Width,,,Maximum Cutting Depth,,,Arbor Type,,,Arbor Size,,,Grade,,,Maximum Speed Rating,,,Cutting Edge Material,,,Blade Material,,,Color,,,Cut Materials,,,Suitable For Use With,,,Number of Pieces,,,Additional Information,,,,,,,,,,,,,,,,,,,,,,,,,,,,,,,,,,,,,,,,,,,,,,,,,,,,,,,,,,,,,,,,,,,,,,,,,,,,,,,,,,,,,,,,,,,,,,,,,,,,,,,,,,,,,,,,,,,,,,,,,,,,,,,,,,,,,,,,,,,,,,,,,
,,,,,,,,,,,DCGG581B,DCGG581B Dewalt 20V Grease Gun 2-Speed,-- Unbranded --,-- No Unilog Brand --,-- No DIB Brand --,Black & Decker/dewlt (2585),Stanley Black & Decker,,,DCGG581B,,Appliances & Consumer Electronics>Laundry Appliances>Top Loading Washers,"Stanley Black & Decker, Top Loading Washer, DCGG581B",TOP LOADING WASHER 20,Stanley Black & Decker DCGG581B Top Loading Washer,,Top Loading Washer,,,,,,,,,,,,,,,,,,,,,,,,,,,,Series,,,Model,,,Capacity,,,Voltage Rating,20,V,Amperage Rating,,,Power Rating,,,HP Rating,,,Frequency Rating,,,Phase,,,Rotational Speed,,,BTU Rating,,,Drum Type,,,Fuel Type,,,Depth With Door Open,,,Height With Lid Open,,,Number of Cycles,,,Number of Temperature Setting,,,Color,,,Dimensions,,,Additional Information,,,,,,,,,,,,,,,,,,,,,,,,,,,,,,,,,,,,,,,,,,,,,,,,,,,,,,,,,,,,,,,,,,,,,,,,,,,,,,,,,,,,,,,,,,,,,,,,,,,,,,,,,,,,,,,,,,,,,,,,,,,,,,,,,,,,,,,,,,,
,,,,,,,,,,,DCGG581GD1,DCGG581GD1 Dewalt 20V Grease Gun 2-Speed Kit,-- Unbranded --,-- No Unilog Brand --,-- No DIB Brand --,Black & Decker/dewlt (2585),Stanley Black & Decker,,,DCGG581GD1,,Appliances & Consumer Electronics>Laundry Appliances>Top Loading Washers,"Stanley Black & Decker, Top Loading Washer, DCGG581GD1",TOP LOADING WASHER 20,Stanley Black & Decker DCGG581GD1 Top Loading Washer,,Top Loading Washer,,,,,,,,,,,,,,,,,,,,,,,,,,,,Series,,,Model,,,Capacity,,,Voltage Rating,20,V,Amperage Rating,,,Power Rating,,,HP Rating,,,Frequency Rating,,,Phase,,,Rotational Speed,,,BTU Rating,,,Drum Type,,,Fuel Type,,,Depth With Door Open,,,Height With Lid Open,,,Number of Cycles,,,Number of Temperature Setting,,,Color,,,Dimensions,,,Additional Information,,,,,,,,,,,,,,,,,,,,,,,,,,,,,,,,,,,,,,,,,,,,,,,,,,,,,,,,,,,,,,,,,,,,,,,,,,,,,,,,,,,,,,,,,,,,,,,,,,,,,,,,,,,,,,,,,,,,,,,,,,,,,,,,,,,,,,,,,,,
,,,,,,,,,,,DWST41092,"DWST41092 Dewalt Tool Chest 41"" Bottom",-- Unbranded --,-- No Unilog Brand --,-- No DIB Brand --,Black & Decker/dewlt (2585),Stanley Black & Decker,,,DWST41092,,Tools & Equipment>Power Tools>Power Fastening Tools>Power Wrenches & Ratchets>Cordless Impact Wrenches,"Stanley Black & Decker, Cordless Impact Wrench, DWST41092",CORDLESS IMPACT WRENCH,Stanley Black & Decker DWST41092 Cordless Impact Wrench,,Cordless Impact Wrench,,,,,,,,,,,,,,,,,,,,,,,,,,,,Series,,,Tool/Kit,,,Drive Size,,,Drive Type,,,Torque Rating,,,Impacts per Minute,,,Voltage Rating,,,Battery Type,,,Battery Capacity,,,Speed Rating,,,Speed Setting,,,Housing Material,,,Housing Color,,,Switch Type,,,Handle Type,,,Handle Material,,,Handle Color,,,Sound Level,,,Overall Length,,,Overall Width,,,Overall Depth,,,Additional Information,,,,,,,,,,,,,,,,,,,,,,,,,,,,,,,,,,,,,,,,,,,,,,,,,,,,,,,,,,,,,,,,,,,,,,,,,,,,,,,,,,,,,,,,,,,,,,,,,,,,,,,,,,,,,,,,,,,,,,,,,,,,,,,,,,,,,
,,,,,,,,,,,156436WHT,156436 Wh 4x4x120 Post Wrap,DSI Westbury,-- No Unilog Brand --,-- No DIB Brand --,Palmer Donavin Mfg Company (PALDO),Digger Specialties Inc,DSI Westbury,,156436WHT,,Electrical>Lamps & Lightings>Indoor Lighting>Wraparound Lights,"Digger Specialties Inc, Wraparound Light, 156436WHT",WRAPAROUND LIGHT,Digger Specialties Inc 156436WHT Wraparound Light,,Wraparound Light,,,,,,,,,,,,,,,,,,,,,,,,,,,,Collection,,,Fixture Wattage,,,Voltage Rating,,,Amperage Rating,,,Frequency Rating,,,Fixture Style,,,Fixture Shape,,,Bulb Type,,,Bulb Wattage,,,Bulb Base,,,Number of Bulbs,,,Lumens,,,Color Temperature,,,Color Rendering Index (CRI),,,Average Life,,,Dimmable/Non-Dimmable,,,Lens Type,,,Lens Material,,,Fixture Material,,,Fixture Finish,,,Mounting Type,,,Backplate/Canopy Size,,,Enclosure Type,,,Bulb Included,,,Dimensions,,,Additional Information,,,,,,,,,,,,,,,,,,,,,,,,,,,,,,,,,,,,,,,,,,,,,,,,,,,,,,,,,,,,,,,,,,,,,,,,,,,,,,,,,,,,,,,,,,,,,,,,,,,,,,,,,,,,,,,,,,,,,,,,,
,,,,,,,,,,,173950TBK,"4""x8'-6"" DSI SQ Black Alum Post Wrap",-- Unbranded --,-- No Unilog Brand --,-- No DIB Brand --,Palmer Donavin Mfg Company (PALDO),Digger Specialties Inc,,,173950TBK,,Building Materials>Decking>Deck Posts & Deck Sleeves>Deck Post Sleeves,"Digger Specialties Inc, Deck Post Sleeve, 173950TBK",DECK POST SLEEVE,Digger Specialties Inc 173950TBK Deck Post Sleeve,,Deck Post Sleeve,,,,,,,,,,,,,,,,,,,,,,,,,,,,Series,,,Shape,,,Material,,,Finish,,,Color,,,Width,,,Depth,,,Height,,,Installation Type,,,Fits Post Size,,,Additional Information,,,,,,,,,,,,,,,,,,,,,,,,,,,,,,,,,,,,,,,,,,,,,,,,,,,,,,,,,,,,,,,,,,,,,,,,,,,,,,,,,,,,,,,,,,,,,,,,,,,,,,,,,,,,,,,,,,,,,,,,,,,,,,,,,,,,,,,,,,,,,,,,,,,,,,,,,,,,,,,,,,,,,,
,,,,,,,,,,,173951TBK,"6""x8'-6"" DSI SQ Black Alum Post Wrap",-- Unbranded --,-- No Unilog Brand --,-- No DIB Brand --,Palmer Donavin Mfg Company (PALDO),Digger Specialties Inc,,,173951TBK,,Building Materials>Decking>Deck Posts & Deck Sleeves>Deck Post Sleeves,"Digger Specialties Inc, Deck Post Sleeve, 173951TBK",DECK POST SLEEVE,Digger Specialties Inc 173951TBK Deck Post Sleeve,,Deck Post Sleeve,,,,,,,,,,,,,,,,,,,,,,,,,,,,Series,,,Shape,,,Material,,,Finish,,,Color,,,Width,,,Depth,,,Height,,,Installation Type,,,Fits Post Size,,,Additional Information,,,,,,,,,,,,,,,,,,,,,,,,,,,,,,,,,,,,,,,,,,,,,,,,,,,,,,,,,,,,,,,,,,,,,,,,,,,,,,,,,,,,,,,,,,,,,,,,,,,,,,,,,,,,,,,,,,,,,,,,,,,,,,,,,,,,,,,,,,,,,,,,,,,,,,,,,,,,,,,,,,,,,,
,,,,,,,,,,,173952TBK,"6""x10' DSI SQ Black Alum Post Wrap",-- Unbranded --,-- No Unilog Brand --,-- No DIB Brand --,Palmer Donavin Mfg Company (PALDO),Digger Specialties Inc,,,173952TBK,,Building Materials>Decking>Deck Posts & Deck Sleeves>Deck Post Sleeves,"Digger Specialties Inc, Deck Post Sleeve, 173952TBK",DECK POST SLEEVE,Digger Specialties Inc 173952TBK Deck Post Sleeve,,Deck Post Sleeve,,,,,,,,,,,,,,,,,,,,,,,,,,,,Series,,,Shape,,,Material,,,Finish,,,Color,,,Width,,,Depth,,,Height,,,Installation Type,,,Fits Post Size,,,Additional Information,,,,,,,,,,,,,,,,,,,,,,,,,,,,,,,,,,,,,,,,,,,,,,,,,,,,,,,,,,,,,,,,,,,,,,,,,,,,,,,,,,,,,,,,,,,,,,,,,,,,,,,,,,,,,,,,,,,,,,,,,,,,,,,,,,,,,,,,,,,,,,,,,,,,,,,,,,,,,,,,,,,,,,
,,,,,,,,,,,1624157,TW52 WH INSIDE CAS VIN WRAPPED,ANDERSEN,-- No Unilog Brand --,-- No DIB Brand --,-,,ANDERSEN,,1624157,,Appliances & Consumer Electronics>Laundry Appliances>Gas Dryers,"Gas Dryer, 1624157",GAS DRYER,1624157 Gas Dryer,,Gas Dryer,,,,,,,,,,,,,,,,,,,,,,,,,,,,Series,,,Model,,,Capacity,,,Rotational Speed,,,BTU Rating,,,Drum Type,,,Fuel Type,,,Depth With Door Open,,,Height With Lid Open,,,Number of Cycles,,,Number of Temperature Setting,,,Color,,,Dimensions,,,Additional Information,,,,,,,,,,,,,,,,,,,,,,,,,,,,,,,,,,,,,,,,,,,,,,,,,,,,,,,,,,,,,,,,,,,,,,,,,,,,,,,,,,,,,,,,,,,,,,,,,,,,,,,,,,,,,,,,,,,,,,,,,,,,,,,,,,,,,,,,,,,,,,,,,,,,,,,,,,,,,
,,,,,,,,,,,40025,40025 TS-54 Wal-Board T-Square 009-008,-- Unbranded --,-- No Unilog Brand --,-- No DIB Brand --,Marshalltown Trowel (5155),,,,40025,,,,,,,,,,,,,,,,,,,,,,,,,,,,,,,,,,,,,,,,,,,,,,,,,,,,,,,,,,,,,,,,,,,,,,,,,,,,,,,,,,,,,,,,,,,,,,,,,,,,,,,,,,,,,,,,,,,,,,,,,,,,,,,,,,,,,,,,,,,,,,,,,,,,,,,,,,,,,,,,,,,,,,,,,,,,,,,,,,,,,,,,,,,,,,,,,,,,,,,,,,,,,,,,,,,,,,,,,,,,,,,,,,,,,,,
,,,,,,,,,,,48-22-3301,48-22-3301 Milw Mechanical Pencil w/ Lead Pack,-- Unbranded --,-- No Unilog Brand --,-- No DIB Brand --,Milwaukee Accessory (4031),Milwaukee Tool,,,48-22-3301,,Tools & Equipment>Power Tools>Power Tool Accessories>Cordless Tool Batteries,"Milwaukee Tool, Cordless Tool Battery, 48-22-3301",CORDLESS TOOL BATTERY,Milwaukee Tool 48-22-3301 Cordless Tool Battery,,Cordless Tool Battery,,,,,,,,,,,,,,,,,,,,,,,,,,,,Series,,,Battery Series,,,Voltage Rating,,,Battery Capacity,,,Battery Chemistry,,,Number of Batteries,,,Overall Length,,,Overall Width,,,Overall Height,,,Suitable For Use With,,,Additional Information,,,,,,,,,,,,,,,,,,,,,,,,,,,,,,,,,,,,,,,,,,,,,,,,,,,,,,,,,,,,,,,,,,,,,,,,,,,,,,,,,,,,,,,,,,,,,,,,,,,,,,,,,,,,,,,,,,,,,,,,,,,,,,,,,,,,,,,,,,,,,,,,,,,,,,,,,,,,,,,,,,,,,,
,,,,,,,,,,,48-22-3302,48-22-3302 Milw Mechanical Pencil Replacement Lead,-- Unbranded --,-- No Unilog Brand --,-- No DIB Brand --,Milwaukee Accessory (4031),Milwaukee Tool,,,48-22-3302,,Test & Measurement>Measuring & Layout Tools>Marking & Layout Tools>Mason's Lines,"Milwaukee Tool, Mason's Line, 48-22-3302",MASON'S LINE,Milwaukee Tool 48-22-3302 Mason's Line,,Mason's Line,,,,,,,,,,,,,,,,,,,,,,,,,,,,Series,,,Diameter,,,Length,,,Breaking Strength,,,Material,,,Color,,,Additional Information,,,,,,,,,,,,,,,,,,,,,,,,,,,,,,,,,,,,,,,,,,,,,,,,,,,,,,,,,,,,,,,,,,,,,,,,,,,,,,,,,,,,,,,,,,,,,,,,,,,,,,,,,,,,,,,,,,,,,,,,,,,,,,,,,,,,,,,,,,,,,,,,,,,,,,,,,,,,,,,,,,,,,,,,,,,,,,,,,,
,,,,,,,,,,,48-22-3303,48-22-3303 Milw Mechanical Pencil Replacement Lead-Color,-- Unbranded --,-- No Unilog Brand --,-- No DIB Brand --,Milwaukee Accessory (4031),Milwaukee Tool,,,48-22-3303,,Test & Measurement>Measuring & Layout Tools>Marking & Layout Tools>Mason's Lines,"Milwaukee Tool, Mason's Line, 48-22-3303",MASON'S LINE,Milwaukee Tool 48-22-3303 Mason's Line,,Mason's Line,,,,,,,,,,,,,,,,,,,,,,,,,,,,Series,,,Diameter,,,Length,,,Breaking Strength,,,Material,,,Color,,,Additional Information,,,,,,,,,,,,,,,,,,,,,,,,,,,,,,,,,,,,,,,,,,,,,,,,,,,,,,,,,,,,,,,,,,,,,,,,,,,,,,,,,,,,,,,,,,,,,,,,,,,,,,,,,,,,,,,,,,,,,,,,,,,,,,,,,,,,,,,,,,,,,,,,,,,,,,,,,,,,,,,,,,,,,,,,,,,,,,,,,,
,,,,,,,,,,,TSDKAP218-G2,TSDKAP218-G2 Edge Safety - Khor Black Frame Polarized,-- Unbranded --,-- No Unilog Brand --,-- No DIB Brand --,Edge Eyewear Inc (EDGSA),Wolf Peak International,,,TSDKAP218-G2,,Safety>Eye Protection>Safety Glasses,"Wolf Peak International, Safety Glass, TSDKAP218-G2",SAFETY GLASS,Wolf Peak International TSDKAP218-G2 Safety Glass,,Safety Glass,,,,,,,,,,,,,,,,,,,,,,,,,,,,Series,,,Gender,,,Size,,,Lens Type,,,Lens Coating,,,Lens Color,,,Lens Material,,,Lens Size,,,Frame Shape,,,Frame Color,,,Frame Material,,,Frame Size,,,Temple Type,,,Temple Color,,,Temple Material,,,UV Protection Rating,,,Bridge Size,,,Additional Information,,,,,,,,,,,,,,,,,,,,,,,,,,,,,,,,,,,,,,,,,,,,,,,,,,,,,,,,,,,,,,,,,,,,,,,,,,,,,,,,,,,,,,,,,,,,,,,,,,,,,,,,,,,,,,,,,,,,,,,,,,,,,,,,,,,,,,,,,,,,,,,,,
,,,,,,,,,,,XPAP418,XPAP418 Edge Safety Glasses - Pumori Black Frame,-- Unbranded --,-- No Unilog Brand --,-- No DIB Brand --,Edge Eyewear Inc (EDGSA),Wolf Peak International,,,XPAP418,,Safety>Eye Protection>Safety Glasses,"Wolf Peak International, Safety Glass, XPAP418",SAFETY GLASS,Wolf Peak International XPAP418 Safety Glass,,Safety Glass,,,,,,,,,,,,,,,,,,,,,,,,,,,,Series,,,Gender,,,Size,,,Lens Type,,,Lens Coating,,,Lens Color,,,Lens Material,,,Lens Size,,,Frame Shape,,,Frame Color,,,Frame Material,,,Frame Size,,,Temple Type,,,Temple Color,,,Temple Material,,,UV Protection Rating,,,Bridge Size,,,Additional Information,,,,,,,,,,,,,,,,,,,,,,,,,,,,,,,,,,,,,,,,,,,,,,,,,,,,,,,,,,,,,,,,,,,,,,,,,,,,,,,,,,,,,,,,,,,,,,,,,,,,,,,,,,,,,,,,,,,,,,,,,,,,,,,,,,,,,,,,,,,,,,,,,
,,,,,,,,,,,XDAP419,XDAP419 Edge Safety Glasses - Dawson Black Frame Red Lenses,-- Unbranded --,-- No Unilog Brand --,-- No DIB Brand --,Edge Eyewear Inc (EDGSA),Wolf Peak International,,,XDAP419,,Safety>Eye Protection>Safety Glasses,"Wolf Peak International, Safety Glass, XDAP419",SAFETY GLASS,Wolf Peak International XDAP419 Safety Glass,,Safety Glass,,,,,,,,,,,,,,,,,,,,,,,,,,,,Series,,,Gender,,,Size,,,Lens Type,,,Lens Coating,,,Lens Color,,,Lens Material,,,Lens Size,,,Frame Shape,,,Frame Color,,,Frame Material,,,Frame Size,,,Temple Type,,,Temple Color,,,Temple Material,,,UV Protection Rating,,,Bridge Size,,,Additional Information,,,,,,,,,,,,,,,,,,,,,,,,,,,,,,,,,,,,,,,,,,,,,,,,,,,,,,,,,,,,,,,,,,,,,,,,,,,,,,,,,,,,,,,,,,,,,,,,,,,,,,,,,,,,,,,,,,,,,,,,,,,,,,,,,,,,,,,,,,,,,,,,,
,,,,,,,,,,,XB11PCVS,XB11PCVS Edge Safety Glasses - Photochromic Lense,-- Unbranded --,-- No Unilog Brand --,-- No DIB Brand --,Edge Eyewear Inc (EDGSA),Wolf Peak International,,,XB11PCVS,,Safety>Eye Protection>Safety Glasses,"Wolf Peak International, Safety Glass, XB11PCVS",SAFETY GLASS,Wolf Peak International XB11PCVS Safety Glass,,Safety Glass,,,,,,,,,,,,,,,,,,,,,,,,,,,,Series,,,Gender,,,Size,,,Lens Type,,,Lens Coating,,,Lens Color,,,Lens Material,,,Lens Size,,,Frame Shape,,,Frame Color,,,Frame Material,,,Frame Size,,,Temple Type,,,Temple Color,,,Temple Material,,,UV Protection Rating,,,Bridge Size,,,Additional Information,,,,,,,,,,,,,,,,,,,,,,,,,,,,,,,,,,,,,,,,,,,,,,,,,,,,,,,,,,,,,,,,,,,,,,,,,,,,,,,,,,,,,,,,,,,,,,,,,,,,,,,,,,,,,,,,,,,,,,,,,,,,,,,,,,,,,,,,,,,,,,,,,
,,,,,,,,,,,KB121VS,KB121VS Edge Safety Glasses - Kabru Black Frame,-- Unbranded --,-- No Unilog Brand --,-- No DIB Brand --,Edge Eyewear Inc (EDGSA),Wolf Peak International,,,KB121VS,,Safety>Eye Protection>Safety Glasses,"Wolf Peak International, Safety Glass, KB121VS",SAFETY GLASS,Wolf Peak International KB121VS Safety Glass,,Safety Glass,,,,,,,,,,,,,,,,,,,,,,,,,,,,Series,,,Gender,,,Size,,,Lens Type,,,Lens Coating,,,Lens Color,,,Lens Material,,,Lens Size,,,Frame Shape,,,Frame Color,,,Frame Material,,,Frame Size,,,Temple Type,,,Temple Color,,,Temple Material,,,UV Protection Rating,,,Bridge Size,,,Additional Information,,,,,,,,,,,,,,,,,,,,,,,,,,,,,,,,,,,,,,,,,,,,,,,,,,,,,,,,,,,,,,,,,,,,,,,,,,,,,,,,,,,,,,,,,,,,,,,,,,,,,,,,,,,,,,,,,,,,,,,,,,,,,,,,,,,,,,,,,,,,,,,,,
,,,,,,,,,,,KB126VS,KB126VS Edge Safety Glasses - Kabru Black Frame,-- Unbranded --,-- No Unilog Brand --,-- No DIB Brand --,Edge Eyewear Inc (EDGSA),Wolf Peak International,,,KB126VS,,Safety>Eye Protection>Safety Glasses,"Wolf Peak International, Safety Glass, KB126VS",SAFETY GLASS,Wolf Peak International KB126VS Safety Glass,,Safety Glass,,,,,,,,,,,,,,,,,,,,,,,,,,,,Series,,,Gender,,,Size,,,Lens Type,,,Lens Coating,,,Lens Color,,,Lens Material,,,Lens Size,,,Frame Shape,,,Frame Color,,,Frame Material,,,Frame Size,,,Temple Type,,,Temple Color,,,Temple Material,,,UV Protection Rating,,,Bridge Size,,,Additional Information,,,,,,,,,,,,,,,,,,,,,,,,,,,,,,,,,,,,,,,,,,,,,,,,,,,,,,,,,,,,,,,,,,,,,,,,,,,,,,,,,,,,,,,,,,,,,,,,,,,,,,,,,,,,,,,,,,,,,,,,,,,,,,,,,,,,,,,,,,,,,,,,,
,,,,,,,,,,,TC121VS,TC121VS Edge Safety Glasses - Tacana Black Frame,-- Unbranded --,-- No Unilog Brand --,-- No DIB Brand --,Edge Eyewear Inc (EDGSA),Wolf Peak International,,,TC121VS,,Safety>Eye Protection>Safety Glasses,"Wolf Peak International, Safety Glass, TC121VS",SAFETY GLASS,Wolf Peak International TC121VS Safety Glass,,Safety Glass,,,,,,,,,,,,,,,,,,,,,,,,,,,,Series,,,Gender,,,Size,,,Lens Type,,,Lens Coating,,,Lens Color,,,Lens Material,,,Lens Size,,,Frame Shape,,,Frame Color,,,Frame Material,,,Frame Size,,,Temple Type,,,Temple Color,,,Temple Material,,,UV Protection Rating,,,Bridge Size,,,Additional Information,,,,,,,,,,,,,,,,,,,,,,,,,,,,,,,,,,,,,,,,,,,,,,,,,,,,,,,,,,,,,,,,,,,,,,,,,,,,,,,,,,,,,,,,,,,,,,,,,,,,,,,,,,,,,,,,,,,,,,,,,,,,,,,,,,,,,,,,,,,,,,,,,
,,,,,,,,,,,TC126VS,TC126VS Edge Safety Glasses - Tacana Black Frame,-- Unbranded --,-- No Unilog Brand --,-- No DIB Brand --,Edge Eyewear Inc (EDGSA),Wolf Peak International,,,TC126VS,,Safety>Eye Protection>Safety Glasses,"Wolf Peak International, Safety Glass, TC126VS",SAFETY GLASS,Wolf Peak International TC126VS Safety Glass,,Safety Glass,,,,,,,,,,,,,,,,,,,,,,,,,,,,Series,,,Gender,,,Size,,,Lens Type,,,Lens Coating,,,Lens Color,,,Lens Material,,,Lens Size,,,Frame Shape,,,Frame Color,,,Frame Material,,,Frame Size,,,Temple Type,,,Temple Color,,,Temple Material,,,UV Protection Rating,,,Bridge Size,,,Additional Information,,,,,,,,,,,,,,,,,,,,,,,,,,,,,,,,,,,,,,,,,,,,,,,,,,,,,,,,,,,,,,,,,,,,,,,,,,,,,,,,,,,,,,,,,,,,,,,,,,,,,,,,,,,,,,,,,,,,,,,,,,,,,,,,,,,,,,,,,,,,,,,,,
,,,,,,,,,,,MK113MPAP,MK113MPAP Edge Safety Glasses - Makalu Black Frame Polarized,-- Unbranded --,-- No Unilog Brand --,-- No DIB Brand --,Edge Eyewear Inc (EDGSA),Wolf Peak International,,,MK113MPAP,,Safety>Eye Protection>Safety Glasses,"Wolf Peak International, Safety Glass, MK113MPAP",SAFETY GLASS,Wolf Peak International MK113MPAP Safety Glass,,Safety Glass,,,,,,,,,,,,,,,,,,,,,,,,,,,,Series,,,Gender,,,Size,,,Lens Type,,,Lens Coating,,,Lens Color,,,Lens Material,,,Lens Size,,,Frame Shape,,,Frame Color,,,Frame Material,,,Frame Size,,,Temple Type,,,Temple Color,,,Temple Material,,,UV Protection Rating,,,Bridge Size,,,Additional Information,,,,,,,,,,,,,,,,,,,,,,,,,,,,,,,,,,,,,,,,,,,,,,,,,,,,,,,,,,,,,,,,,,,,,,,,,,,,,,,,,,,,,,,,,,,,,,,,,,,,,,,,,,,,,,,,,,,,,,,,,,,,,,,,,,,,,,,,,,,,,,,,,
,,,,,,,,,,,LS117MPAP,LS117MPAP Edge Safety Glasses - Lassen Black Frame Polarized,-- Unbranded --,-- No Unilog Brand --,-- No DIB Brand --,Edge Eyewear Inc (EDGSA),Wolf Peak International,,,LS117MPAP,,Safety>Eye Protection>Safety Glasses,"Wolf Peak International, Safety Glass, LS117MPAP",SAFETY GLASS,Wolf Peak International LS117MPAP Safety Glass,,Safety Glass,,,,,,,,,,,,,,,,,,,,,,,,,,,,Series,,,Gender,,,Size,,,Lens Type,,,Lens Coating,,,Lens Color,,,Lens Material,,,Lens Size,,,Frame Shape,,,Frame Color,,,Frame Material,,,Frame Size,,,Temple Type,,,Temple Color,,,Temple Material,,,UV Protection Rating,,,Bridge Size,,,Additional Information,,,,,,,,,,,,,,,,,,,,,,,,,,,,,,,,,,,,,,,,,,,,,,,,,,,,,,,,,,,,,,,,,,,,,,,,,,,,,,,,,,,,,,,,,,,,,,,,,,,,,,,,,,,,,,,,,,,,,,,,,,,,,,,,,,,,,,,,,,,,,,,,,
,,,,,,,,,,,FE-EFX-6L,FEEFX6L Lith Fire Extinguisher,-- Unbranded --,-- No Unilog Brand --,-- No DIB Brand --,Ohio Firewatch Protection Inc (HOLFS),E-FireX,,,FE-EFX-6L,,Safety>Fire Protection>Fire Extinguishers & Accessories>Fire Extinguishers,"E-FireX, Fire Extinguisher, FE-EFX-6L",FIRE EXTINGUISHER,E-FireX FE-EFX-6L Fire Extinguisher,,Fire Extinguisher,,,,,,,,,,,,,,,,,,,,,,,,,,,,Series,,,Fire Rating,,,Capacity,,,Extinguish Agent Type,,,Operating Pressure,,,Discharge Time,,,Rechargeable/Non-Rechargeable,,,Fire Class,,,Range Maximum,,,Mounting Type,,,Cylinder Material,,,Handle Material,,,Valve Type,,,Valve Material,,,Color,,,Finish,,,Temperature Rating,,,Diameter,,,Height,,,Width,,,Domestic/Import,,,Additional Information,,,,,,,,,,,,,,,,,,,,,,,,,,,,,,,,,,,,,,,,,,,,,,,,,,,,,,,,,,,,,,,,,,,,,,,,,,,,,,,,,,,,,,,,,,,,,,,,,,,,,,,,,,,,,,,,,,,,,,,,,,,,,,,,,,,,,
,,,,,,,,,,,FE-EFX-9L,FEEFX9L Lith Fire Extinguisher,-- Unbranded --,-- No Unilog Brand --,-- No DIB Brand --,Ohio Firewatch Protection Inc (HOLFS),E-FireX,,,FE-EFX-9L,,Safety>Fire Protection>Fire Extinguishers & Accessories>Fire Extinguishers,"E-FireX, Fire Extinguisher, FE-EFX-9L",FIRE EXTINGUISHER,E-FireX FE-EFX-9L Fire Extinguisher,,Fire Extinguisher,,,,,,,,,,,,,,,,,,,,,,,,,,,,Series,,,Fire Rating,,,Capacity,,,Extinguish Agent Type,,,Operating Pressure,,,Discharge Time,,,Rechargeable/Non-Rechargeable,,,Fire Class,,,Range Maximum,,,Mounting Type,,,Cylinder Material,,,Handle Material,,,Valve Type,,,Valve Material,,,Color,,,Finish,,,Temperature Rating,,,Diameter,,,Height,,,Width,,,Domestic/Import,,,Additional Information,,,,,,,,,,,,,,,,,,,,,,,,,,,,,,,,,,,,,,,,,,,,,,,,,,,,,,,,,,,,,,,,,,,,,,,,,,,,,,,,,,,,,,,,,,,,,,,,,,,,,,,,,,,,,,,,,,,,,,,,,,,,,,,,,,,,,
,,,,,,,,,,,1046793,1046793 Smoke & CO Alarm,-- Unbranded --,-- No Unilog Brand --,First Alert,First Alert - B R K Brands (2754),,First Alert,,1046793,,,,,,,,,,,,,,,,,,,,,,,,,,,,,,,,,,,,,,,,,,,,,,,,,,,,,,,,,,,,,,,,,,,,,,,,,,,,,,,,,,,,,,,,,,,,,,,,,,,,,,,,,,,,,,,,,,,,,,,,,,,,,,,,,,,,,,,,,,,,,,,,,,,,,,,,,,,,,,,,,,,,,,,,,,,,,,,,,,,,,,,,,,,,,,,,,,,,,,,,,,,,,,,,,,,,,,,,,,,,,,,,,,,,,,,
,,,,,,,,,,,1046870,1046870 Smoke & CO Alarm,-- Unbranded --,-- No Unilog Brand --,BRK,First Alert - B R K Brands (2754),,BRK,,1046870,,,,,,,,,,,,,,,,,,,,,,,,,,,,,,,,,,,,,,,,,,,,,,,,,,,,,,,,,,,,,,,,,,,,,,,,,,,,,,,,,,,,,,,,,,,,,,,,,,,,,,,,,,,,,,,,,,,,,,,,,,,,,,,,,,,,,,,,,,,,,,,,,,,,,,,,,,,,,,,,,,,,,,,,,,,,,,,,,,,,,,,,,,,,,,,,,,,,,,,,,,,,,,,,,,,,,,,,,,,,,,,,,,,,,,,
,,,,,,,,,,,M701B-21L,M701B-21L Milw L Black Heated Work Glove Liners,-- Unbranded --,-- No Unilog Brand --,-- No DIB Brand --,Milwaukee Accessory (4031),Milwaukee Tool,,,M701B-21L,,Tools & Equipment>Power Tools>Power Saw Blades>Diamond Saw Blades,"Milwaukee Tool, Diamond Saw Blade, M701B-21L",DIAMOND SAW BLADE,Milwaukee Tool M701B-21L Diamond Saw Blade,,Diamond Saw Blade,,,,,,,,,,,,,,,,,,,,,,,,,,,,Series,,,Diameter,,,Thickness,,,Rim Type,,,Cut Type,,,Cut Width,,,Maximum Cutting Depth,,,Arbor Type,,,Arbor Size,,,Grade,,,Maximum Speed Rating,,,Cutting Edge Material,,,Blade Material,,,Color,,,Cut Materials,,,Suitable For Use With,,,Number of Pieces,,,Additional Information,,,,,,,,,,,,,,,,,,,,,,,,,,,,,,,,,,,,,,,,,,,,,,,,,,,,,,,,,,,,,,,,,,,,,,,,,,,,,,,,,,,,,,,,,,,,,,,,,,,,,,,,,,,,,,,,,,,,,,,,,,,,,,,,,,,,,,,,,,,,,,,,,
,,,,,,,,,,,M701B-21M,M701B-21M Milw M Black Heated Work Glove Liners,-- Unbranded --,-- No Unilog Brand --,-- No DIB Brand --,Milwaukee Accessory (4031),Milwaukee Tool,,,M701B-21M,,Tools & Equipment>Power Tools>Power Saw Blades>Diamond Saw Blades,"Milwaukee Tool, Diamond Saw Blade, M701B-21M",DIAMOND SAW BLADE,Milwaukee Tool M701B-21M Diamond Saw Blade,,Diamond Saw Blade,,,,,,,,,,,,,,,,,,,,,,,,,,,,Series,,,Diameter,,,Thickness,,,Rim Type,,,Cut Type,,,Cut Width,,,Maximum Cutting Depth,,,Arbor Type,,,Arbor Size,,,Grade,,,Maximum Speed Rating,,,Cutting Edge Material,,,Blade Material,,,Color,,,Cut Materials,,,Suitable For Use With,,,Number of Pieces,,,Additional Information,,,,,,,,,,,,,,,,,,,,,,,,,,,,,,,,,,,,,,,,,,,,,,,,,,,,,,,,,,,,,,,,,,,,,,,,,,,,,,,,,,,,,,,,,,,,,,,,,,,,,,,,,,,,,,,,,,,,,,,,,,,,,,,,,,,,,,,,,,,,,,,,,
,,,,,,,,,,,M701B-21S,M701B-21S Milw S Black Heated Work Glove Liners,-- Unbranded --,-- No Unilog Brand --,-- No DIB Brand --,Milwaukee Accessory (4031),Milwaukee Tool,,,M701B-21S,,Tools & Equipment>Power Tools>Power Saw Blades>Diamond Saw Blades,"Milwaukee Tool, Diamond Saw Blade, M701B-21S",DIAMOND SAW BLADE,Milwaukee Tool M701B-21S Diamond Saw Blade,,Diamond Saw Blade,,,,,,,,,,,,,,,,,,,,,,,,,,,,Series,,,Diameter,,,Thickness,,,Rim Type,,,Cut Type,,,Cut Width,,,Maximum Cutting Depth,,,Arbor Type,,,Arbor Size,,,Grade,,,Maximum Speed Rating,,,Cutting Edge Material,,,Blade Material,,,Color,,,Cut Materials,,,Suitable For Use With,,,Number of Pieces,,,Additional Information,,,,,,,,,,,,,,,,,,,,,,,,,,,,,,,,,,,,,,,,,,,,,,,,,,,,,,,,,,,,,,,,,,,,,,,,,,,,,,,,,,,,,,,,,,,,,,,,,,,,,,,,,,,,,,,,,,,,,,,,,,,,,,,,,,,,,,,,,,,,,,,,,
,,,,,,,,,,,M701B-21XL,M701B-21XL Milw XL Black Heated Work Glove Liners,-- Unbranded --,-- No Unilog Brand --,-- No DIB Brand --,Milwaukee Accessory (4031),Milwaukee Tool,,,M701B-21XL,,Tools & Equipment>Power Tools>Power Saw Blades>Diamond Saw Blades,"Milwaukee Tool, Diamond Saw Blade, M701B-21XL",DIAMOND SAW BLADE,Milwaukee Tool M701B-21XL Diamond Saw Blade,,Diamond Saw Blade,,,,,,,,,,,,,,,,,,,,,,,,,,,,Series,,,Diameter,,,Thickness,,,Rim Type,,,Cut Type,,,Cut Width,,,Maximum Cutting Depth,,,Arbor Type,,,Arbor Size,,,Grade,,,Maximum Speed Rating,,,Cutting Edge Material,,,Blade Material,,,Color,,,Cut Materials,,,Suitable For Use With,,,Number of Pieces,,,Additional Information,,,,,,,,,,,,,,,,,,,,,,,,,,,,,,,,,,,,,,,,,,,,,,,,,,,,,,,,,,,,,,,,,,,,,,,,,,,,,,,,,,,,,,,,,,,,,,,,,,,,,,,,,,,,,,,,,,,,,,,,,,,,,,,,,,,,,,,,,,,,,,,,,
,,,,,,,,,,,MWUG42010124,UTW Pro Heated Glove Blk XS,-- Unbranded --,-- No Unilog Brand --,-- No DIB Brand --,Tech Gear 5.7 Inc (TECGE),,,,MWUG42010124,,Building Materials>Doors & Windows>Exterior Doors>Patio Doors,"Patio Door, MWUG42010124",PATIO DOOR,MWUG42010124 Patio Door,,Patio Door,,,,,,,,,,,,,,,,,,,,,,,,,,,,Series,,,Door Width,,,Door Height,,,Door Thickness,,,Opening Width,,,Opening Height,,,Door Color,,,Door Finish,,,Door Material,,,Frame Material,,,Door Handing,,,Texture Type,,,Number of Panels/Lites,,,Panel Type,,,Glass Type,,,Core Type,,,Handle Type,,,Locking Type,,,Hinge Type,,,Paintable/Stainable,,,Additional Information,,,,,,,,,,,,,,,,,,,,,,,,,,,,,,,,,,,,,,,,,,,,,,,,,,,,,,,,,,,,,,,,,,,,,,,,,,,,,,,,,,,,,,,,,,,,,,,,,,,,,,,,,,,,,,,,,,,,,,,,,,,,,,,,,,,,,,,,
,,,,,,,,,,,MWUG42010224,UTW Pro Heated Glove Blk SM,-- Unbranded --,-- No Unilog Brand --,-- No DIB Brand --,Tech Gear 5.7 Inc (TECGE),,,,MWUG42010224,,Building Materials>Doors & Windows>Exterior Doors>Patio Doors,"Patio Door, MWUG42010224",PATIO DOOR,MWUG42010224 Patio Door,,Patio Door,,,,,,,,,,,,,,,,,,,,,,,,,,,,Series,,,Door Width,,,Door Height,,,Door Thickness,,,Opening Width,,,Opening Height,,,Door Color,,,Door Finish,,,Door Material,,,Frame Material,,,Door Handing,,,Texture Type,,,Number of Panels/Lites,,,Panel Type,,,Glass Type,,,Core Type,,,Handle Type,,,Locking Type,,,Hinge Type,,,Paintable/Stainable,,,Additional Information,,,,,,,,,,,,,,,,,,,,,,,,,,,,,,,,,,,,,,,,,,,,,,,,,,,,,,,,,,,,,,,,,,,,,,,,,,,,,,,,,,,,,,,,,,,,,,,,,,,,,,,,,,,,,,,,,,,,,,,,,,,,,,,,,,,,,,,,
,,,,,,,,,,,MWUG42010324,UTW Pro Heated Glove Blk MD,-- Unbranded --,-- No Unilog Brand --,-- No DIB Brand --,Tech Gear 5.7 Inc (TECGE),,,,MWUG42010324,,Building Materials>Doors & Windows>Exterior Doors>Patio Doors,"Patio Door, MWUG42010324",PATIO DOOR,MWUG42010324 Patio Door,,Patio Door,,,,,,,,,,,,,,,,,,,,,,,,,,,,Series,,,Door Width,,,Door Height,,,Door Thickness,,,Opening Width,,,Opening Height,,,Door Color,,,Door Finish,,,Door Material,,,Frame Material,,,Door Handing,,,Texture Type,,,Number of Panels/Lites,,,Panel Type,,,Glass Type,,,Core Type,,,Handle Type,,,Locking Type,,,Hinge Type,,,Paintable/Stainable,,,Additional Information,,,,,,,,,,,,,,,,,,,,,,,,,,,,,,,,,,,,,,,,,,,,,,,,,,,,,,,,,,,,,,,,,,,,,,,,,,,,,,,,,,,,,,,,,,,,,,,,,,,,,,,,,,,,,,,,,,,,,,,,,,,,,,,,,,,,,,,,
,,,,,,,,,,,MWUG42010424,UTW Pro Heated Glove Blk LG,-- Unbranded --,-- No Unilog Brand --,-- No DIB Brand --,Tech Gear 5.7 Inc (TECGE),,,,MWUG42010424,,Building Materials>Doors & Windows>Exterior Doors>Patio Doors,"Patio Door, MWUG42010424",PATIO DOOR,MWUG42010424 Patio Door,,Patio Door,,,,,,,,,,,,,,,,,,,,,,,,,,,,Series,,,Door Width,,,Door Height,,,Door Thickness,,,Opening Width,,,Opening Height,,,Door Color,,,Door Finish,,,Door Material,,,Frame Material,,,Door Handing,,,Texture Type,,,Number of Panels/Lites,,,Panel Type,,,Glass Type,,,Core Type,,,Handle Type,,,Locking Type,,,Hinge Type,,,Paintable/Stainable,,,Additional Information,,,,,,,,,,,,,,,,,,,,,,,,,,,,,,,,,,,,,,,,,,,,,,,,,,,,,,,,,,,,,,,,,,,,,,,,,,,,,,,,,,,,,,,,,,,,,,,,,,,,,,,,,,,,,,,,,,,,,,,,,,,,,,,,,,,,,,,,
,,,,,,,,,,,MWUG42010524,UTW Pro Heated Glove Blk XL,-- Unbranded --,-- No Unilog Brand --,-- No DIB Brand --,Tech Gear 5.7 Inc (TECGE),,,,MWUG42010524,,Building Materials>Doors & Windows>Exterior Doors>Patio Doors,"Patio Door, MWUG42010524",PATIO DOOR,MWUG42010524 Patio Door,,Patio Door,,,,,,,,,,,,,,,,,,,,,,,,,,,,Series,,,Door Width,,,Door Height,,,Door Thickness,,,Opening Width,,,Opening Height,,,Door Color,,,Door Finish,,,Door Material,,,Frame Material,,,Door Handing,,,Texture Type,,,Number of Panels/Lites,,,Panel Type,,,Glass Type,,,Core Type,,,Handle Type,,,Locking Type,,,Hinge Type,,,Paintable/Stainable,,,Additional Information,,,,,,,,,,,,,,,,,,,,,,,,,,,,,,,,,,,,,,,,,,,,,,,,,,,,,,,,,,,,,,,,,,,,,,,,,,,,,,,,,,,,,,,,,,,,,,,,,,,,,,,,,,,,,,,,,,,,,,,,,,,,,,,,,,,,,,,,
,,,,,,,,,,,MWUG42010624,UTW Pro Heated Glove Blk 2X,-- Unbranded --,-- No Unilog Brand --,-- No DIB Brand --,Tech Gear 5.7 Inc (TECGE),,,,MWUG42010624,,Building Materials>Doors & Windows>Exterior Doors>Patio Doors,"Patio Door, MWUG42010624",PATIO DOOR,MWUG42010624 Patio Door,,Patio Door,,,,,,,,,,,,,,,,,,,,,,,,,,,,Series,,,Door Width,,,Door Height,,,Door Thickness,,,Opening Width,,,Opening Height,,,Door Color,,,Door Finish,,,Door Material,,,Frame Material,,,Door Handing,,,Texture Type,,,Number of Panels/Lites,,,Panel Type,,,Glass Type,,,Core Type,,,Handle Type,,,Locking Type,,,Hinge Type,,,Paintable/Stainable,,,Additional Information,,,,,,,,,,,,,,,,,,,,,,,,,,,,,,,,,,,,,,,,,,,,,,,,,,,,,,,,,,,,,,,,,,,,,,,,,,,,,,,,,,,,,,,,,,,,,,,,,,,,,,,,,,,,,,,,,,,,,,,,,,,,,,,,,,,,,,,,
,,,,,,,,,,,MWUG36010225,MWUG36010225 BLK SM Aerial Snow Heated Glove,-- Unbranded --,-- No Unilog Brand --,-- No DIB Brand --,Tech Gear 5.7 Inc (TECGE),,,,MWUG36010225,,Building Materials>Doors & Windows>Exterior Doors>Patio Doors,"Patio Door, MWUG36010225",PATIO DOOR,MWUG36010225 Patio Door,,Patio Door,,,,,,,,,,,,,,,,,,,,,,,,,,,,Series,,,Door Width,,,Door Height,,,Door Thickness,,,Opening Width,,,Opening Height,,,Door Color,,,Door Finish,,,Door Material,,,Frame Material,,,Door Handing,,,Texture Type,,,Number of Panels/Lites,,,Panel Type,,,Glass Type,,,Core Type,,,Handle Type,,,Locking Type,,,Hinge Type,,,Paintable/Stainable,,,Additional Information,,,,,,,,,,,,,,,,,,,,,,,,,,,,,,,,,,,,,,,,,,,,,,,,,,,,,,,,,,,,,,,,,,,,,,,,,,,,,,,,,,,,,,,,,,,,,,,,,,,,,,,,,,,,,,,,,,,,,,,,,,,,,,,,,,,,,,,,
,,,,,,,,,,,MWUG36010325,MWUG36010325 BLK MD Aerial Snow Heated Glove,-- Unbranded --,-- No Unilog Brand --,-- No DIB Brand --,Tech Gear 5.7 Inc (TECGE),,,,MWUG36010325,,Building Materials>Doors & Windows>Exterior Doors>Patio Doors,"Patio Door, MWUG36010325",PATIO DOOR,MWUG36010325 Patio Door,,Patio Door,,,,,,,,,,,,,,,,,,,,,,,,,,,,Series,,,Door Width,,,Door Height,,,Door Thickness,,,Opening Width,,,Opening Height,,,Door Color,,,Door Finish,,,Door Material,,,Frame Material,,,Door Handing,,,Texture Type,,,Number of Panels/Lites,,,Panel Type,,,Glass Type,,,Core Type,,,Handle Type,,,Locking Type,,,Hinge Type,,,Paintable/Stainable,,,Additional Information,,,,,,,,,,,,,,,,,,,,,,,,,,,,,,,,,,,,,,,,,,,,,,,,,,,,,,,,,,,,,,,,,,,,,,,,,,,,,,,,,,,,,,,,,,,,,,,,,,,,,,,,,,,,,,,,,,,,,,,,,,,,,,,,,,,,,,,,
,,,,,,,,,,,MWUG36010425,MWUG36010425 BLK LG Aerial Snow Heated Glove,-- Unbranded --,-- No Unilog Brand --,-- No DIB Brand --,Tech Gear 5.7 Inc (TECGE),,,,MWUG36010425,,Building Materials>Doors & Windows>Exterior Doors>Patio Doors,"Patio Door, MWUG36010425",PATIO DOOR,MWUG36010425 Patio Door,,Patio Door,,,,,,,,,,,,,,,,,,,,,,,,,,,,Series,,,Door Width,,,Door Height,,,Door Thickness,,,Opening Width,,,Opening Height,,,Door Color,,,Door Finish,,,Door Material,,,Frame Material,,,Door Handing,,,Texture Type,,,Number of Panels/Lites,,,Panel Type,,,Glass Type,,,Core Type,,,Handle Type,,,Locking Type,,,Hinge Type,,,Paintable/Stainable,,,Additional Information,,,,,,,,,,,,,,,,,,,,,,,,,,,,,,,,,,,,,,,,,,,,,,,,,,,,,,,,,,,,,,,,,,,,,,,,,,,,,,,,,,,,,,,,,,,,,,,,,,,,,,,,,,,,,,,,,,,,,,,,,,,,,,,,,,,,,,,,
,,,,,,,,,,,MWUG36010525,MWUG36010525 BLK XL Aerial Snow Heated Glove,-- Unbranded --,-- No Unilog Brand --,-- No DIB Brand --,Tech Gear 5.7 Inc (TECGE),,,,MWUG36010525,,Building Materials>Doors & Windows>Exterior Doors>Patio Doors,"Patio Door, MWUG36010525",PATIO DOOR,MWUG36010525 Patio Door,,Patio Door,,,,,,,,,,,,,,,,,,,,,,,,,,,,Series,,,Door Width,,,Door Height,,,Door Thickness,,,Opening Width,,,Opening Height,,,Door Color,,,Door Finish,,,Door Material,,,Frame Material,,,Door Handing,,,Texture Type,,,Number of Panels/Lites,,,Panel Type,,,Glass Type,,,Core Type,,,Handle Type,,,Locking Type,,,Hinge Type,,,Paintable/Stainable,,,Additional Information,,,,,,,,,,,,,,,,,,,,,,,,,,,,,,,,,,,,,,,,,,,,,,,,,,,,,,,,,,,,,,,,,,,,,,,,,,,,,,,,,,,,,,,,,,,,,,,,,,,,,,,,,,,,,,,,,,,,,,,,,,,,,,,,,,,,,,,,
,,,,,,,,,,,MWUG36010625,MWUG36010625 BLK 2X Aerial Snow Heated Glove,-- Unbranded --,-- No Unilog Brand --,-- No DIB Brand --,Tech Gear 5.7 Inc (TECGE),,,,MWUG36010625,,Building Materials>Doors & Windows>Exterior Doors>Patio Doors,"Patio Door, MWUG36010625",PATIO DOOR,MWUG36010625 Patio Door,,Patio Door,,,,,,,,,,,,,,,,,,,,,,,,,,,,Series,,,Door Width,,,Door Height,,,Door Thickness,,,Opening Width,,,Opening Height,,,Door Color,,,Door Finish,,,Door Material,,,Frame Material,,,Door Handing,,,Texture Type,,,Number of Panels/Lites,,,Panel Type,,,Glass Type,,,Core Type,,,Handle Type,,,Locking Type,,,Hinge Type,,,Paintable/Stainable,,,Additional Information,,,,,,,,,,,,,,,,,,,,,,,,,,,,,,,,,,,,,,,,,,,,,,,,,,,,,,,,,,,,,,,,,,,,,,,,,,,,,,,,,,,,,,,,,,,,,,,,,,,,,,,,,,,,,,,,,,,,,,,,,,,,,,,,,,,,,,,,
,,,,,,,,,,,DPG15,DPG15 Dewalt AM/FM Hearing Protector,-- Unbranded --,-- No Unilog Brand --,-- No DIB Brand --,Radians (7363),,,,DPG15,,Tools & Equipment>Power Tools>Power Drills>Cordless Drills,"Cordless Drill, DPG15",CORDLESS DRILL,DPG15 Cordless Drill,,Cordless Drill,,,,,,,,,,,,,,,,,,,,,,,,,,,,Series,,,Tool/Kit,,,Torque Rating,,,Chuck Size,,,Chuck Type,,,Chuck Material,,,Voltage Rating,,,Battery Type,,,Battery Capacity,,,Speed Rating,,,Speed Setting,,,Housing Material,,,Housing Color,,,Switch Type,,,Handle Type,,,Handle Material,,,Handle Color,,,Sound Level,,,Overall Length,,,Overall Width,,,Overall Depth,,,Additional Information,,,,,,,,,,,,,,,,,,,,,,,,,,,,,,,,,,,,,,,,,,,,,,,,,,,,,,,,,,,,,,,,,,,,,,,,,,,,,,,,,,,,,,,,,,,,,,,,,,,,,,,,,,,,,,,,,,,,,,,,,,,,,,,,,,,,,
,,,,,,,,,,,F200B-21L,F200B-21L Milw M12 Womens - BLK Heated Hoodie Kit L,-- Unbranded --,-- No Unilog Brand --,-- No DIB Brand --,Milwaukee Accessory (4031),Milwaukee Tool,,,F200B-21L,,Building Materials>Doors & Windows>Exterior Doors>Patio Doors,"Milwaukee Tool, Patio Door, F200B-21L",PATIO DOOR,Milwaukee Tool F200B-21L Patio Door,,Patio Door,,,,,,,,,,,,,,,,,,,,,,,,,,,,Series,,,Door Width,,,Door Height,,,Door Thickness,,,Opening Width,,,Opening Height,,,Door Color,,,Door Finish,,,Door Material,,,Frame Material,,,Door Handing,,,Texture Type,,,Number of Panels/Lites,,,Panel Type,,,Glass Type,,,Core Type,,,Handle Type,,,Locking Type,,,Hinge Type,,,Paintable/Stainable,,,Additional Information,,,,,,,,,,,,,,,,,,,,,,,,,,,,,,,,,,,,,,,,,,,,,,,,,,,,,,,,,,,,,,,,,,,,,,,,,,,,,,,,,,,,,,,,,,,,,,,,,,,,,,,,,,,,,,,,,,,,,,,,,,,,,,,,,,,,,,,,
,,,,,,,,,,,F200B-21M,F200B-21M Milw M12 Womens - BLK Heated Hoodie Kit M,-- Unbranded --,-- No Unilog Brand --,-- No DIB Brand --,Milwaukee Accessory (4031),Milwaukee Tool,,,F200B-21M,,Building Materials>Doors & Windows>Exterior Doors>Patio Doors,"Milwaukee Tool, Patio Door, F200B-21M",PATIO DOOR,Milwaukee Tool F200B-21M Patio Door,,Patio Door,,,,,,,,,,,,,,,,,,,,,,,,,,,,Series,,,Door Width,,,Door Height,,,Door Thickness,,,Opening Width,,,Opening Height,,,Door Color,,,Door Finish,,,Door Material,,,Frame Material,,,Door Handing,,,Texture Type,,,Number of Panels/Lites,,,Panel Type,,,Glass Type,,,Core Type,,,Handle Type,,,Locking Type,,,Hinge Type,,,Paintable/Stainable,,,Additional Information,,,,,,,,,,,,,,,,,,,,,,,,,,,,,,,,,,,,,,,,,,,,,,,,,,,,,,,,,,,,,,,,,,,,,,,,,,,,,,,,,,,,,,,,,,,,,,,,,,,,,,,,,,,,,,,,,,,,,,,,,,,,,,,,,,,,,,,,
,,,,,,,,,,,M200B-21L,M200B-21L Milw M12 BLK - Heated Hoodie Kit L,-- Unbranded --,-- No Unilog Brand --,-- No DIB Brand --,Milwaukee Accessory (4031),Milwaukee Tool,,,M200B-21L,,Building Materials>Doors & Windows>Exterior Doors>Patio Doors,"Milwaukee Tool, Patio Door, M200B-21L",PATIO DOOR,Milwaukee Tool M200B-21L Patio Door,,Patio Door,,,,,,,,,,,,,,,,,,,,,,,,,,,,Series,,,Door Width,,,Door Height,,,Door Thickness,,,Opening Width,,,Opening Height,,,Door Color,,,Door Finish,,,Door Material,,,Frame Material,,,Door Handing,,,Texture Type,,,Number of Panels/Lites,,,Panel Type,,,Glass Type,,,Core Type,,,Handle Type,,,Locking Type,,,Hinge Type,,,Paintable/Stainable,,,Additional Information,,,,,,,,,,,,,,,,,,,,,,,,,,,,,,,,,,,,,,,,,,,,,,,,,,,,,,,,,,,,,,,,,,,,,,,,,,,,,,,,,,,,,,,,,,,,,,,,,,,,,,,,,,,,,,,,,,,,,,,,,,,,,,,,,,,,,,,,
,,,,,,,,,,,M200B-21M,M200B-21M Milw M12 BLK - Heated Hoodie Kit M,-- Unbranded --,-- No Unilog Brand --,-- No DIB Brand --,Milwaukee Accessory (4031),Milwaukee Tool,,,M200B-21M,,Building Materials>Doors & Windows>Exterior Doors>Patio Doors,"Milwaukee Tool, Patio Door, M200B-21M",PATIO DOOR,Milwaukee Tool M200B-21M Patio Door,,Patio Door,,,,,,,,,,,,,,,,,,,,,,,,,,,,Series,,,Door Width,,,Door Height,,,Door Thickness,,,Opening Width,,,Opening Height,,,Door Color,,,Door Finish,,,Door Material,,,Frame Material,,,Door Handing,,,Texture Type,,,Number of Panels/Lites,,,Panel Type,,,Glass Type,,,Core Type,,,Handle Type,,,Locking Type,,,Hinge Type,,,Paintable/Stainable,,,Additional Information,,,,,,,,,,,,,,,,,,,,,,,,,,,,,,,,,,,,,,,,,,,,,,,,,,,,,,,,,,,,,,,,,,,,,,,,,,,,,,,,,,,,,,,,,,,,,,,,,,,,,,,,,,,,,,,,,,,,,,,,,,,,,,,,,,,,,,,,
,,,,,,,,,,,M200B-21XL,M200B-21XL Milw M12 BLK - Heated Hoodie Kit XL,-- Unbranded --,-- No Unilog Brand --,-- No DIB Brand --,Milwaukee Accessory (4031),Milwaukee Tool,,,M200B-21XL,,Building Materials>Doors & Windows>Exterior Doors>Patio Doors,"Milwaukee Tool, Patio Door, M200B-21XL",PATIO DOOR,Milwaukee Tool M200B-21XL Patio Door,,Patio Door,,,,,,,,,,,,,,,,,,,,,,,,,,,,Series,,,Door Width,,,Door Height,,,Door Thickness,,,Opening Width,,,Opening Height,,,Door Color,,,Door Finish,,,Door Material,,,Frame Material,,,Door Handing,,,Texture Type,,,Number of Panels/Lites,,,Panel Type,,,Glass Type,,,Core Type,,,Handle Type,,,Locking Type,,,Hinge Type,,,Paintable/Stainable,,,Additional Information,,,,,,,,,,,,,,,,,,,,,,,,,,,,,,,,,,,,,,,,,,,,,,,,,,,,,,,,,,,,,,,,,,,,,,,,,,,,,,,,,,,,,,,,,,,,,,,,,,,,,,,,,,,,,,,,,,,,,,,,,,,,,,,,,,,,,,,,
,,,,,,,,,,,M200G-21L,M200G-21L Milw M12 Gray - Heated Hoodie Kit L,-- Unbranded --,-- No Unilog Brand --,-- No DIB Brand --,Milwaukee Accessory (4031),Milwaukee Tool,,,M200G-21L,,Tools & Equipment>Power Tools>Power Saw Blades>Diamond Saw Blades,"Milwaukee Tool, Diamond Saw Blade, M200G-21L",DIAMOND SAW BLADE,Milwaukee Tool M200G-21L Diamond Saw Blade,,Diamond Saw Blade,,,,,,,,,,,,,,,,,,,,,,,,,,,,Series,,,Diameter,,,Thickness,,,Rim Type,,,Cut Type,,,Cut Width,,,Maximum Cutting Depth,,,Arbor Type,,,Arbor Size,,,Grade,,,Maximum Speed Rating,,,Cutting Edge Material,,,Blade Material,,,Color,,,Cut Materials,,,Suitable For Use With,,,Number of Pieces,,,Additional Information,,,,,,,,,,,,,,,,,,,,,,,,,,,,,,,,,,,,,,,,,,,,,,,,,,,,,,,,,,,,,,,,,,,,,,,,,,,,,,,,,,,,,,,,,,,,,,,,,,,,,,,,,,,,,,,,,,,,,,,,,,,,,,,,,,,,,,,,,,,,,,,,,
,,,,,,,,,,,M200G-21M,M200G-21M Milw M12 Gray - Heated Hoodie Kit M,-- Unbranded --,-- No Unilog Brand --,-- No DIB Brand --,Milwaukee Accessory (4031),Milwaukee Tool,,,M200G-21M,,Tools & Equipment>Power Tools>Power Saw Blades>Diamond Saw Blades,"Milwaukee Tool, Diamond Saw Blade, M200G-21M",DIAMOND SAW BLADE,Milwaukee Tool M200G-21M Diamond Saw Blade,,Diamond Saw Blade,,,,,,,,,,,,,,,,,,,,,,,,,,,,Series,,,Diameter,,,Thickness,,,Rim Type,,,Cut Type,,,Cut Width,,,Maximum Cutting Depth,,,Arbor Type,,,Arbor Size,,,Grade,,,Maximum Speed Rating,,,Cutting Edge Material,,,Blade Material,,,Color,,,Cut Materials,,,Suitable For Use With,,,Number of Pieces,,,Additional Information,,,,,,,,,,,,,,,,,,,,,,,,,,,,,,,,,,,,,,,,,,,,,,,,,,,,,,,,,,,,,,,,,,,,,,,,,,,,,,,,,,,,,,,,,,,,,,,,,,,,,,,,,,,,,,,,,,,,,,,,,,,,,,,,,,,,,,,,,,,,,,,,,
,,,,,,,,,,,M200G-21XL,M200G-21XL Milw M12 Gray - Heated Hoodie Kit XL,-- Unbranded --,-- No Unilog Brand --,-- No DIB Brand --,Milwaukee Accessory (4031),Milwaukee Tool,,,M200G-21XL,,Tools & Equipment>Power Tools>Power Saw Blades>Diamond Saw Blades,"Milwaukee Tool, Diamond Saw Blade, M200G-21XL",DIAMOND SAW BLADE,Milwaukee Tool M200G-21XL Diamond Saw Blade,,Diamond Saw Blade,,,,,,,,,,,,,,,,,,,,,,,,,,,,Series,,,Diameter,,,Thickness,,,Rim Type,,,Cut Type,,,Cut Width,,,Maximum Cutting Depth,,,Arbor Type,,,Arbor Size,,,Grade,,,Maximum Speed Rating,,,Cutting Edge Material,,,Blade Material,,,Color,,,Cut Materials,,,Suitable For Use With,,,Number of Pieces,,,Additional Information,,,,,,,,,,,,,,,,,,,,,,,,,,,,,,,,,,,,,,,,,,,,,,,,,,,,,,,,,,,,,,,,,,,,,,,,,,,,,,,,,,,,,,,,,,,,,,,,,,,,,,,,,,,,,,,,,,,,,,,,,,,,,,,,,,,,,,,,,,,,,,,,,
,,,,,,,,,,,48-11-2330,48-11-2330 Milw Heated Gear Power Source,-- Unbranded --,-- No Unilog Brand --,-- No DIB Brand --,Milwaukee Accessory (4031),Milwaukee Tool,,,48-11-2330,,Tools & Equipment>Power Tools>Power Tool Accessories>Cordless Tool Power Supplies & Battery Adapters,"Milwaukee Tool, Cordless Tool Power Supplies & Battery Adapter, 48-11-2330",CORDLESS TOOL POWER SUPPLIES & BATTERY ADAPTER,Milwaukee Tool 48-11-2330 Cordless Tool Power Supplies & Battery Adapter,,Cordless Tool Power Supplies & Battery Adapter,,,,,,,,,,,,,,,,,,,,,,,,,,,,Series,,,Voltage Rating,,,Battery Capacity,,,Battery Type,,,Number of Ports,,,Number of Pieces,,,Overall Length,,,Overall Width,,,Overall Height,,,Suitable For Use With,,,Additional Information,,,,,,,,,,,,,,,,,,,,,,,,,,,,,,,,,,,,,,,,,,,,,,,,,,,,,,,,,,,,,,,,,,,,,,,,,,,,,,,,,,,,,,,,,,,,,,,,,,,,,,,,,,,,,,,,,,,,,,,,,,,,,,,,,,,,,,,,,,,,,,,,,,,,,,,,,,,,,,,,,,,,,,
,,,,,,,,,,,DCBP250C,DCBP520C Dewalt Starter Kit,-- Unbranded --,-- No Unilog Brand --,DEWALT,Black & Decker/dewlt (2585),Stanley Black & Decker,DEWALT,,DCBP250C,,Tools & Equipment>Power Tools>Power Tool Accessories>Cordless Tool Batteries,"Stanley Black & Decker, Cordless Tool Battery, DCBP250C",CORDLESS TOOL BATTERY,Stanley Black & Decker DCBP250C Cordless Tool Battery,,Cordless Tool Battery,,,,,,,,,,,,,,,,,,,,,,,,,,,,Series,,,Battery Series,,,Voltage Rating,,,Battery Capacity,,,Battery Chemistry,,,Number of Batteries,,,Overall Length,,,Overall Width,,,Overall Height,,,Suitable For Use With,,,Additional Information,,,,,,,,,,,,,,,,,,,,,,,,,,,,,,,,,,,,,,,,,,,,,,,,,,,,,,,,,,,,,,,,,,,,,,,,,,,,,,,,,,,,,,,,,,,,,,,,,,,,,,,,,,,,,,,,,,,,,,,,,,,,,,,,,,,,,,,,,,,,,,,,,,,,,,,,,,,,,,,,,,,,,,
,,,,,,,,,,,5328,5328 Lg. Leather Phone Holster - Clip-on,-- Unbranded --,-- No Unilog Brand --,-- No DIB Brand --,-,,,,5328,,,,,,,,,,,,,,,,,,,,,,,,,,,,,,,,,,,,,,,,,,,,,,,,,,,,,,,,,,,,,,,,,,,,,,,,,,,,,,,,,,,,,,,,,,,,,,,,,,,,,,,,,,,,,,,,,,,,,,,,,,,,,,,,,,,,,,,,,,,,,,,,,,,,,,,,,,,,,,,,,,,,,,,,,,,,,,,,,,,,,,,,,,,,,,,,,,,,,,,,,,,,,,,,,,,,,,,,,,,,,,,,,,,,,,,
,,,,,,,,,,,3200-20,3200-20 Milw Voltage Detector,-- Unbranded --,-- No Unilog Brand --,-- No DIB Brand --,Milwaukee Accessory (4031),Milwaukee Tool,,,3200-20,,Tools & Equipment>Power Tools>Power Saw Blades>Diamond Saw Blades,"Milwaukee Tool, Diamond Saw Blade, 3200-20",DIAMOND SAW BLADE,Milwaukee Tool 3200-20 Diamond Saw Blade,,Diamond Saw Blade,,,,,,,,,,,,,,,,,,,,,,,,,,,,Series,,,Diameter,,,Thickness,,,Rim Type,,,Cut Type,,,Cut Width,,,Maximum Cutting Depth,,,Arbor Type,,,Arbor Size,,,Grade,,,Maximum Speed Rating,,,Cutting Edge Material,,,Blade Material,,,Color,,,Cut Materials,,,Suitable For Use With,,,Number of Pieces,,,Additional Information,,,,,,,,,,,,,,,,,,,,,,,,,,,,,,,,,,,,,,,,,,,,,,,,,,,,,,,,,,,,,,,,,,,,,,,,,,,,,,,,,,,,,,,,,,,,,,,,,,,,,,,,,,,,,,,,,,,,,,,,,,,,,,,,,,,,,,,,,,,,,,,,,
,,,,,,,,,,,3202-20,3202-20 Milw Voltage Detector w/ LED,-- Unbranded --,-- No Unilog Brand --,-- No DIB Brand --,Milwaukee Accessory (4031),Milwaukee Tool,,,3202-20,,Electrical>Lamps & Lightings>Light Bulbs>LED Light Bulbs,"Milwaukee Tool, LED Bulb, 3202-20",BULB LED,Milwaukee Tool 3202-20 LED Bulb,,LED Bulb,,,,,,,,,,,,,,,,,,,,,,,,,,,,Series,,,Wattage,,,Lumens,,,Bulb Shape,,,Bulb Shape Code,,,Color Temperature,,,Light Appearance,,,Bulb Base,,,Bulb Base Code,,,Bulb Finish,,,Voltage Rating,,,Color Rendering Index (CRI),,,Bulb Designation,,,Average Life,,,Beam Angle,,,Incandescent Wattage Equivalent,,,Halogen Wattage Equivalent,,,Fluorescent Wattage Equivalent,,,HID Wattage Equivalent,,,Dimmable,,,Smart Compatible With,,,Diameter,,,Length,,,Energy Star Certified,,,Title 20 Compliant,,,Title 24 Compliant,,,Additional Information,,,,,,,,,,,,,,,,,,,,,,,,,,,,,,,,,,,,,,,,,,,,,,,,,,,,,,,,,,,,,,,,,,,,,,,,,,,,,,,,,,,,,,,,,,,,,,,,,,,,,,,,,,,,,,,,,,,,,,
,,,,,,,,,,,3203-20,3203-20 Milw Dual Range Voltage Detector w/ LED,-- Unbranded --,-- No Unilog Brand --,-- No DIB Brand --,Milwaukee Accessory (4031),Milwaukee Tool,,,3203-20,,Test & Measurement>Measuring & Layout Tools>Levels>Rotary & Straight Line Laser Levels,"Milwaukee Tool, Rotary & Straight Line Laser Level, 3203-20",ROTARY & STRAIGHT LINE LASER LEVEL,Milwaukee Tool 3203-20 Rotary & Straight Line Laser Level,,Rotary & Straight Line Laser Level,,,,,,,,,,,,,,,,,,,,,,,,,,,,Model,,,Size,,,Working Range with Detector,,,Working Range without Detector,,,Accuracy,,,Leveling Range,,,Laser Projection,,,Leveling Type,,,Thread Size,,,IP Rating,,,Power Source,,,Number of Lines,,,Number of Beams,,,Material,,,Finish,,,Laser Color,,,Dimensions,,,Temperature Rating,,,Additional Information,,,,,,,,,,,,,,,,,,,,,,,,,,,,,,,,,,,,,,,,,,,,,,,,,,,,,,,,,,,,,,,,,,,,,,,,,,,,,,,,,,,,,,,,,,,,,,,,,,,,,,,,,,,,,,,,,,,,,,,,,,,,,,,,,,,,,,,,,,,,,,
,,,,,,,,,,,BC-12300,"BC-12300 BigCal 12""/300mm",-- Unbranded --,-- No Unilog Brand --,-- No DIB Brand --,Woodpeckers Inc (WOODP),,,,BC-12300,,,,,,,,,,,,,,,,,,,,,,,,,,,,,,,,,,,,,,,,,,,,,,,,,,,,,,,,,,,,,,,,,,,,,,,,,,,,,,,,,,,,,,,,,,,,,,,,,,,,,,,,,,,,,,,,,,,,,,,,,,,,,,,,,,,,,,,,,,,,,,,,,,,,,,,,,,,,,,,,,,,,,,,,,,,,,,,,,,,,,,,,,,,,,,,,,,,,,,,,,,,,,,,,,,,,,,,,,,,,,,,,,,,,,,,
,,,,,,,,,,,BC-24600,"BC-24600 BigCal 24""/600mm",-- Unbranded --,-- No Unilog Brand --,-- No DIB Brand --,Woodpeckers Inc (WOODP),,,,BC-24600,,,,,,,,,,,,,,,,,,,,,,,,,,,,,,,,,,,,,,,,,,,,,,,,,,,,,,,,,,,,,,,,,,,,,,,,,,,,,,,,,,,,,,,,,,,,,,,,,,,,,,,,,,,,,,,,,,,,,,,,,,,,,,,,,,,,,,,,,,,,,,,,,,,,,,,,,,,,,,,,,,,,,,,,,,,,,,,,,,,,,,,,,,,,,,,,,,,,,,,,,,,,,,,,,,,,,,,,,,,,,,,,,,,,,,,
,,,,,,,,,,,DW08302CG,DW08302CG Dewalt Laser - Green 3 Spot,-- Unbranded --,-- No Unilog Brand --,DEWALT,Black & Decker/dewlt (2585),Stanley Black & Decker,DEWALT,,DW08302CG,,Test & Measurement>Measuring & Layout Tools>Levels>Rotary & Straight Line Laser Levels,"Stanley Black & Decker, Rotary & Straight Line Laser Level, DW08302CG",ROTARY & STRAIGHT LINE LASER LEVEL,Stanley Black & Decker DW08302CG Rotary & Straight Line Laser Level,,Rotary & Straight Line Laser Level,,,,,,,,,,,,,,,,,,,,,,,,,,,,Model,,,Size,,,Working Range with Detector,,,Working Range without Detector,,,Accuracy,,,Leveling Range,,,Laser Projection,,,Leveling Type,,,Thread Size,,,IP Rating,,,Power Source,,,Number of Lines,,,Number of Beams,,,Material,,,Finish,,,Laser Color,,,Dimensions,,,Temperature Rating,,,Additional Information,,,,,,,,,,,,,,,,,,,,,,,,,,,,,,,,,,,,,,,,,,,,,,,,,,,,,,,,,,,,,,,,,,,,,,,,,,,,,,,,,,,,,,,,,,,,,,,,,,,,,,,,,,,,,,,,,,,,,,,,,,,,,,,,,,,,,,,,,,,,,,
,,,,,,,,,,,GCL165-42GL,GCL165--42GL Cross Line Laser,-- Unbranded --,-- No Unilog Brand --,-- No DIB Brand --,Robt Bosch Tool Corp (6564),,,,GCL165-42GL,,Test & Measurement>Measuring & Layout Tools>Levels>Rotary & Straight Line Laser Levels,"Rotary & Straight Line Laser Level, GCL165-42GL",ROTARY & STRAIGHT LINE LASER LEVEL,GCL165-42GL Rotary & Straight Line Laser Level,,Rotary & Straight Line Laser Level,,,,,,,,,,,,,,,,,,,,,,,,,,,,Model,,,Size,,,Working Range with Detector,,,Working Range without Detector,,,Accuracy,,,Leveling Range,,,Laser Projection,,,Leveling Type,,,Thread Size,,,IP Rating,,,Power Source,,,Number of Lines,,,Number of Beams,,,Material,,,Finish,,,Laser Color,,,Dimensions,,,Temperature Rating,,,Additional Information,,,,,,,,,,,,,,,,,,,,,,,,,,,,,,,,,,,,,,,,,,,,,,,,,,,,,,,,,,,,,,,,,,,,,,,,,,,,,,,,,,,,,,,,,,,,,,,,,,,,,,,,,,,,,,,,,,,,,,,,,,,,,,,,,,,,,,,,,,,,,,
,,,,,,,,,,,DW08802CG,DW08802CG Dewalt Laser Green - Self-Level Cross Line,-- Unbranded --,-- No Unilog Brand --,DEWALT,Black & Decker/dewlt (2585),Stanley Black & Decker,DEWALT,,DW08802CG,,Test & Measurement>Measuring & Layout Tools>Levels>Rotary & Straight Line Laser Levels,"Stanley Black & Decker, Rotary & Straight Line Laser Level, DW08802CG",ROTARY & STRAIGHT LINE LASER LEVEL,Stanley Black & Decker DW08802CG Rotary & Straight Line Laser Level,,Rotary & Straight Line Laser Level,,,,,,,,,,,,,,,,,,,,,,,,,,,,Model,,,Size,,,Working Range with Detector,,,Working Range without Detector,,,Accuracy,,,Leveling Range,,,Laser Projection,,,Leveling Type,,,Thread Size,,,IP Rating,,,Power Source,,,Number of Lines,,,Number of Beams,,,Material,,,Finish,,,Laser Color,,,Dimensions,,,Temperature Rating,,,Additional Information,,,,,,,,,,,,,,,,,,,,,,,,,,,,,,,,,,,,,,,,,,,,,,,,,,,,,,,,,,,,,,,,,,,,,,,,,,,,,,,,,,,,,,,,,,,,,,,,,,,,,,,,,,,,,,,,,,,,,,,,,,,,,,,,,,,,,,,,,,,,,,
,,,,,,,,,,,DW088CG,DW088CG Dewalt Laser - Green Cross Line,-- Unbranded --,-- No Unilog Brand --,DEWALT,Black & Decker/dewlt (2585),Stanley Black & Decker,DEWALT,,DW088CG,,Test & Measurement>Measuring & Layout Tools>Levels>Rotary & Straight Line Laser Levels,"Stanley Black & Decker, Rotary & Straight Line Laser Level, DW088CG",ROTARY & STRAIGHT LINE LASER LEVEL,Stanley Black & Decker DW088CG Rotary & Straight Line Laser Level,,Rotary & Straight Line Laser Level,,,,,,,,,,,,,,,,,,,,,,,,,,,,Model,,,Size,,,Working Range with Detector,,,Working Range without Detector,,,Accuracy,,,Leveling Range,,,Laser Projection,,,Leveling Type,,,Thread Size,,,IP Rating,,,Power Source,,,Number of Lines,,,Number of Beams,,,Material,,,Finish,,,Laser Color,,,Dimensions,,,Temperature Rating,,,Additional Information,,,,,,,,,,,,,,,,,,,,,,,,,,,,,,,,,,,,,,,,,,,,,,,,,,,,,,,,,,,,,,,,,,,,,,,,,,,,,,,,,,,,,,,,,,,,,,,,,,,,,,,,,,,,,,,,,,,,,,,,,,,,,,,,,,,,,,,,,,,,,,
,,,,,,,,,,,DW089CG,DW089CG Dewalt Laser Level - 3 Line 30ft Range,-- Unbranded --,-- No Unilog Brand --,DEWALT,Black & Decker/dewlt (2585),Stanley Black & Decker,DEWALT,,DW089CG,,Test & Measurement>Measuring & Layout Tools>Levels>Rotary & Straight Line Laser Levels,"Stanley Black & Decker, Rotary & Straight Line Laser Level, DW089CG",ROTARY & STRAIGHT LINE LASER LEVEL 30,Stanley Black & Decker DW089CG Rotary & Straight Line Laser Level,,Rotary & Straight Line Laser Level,,,,,,,,,,,,,,,,,,,,,,,,,,,,Model,,,Size,,,Working Range with Detector,30,ft,Working Range without Detector,,,Accuracy,,,Leveling Range,,,Laser Projection,,,Leveling Type,,,Thread Size,,,IP Rating,,,Power Source,,,Number of Lines,,,Number of Beams,,,Material,,,Finish,,,Laser Color,,,Dimensions,,,Temperature Rating,,,Additional Information,,,,,,,,,,,,,,,,,,,,,,,,,,,,,,,,,,,,,,,,,,,,,,,,,,,,,,,,,,,,,,,,,,,,,,,,,,,,,,,,,,,,,,,,,,,,,,,,,,,,,,,,,,,,,,,,,,,,,,,,,,,,,,,,,,,,,,,,,,,,,,
,,,,,,,,,,,DCLE34520GB,DCLE34520GB Dewalt Laser 20V - Cross Line 5 Spot (Bare),-- Unbranded --,-- No Unilog Brand --,DEWALT,Black & Decker/dewlt (2585),Stanley Black & Decker,DEWALT,,DCLE34520GB,,Test & Measurement>Measuring & Layout Tools>Levels>Rotary & Straight Line Laser Levels,"Stanley Black & Decker, Rotary & Straight Line Laser Level, DCLE34520GB",ROTARY & STRAIGHT LINE LASER LEVEL,Stanley Black & Decker DCLE34520GB Rotary & Straight Line Laser Level,,Rotary & Straight Line Laser Level,,,,,,,,,,,,,,,,,,,,,,,,,,,,Model,,,Size,,,Working Range with Detector,,,Working Range without Detector,,,Accuracy,,,Leveling Range,,,Laser Projection,,,Leveling Type,,,Thread Size,,,IP Rating,,,Power Source,,,Number of Lines,,,Number of Beams,,,Material,,,Finish,,,Laser Color,,,Dimensions,,,Temperature Rating,,,Additional Information,,,,,,,,,,,,,,,,,,,,,,,,,,,,,,,,,,,,,,,,,,,,,,,,,,,,,,,,,,,,,,,,,,,,,,,,,,,,,,,,,,,,,,,,,,,,,,,,,,,,,,,,,,,,,,,,,,,,,,,,,,,,,,,,,,,,,,,,,,,,,,
,,,,,,,,,,,DCLE34031B,DCLE34031B Dewalt Line Laser - 20V Self-Leveling (Bare),-- Unbranded --,-- No Unilog Brand --,DEWALT,Black & Decker/dewlt (2585),Stanley Black & Decker,DEWALT,,DCLE34031B,,Test & Measurement>Measuring & Layout Tools>Levels>Rotary & Straight Line Laser Levels,"Stanley Black & Decker, Rotary & Straight Line Laser Level, DCLE34031B",ROTARY & STRAIGHT LINE LASER LEVEL,Stanley Black & Decker DCLE34031B Rotary & Straight Line Laser Level,,Rotary & Straight Line Laser Level,,,,,,,,,,,,,,,,,,,,,,,,,,,,Model,,,Size,,,Working Range with Detector,,,Working Range without Detector,,,Accuracy,,,Leveling Range,,,Laser Projection,,,Leveling Type,,,Thread Size,,,IP Rating,,,Power Source,,,Number of Lines,,,Number of Beams,,,Material,,,Finish,,,Laser Color,,,Dimensions,,,Temperature Rating,,,Additional Information,,,,,,,,,,,,,,,,,,,,,,,,,,,,,,,,,,,,,,,,,,,,,,,,,,,,,,,,,,,,,,,,,,,,,,,,,,,,,,,,,,,,,,,,,,,,,,,,,,,,,,,,,,,,,,,,,,,,,,,,,,,,,,,,,,,,,,,,,,,,,,
,,,,,,,,,,,DW0822CG,DW0822CG Dewalt Cross Line - Plumb Spots Laser-Green,-- Unbranded --,-- No Unilog Brand --,DEWALT,Black & Decker/dewlt (2585),Stanley Black & Decker,DEWALT,,DW0822CG,,Test & Measurement>Measuring & Layout Tools>Levels>Rotary & Straight Line Laser Levels,"Stanley Black & Decker, Rotary & Straight Line Laser Level, DW0822CG",ROTARY & STRAIGHT LINE LASER LEVEL,Stanley Black & Decker DW0822CG Rotary & Straight Line Laser Level,,Rotary & Straight Line Laser Level,,,,,,,,,,,,,,,,,,,,,,,,,,,,Model,,,Size,,,Working Range with Detector,,,Working Range without Detector,,,Accuracy,,,Leveling Range,,,Laser Projection,,,Leveling Type,,,Thread Size,,,IP Rating,,,Power Source,,,Number of Lines,,,Number of Beams,,,Material,,,Finish,,,Laser Color,,,Dimensions,,,Temperature Rating,,,Additional Information,,,,,,,,,,,,,,,,,,,,,,,,,,,,,,,,,,,,,,,,,,,,,,,,,,,,,,,,,,,,,,,,,,,,,,,,,,,,,,,,,,,,,,,,,,,,,,,,,,,,,,,,,,,,,,,,,,,,,,,,,,,,,,,,,,,,,,,,,,,,,,
,,,,,,,,,,,25459,25459 Mason Line Brd Orange - 500',-- Unbranded --,-- No Unilog Brand --,-- No DIB Brand --,U S Tape Company (6694),U.S. Tape Company,,,25459,,Test & Measurement>Measuring & Layout Tools>Marking & Layout Tools>Mason's Lines,"U.S. Tape Company, Mason's Line, 25459",MASON'S LINE,U.S. Tape Company 25459 Mason's Line,,Mason's Line,,,,,,,,,,,,,,,,,,,,,,,,,,,,Series,,,Diameter,,,Length,,,Breaking Strength,,,Material,,,Color,,,Additional Information,,,,,,,,,,,,,,,,,,,,,,,,,,,,,,,,,,,,,,,,,,,,,,,,,,,,,,,,,,,,,,,,,,,,,,,,,,,,,,,,,,,,,,,,,,,,,,,,,,,,,,,,,,,,,,,,,,,,,,,,,,,,,,,,,,,,,,,,,,,,,,,,,,,,,,,,,,,,,,,,,,,,,,,,,,,,,,,,,,
,,,,,,,,,,,35459,35459 Mason Line Brd Orange - 500' Replacement,-- Unbranded --,-- No Unilog Brand --,-- No DIB Brand --,U S Tape Company (6694),U.S. Tape Company,,,35459,,Test & Measurement>Measuring & Layout Tools>Marking & Layout Tools>Mason's Lines,"U.S. Tape Company, Mason's Line, 35459",MASON'S LINE,U.S. Tape Company 35459 Mason's Line,,Mason's Line,,,,,,,,,,,,,,,,,,,,,,,,,,,,Series,,,Diameter,,,Length,,,Breaking Strength,,,Material,,,Color,,,Additional Information,,,,,,,,,,,,,,,,,,,,,,,,,,,,,,,,,,,,,,,,,,,,,,,,,,,,,,,,,,,,,,,,,,,,,,,,,,,,,,,,,,,,,,,,,,,,,,,,,,,,,,,,,,,,,,,,,,,,,,,,,,,,,,,,,,,,,,,,,,,,,,,,,,,,,,,,,,,,,,,,,,,,,,,,,,,,,,,,,,
,,,,,,,,,,,25759,25759 Mason Line Brd Orange - 1000',-- Unbranded --,-- No Unilog Brand --,-- No DIB Brand --,U S Tape Company (6694),U.S. Tape Company,,,25759,,Test & Measurement>Measuring & Layout Tools>Marking & Layout Tools>Mason's Lines,"U.S. Tape Company, Mason's Line, 25759",MASON'S LINE,U.S. Tape Company 25759 Mason's Line,,Mason's Line,,,,,,,,,,,,,,,,,,,,,,,,,,,,Series,,,Diameter,,,Length,,,Breaking Strength,,,Material,,,Color,,,Additional Information,,,,,,,,,,,,,,,,,,,,,,,,,,,,,,,,,,,,,,,,,,,,,,,,,,,,,,,,,,,,,,,,,,,,,,,,,,,,,,,,,,,,,,,,,,,,,,,,,,,,,,,,,,,,,,,,,,,,,,,,,,,,,,,,,,,,,,,,,,,,,,,,,,,,,,,,,,,,,,,,,,,,,,,,,,,,,,,,,,
,,,,,,,,,,,35112,35112 Mason Line Twist Yellow - 270',-- Unbranded --,-- No Unilog Brand --,-- No DIB Brand --,U S Tape Company (6694),U.S. Tape Company,,,35112,,Test & Measurement>Measuring & Layout Tools>Marking & Layout Tools>Mason's Lines,"U.S. Tape Company, Mason's Line, 35112",MASON'S LINE,U.S. Tape Company 35112 Mason's Line,,Mason's Line,,,,,,,,,,,,,,,,,,,,,,,,,,,,Series,,,Diameter,,,Length,,,Breaking Strength,,,Material,,,Color,,,Additional Information,,,,,,,,,,,,,,,,,,,,,,,,,,,,,,,,,,,,,,,,,,,,,,,,,,,,,,,,,,,,,,,,,,,,,,,,,,,,,,,,,,,,,,,,,,,,,,,,,,,,,,,,,,,,,,,,,,,,,,,,,,,,,,,,,,,,,,,,,,,,,,,,,,,,,,,,,,,,,,,,,,,,,,,,,,,,,,,,,,
,,,,,,,,,,,35115,35115 Mason Line Twist Green - 270',-- Unbranded --,-- No Unilog Brand --,-- No DIB Brand --,U S Tape Company (6694),U.S. Tape Company,,,35115,,Test & Measurement>Measuring & Layout Tools>Marking & Layout Tools>Mason's Lines,"U.S. Tape Company, Mason's Line, 35115",MASON'S LINE,U.S. Tape Company 35115 Mason's Line,,Mason's Line,,,,,,,,,,,,,,,,,,,,,,,,,,,,Series,,,Diameter,,,Length,,,Breaking Strength,,,Material,,,Color,,,Additional Information,,,,,,,,,,,,,,,,,,,,,,,,,,,,,,,,,,,,,,,,,,,,,,,,,,,,,,,,,,,,,,,,,,,,,,,,,,,,,,,,,,,,,,,,,,,,,,,,,,,,,,,,,,,,,,,,,,,,,,,,,,,,,,,,,,,,,,,,,,,,,,,,,,,,,,,,,,,,,,,,,,,,,,,,,,,,,,,,,,
,,,,,,,,,,,25168,25168 Mason Line Brd Green - 250',CENTURY COMPONENTS,-- No Unilog Brand --,-- No DIB Brand --,U S Tape Company (6694),U.S. Tape Company,CENTURY COMPONENTS,,25168,,Test & Measurement>Measuring & Layout Tools>Marking & Layout Tools>Mason's Lines,"U.S. Tape Company, Mason's Line, 25168",MASON'S LINE,U.S. Tape Company 25168 Mason's Line,,Mason's Line,,,,,,,,,,,,,,,,,,,,,,,,,,,,Series,,,Diameter,,,Length,,,Breaking Strength,,,Material,,,Color,,,Additional Information,,,,,,,,,,,,,,,,,,,,,,,,,,,,,,,,,,,,,,,,,,,,,,,,,,,,,,,,,,,,,,,,,,,,,,,,,,,,,,,,,,,,,,,,,,,,,,,,,,,,,,,,,,,,,,,,,,,,,,,,,,,,,,,,,,,,,,,,,,,,,,,,,,,,,,,,,,,,,,,,,,,,,,,,,,,,,,,,,,
,,,,,,,,,,,35468,35468 Mason Line Brd Green - 500' Replacement,-- Unbranded --,-- No Unilog Brand --,-- No DIB Brand --,U S Tape Company (6694),U.S. Tape Company,,,35468,,Test & Measurement>Measuring & Layout Tools>Marking & Layout Tools>Mason's Lines,"U.S. Tape Company, Mason's Line, 35468",MASON'S LINE,U.S. Tape Company 35468 Mason's Line,,Mason's Line,,,,,,,,,,,,,,,,,,,,,,,,,,,,Series,,,Diameter,,,Length,,,Breaking Strength,,,Material,,,Color,,,Additional Information,,,,,,,,,,,,,,,,,,,,,,,,,,,,,,,,,,,,,,,,,,,,,,,,,,,,,,,,,,,,,,,,,,,,,,,,,,,,,,,,,,,,,,,,,,,,,,,,,,,,,,,,,,,,,,,,,,,,,,,,,,,,,,,,,,,,,,,,,,,,,,,,,,,,,,,,,,,,,,,,,,,,,,,,,,,,,,,,,,
,,,,,,,,,,,35494,35494 Mason Line Brd Blk/Yellw - 500' Replacement,-- Unbranded --,-- No Unilog Brand --,-- No DIB Brand --,U S Tape Company (6694),U.S. Tape Company,,,35494,,Test & Measurement>Measuring & Layout Tools>Marking & Layout Tools>Mason's Lines,"U.S. Tape Company, Mason's Line, 35494",MASON'S LINE,U.S. Tape Company 35494 Mason's Line,,Mason's Line,,,,,,,,,,,,,,,,,,,,,,,,,,,,Series,,,Diameter,,,Length,,,Breaking Strength,,,Material,,,Color,,,Additional Information,,,,,,,,,,,,,,,,,,,,,,,,,,,,,,,,,,,,,,,,,,,,,,,,,,,,,,,,,,,,,,,,,,,,,,,,,,,,,,,,,,,,,,,,,,,,,,,,,,,,,,,,,,,,,,,,,,,,,,,,,,,,,,,,,,,,,,,,,,,,,,,,,,,,,,,,,,,,,,,,,,,,,,,,,,,,,,,,,,
,,,,,,,,,,,MLSQ0120,"MLSQ0120 Milw 12"" RafterSquare",-- Unbranded --,-- No Unilog Brand --,-- No DIB Brand --,Milwaukee Accessory (4031),Milwaukee Tool,,,MLSQ0120,,Tools & Equipment>Power Tools>Power Saw Blades>Diamond Saw Blades,"Milwaukee Tool, Diamond Saw Blade, MLSQ0120",DIAMOND SAW BLADE,Milwaukee Tool MLSQ0120 Diamond Saw Blade,,Diamond Saw Blade,,,,,,,,,,,,,,,,,,,,,,,,,,,,Series,,,Diameter,,,Thickness,,,Rim Type,,,Cut Type,,,Cut Width,,,Maximum Cutting Depth,,,Arbor Type,,,Arbor Size,,,Grade,,,Maximum Speed Rating,,,Cutting Edge Material,,,Blade Material,,,Color,,,Cut Materials,,,Suitable For Use With,,,Number of Pieces,,,Additional Information,,,,,,,,,,,,,,,,,,,,,,,,,,,,,,,,,,,,,,,,,,,,,,,,,,,,,,,,,,,,,,,,,,,,,,,,,,,,,,,,,,,,,,,,,,,,,,,,,,,,,,,,,,,,,,,,,,,,,,,,,,,,,,,,,,,,,,,,,,,,,,,,,
,,,,,,,,,,,MLSQ1120,MLSQ1120 Milw 300mm Rafter - Square (Metric),-- Unbranded --,-- No Unilog Brand --,-- No DIB Brand --,Milwaukee Accessory (4031),Milwaukee Tool,,,MLSQ1120,,Tools & Equipment>Power Tools>Power Saw Blades>Diamond Saw Blades,"Milwaukee Tool, Diamond Saw Blade, MLSQ1120",DIAMOND SAW BLADE,Milwaukee Tool MLSQ1120 Diamond Saw Blade,,Diamond Saw Blade,,,,,,,,,,,,,,,,,,,,,,,,,,,,Series,,,Diameter,,,Thickness,,,Rim Type,,,Cut Type,,,Cut Width,,,Maximum Cutting Depth,,,Arbor Type,,,Arbor Size,,,Grade,,,Maximum Speed Rating,,,Cutting Edge Material,,,Blade Material,,,Color,,,Cut Materials,,,Suitable For Use With,,,Number of Pieces,,,Additional Information,,,,,,,,,,,,,,,,,,,,,,,,,,,,,,,,,,,,,,,,,,,,,,,,,,,,,,,,,,,,,,,,,,,,,,,,,,,,,,,,,,,,,,,,,,,,,,,,,,,,,,,,,,,,,,,,,,,,,,,,,,,,,,,,,,,,,,,,,,,,,,,,,
,,,,,,,,,,,55227,"55227 Amana Countersink/Stop 1/8"" Drill TB",-- Unbranded --,-- No Unilog Brand --,-- No DIB Brand --,Amana Tool Corp (AMATO),,,,55227,,Tools & Equipment>Power Tools>Power Drills>Cordless Drills,"Cordless Drill, 55227",CORDLESS DRILL,55227 Cordless Drill,,Cordless Drill,,,,,,,,,,,,,,,,,,,,,,,,,,,,Series,,,Tool/Kit,,,Torque Rating,,,Chuck Size,,,Chuck Type,,,Chuck Material,,,Voltage Rating,,,Battery Type,,,Battery Capacity,,,Speed Rating,,,Speed Setting,,,Housing Material,,,Housing Color,,,Switch Type,,,Handle Type,,,Handle Material,,,Handle Color,,,Sound Level,,,Overall Length,,,Overall Width,,,Overall Depth,,,Additional Information,,,,,,,,,,,,,,,,,,,,,,,,,,,,,,,,,,,,,,,,,,,,,,,,,,,,,,,,,,,,,,,,,,,,,,,,,,,,,,,,,,,,,,,,,,,,,,,,,,,,,,,,,,,,,,,,,,,,,,,,,,,,,,,,,,,,,
,,,,,,,,,,,37300952,"095842 Fisch Plug Cutter 3/8""",-- Unbranded --,-- No Unilog Brand --,-- No DIB Brand --,-,,,,37300952,,,,,,,,,,,,,,,,,,,,,,,,,,,,,,,,,,,,,,,,,,,,,,,,,,,,,,,,,,,,,,,,,,,,,,,,,,,,,,,,,,,,,,,,,,,,,,,,,,,,,,,,,,,,,,,,,,,,,,,,,,,,,,,,,,,,,,,,,,,,,,,,,,,,,,,,,,,,,,,,,,,,,,,,,,,,,,,,,,,,,,,,,,,,,,,,,,,,,,,,,,,,,,,,,,,,,,,,,,,,,,,,,,,,,,,
,,,,,,,,,,,6008,6008 Whiteside Router Bit,-- Unbranded --,-- No Unilog Brand --,-- No DIB Brand --,Whiteside Machine & Repair Co (WHIMA),,,,6008,,,,,,,,,,,,,,,,,,,,,,,,,,,,,,,,,,,,,,,,,,,,,,,,,,,,,,,,,,,,,,,,,,,,,,,,,,,,,,,,,,,,,,,,,,,,,,,,,,,,,,,,,,,,,,,,,,,,,,,,,,,,,,,,,,,,,,,,,,,,,,,,,,,,,,,,,,,,,,,,,,,,,,,,,,,,,,,,,,,,,,,,,,,,,,,,,,,,,,,,,,,,,,,,,,,,,,,,,,,,,,,,,,,,,,,
,,,,,,,,,,,6009,6009 Whiteside Router Bit,-- Unbranded --,-- No Unilog Brand --,-- No DIB Brand --,Whiteside Machine & Repair Co (WHIMA),,,,6009,,,,,,,,,,,,,,,,,,,,,,,,,,,,,,,,,,,,,,,,,,,,,,,,,,,,,,,,,,,,,,,,,,,,,,,,,,,,,,,,,,,,,,,,,,,,,,,,,,,,,,,,,,,,,,,,,,,,,,,,,,,,,,,,,,,,,,,,,,,,,,,,,,,,,,,,,,,,,,,,,,,,,,,,,,,,,,,,,,,,,,,,,,,,,,,,,,,,,,,,,,,,,,,,,,,,,,,,,,,,,,,,,,,,,,,
,,,,,,,,,,,3000A,3000A Whiteside Router Bit,-- Unbranded --,-- No Unilog Brand --,-- No DIB Brand --,Whiteside Machine & Repair Co (WHIMA),,,,3000A,,,,,,,,,,,,,,,,,,,,,,,,,,,,,,,,,,,,,,,,,,,,,,,,,,,,,,,,,,,,,,,,,,,,,,,,,,,,,,,,,,,,,,,,,,,,,,,,,,,,,,,,,,,,,,,,,,,,,,,,,,,,,,,,,,,,,,,,,,,,,,,,,,,,,,,,,,,,,,,,,,,,,,,,,,,,,,,,,,,,,,,,,,,,,,,,,,,,,,,,,,,,,,,,,,,,,,,,,,,,,,,,,,,,,,,
,,,,,,,,,,,MID6630201US,MID6630201US Deos663XCV Sander,-- Unbranded --,-- No Unilog Brand --,-- No DIB Brand --,Mirka Abrasives Inc (MIRUS),Mirka Ltd,,,MID6630201US,,Tools & Equipment>Power Tools>Power Finishing Tools>Power Buffers & Polishers>Cordless Buffers & Polishers,"Mirka Ltd, Cordless Buffers & Polisher, MID6630201US",CORDLESS BUFFERS & POLISHER,Mirka Ltd MID6630201US Cordless Buffers & Polisher,,Cordless Buffers & Polisher,,,,,,,,,,,,,,,,,,,,,,,,,,,,Series,,,Tool/Kit,,,Pad Size,,,Spindle Thread Size,,,Voltage Rating,,,Battery Type,,,Battery Capacity,,,Speed Rating,,,Speed Setting,,,Housing Material,,,Housing Color,,,Switch Type,,,Handle Type,,,Handle Material,,,Handle Color,,,Sound Level,,,Overall Length,,,Overall Width,,,Overall Depth,,,Additional Information,,,,,,,,,,,,,,,,,,,,,,,,,,,,,,,,,,,,,,,,,,,,,,,,,,,,,,,,,,,,,,,,,,,,,,,,,,,,,,,,,,,,,,,,,,,,,,,,,,,,,,,,,,,,,,,,,,,,,,,,,,,,,,,,,,,,,,,,,,,
,,,,,,,,,,,DCF6202,DCF6202 Dewalt Collated Attach,-- Unbranded --,-- No Unilog Brand --,DEWALT,Black & Decker/dewlt (2585),Stanley Black & Decker,DEWALT,,DCF6202,,Tools & Equipment>Power Tools>Power Fastening Tools>Power Wrenches & Ratchets>Cordless Impact Wrenches,"Stanley Black & Decker, Cordless Impact Wrench, DCF6202",CORDLESS IMPACT WRENCH,Stanley Black & Decker DCF6202 Cordless Impact Wrench,,Cordless Impact Wrench,,,,,,,,,,,,,,,,,,,,,,,,,,,,Series,,,Tool/Kit,,,Drive Size,,,Drive Type,,,Torque Rating,,,Impacts per Minute,,,Voltage Rating,,,Battery Type,,,Battery Capacity,,,Speed Rating,,,Speed Setting,,,Housing Material,,,Housing Color,,,Switch Type,,,Handle Type,,,Handle Material,,,Handle Color,,,Sound Level,,,Overall Length,,,Overall Width,,,Overall Depth,,,Additional Information,,,,,,,,,,,,,,,,,,,,,,,,,,,,,,,,,,,,,,,,,,,,,,,,,,,,,,,,,,,,,,,,,,,,,,,,,,,,,,,,,,,,,,,,,,,,,,,,,,,,,,,,,,,,,,,,,,,,,,,,,,,,,,,,,,,,,
,,,,,,,,,,,25468,25468 Mason Line Brd Green - 500',-- Unbranded --,-- No Unilog Brand --,-- No DIB Brand --,U S Tape Company (6694),U.S. Tape Company,,,25468,,Test & Measurement>Measuring & Layout Tools>Marking & Layout Tools>Mason's Lines,"U.S. Tape Company, Mason's Line, 25468",MASON'S LINE,U.S. Tape Company 25468 Mason's Line,,Mason's Line,,,,,,,,,,,,,,,,,,,,,,,,,,,,Series,,,Diameter,,,Length,,,Breaking Strength,,,Material,,,Color,,,Additional Information,,,,,,,,,,,,,,,,,,,,,,,,,,,,,,,,,,,,,,,,,,,,,,,,,,,,,,,,,,,,,,,,,,,,,,,,,,,,,,,,,,,,,,,,,,,,,,,,,,,,,,,,,,,,,,,,,,,,,,,,,,,,,,,,,,,,,,,,,,,,,,,,,,,,,,,,,,,,,,,,,,,,,,,,,,,,,,,,,,
,,,,,,,,,,,25762,25762 Mason Line Brd Pink - 1000',-- Unbranded --,-- No Unilog Brand --,-- No DIB Brand --,U S Tape Company (6694),U.S. Tape Company,,,25762,,Test & Measurement>Measuring & Layout Tools>Marking & Layout Tools>Mason's Lines,"U.S. Tape Company, Mason's Line, 25762",MASON'S LINE,U.S. Tape Company 25762 Mason's Line,,Mason's Line,,,,,,,,,,,,,,,,,,,,,,,,,,,,Series,,,Diameter,,,Length,,,Breaking Strength,,,Material,,,Color,,,Additional Information,,,,,,,,,,,,,,,,,,,,,,,,,,,,,,,,,,,,,,,,,,,,,,,,,,,,,,,,,,,,,,,,,,,,,,,,,,,,,,,,,,,,,,,,,,,,,,,,,,,,,,,,,,,,,,,,,,,,,,,,,,,,,,,,,,,,,,,,,,,,,,,,,,,,,,,,,,,,,,,,,,,,,,,,,,,,,,,,,,
,,,,,,,,,,,21839NN,"21839NN File Bstd Mill 10""",-- Unbranded --,-- No Unilog Brand --,Nicholson,-,,Nicholson,,21839NN,,,,,,,,,,,,,,,,,,,,,,,,,,,,,,,,,,,,,,,,,,,,,,,,,,,,,,,,,,,,,,,,,,,,,,,,,,,,,,,,,,,,,,,,,,,,,,,,,,,,,,,,,,,,,,,,,,,,,,,,,,,,,,,,,,,,,,,,,,,,,,,,,,,,,,,,,,,,,,,,,,,,,,,,,,,,,,,,,,,,,,,,,,,,,,,,,,,,,,,,,,,,,,,,,,,,,,,,,,,,,,,,,,,,,,,
,,,,,,,,,,,VN56920,"VN56920 10 1/2"" Saw Blade",-- Unbranded --,-- No Unilog Brand --,-- No DIB Brand --,Marshalltown Trowel (5155),,,,VN56920,,Tools & Equipment>Power Tools>Power Saw Blades>Diamond Saw Blades,"Diamond Saw Blade, VN56920",DIAMOND SAW BLADE,VN56920 Diamond Saw Blade,,Diamond Saw Blade,,,,,,,,,,,,,,,,,,,,,,,,,,,,Series,,,Diameter,,,Thickness,,,Rim Type,,,Cut Type,,,Cut Width,,,Maximum Cutting Depth,,,Arbor Type,,,Arbor Size,,,Grade,,,Maximum Speed Rating,,,Cutting Edge Material,,,Blade Material,,,Color,,,Cut Materials,,,Suitable For Use With,,,Number of Pieces,,,Additional Information,,,,,,,,,,,,,,,,,,,,,,,,,,,,,,,,,,,,,,,,,,,,,,,,,,,,,,,,,,,,,,,,,,,,,,,,,,,,,,,,,,,,,,,,,,,,,,,,,,,,,,,,,,,,,,,,,,,,,,,,,,,,,,,,,,,,,,,,,,,,,,,,,
,,,,,,,,,,,133164,133164 950/9 Hex Plus Spks - Multicolor,-- Unbranded --,-- No Unilog Brand --,-- No DIB Brand --,Wera Tools NA Inc (WERTO),Wera,,,133164,,"Tools & Equipment>Hand Tools>Hex, Torx & Spline Keys>Hex Key Sets","Wera, Hex Key Set, 133164",HEX KEY SET,Wera 133164 Hex Key Set,,Hex Key Set,,,,,,,,,,,,,,,,,,,,,,,,,,,,Series,,,Model,,,Tip Type,,,Tip Size,,,System of Measurement,,,Key Shape,,,Short Leg Length,,,Long Leg Length,,,Working Angle,,,Number of Pieces,,,Suitable For Use With,,,Material,,,Finish,,,Additional Information,,,,,,,,,,,,,,,,,,,,,,,,,,,,,,,,,,,,,,,,,,,,,,,,,,,,,,,,,,,,,,,,,,,,,,,,,,,,,,,,,,,,,,,,,,,,,,,,,,,,,,,,,,,,,,,,,,,,,,,,,,,,,,,,,,,,,,,,,,,,,,,,,,,,,,,,,,,,,
,,,,,,,,,,,DWHT10993,DWHT10993 Folding Knife,-- Unbranded --,-- No Unilog Brand --,DEWALT,Black & Decker/dewlt (2585),Stanley Black & Decker,DEWALT,,DWHT10993,,Test & Measurement>Measuring & Layout Tools>Levels>Rotary & Straight Line Laser Levels,"Stanley Black & Decker, Rotary & Straight Line Laser Level, DWHT10993",ROTARY & STRAIGHT LINE LASER LEVEL,Stanley Black & Decker DWHT10993 Rotary & Straight Line Laser Level,,Rotary & Straight Line Laser Level,,,,,,,,,,,,,,,,,,,,,,,,,,,,Model,,,Size,,,Working Range with Detector,,,Working Range without Detector,,,Accuracy,,,Leveling Range,,,Laser Projection,,,Leveling Type,,,Thread Size,,,IP Rating,,,Power Source,,,Number of Lines,,,Number of Beams,,,Material,,,Finish,,,Laser Color,,,Dimensions,,,Temperature Rating,,,Additional Information,,,,,,,,,,,,,,,,,,,,,,,,,,,,,,,,,,,,,,,,,,,,,,,,,,,,,,,,,,,,,,,,,,,,,,,,,,,,,,,,,,,,,,,,,,,,,,,,,,,,,,,,,,,,,,,,,,,,,,,,,,,,,,,,,,,,,,,,,,,,,,
,,,,,,,,,,,DWHT10994,DWHT10994 Folding Knife,-- Unbranded --,-- No Unilog Brand --,DEWALT,Black & Decker/dewlt (2585),Stanley Black & Decker,DEWALT,,DWHT10994,,Test & Measurement>Measuring & Layout Tools>Levels>Rotary & Straight Line Laser Levels,"Stanley Black & Decker, Rotary & Straight Line Laser Level, DWHT10994",ROTARY & STRAIGHT LINE LASER LEVEL,Stanley Black & Decker DWHT10994 Rotary & Straight Line Laser Level,,Rotary & Straight Line Laser Level,,,,,,,,,,,,,,,,,,,,,,,,,,,,Model,,,Size,,,Working Range with Detector,,,Working Range without Detector,,,Accuracy,,,Leveling Range,,,Laser Projection,,,Leveling Type,,,Thread Size,,,IP Rating,,,Power Source,,,Number of Lines,,,Number of Beams,,,Material,,,Finish,,,Laser Color,,,Dimensions,,,Temperature Rating,,,Additional Information,,,,,,,,,,,,,,,,,,,,,,,,,,,,,,,,,,,,,,,,,,,,,,,,,,,,,,,,,,,,,,,,,,,,,,,,,,,,,,,,,,,,,,,,,,,,,,,,,,,,,,,,,,,,,,,,,,,,,,,,,,,,,,,,,,,,,,,,,,,,,,
,,,,,,,,,,,QB22RU,QB22RU Vessel Carrying Bit Holder (Red),-- Unbranded --,-- No Unilog Brand --,-- No DIB Brand --,Vessel Tools USA Inc (VESTO),,,,QB22RU,,Tools & Equipment>Hand Tools>Snips & Shears>Snips,"Snip, QB22RU",SNIP,QB22RU Snip,,Snip,,,,,,,,,,,,,,,,,,,,,,,,,,,,Series,,,Snip Type,,,Cut Type,,,Maximum Sheet Thickness,,,Maximum Sheet Gauge,,,Length of Cut,,,Blade Type,,,Blade Material,,,Blade Finish,,,Handle Type,,,Handle Material,,,Handle Color,,,Overall Length,,,Cut Materials,,,Additional Information,,,,,,,,,,,,,,,,,,,,,,,,,,,,,,,,,,,,,,,,,,,,,,,,,,,,,,,,,,,,,,,,,,,,,,,,,,,,,,,,,,,,,,,,,,,,,,,,,,,,,,,,,,,,,,,,,,,,,,,,,,,,,,,,,,,,,,,,,,,,,,,,,,,,,,,,,,
,,,,,,,,,,,QB22KU,QB22KU Vessel Carrying Bit Holder (Black),-- Unbranded --,-- No Unilog Brand --,-- No DIB Brand --,Vessel Tools USA Inc (VESTO),,,,QB22KU,,Building Materials>Decking>Deck & Porch Railings>Deck Railing Kits,"Deck Railing Kit, QB22KU",DECK RAILING KIT,QB22KU Deck Railing Kit,,Deck Railing Kit,,,,,,,,,,,,,,,,,,,,,,,,,,,,Series,,,Rail Profile Type,,,Rail Length,,,Rail Width,,,Rail Material,,,Rail Color,,,Balusters/Spindles Design,,,Balusters/Spindles Top Style,,,Balusters/Spindles Diameter,,,Balusters/Spindles Length,,,Balusters/Spindles Material,,,Balusters/Spindles Color,,,Installation Type,,,Number of Pieces,,,Additional Information,,,,,,,,,,,,,,,,,,,,,,,,,,,,,,,,,,,,,,,,,,,,,,,,,,,,,,,,,,,,,,,,,,,,,,,,,,,,,,,,,,,,,,,,,,,,,,,,,,,,,,,,,,,,,,,,,,,,,,,,,,,,,,,,,,,,,,,,,,,,,,,,,,,,,,,,,,
,,,,,,,,,,,AVM6EV,AVM6 EV Mini Snip Red,-- Unbranded --,-- No Unilog Brand --,-- No DIB Brand --,Malco Prod (2370),Aspen Pumps Group Limited,,,AVM6EV,,Tools & Equipment>Hand Tools>Snips & Shears>Snips,"Aspen Pumps Group Limited, Snip, AVM6EV",SNIP,Aspen Pumps Group Limited AVM6EV Snip,,Snip,,,,,,,,,,,,,,,,,,,,,,,,,,,,Series,,,Snip Type,,,Cut Type,,,Maximum Sheet Thickness,,,Maximum Sheet Gauge,,,Length of Cut,,,Blade Type,,,Blade Material,,,Blade Finish,,,Handle Type,,,Handle Material,,,Handle Color,,,Overall Length,,,Cut Materials,,,Additional Information,,,,,,,,,,,,,,,,,,,,,,,,,,,,,,,,,,,,,,,,,,,,,,,,,,,,,,,,,,,,,,,,,,,,,,,,,,,,,,,,,,,,,,,,,,,,,,,,,,,,,,,,,,,,,,,,,,,,,,,,,,,,,,,,,,,,,,,,,,,,,,,,,,,,,,,,,,
,,,,,,,,,,,AVM6EV,AVM7 EV Mini Snip Green,-- Unbranded --,-- No Unilog Brand --,-- No DIB Brand --,Malco Prod (2370),Aspen Pumps Group Limited,,,AVM6EV,,Tools & Equipment>Hand Tools>Snips & Shears>Snips,"Aspen Pumps Group Limited, Snip, AVM6EV",SNIP,Aspen Pumps Group Limited AVM6EV Snip,,Snip,,,,,,,,,,,,,,,,,,,,,,,,,,,,Series,,,Snip Type,,,Cut Type,,,Maximum Sheet Thickness,,,Maximum Sheet Gauge,,,Length of Cut,,,Blade Type,,,Blade Material,,,Blade Finish,,,Handle Type,,,Handle Material,,,Handle Color,,,Overall Length,,,Cut Materials,,,Additional Information,,,,,,,,,,,,,,,,,,,,,,,,,,,,,,,,,,,,,,,,,,,,,,,,,,,,,,,,,,,,,,,,,,,,,,,,,,,,,,,,,,,,,,,,,,,,,,,,,,,,,,,,,,,,,,,,,,,,,,,,,,,,,,,,,,,,,,,,,,,,,,,,,,,,,,,,,,
,,,,,,,,,,,DSA0250B,"DSA0250B 1/4"" Square x1/4"" Hex - Socket Adapter",-- Unbranded --,-- No Unilog Brand --,Diablo,Freud Inc (2435),"Freud America, Inc",Diablo,,DSA0250B,,"Tools & Equipment>Hand Tools>Hex, Torx & Spline Keys>Hex Key Sets","Freud America, Inc, Hex Key Set, DSA0250B",HEX KEY SET,"Freud America, Inc DSA0250B Hex Key Set",,Hex Key Set,,,,,,,,,,,,,,,,,,,,,,,,,,,,Series,,,Model,,,Tip Type,,,Tip Size,,,System of Measurement,,,Key Shape,,,Short Leg Length,,,Long Leg Length,,,Working Angle,,,Number of Pieces,,,Suitable For Use With,,,Material,,,Finish,,,Additional Information,,,,,,,,,,,,,,,,,,,,,,,,,,,,,,,,,,,,,,,,,,,,,,,,,,,,,,,,,,,,,,,,,,,,,,,,,,,,,,,,,,,,,,,,,,,,,,,,,,,,,,,,,,,,,,,,,,,,,,,,,,,,,,,,,,,,,,,,,,,,,,,,,,,,,,,,,,,,,
,,,,,,,,,,,DSA0375B,"DSA0375B 3/8"" Square x1/4"" Hex - Socket Adapter",-- Unbranded --,-- No Unilog Brand --,Diablo,Freud Inc (2435),"Freud America, Inc",Diablo,,DSA0375B,,"Tools & Equipment>Hand Tools>Hex, Torx & Spline Keys>Hex Key Sets","Freud America, Inc, Hex Key Set, DSA0375B",HEX KEY SET,"Freud America, Inc DSA0375B Hex Key Set",,Hex Key Set,,,,,,,,,,,,,,,,,,,,,,,,,,,,Series,,,Model,,,Tip Type,,,Tip Size,,,System of Measurement,,,Key Shape,,,Short Leg Length,,,Long Leg Length,,,Working Angle,,,Number of Pieces,,,Suitable For Use With,,,Material,,,Finish,,,Additional Information,,,,,,,,,,,,,,,,,,,,,,,,,,,,,,,,,,,,,,,,,,,,,,,,,,,,,,,,,,,,,,,,,,,,,,,,,,,,,,,,,,,,,,,,,,,,,,,,,,,,,,,,,,,,,,,,,,,,,,,,,,,,,,,,,,,,,,,,,,,,,,,,,,,,,,,,,,,,,
,,,,,,,,,,,DSA0500B,"DSA0500B 1/2"" Square x1/4"" Hex - Socket Adapter",-- Unbranded --,-- No Unilog Brand --,Diablo,Freud Inc (2435),"Freud America, Inc",Diablo,,DSA0500B,,"Tools & Equipment>Hand Tools>Hex, Torx & Spline Keys>Hex Key Sets","Freud America, Inc, Hex Key Set, DSA0500B",HEX KEY SET,"Freud America, Inc DSA0500B Hex Key Set",,Hex Key Set,,,,,,,,,,,,,,,,,,,,,,,,,,,,Series,,,Model,,,Tip Type,,,Tip Size,,,System of Measurement,,,Key Shape,,,Short Leg Length,,,Long Leg Length,,,Working Angle,,,Number of Pieces,,,Suitable For Use With,,,Material,,,Finish,,,Additional Information,,,,,,,,,,,,,,,,,,,,,,,,,,,,,,,,,,,,,,,,,,,,,,,,,,,,,,,,,,,,,,,,,,,,,,,,,,,,,,,,,,,,,,,,,,,,,,,,,,,,,,,,,,,,,,,,,,,,,,,,,,,,,,,,,,,,,,,,,,,,,,,,,,,,,,,,,,,,,
,,,,,,,,,,,42-04-9107,"42-04-9107 Milw 3/8"" Drive Universal Joint",-- Unbranded --,-- No Unilog Brand --,-- No DIB Brand --,Milwaukee Accessory (4031),Milwaukee Tool,,,42-04-9107,,Tools & Equipment>Power Tools>Power Saw Blades>Diamond Saw Blades,"Milwaukee Tool, Diamond Saw Blade, 42-04-9107",DIAMOND SAW BLADE,Milwaukee Tool 42-04-9107 Diamond Saw Blade,,Diamond Saw Blade,,,,,,,,,,,,,,,,,,,,,,,,,,,,Series,,,Diameter,,,Thickness,,,Rim Type,,,Cut Type,,,Cut Width,,,Maximum Cutting Depth,,,Arbor Type,,,Arbor Size,,,Grade,,,Maximum Speed Rating,,,Cutting Edge Material,,,Blade Material,,,Color,,,Cut Materials,,,Suitable For Use With,,,Number of Pieces,,,Additional Information,,,,,,,,,,,,,,,,,,,,,,,,,,,,,,,,,,,,,,,,,,,,,,,,,,,,,,,,,,,,,,,,,,,,,,,,,,,,,,,,,,,,,,,,,,,,,,,,,,,,,,,,,,,,,,,,,,,,,,,,,,,,,,,,,,,,,,,,,,,,,,,,,
,,,,,,,,,,,48-22-9491,48-22-9491 Milw 242pc Ratchet & Socket Set 4-Drawer Tool Box,-- Unbranded --,-- No Unilog Brand --,-- No DIB Brand --,Milwaukee Accessory (4031),Milwaukee Tool,,,48-22-9491,,Tools & Equipment>Power Tools>Power Fastening Tools>Power Screwdrivers>Power Nut Setters & Bit Holders,"Milwaukee Tool, Power Nut Setters & Bit Holder, 48-22-9491",POWER NUT SETTERS & BIT HOLDER,Milwaukee Tool 48-22-9491 Power Nut Setters & Bit Holder,,Power Nut Setters & Bit Holder,,,,,,,,,,,,,,,,,,,,,,,,,,,,Series,,,Drive Size,,,Drive Type,,,Shank Size,,,Shank Type,,,Overall Length,,,Material,,,Finish,,,Color,,,Suitable For Use With,,,Additional Information,,,,,,,,,,,,,,,,,,,,,,,,,,,,,,,,,,,,,,,,,,,,,,,,,,,,,,,,,,,,,,,,,,,,,,,,,,,,,,,,,,,,,,,,,,,,,,,,,,,,,,,,,,,,,,,,,,,,,,,,,,,,,,,,,,,,,,,,,,,,,,,,,,,,,,,,,,,,,,,,,,,,,,
,,,,,,,,,,,DWMT45422,"DWMT45422 Dewalt 1/4"" Drive - 50pc Mechanics Set",-- Unbranded --,-- No Unilog Brand --,-- No DIB Brand --,Black & Decker/dewlt (2585),Stanley Black & Decker,,,DWMT45422,,Tools & Equipment>Power Tools>Power Fastening Tools>Power Screwdrivers>Power Nut Setters & Bit Holders,"Stanley Black & Decker, Power Nut Setters & Bit Holder, DWMT45422",POWER NUT SETTERS & BIT HOLDER,Stanley Black & Decker DWMT45422 Power Nut Setters & Bit Holder,,Power Nut Setters & Bit Holder,,,,,,,,,,,,,,,,,,,,,,,,,,,,Series,,,Drive Size,,,Drive Type,,,Shank Size,,,Shank Type,,,Overall Length,,,Material,,,Finish,,,Color,,,Suitable For Use With,,,Additional Information,,,,,,,,,,,,,,,,,,,,,,,,,,,,,,,,,,,,,,,,,,,,,,,,,,,,,,,,,,,,,,,,,,,,,,,,,,,,,,,,,,,,,,,,,,,,,,,,,,,,,,,,,,,,,,,,,,,,,,,,,,,,,,,,,,,,,,,,,,,,,,,,,,,,,,,,,,,,,,,,,,,,,,
,,,,,,,,,,,DWMT45424,"DWMT45424 Dewalt 3/8"" Drive - 84pc Mechanics Set",-- Unbranded --,-- No Unilog Brand --,-- No DIB Brand --,Black & Decker/dewlt (2585),Stanley Black & Decker,,,DWMT45424,,Tools & Equipment>Power Tools>Power Fastening Tools>Power Screwdrivers>Power Nut Setters & Bit Holders,"Stanley Black & Decker, Power Nut Setters & Bit Holder, DWMT45424",POWER NUT SETTERS & BIT HOLDER,Stanley Black & Decker DWMT45424 Power Nut Setters & Bit Holder,,Power Nut Setters & Bit Holder,,,,,,,,,,,,,,,,,,,,,,,,,,,,Series,,,Drive Size,,,Drive Type,,,Shank Size,,,Shank Type,,,Overall Length,,,Material,,,Finish,,,Color,,,Suitable For Use With,,,Additional Information,,,,,,,,,,,,,,,,,,,,,,,,,,,,,,,,,,,,,,,,,,,,,,,,,,,,,,,,,,,,,,,,,,,,,,,,,,,,,,,,,,,,,,,,,,,,,,,,,,,,,,,,,,,,,,,,,,,,,,,,,,,,,,,,,,,,,,,,,,,,,,,,,,,,,,,,,,,,,,,,,,,,,,
,,,,,,,,,,,48-22-9483,48-22-9483 Milw Packout 15pc - Metric Wrench Set,-- Unbranded --,-- No Unilog Brand --,-- No DIB Brand --,Milwaukee Accessory (4031),Milwaukee Tool,,,48-22-9483,,Tools & Equipment>Power Tools>Power Fastening Tools>Power Screwdrivers>Power Nut Setters & Bit Holders,"Milwaukee Tool, Power Nut Setters & Bit Holder, 48-22-9483",POWER NUT SETTERS & BIT HOLDER,Milwaukee Tool 48-22-9483 Power Nut Setters & Bit Holder,,Power Nut Setters & Bit Holder,,,,,,,,,,,,,,,,,,,,,,,,,,,,Series,,,Drive Size,,,Drive Type,,,Shank Size,,,Shank Type,,,Overall Length,,,Material,,,Finish,,,Color,,,Suitable For Use With,,,Additional Information,,,,,,,,,,,,,,,,,,,,,,,,,,,,,,,,,,,,,,,,,,,,,,,,,,,,,,,,,,,,,,,,,,,,,,,,,,,,,,,,,,,,,,,,,,,,,,,,,,,,,,,,,,,,,,,,,,,,,,,,,,,,,,,,,,,,,,,,,,,,,,,,,,,,,,,,,,,,,,,,,,,,,,
,,,,,,,,,,,48-22-9484,48-22-9484 Milw Packout 15pc - SAE Wrench Set,-- Unbranded --,-- No Unilog Brand --,-- No DIB Brand --,Milwaukee Accessory (4031),Milwaukee Tool,,,48-22-9484,,Tools & Equipment>Power Tools>Power Fastening Tools>Power Screwdrivers>Power Nut Setters & Bit Holders,"Milwaukee Tool, Power Nut Setters & Bit Holder, 48-22-9484",POWER NUT SETTERS & BIT HOLDER,Milwaukee Tool 48-22-9484 Power Nut Setters & Bit Holder,,Power Nut Setters & Bit Holder,,,,,,,,,,,,,,,,,,,,,,,,,,,,Series,,,Drive Size,,,Drive Type,,,Shank Size,,,Shank Type,,,Overall Length,,,Material,,,Finish,,,Color,,,Suitable For Use With,,,Additional Information,,,,,,,,,,,,,,,,,,,,,,,,,,,,,,,,,,,,,,,,,,,,,,,,,,,,,,,,,,,,,,,,,,,,,,,,,,,,,,,,,,,,,,,,,,,,,,,,,,,,,,,,,,,,,,,,,,,,,,,,,,,,,,,,,,,,,,,,,,,,,,,,,,,,,,,,,,,,,,,,,,,,,,
,,,,,,,,,,,48-22-9485,48-22-9485 Milw Packout 30pc - Metric & SAE Wrench Set,-- Unbranded --,-- No Unilog Brand --,-- No DIB Brand --,Milwaukee Accessory (4031),Milwaukee Tool,,,48-22-9485,,Tools & Equipment>Power Tools>Power Fastening Tools>Power Screwdrivers>Power Nut Setters & Bit Holders,"Milwaukee Tool, Power Nut Setters & Bit Holder, 48-22-9485",POWER NUT SETTERS & BIT HOLDER,Milwaukee Tool 48-22-9485 Power Nut Setters & Bit Holder,,Power Nut Setters & Bit Holder,,,,,,,,,,,,,,,,,,,,,,,,,,,,Series,,,Drive Size,,,Drive Type,,,Shank Size,,,Shank Type,,,Overall Length,,,Material,,,Finish,,,Color,,,Suitable For Use With,,,Additional Information,,,,,,,,,,,,,,,,,,,,,,,,,,,,,,,,,,,,,,,,,,,,,,,,,,,,,,,,,,,,,,,,,,,,,,,,,,,,,,,,,,,,,,,,,,,,,,,,,,,,,,,,,,,,,,,,,,,,,,,,,,,,,,,,,,,,,,,,,,,,,,,,,,,,,,,,,,,,,,,,,,,,,,
,,,,,,,,,,,48-44-2770,48-44-2770 Milw Pole Pruning - Shears Replacement Blade,-- Unbranded --,-- No Unilog Brand --,-- No DIB Brand --,Milwaukee Accessory (4031),Milwaukee Tool,,,48-44-2770,,Test & Measurement>Measuring & Layout Tools>Marking & Layout Tools>Mason's Lines,"Milwaukee Tool, Mason's Line, 48-44-2770",MASON'S LINE,Milwaukee Tool 48-44-2770 Mason's Line,,Mason's Line,,,,,,,,,,,,,,,,,,,,,,,,,,,,Series,,,Diameter,,,Length,,,Breaking Strength,,,Material,,,Color,,,Additional Information,,,,,,,,,,,,,,,,,,,,,,,,,,,,,,,,,,,,,,,,,,,,,,,,,,,,,,,,,,,,,,,,,,,,,,,,,,,,,,,,,,,,,,,,,,,,,,,,,,,,,,,,,,,,,,,,,,,,,,,,,,,,,,,,,,,,,,,,,,,,,,,,,,,,,,,,,,,,,,,,,,,,,,,,,,,,,,,,,,
,,,,,,,,,,,IWHT48441RC,IWHT48441RC Irwin 100ft - Red Chalk & Reel Set,-- Unbranded --,-- No Unilog Brand --,Irwin,Irwin Industrial Tools (5863),,Irwin,,IWHT48441RC,,Test & Measurement>Measuring & Layout Tools>Levels>Rotary & Straight Line Laser Levels,"Rotary & Straight Line Laser Level, IWHT48441RC",ROTARY & STRAIGHT LINE LASER LEVEL 100,IWHT48441RC Rotary & Straight Line Laser Level,,Rotary & Straight Line Laser Level,,,,,,,,,,,,,,,,,,,,,,,,,,,,Model,,,Size,,,Working Range with Detector,100,ft,Working Range without Detector,,,Accuracy,,,Leveling Range,,,Laser Projection,,,Leveling Type,,,Thread Size,,,IP Rating,,,Power Source,,,Number of Lines,,,Number of Beams,,,Material,,,Finish,,,Laser Color,,,Dimensions,,,Temperature Rating,,,Additional Information,,,,,,,,,,,,,,,,,,,,,,,,,,,,,,,,,,,,,,,,,,,,,,,,,,,,,,,,,,,,,,,,,,,,,,,,,,,,,,,,,,,,,,,,,,,,,,,,,,,,,,,,,,,,,,,,,,,,,,,,,,,,,,,,,,,,,,,,,,,,,,
https://makitatools.com/products/details/XRU23SM1,https://makitatools.com/products/details/XRU23SM1,,,,,,,,,,XRU23SM1,"XRU23SM1 Makita 18V 13"" - String Trimmer Kit",-- Unbranded --,-- No Unilog Brand --,-- No DIB Brand --,Makita Usa Inc (5142),Makita,,,XRU23SM1,,Tools & Equipment>Power Tools>Power Fastening Tools>Power Nailers>Cordless Nailers,"Makita, Cordless Nailer, XRU23SM1",CORDLESS NAILER 18,Makita XRU23SM1 Cordless Nailer,,Cordless Nailer,,,,,,,,,,,,,,,,,,,,,,,,,,,,Series,,,Tool/Kit,,,Nail Capacity,,,Nail Length,,,Nail Diameter,,,Nail Gauge,,,Nail Head Style,,,Magazine Style,,,Magazine Angle,,,Magazine Loading Type,,,Firing/Actuation Type,,,Fastening Rate,,,Voltage Rating,18,V,Battery Type,,,Battery Capacity,,,Speed Rating,,,Housing Material,,,Housing Color,,,Switch Type,,,Handle Type,,,Handle Material,,,Handle Color,,,Sound Level,,,Overall Length,,,Overall Width,,,Overall Depth,,,Additional Information,,,,,,,,,,,,,,,,,,,,,,,,,,,,,,,,,,,,,,,,,,,,,,,,,,,,,,,,,,,,,,,,,,,,,,,,,,,,,,,,,,,,,,,,,,,,,,,,,,,,,,,,,,,,,,,,,,,,,,
https://makitatools.com/products/details/XRU15PT1,https://makitatools.com/products/details/XRU15PT1,,,,,,,,,,XRU15PT1,XRU15PT1 Makita String Trimmer,-- Unbranded --,-- No Unilog Brand --,-- No DIB Brand --,Makita Usa Inc (5142),Makita,,,XRU15PT1,,Tools & Equipment>Power Tools>Power Fastening Tools>Power Nailers>Cordless Nailers,"Makita, Cordless Nailer, XRU15PT1",CORDLESS NAILER,Makita XRU15PT1 Cordless Nailer,,Cordless Nailer,,,,,,,,,,,,,,,,,,,,,,,,,,,,Series,,,Tool/Kit,,,Nail Capacity,,,Nail Length,,,Nail Diameter,,,Nail Gauge,,,Nail Head Style,,,Magazine Style,,,Magazine Angle,,,Magazine Loading Type,,,Firing/Actuation Type,,,Fastening Rate,,,Voltage Rating,,,Battery Type,,,Battery Capacity,,,Speed Rating,,,Housing Material,,,Housing Color,,,Switch Type,,,Handle Type,,,Handle Material,,,Handle Color,,,Sound Level,,,Overall Length,,,Overall Width,,,Overall Depth,,,Additional Information,,,,,,,,,,,,,,,,,,,,,,,,,,,,,,,,,,,,,,,,,,,,,,,,,,,,,,,,,,,,,,,,,,,,,,,,,,,,,,,,,,,,,,,,,,,,,,,,,,,,,,,,,,,,,,,,,,,,,,
https://makitatools.com/products/details/XRU23Z,https://makitatools.com/products/details/XRU23Z,,,,,,,,,,XRU23Z,XRU23Z Makita 18V Trimmer Tool - Only,-- Unbranded --,-- No Unilog Brand --,-- No DIB Brand --,Makita Usa Inc (5142),Makita,,,XRU23Z,,Appliances & Consumer Electronics>Kitchen Appliances>Built-In Dishwashers,"Makita, Built-In Dishwasher, XRU23Z",BUILT-IN DISHWASHER 18,Makita XRU23Z Built-In Dishwasher,,Built-In Dishwasher,,,,,,,,,,,,,,,,,,,,,,,,,,,,Series,,,Model,,,Number of Wash Cycles,,,Voltage Rating,18,V,Amperage Rating,,,Mounting Type,,,Plug Type,,,Size,,,Depth With Door Open,,,Minimum Height,,,Maximum Height,,,Sound Level,,,Material,,,Color,,,Additional Information,,,,,,,,,,,,,,,,,,,,,,,,,,,,,,,,,,,,,,,,,,,,,,,,,,,,,,,,,,,,,,,,,,,,,,,,,,,,,,,,,,,,,,,,,,,,,,,,,,,,,,,,,,,,,,,,,,,,,,,,,,,,,,,,,,,,,,,,,,,,,,,,,,,,,,,,,,
,,,,,,,,,,,0887-20,0887-20 Milw M18 Brushless Precision Blower,-- Unbranded --,-- No Unilog Brand --,-- No DIB Brand --,Milwaukee Accessory (4031),Milwaukee Tool,,,0887-20,,Tools & Equipment>Power Tools>Cordless Tools>Cordless Blowers,"Milwaukee Tool, Cordless Blower, 0887-20",CORDLESS BLOWER,Milwaukee Tool 0887-20 Cordless Blower,,Cordless Blower,,,,,,,,,,,,,,,,,,,,,,,,,,,,Series,,,Tool/Kit,,,Air Flow Capacity,,,Run Time,,,Charge Time,,,Voltage Rating,,,Battery Type,,,Battery Capacity,,,Speed Rating,,,Speed Setting,,,Housing Material,,,Housing Color,,,Switch Type,,,Handle Type,,,Handle Material,,,Handle Color,,,Sound Level,,,Overall Length,,,Overall Width,,,Overall Depth,,,Additional Information,,,,,,,,,,,,,,,,,,,,,,,,,,,,,,,,,,,,,,,,,,,,,,,,,,,,,,,,,,,,,,,,,,,,,,,,,,,,,,,,,,,,,,,,,,,,,,,,,,,,,,,,,,,,,,,,,,,,,,,,,,,,,,,,,,,,,,,,
,,,,,,,,,,,DCBL724B,DCBL724B Dewalt 20V Max XR Blower (Bare),-- Unbranded --,-- No Unilog Brand --,-- No DIB Brand --,Black & Decker/dewlt (2585),Stanley Black & Decker,,,DCBL724B,,Tools & Equipment>Power Tools>Power Tool Accessories>Cordless Tool Batteries,"Stanley Black & Decker, Cordless Tool Battery, DCBL724B",CORDLESS TOOL BATTERY 20,Stanley Black & Decker DCBL724B Cordless Tool Battery,,Cordless Tool Battery,,,,,,,,,,,,,,,,,,,,,,,,,,,,Series,,,Battery Series,,,Voltage Rating,20,V,Battery Capacity,,,Battery Chemistry,,,Number of Batteries,,,Overall Length,,,Overall Width,,,Overall Height,,,Suitable For Use With,,,Additional Information,,,,,,,,,,,,,,,,,,,,,,,,,,,,,,,,,,,,,,,,,,,,,,,,,,,,,,,,,,,,,,,,,,,,,,,,,,,,,,,,,,,,,,,,,,,,,,,,,,,,,,,,,,,,,,,,,,,,,,,,,,,,,,,,,,,,,,,,,,,,,,,,,,,,,,,,,,,,,,,,,,,,,,
,,,,,,,,,,,2954-20,2954-20 Milw M18 Bluetooth Jobsite Speaker,-- Unbranded --,-- No Unilog Brand --,-- No DIB Brand --,Milwaukee Accessory (4031),Milwaukee Tool,,,2954-20,,Tools & Equipment>Power Tools>Power Saw Blades>Diamond Saw Blades,"Milwaukee Tool, Diamond Saw Blade, 2954-20",DIAMOND SAW BLADE,Milwaukee Tool 2954-20 Diamond Saw Blade,,Diamond Saw Blade,,,,,,,,,,,,,,,,,,,,,,,,,,,,Series,,,Diameter,,,Thickness,,,Rim Type,,,Cut Type,,,Cut Width,,,Maximum Cutting Depth,,,Arbor Type,,,Arbor Size,,,Grade,,,Maximum Speed Rating,,,Cutting Edge Material,,,Blade Material,,,Color,,,Cut Materials,,,Suitable For Use With,,,Number of Pieces,,,Additional Information,,,,,,,,,,,,,,,,,,,,,,,,,,,,,,,,,,,,,,,,,,,,,,,,,,,,,,,,,,,,,,,,,,,,,,,,,,,,,,,,,,,,,,,,,,,,,,,,,,,,,,,,,,,,,,,,,,,,,,,,,,,,,,,,,,,,,,,,,,,,,,,,,
,,,,,,,,,,,2955-20,2955-20 Milw M12 Bluetooth - Jobsite Speaker w/Packout,-- Unbranded --,-- No Unilog Brand --,-- No DIB Brand --,Milwaukee Accessory (4031),Milwaukee Tool,,,2955-20,,Tools & Equipment>Power Tools>Power Saw Blades>Diamond Saw Blades,"Milwaukee Tool, Diamond Saw Blade, 2955-20",DIAMOND SAW BLADE,Milwaukee Tool 2955-20 Diamond Saw Blade,,Diamond Saw Blade,,,,,,,,,,,,,,,,,,,,,,,,,,,,Series,,,Diameter,,,Thickness,,,Rim Type,,,Cut Type,,,Cut Width,,,Maximum Cutting Depth,,,Arbor Type,,,Arbor Size,,,Grade,,,Maximum Speed Rating,,,Cutting Edge Material,,,Blade Material,,,Color,,,Cut Materials,,,Suitable For Use With,,,Number of Pieces,,,Additional Information,,,,,,,,,,,,,,,,,,,,,,,,,,,,,,,,,,,,,,,,,,,,,,,,,,,,,,,,,,,,,,,,,,,,,,,,,,,,,,,,,,,,,,,,,,,,,,,,,,,,,,,,,,,,,,,,,,,,,,,,,,,,,,,,,,,,,,,,,,,,,,,,,
,,,,,,,,,,,9A-219-180,9A-219-180 Abranet 4x6x6,-- Unbranded --,-- No Unilog Brand --,-- No DIB Brand --,Mirka Abrasives Inc (MIRUS),Mirka Ltd,,,9A-219-180,,Tools & Equipment>Power Tools>Oscillating Tools>Oscillating Tool Sandpaper & Sanding Pads,"Mirka Ltd, Oscillating Tool Sandpaper & Sanding Pad, 9A-219-180",OSCILLATING TOOL SANDPAPER & SANDING PAD,Mirka Ltd 9A-219-180 Oscillating Tool Sandpaper & Sanding Pad,,Oscillating Tool Sandpaper & Sanding Pad,,,,,,,,,,,,,,,,,,,,,,,,,,,,Series,,,Length,,,Width,,,Grit Size,,,Grit Grade,,,Abrasive Material,,,Backing Material,,,Backing Weight,,,Bond Type,,,Cut Materials,,,Color,,,Number of Sheets,,,Additional Information,,,,,,,,,,,,,,,,,,,,,,,,,,,,,,,,,,,,,,,,,,,,,,,,,,,,,,,,,,,,,,,,,,,,,,,,,,,,,,,,,,,,,,,,,,,,,,,,,,,,,,,,,,,,,,,,,,,,,,,,,,,,,,,,,,,,,,,,,,,,,,,,,,,,,,,,,,,,,,,,
,,,,,,,,,,,9A-219-120RP,9A-219-120RP Abranet 4x6x6,-- Unbranded --,-- No Unilog Brand --,-- No DIB Brand --,Mirka Abrasives Inc (MIRUS),Mirka Ltd,,,9A-219-120RP,,Tools & Equipment>Power Tools>Oscillating Tools>Oscillating Tool Sandpaper & Sanding Pads,"Mirka Ltd, Oscillating Tool Sandpaper & Sanding Pad, 9A-219-120RP",OSCILLATING TOOL SANDPAPER & SANDING PAD,Mirka Ltd 9A-219-120RP Oscillating Tool Sandpaper & Sanding Pad,,Oscillating Tool Sandpaper & Sanding Pad,,,,,,,,,,,,,,,,,,,,,,,,,,,,Series,,,Length,,,Width,,,Grit Size,,,Grit Grade,,,Abrasive Material,,,Backing Material,,,Backing Weight,,,Bond Type,,,Cut Materials,,,Color,,,Number of Sheets,,,Additional Information,,,,,,,,,,,,,,,,,,,,,,,,,,,,,,,,,,,,,,,,,,,,,,,,,,,,,,,,,,,,,,,,,,,,,,,,,,,,,,,,,,,,,,,,,,,,,,,,,,,,,,,,,,,,,,,,,,,,,,,,,,,,,,,,,,,,,,,,,,,,,,,,,,,,,,,,,,,,,,,,
,,,,,,,,,,,3033-20,"3033-20 Milw M18 24"" - Hedge Trimmer",-- Unbranded --,-- No Unilog Brand --,Milwaukee,Milwaukee Accessory (4031),Milwaukee Tool,Milwaukee,,3033-20,,Tools & Equipment>Power Tools>Power Saw Blades>Diamond Saw Blades,"Milwaukee Tool, Diamond Saw Blade, 3033-20",DIAMOND SAW BLADE,Milwaukee Tool 3033-20 Diamond Saw Blade,,Diamond Saw Blade,,,,,,,,,,,,,,,,,,,,,,,,,,,,Series,,,Diameter,,,Thickness,,,Rim Type,,,Cut Type,,,Cut Width,,,Maximum Cutting Depth,,,Arbor Type,,,Arbor Size,,,Grade,,,Maximum Speed Rating,,,Cutting Edge Material,,,Blade Material,,,Color,,,Cut Materials,,,Suitable For Use With,,,Number of Pieces,,,Additional Information,,,,,,,,,,,,,,,,,,,,,,,,,,,,,,,,,,,,,,,,,,,,,,,,,,,,,,,,,,,,,,,,,,,,,,,,,,,,,,,,,,,,,,,,,,,,,,,,,,,,,,,,,,,,,,,,,,,,,,,,,,,,,,,,,,,,,,,,,,,,,,,,,
,,,,,,,,,,,3033-21,"3033-21 Milw M18 24"" - Hedge Trimmer Kit",-- Unbranded --,-- No Unilog Brand --,-- No DIB Brand --,Milwaukee Accessory (4031),Milwaukee Tool,,,3033-21,,Tools & Equipment>Power Tools>Power Saw Blades>Diamond Saw Blades,"Milwaukee Tool, Diamond Saw Blade, 3033-21",DIAMOND SAW BLADE,Milwaukee Tool 3033-21 Diamond Saw Blade,,Diamond Saw Blade,,,,,,,,,,,,,,,,,,,,,,,,,,,,Series,,,Diameter,,,Thickness,,,Rim Type,,,Cut Type,,,Cut Width,,,Maximum Cutting Depth,,,Arbor Type,,,Arbor Size,,,Grade,,,Maximum Speed Rating,,,Cutting Edge Material,,,Blade Material,,,Color,,,Cut Materials,,,Suitable For Use With,,,Number of Pieces,,,Additional Information,,,,,,,,,,,,,,,,,,,,,,,,,,,,,,,,,,,,,,,,,,,,,,,,,,,,,,,,,,,,,,,,,,,,,,,,,,,,,,,,,,,,,,,,,,,,,,,,,,,,,,,,,,,,,,,,,,,,,,,,,,,,,,,,,,,,,,,,,,,,,,,,,
,,,,,,,,,,,3034-20,"3034-20 Milw M18 30"" - Hedge Trimmer",-- Unbranded --,-- No Unilog Brand --,Milwaukee,Milwaukee Accessory (4031),Milwaukee Tool,Milwaukee,,3034-20,,Tools & Equipment>Power Tools>Power Saw Blades>Diamond Saw Blades,"Milwaukee Tool, Diamond Saw Blade, 3034-20",DIAMOND SAW BLADE,Milwaukee Tool 3034-20 Diamond Saw Blade,,Diamond Saw Blade,,,,,,,,,,,,,,,,,,,,,,,,,,,,Series,,,Diameter,,,Thickness,,,Rim Type,,,Cut Type,,,Cut Width,,,Maximum Cutting Depth,,,Arbor Type,,,Arbor Size,,,Grade,,,Maximum Speed Rating,,,Cutting Edge Material,,,Blade Material,,,Color,,,Cut Materials,,,Suitable For Use With,,,Number of Pieces,,,Additional Information,,,,,,,,,,,,,,,,,,,,,,,,,,,,,,,,,,,,,,,,,,,,,,,,,,,,,,,,,,,,,,,,,,,,,,,,,,,,,,,,,,,,,,,,,,,,,,,,,,,,,,,,,,,,,,,,,,,,,,,,,,,,,,,,,,,,,,,,,,,,,,,,,
,,,,,,,,,,,D25333K,D25333K Dewalt Hammer Drill,-- Unbranded --,-- No Unilog Brand --,-- No DIB Brand --,Black & Decker/dewlt (2585),Stanley Black & Decker,,,D25333K,,Tools & Equipment>Power Tools>Power Drills>Cordless Hammer Drills,"Stanley Black & Decker, Cordless Hammer Drill, D25333K",CORDLESS HAMMER DRILL,Stanley Black & Decker D25333K Cordless Hammer Drill,,Cordless Hammer Drill,,,,,,,,,,,,,,,,,,,,,,,,,,,,Series,,,Tool/Kit,,,Torque Rating,,,Chuck Size,,,Chuck Type,,,Chuck Material,,,Blows per Minute,,,No Load Speed,,,Voltage Rating,,,Battery Type,,,Battery Capacity,,,Speed Setting,,,Housing Material,,,Housing Color,,,Switch Type,,,Handle Type,,,Handle Material,,,Handle Color,,,Sound Level,,,Overall Length,,,Overall Width,,,Overall Depth,,,Additional Information,,,,,,,,,,,,,,,,,,,,,,,,,,,,,,,,,,,,,,,,,,,,,,,,,,,,,,,,,,,,,,,,,,,,,,,,,,,,,,,,,,,,,,,,,,,,,,,,,,,,,,,,,,,,,,,,,,,,,,,,,,,,,,,,,,
,,,,,,,,,,,DCD803B,DCD803B Dewalt Multi-Head Drill Driver,-- Unbranded --,-- No Unilog Brand --,-- No DIB Brand --,Black & Decker/dewlt (2585),Stanley Black & Decker,,,DCD803B,,Tools & Equipment>Power Tools>Power Drills>Cordless Drills,"Stanley Black & Decker, Cordless Drill, DCD803B",CORDLESS DRILL,Stanley Black & Decker DCD803B Cordless Drill,,Cordless Drill,,,,,,,,,,,,,,,,,,,,,,,,,,,,Series,,,Tool/Kit,,,Torque Rating,,,Chuck Size,,,Chuck Type,,,Chuck Material,,,Voltage Rating,,,Battery Type,,,Battery Capacity,,,Speed Rating,,,Speed Setting,,,Housing Material,,,Housing Color,,,Switch Type,,,Handle Type,,,Handle Material,,,Handle Color,,,Sound Level,,,Overall Length,,,Overall Width,,,Overall Depth,,,Additional Information,,,,,,,,,,,,,,,,,,,,,,,,,,,,,,,,,,,,,,,,,,,,,,,,,,,,,,,,,,,,,,,,,,,,,,,,,,,,,,,,,,,,,,,,,,,,,,,,,,,,,,,,,,,,,,,,,,,,,,,,,,,,,,,,,,,,,
,,,,,,,,,,,DCF860B,DCF860B Dewalt 20V Impact - Driver Drill,-- Unbranded --,-- No Unilog Brand --,-- No DIB Brand --,Black & Decker/dewlt (2585),Stanley Black & Decker,,,DCF860B,,Tools & Equipment>Power Tools>Power Drills>Cordless Drills,"Stanley Black & Decker, Cordless Drill, DCF860B",CORDLESS DRILL 20,Stanley Black & Decker DCF860B Cordless Drill,,Cordless Drill,,,,,,,,,,,,,,,,,,,,,,,,,,,,Series,,,Tool/Kit,,,Torque Rating,,,Chuck Size,,,Chuck Type,,,Chuck Material,,,Voltage Rating,20,V,Battery Type,,,Battery Capacity,,,Speed Rating,,,Speed Setting,,,Housing Material,,,Housing Color,,,Switch Type,,,Handle Type,,,Handle Material,,,Handle Color,,,Sound Level,,,Overall Length,,,Overall Width,,,Overall Depth,,,Additional Information,,,,,,,,,,,,,,,,,,,,,,,,,,,,,,,,,,,,,,,,,,,,,,,,,,,,,,,,,,,,,,,,,,,,,,,,,,,,,,,,,,,,,,,,,,,,,,,,,,,,,,,,,,,,,,,,,,,,,,,,,,,,,,,,,,,,,
,,,,,,,,,,,3401-20,3401-20 Milw M12 Drill Driver - Brushless Compact (Bare),-- Unbranded --,-- No Unilog Brand --,-- No DIB Brand --,Milwaukee Accessory (4031),Milwaukee Tool,,,3401-20,,Tools & Equipment>Power Tools>Power Drills>Cordless Drills,"Milwaukee Tool, Cordless Drill, 3401-20",CORDLESS DRILL,Milwaukee Tool 3401-20 Cordless Drill,,Cordless Drill,,,,,,,,,,,,,,,,,,,,,,,,,,,,Series,,,Tool/Kit,,,Torque Rating,,,Chuck Size,,,Chuck Type,,,Chuck Material,,,Voltage Rating,,,Battery Type,,,Battery Capacity,,,Speed Rating,,,Speed Setting,,,Housing Material,,,Housing Color,,,Switch Type,,,Handle Type,,,Handle Material,,,Handle Color,,,Sound Level,,,Overall Length,,,Overall Width,,,Overall Depth,,,Additional Information,,,,,,,,,,,,,,,,,,,,,,,,,,,,,,,,,,,,,,,,,,,,,,,,,,,,,,,,,,,,,,,,,,,,,,,,,,,,,,,,,,,,,,,,,,,,,,,,,,,,,,,,,,,,,,,,,,,,,,,,,,,,,,,,,,,,,
,,,,,,,,,,,KPTDR050A,KPTDR050A Kreg 20V Ionic Compact Drill,-- Unbranded --,-- No Unilog Brand --,-- No DIB Brand --,Kreg Tool Company (KRETO),,,,KPTDR050A,,Tools & Equipment>Power Tools>Power Drills>Cordless Drills,"Cordless Drill, KPTDR050A",CORDLESS DRILL 20,KPTDR050A Cordless Drill,,Cordless Drill,,,,,,,,,,,,,,,,,,,,,,,,,,,,Series,,,Tool/Kit,,,Torque Rating,,,Chuck Size,,,Chuck Type,,,Chuck Material,,,Voltage Rating,20,V,Battery Type,,,Battery Capacity,,,Speed Rating,,,Speed Setting,,,Housing Material,,,Housing Color,,,Switch Type,,,Handle Type,,,Handle Material,,,Handle Color,,,Sound Level,,,Overall Length,,,Overall Width,,,Overall Depth,,,Additional Information,,,,,,,,,,,,,,,,,,,,,,,,,,,,,,,,,,,,,,,,,,,,,,,,,,,,,,,,,,,,,,,,,,,,,,,,,,,,,,,,,,,,,,,,,,,,,,,,,,,,,,,,,,,,,,,,,,,,,,,,,,,,,,,,,,,,,
,,,,,,,,,,,DCD1007B,"DCD1007B Dewalt 20V Cordless - 1/2"" Hammer Drill (Bare)",-- Unbranded --,-- No Unilog Brand --,DEWALT,Black & Decker/dewlt (2585),Stanley Black & Decker,DEWALT,,DCD1007B,,Tools & Equipment>Power Tools>Power Drills>Cordless Hammer Drills,"Stanley Black & Decker, Cordless Hammer Drill, DCD1007B",CORDLESS HAMMER DRILL 20,Stanley Black & Decker DCD1007B Cordless Hammer Drill,,Cordless Hammer Drill,,,,,,,,,,,,,,,,,,,,,,,,,,,,Series,,,Tool/Kit,,,Torque Rating,,,Chuck Size,,,Chuck Type,,,Chuck Material,,,Blows per Minute,,,No Load Speed,,,Voltage Rating,20,V,Battery Type,,,Battery Capacity,,,Speed Setting,,,Housing Material,,,Housing Color,,,Switch Type,,,Handle Type,,,Handle Material,,,Handle Color,,,Sound Level,,,Overall Length,,,Overall Width,,,Overall Depth,,,Additional Information,,,,,,,,,,,,,,,,,,,,,,,,,,,,,,,,,,,,,,,,,,,,,,,,,,,,,,,,,,,,,,,,,,,,,,,,,,,,,,,,,,,,,,,,,,,,,,,,,,,,,,,,,,,,,,,,,,,,,,,,,,,,,,,,,,
,,,,,,,,,,,DCD799B,DCD799B Dewalt Drill,-- Unbranded --,-- No Unilog Brand --,-- No DIB Brand --,Black & Decker/dewlt (2585),Stanley Black & Decker,,,DCD799B,,Tools & Equipment>Power Tools>Power Drills>Cordless Hammer Drills,"Stanley Black & Decker, Cordless Hammer Drill, DCD799B",CORDLESS HAMMER DRILL,Stanley Black & Decker DCD799B Cordless Hammer Drill,,Cordless Hammer Drill,,,,,,,,,,,,,,,,,,,,,,,,,,,,Series,,,Tool/Kit,,,Torque Rating,,,Chuck Size,,,Chuck Type,,,Chuck Material,,,Blows per Minute,,,No Load Speed,,,Voltage Rating,,,Battery Type,,,Battery Capacity,,,Speed Setting,,,Housing Material,,,Housing Color,,,Switch Type,,,Handle Type,,,Handle Material,,,Handle Color,,,Sound Level,,,Overall Length,,,Overall Width,,,Overall Depth,,,Additional Information,,,,,,,,,,,,,,,,,,,,,,,,,,,,,,,,,,,,,,,,,,,,,,,,,,,,,,,,,,,,,,,,,,,,,,,,,,,,,,,,,,,,,,,,,,,,,,,,,,,,,,,,,,,,,,,,,,,,,,,,,,,,,,,,,,
,,,,,,,,,,,58006,58006 Voyager Drill Press,-- Unbranded --,-- No Unilog Brand --,-- No DIB Brand --,King Canada Inc (KINCA),,,,58006,,Tools & Equipment>Power Tools>Power Drills>Cordless Drills,"Cordless Drill, 58006",CORDLESS DRILL,58006 Cordless Drill,,Cordless Drill,,,,,,,,,,,,,,,,,,,,,,,,,,,,Series,,,Tool/Kit,,,Torque Rating,,,Chuck Size,,,Chuck Type,,,Chuck Material,,,Voltage Rating,,,Battery Type,,,Battery Capacity,,,Speed Rating,,,Speed Setting,,,Housing Material,,,Housing Color,,,Switch Type,,,Handle Type,,,Handle Material,,,Handle Color,,,Sound Level,,,Overall Length,,,Overall Width,,,Overall Depth,,,Additional Information,,,,,,,,,,,,,,,,,,,,,,,,,,,,,,,,,,,,,,,,,,,,,,,,,,,,,,,,,,,,,,,,,,,,,,,,,,,,,,,,,,,,,,,,,,,,,,,,,,,,,,,,,,,,,,,,,,,,,,,,,,,,,,,,,,,,,
,,,,,,,,,,,2909-20,2909-20 Milw Roofing Nailer - M18,-- Unbranded --,-- No Unilog Brand --,Milwaukee,Milwaukee Accessory (4031),Milwaukee Tool,Milwaukee,,2909-20,,Tools & Equipment>Power Tools>Power Fastening Tools>Power Nailers>Cordless Nailers,"Milwaukee Tool, Cordless Nailer, 2909-20",CORDLESS NAILER,Milwaukee Tool 2909-20 Cordless Nailer,,Cordless Nailer,,,,,,,,,,,,,,,,,,,,,,,,,,,,Series,,,Tool/Kit,,,Nail Capacity,,,Nail Length,,,Nail Diameter,,,Nail Gauge,,,Nail Head Style,,,Magazine Style,,,Magazine Angle,,,Magazine Loading Type,,,Firing/Actuation Type,,,Fastening Rate,,,Voltage Rating,,,Battery Type,,,Battery Capacity,,,Speed Rating,,,Housing Material,,,Housing Color,,,Switch Type,,,Handle Type,,,Handle Material,,,Handle Color,,,Sound Level,,,Overall Length,,,Overall Width,,,Overall Depth,,,Additional Information,,,,,,,,,,,,,,,,,,,,,,,,,,,,,,,,,,,,,,,,,,,,,,,,,,,,,,,,,,,,,,,,,,,,,,,,,,,,,,,,,,,,,,,,,,,,,,,,,,,,,,,,,,,,,,,,,,,,,,
,,,,,,,,,,,2909-21,2909-21 Milw M18 Coil Roofing - Nailer Kit,-- Unbranded --,-- No Unilog Brand --,Milwaukee,Milwaukee Accessory (4031),Milwaukee Tool,Milwaukee,,2909-21,,Tools & Equipment>Power Tools>Power Fastening Tools>Power Nailers>Cordless Nailers,"Milwaukee Tool, Cordless Nailer, 2909-21",CORDLESS NAILER,Milwaukee Tool 2909-21 Cordless Nailer,,Cordless Nailer,,,,,,,,,,,,,,,,,,,,,,,,,,,,Series,,,Tool/Kit,,,Nail Capacity,,,Nail Length,,,Nail Diameter,,,Nail Gauge,,,Nail Head Style,,,Magazine Style,,,Magazine Angle,,,Magazine Loading Type,,,Firing/Actuation Type,,,Fastening Rate,,,Voltage Rating,,,Battery Type,,,Battery Capacity,,,Speed Rating,,,Housing Material,,,Housing Color,,,Switch Type,,,Handle Type,,,Handle Material,,,Handle Color,,,Sound Level,,,Overall Length,,,Overall Width,,,Overall Depth,,,Additional Information,,,,,,,,,,,,,,,,,,,,,,,,,,,,,,,,,,,,,,,,,,,,,,,,,,,,,,,,,,,,,,,,,,,,,,,,,,,,,,,,,,,,,,,,,,,,,,,,,,,,,,,,,,,,,,,,,,,,,,
,,,,,,,,,,,918200,918200 Paslode CT200S24 18Ga ST Brad Nailer,-- Unbranded --,-- No Unilog Brand --,-- No DIB Brand --,National Nail Corp (7439),,,,918200,,Tools & Equipment>Power Tools>Power Fastening Tools>Power Nailers>Cordless Nailers,"Cordless Nailer, 918200",CORDLESS NAILER,918200 Cordless Nailer,,Cordless Nailer,,,,,,,,,,,,,,,,,,,,,,,,,,,,Series,,,Tool/Kit,,,Nail Capacity,,,Nail Length,,,Nail Diameter,,,Nail Gauge,,,Nail Head Style,,,Magazine Style,,,Magazine Angle,,,Magazine Loading Type,,,Firing/Actuation Type,,,Fastening Rate,,,Voltage Rating,,,Battery Type,,,Battery Capacity,,,Speed Rating,,,Housing Material,,,Housing Color,,,Switch Type,,,Handle Type,,,Handle Material,,,Handle Color,,,Sound Level,,,Overall Length,,,Overall Width,,,Overall Depth,,,Additional Information,,,,,,,,,,,,,,,,,,,,,,,,,,,,,,,,,,,,,,,,,,,,,,,,,,,,,,,,,,,,,,,,,,,,,,,,,,,,,,,,,,,,,,,,,,,,,,,,,,,,,,,,,,,,,,,,,,,,,,
,,,,,,,,,,,2541-20,2541-20 Milw M12 - Compact Brad Nailer (Bare),-- Unbranded --,-- No Unilog Brand --,-- No DIB Brand --,Milwaukee Accessory (4031),Milwaukee Tool,,,2541-20,,Tools & Equipment>Power Tools>Power Fastening Tools>Power Nailers>Cordless Nailers,"Milwaukee Tool, Cordless Nailer, 2541-20",CORDLESS NAILER,Milwaukee Tool 2541-20 Cordless Nailer,,Cordless Nailer,,,,,,,,,,,,,,,,,,,,,,,,,,,,Series,,,Tool/Kit,,,Nail Capacity,,,Nail Length,,,Nail Diameter,,,Nail Gauge,,,Nail Head Style,,,Magazine Style,,,Magazine Angle,,,Magazine Loading Type,,,Firing/Actuation Type,,,Fastening Rate,,,Voltage Rating,,,Battery Type,,,Battery Capacity,,,Speed Rating,,,Housing Material,,,Housing Color,,,Switch Type,,,Handle Type,,,Handle Material,,,Handle Color,,,Sound Level,,,Overall Length,,,Overall Width,,,Overall Depth,,,Additional Information,,,,,,,,,,,,,,,,,,,,,,,,,,,,,,,,,,,,,,,,,,,,,,,,,,,,,,,,,,,,,,,,,,,,,,,,,,,,,,,,,,,,,,,,,,,,,,,,,,,,,,,,,,,,,,,,,,,,,,
,,,,,,,,,,,DCN930B,DCN930B Dewalt 20V 30 Degree - Framing Nailer,-- Unbranded --,-- No Unilog Brand --,DEWALT,Black & Decker/dewlt (2585),Stanley Black & Decker,DEWALT,,DCN930B,,Tools & Equipment>Power Tools>Power Fastening Tools>Power Nailers>Cordless Nailers,"Stanley Black & Decker, Cordless Nailer, DCN930B",CORDLESS NAILER 20,Stanley Black & Decker DCN930B Cordless Nailer,,Cordless Nailer,,,,,,,,,,,,,,,,,,,,,,,,,,,,Series,,,Tool/Kit,,,Nail Capacity,,,Nail Length,,,Nail Diameter,,,Nail Gauge,,,Nail Head Style,,,Magazine Style,,,Magazine Angle,,,Magazine Loading Type,,,Firing/Actuation Type,,,Fastening Rate,,,Voltage Rating,20,V,Battery Type,,,Battery Capacity,,,Speed Rating,,,Housing Material,,,Housing Color,,,Switch Type,,,Handle Type,,,Handle Material,,,Handle Color,,,Sound Level,,,Overall Length,,,Overall Width,,,Overall Depth,,,Additional Information,,,,,,,,,,,,,,,,,,,,,,,,,,,,,,,,,,,,,,,,,,,,,,,,,,,,,,,,,,,,,,,,,,,,,,,,,,,,,,,,,,,,,,,,,,,,,,,,,,,,,,,,,,,,,,,,,,,,,,
,,,,,,,,,,,DCN930P1,DCN930P1 Dewalt 20V 30 Degree - Framing Nailer Kit,-- Unbranded --,-- No Unilog Brand --,DEWALT,Black & Decker/dewlt (2585),Stanley Black & Decker,DEWALT,,DCN930P1,,Tools & Equipment>Power Tools>Power Fastening Tools>Power Nailers>Cordless Nailers,"Stanley Black & Decker, Cordless Nailer, DCN930P1",CORDLESS NAILER 20,Stanley Black & Decker DCN930P1 Cordless Nailer,,Cordless Nailer,,,,,,,,,,,,,,,,,,,,,,,,,,,,Series,,,Tool/Kit,,,Nail Capacity,,,Nail Length,,,Nail Diameter,,,Nail Gauge,,,Nail Head Style,,,Magazine Style,,,Magazine Angle,,,Magazine Loading Type,,,Firing/Actuation Type,,,Fastening Rate,,,Voltage Rating,20,V,Battery Type,,,Battery Capacity,,,Speed Rating,,,Housing Material,,,Housing Color,,,Switch Type,,,Handle Type,,,Handle Material,,,Handle Color,,,Sound Level,,,Overall Length,,,Overall Width,,,Overall Depth,,,Additional Information,,,,,,,,,,,,,,,,,,,,,,,,,,,,,,,,,,,,,,,,,,,,,,,,,,,,,,,,,,,,,,,,,,,,,,,,,,,,,,,,,,,,,,,,,,,,,,,,,,,,,,,,,,,,,,,,,,,,,,
https://makitatools.com/products/details/XNB04Z,https://makitatools.com/products/details/XNB04Z,,,,,,,,,,XNB04Z,"XNB04Z Makita 18V 2"" Brad Nailer 18GA (Bare)",-- Unbranded --,-- No Unilog Brand --,-- No DIB Brand --,Makita Usa Inc (5142),Makita,,,XNB04Z,,Tools & Equipment>Power Tools>Power Fastening Tools>Power Nailers>Cordless Nailers,"Makita, Cordless Nailer, XNB04Z",CORDLESS NAILER 18,Makita XNB04Z Cordless Nailer,,Cordless Nailer,,,,,,,,,,,,,,,,,,,,,,,,,,,,Series,,,Tool/Kit,,,Nail Capacity,,,Nail Length,,,Nail Diameter,,,Nail Gauge,,,Nail Head Style,,,Magazine Style,,,Magazine Angle,,,Magazine Loading Type,,,Firing/Actuation Type,,,Fastening Rate,,,Voltage Rating,18,V,Battery Type,,,Battery Capacity,,,Speed Rating,,,Housing Material,,,Housing Color,,,Switch Type,,,Handle Type,,,Handle Material,,,Handle Color,,,Sound Level,,,Overall Length,,,Overall Width,,,Overall Depth,,,Additional Information,,,,,,,,,,,,,,,,,,,,,,,,,,,,,,,,,,,,,,,,,,,,,,,,,,,,,,,,,,,,,,,,,,,,,,,,,,,,,,,,,,,,,,,,,,,,,,,,,,,,,,,,,,,,,,,,,,,,,,
https://makitatools.com/products/details/XNB05Z,https://makitatools.com/products/details/XNB05Z,,,,,,,,,,XNB05Z,"XNB05Z Makita 18V 2-1/2"" Straight Finish Nailer 16GA",-- Unbranded --,-- No Unilog Brand --,-- No DIB Brand --,Makita Usa Inc (5142),Makita,,,XNB05Z,,Tools & Equipment>Power Tools>Power Fastening Tools>Power Nailers>Cordless Nailers,"Makita, Cordless Nailer, XNB05Z",CORDLESS NAILER 18,Makita XNB05Z Cordless Nailer,,Cordless Nailer,,,,,,,,,,,,,,,,,,,,,,,,,,,,Series,,,Tool/Kit,,,Nail Capacity,,,Nail Length,,,Nail Diameter,,,Nail Gauge,,,Nail Head Style,,,Magazine Style,,,Magazine Angle,,,Magazine Loading Type,,,Firing/Actuation Type,,,Fastening Rate,,,Voltage Rating,18,V,Battery Type,,,Battery Capacity,,,Speed Rating,,,Housing Material,,,Housing Color,,,Switch Type,,,Handle Type,,,Handle Material,,,Handle Color,,,Sound Level,,,Overall Length,,,Overall Width,,,Overall Depth,,,Additional Information,,,,,,,,,,,,,,,,,,,,,,,,,,,,,,,,,,,,,,,,,,,,,,,,,,,,,,,,,,,,,,,,,,,,,,,,,,,,,,,,,,,,,,,,,,,,,,,,,,,,,,,,,,,,,,,,,,,,,,
https://makitatools.com/products/details/XNB06Z,https://makitatools.com/products/details/XNB06Z,,,,,,,,,,XNB06Z,"XNB06Z Makita 18V 2-1/2"" Angled Finish Nailer 16GA",-- Unbranded --,-- No Unilog Brand --,-- No DIB Brand --,Makita Usa Inc (5142),Makita,,,XNB06Z,,Tools & Equipment>Power Tools>Power Fastening Tools>Power Nailers>Cordless Nailers,"Makita, Cordless Nailer, XNB06Z",CORDLESS NAILER 18,Makita XNB06Z Cordless Nailer,,Cordless Nailer,,,,,,,,,,,,,,,,,,,,,,,,,,,,Series,,,Tool/Kit,,,Nail Capacity,,,Nail Length,,,Nail Diameter,,,Nail Gauge,,,Nail Head Style,,,Magazine Style,,,Magazine Angle,,,Magazine Loading Type,,,Firing/Actuation Type,,,Fastening Rate,,,Voltage Rating,18,V,Battery Type,,,Battery Capacity,,,Speed Rating,,,Housing Material,,,Housing Color,,,Switch Type,,,Handle Type,,,Handle Material,,,Handle Color,,,Sound Level,,,Overall Length,,,Overall Width,,,Overall Depth,,,Additional Information,,,,,,,,,,,,,,,,,,,,,,,,,,,,,,,,,,,,,,,,,,,,,,,,,,,,,,,,,,,,,,,,,,,,,,,,,,,,,,,,,,,,,,,,,,,,,,,,,,,,,,,,,,,,,,,,,,,,,,
https://makitatools.com/products/details/XNB07Z,https://makitatools.com/products/details/XNB07Z,,,,,,,,,,XNB07Z,XNB07Z Makita 18V LXT BL 30 Nailer (Bare),-- Unbranded --,-- No Unilog Brand --,-- No DIB Brand --,Makita Usa Inc (5142),Makita,,,XNB07Z,,Tools & Equipment>Power Tools>Power Fastening Tools>Power Nailers>Cordless Nailers,"Makita, Cordless Nailer, XNB07Z",CORDLESS NAILER 18,Makita XNB07Z Cordless Nailer,,Cordless Nailer,,,,,,,,,,,,,,,,,,,,,,,,,,,,Series,,,Tool/Kit,,,Nail Capacity,,,Nail Length,,,Nail Diameter,,,Nail Gauge,,,Nail Head Style,,,Magazine Style,,,Magazine Angle,,,Magazine Loading Type,,,Firing/Actuation Type,,,Fastening Rate,,,Voltage Rating,18,V,Battery Type,,,Battery Capacity,,,Speed Rating,,,Housing Material,,,Housing Color,,,Switch Type,,,Handle Type,,,Handle Material,,,Handle Color,,,Sound Level,,,Overall Length,,,Overall Width,,,Overall Depth,,,Additional Information,,,,,,,,,,,,,,,,,,,,,,,,,,,,,,,,,,,,,,,,,,,,,,,,,,,,,,,,,,,,,,,,,,,,,,,,,,,,,,,,,,,,,,,,,,,,,,,,,,,,,,,,,,,,,,,,,,,,,,
,,,,,,,,,,,DZN930,DZN930 Dewalt 30 Degree - Framing Magazine,-- Unbranded --,-- No Unilog Brand --,-- No DIB Brand --,Black & Decker/dewlt (2585),Stanley Black & Decker,,,DZN930,,Tools & Equipment>Power Tools>Power Fastening Tools>Power Nailers>Cordless Nailers,"Stanley Black & Decker, Cordless Nailer, DZN930",CORDLESS NAILER,Stanley Black & Decker DZN930 Cordless Nailer,,Cordless Nailer,,,,,,,,,,,,,,,,,,,,,,,,,,,,Series,,,Tool/Kit,,,Nail Capacity,,,Nail Length,,,Nail Diameter,,,Nail Gauge,,,Nail Head Style,,,Magazine Style,,,Magazine Angle,,,Magazine Loading Type,,,Firing/Actuation Type,,,Fastening Rate,,,Voltage Rating,,,Battery Type,,,Battery Capacity,,,Speed Rating,,,Housing Material,,,Housing Color,,,Switch Type,,,Handle Type,,,Handle Material,,,Handle Color,,,Sound Level,,,Overall Length,,,Overall Width,,,Overall Depth,,,Additional Information,,,,,,,,,,,,,,,,,,,,,,,,,,,,,,,,,,,,,,,,,,,,,,,,,,,,,,,,,,,,,,,,,,,,,,,,,,,,,,,,,,,,,,,,,,,,,,,,,,,,,,,,,,,,,,,,,,,,,,
,,,,,,,,,,,220USB25U,220USB25U Vessel Screwdriver w/25pc Bit Set,-- Unbranded --,-- No Unilog Brand --,-- No DIB Brand --,Vessel Tools USA Inc (VESTO),,,,220USB25U,,Tools & Equipment>Power Tools>Power Fastening Tools>Power Screwdrivers>Power Nut Setters & Bit Holders,"Power Nut Setters & Bit Holder, 220USB25U",POWER NUT SETTERS & BIT HOLDER,220USB25U Power Nut Setters & Bit Holder,,Power Nut Setters & Bit Holder,,,,,,,,,,,,,,,,,,,,,,,,,,,,Series,,,Drive Size,,,Drive Type,,,Shank Size,,,Shank Type,,,Overall Length,,,Material,,,Finish,,,Color,,,Suitable For Use With,,,Additional Information,,,,,,,,,,,,,,,,,,,,,,,,,,,,,,,,,,,,,,,,,,,,,,,,,,,,,,,,,,,,,,,,,,,,,,,,,,,,,,,,,,,,,,,,,,,,,,,,,,,,,,,,,,,,,,,,,,,,,,,,,,,,,,,,,,,,,,,,,,,,,,,,,,,,,,,,,,,,,,,,,,,,,,
https://makitatools.com/products/details/XRF03Z,https://makitatools.com/products/details/XRF03Z,,,,,,,,,,XRF03Z,XRF03Z Makita 18V Screwdriver - Autofeed,-- Unbranded --,-- No Unilog Brand --,-- No DIB Brand --,Makita Usa Inc (5142),Makita,,,XRF03Z,,Tools & Equipment>Power Tools>Power Fastening Tools>Power Nailers>Cordless Nailers,"Makita, Cordless Nailer, XRF03Z",CORDLESS NAILER 18,Makita XRF03Z Cordless Nailer,,Cordless Nailer,,,,,,,,,,,,,,,,,,,,,,,,,,,,Series,,,Tool/Kit,,,Nail Capacity,,,Nail Length,,,Nail Diameter,,,Nail Gauge,,,Nail Head Style,,,Magazine Style,,,Magazine Angle,,,Magazine Loading Type,,,Firing/Actuation Type,,,Fastening Rate,,,Voltage Rating,18,V,Battery Type,,,Battery Capacity,,,Speed Rating,,,Housing Material,,,Housing Color,,,Switch Type,,,Handle Type,,,Handle Material,,,Handle Color,,,Sound Level,,,Overall Length,,,Overall Width,,,Overall Depth,,,Additional Information,,,,,,,,,,,,,,,,,,,,,,,,,,,,,,,,,,,,,,,,,,,,,,,,,,,,,,,,,,,,,,,,,,,,,,,,,,,,,,,,,,,,,,,,,,,,,,,,,,,,,,,,,,,,,,,,,,,,,,
,,,,,,,,,,,220USBP5U,220USBP5U Vessel Screwdriver Plus w/5pc Bit Set,-- Unbranded --,-- No Unilog Brand --,-- No DIB Brand --,Vessel Tools USA Inc (VESTO),,,,220USBP5U,,Tools & Equipment>Power Tools>Power Fastening Tools>Power Screwdrivers>Power Nut Setters & Bit Holders,"Power Nut Setters & Bit Holder, 220USBP5U",POWER NUT SETTERS & BIT HOLDER,220USBP5U Power Nut Setters & Bit Holder,,Power Nut Setters & Bit Holder,,,,,,,,,,,,,,,,,,,,,,,,,,,,Series,,,Drive Size,,,Drive Type,,,Shank Size,,,Shank Type,,,Overall Length,,,Material,,,Finish,,,Color,,,Suitable For Use With,,,Additional Information,,,,,,,,,,,,,,,,,,,,,,,,,,,,,,,,,,,,,,,,,,,,,,,,,,,,,,,,,,,,,,,,,,,,,,,,,,,,,,,,,,,,,,,,,,,,,,,,,,,,,,,,,,,,,,,,,,,,,,,,,,,,,,,,,,,,,,,,,,,,,,,,,,,,,,,,,,,,,,,,,,,,,,
,,,,,,,,,,,49-66-4567,"49-66-4567 Milw 6"" Magnetic - Impact Driver Set 6pc",-- Unbranded --,-- No Unilog Brand --,-- No DIB Brand --,Milwaukee Accessory (4031),Milwaukee Tool,,,49-66-4567,,Tools & Equipment>Power Tools>Power Fastening Tools>Power Screwdrivers>Power Nut Setters & Bit Holders,"Milwaukee Tool, Power Nut Setters & Bit Holder, 49-66-4567",POWER NUT SETTERS & BIT HOLDER,Milwaukee Tool 49-66-4567 Power Nut Setters & Bit Holder,,Power Nut Setters & Bit Holder,,,,,,,,,,,,,,,,,,,,,,,,,,,,Series,,,Drive Size,,,Drive Type,,,Shank Size,,,Shank Type,,,Overall Length,,,Material,,,Finish,,,Color,,,Suitable For Use With,,,Additional Information,,,,,,,,,,,,,,,,,,,,,,,,,,,,,,,,,,,,,,,,,,,,,,,,,,,,,,,,,,,,,,,,,,,,,,,,,,,,,,,,,,,,,,,,,,,,,,,,,,,,,,,,,,,,,,,,,,,,,,,,,,,,,,,,,,,,,,,,,,,,,,,,,,,,,,,,,,,,,,,,,,,,,,
,,,,,,,,,,,IBMG90K003,"IBMG90K003 Vessel Impact Ball Torsion Bit Assort 5pc 3.5""",-- Unbranded --,-- No Unilog Brand --,-- No DIB Brand --,Vessel Tools USA Inc (VESTO),,,,IBMG90K003,,Tools & Equipment>Power Tools>Power Saw Blades>Planer Blades,"Planer Blade, IBMG90K003",PLANER BLADE,IBMG90K003 Planer Blade,,Planer Blade,,,,,,,,,,,,,,,,,,,,,,,,,,,,Series,,,Length,,,Width,,,Thickness,,,Cut Style,,,Material,,,Cut Materials,,,Suitable For Use With,,,Number of Pieces,,,Additional Information,,,,,,,,,,,,,,,,,,,,,,,,,,,,,,,,,,,,,,,,,,,,,,,,,,,,,,,,,,,,,,,,,,,,,,,,,,,,,,,,,,,,,,,,,,,,,,,,,,,,,,,,,,,,,,,,,,,,,,,,,,,,,,,,,,,,,,,,,,,,,,,,,,,,,,,,,,,,,,,,,,,,,,,,,
,,,,,,,,,,,IBPH250P15T,"IBPH250P15T Vessel Torsion Bit 2"" 15pc",-- Unbranded --,-- No Unilog Brand --,-- No DIB Brand --,Vessel Tools USA Inc (VESTO),,,,IBPH250P15T,,Tools & Equipment>Power Tools>Power Saw Blades>Planer Blades,"Planer Blade, IBPH250P15T",PLANER BLADE,IBPH250P15T Planer Blade,,Planer Blade,,,,,,,,,,,,,,,,,,,,,,,,,,,,Series,,,Length,,,Width,,,Thickness,,,Cut Style,,,Material,,,Cut Materials,,,Suitable For Use With,,,Number of Pieces,,,Additional Information,,,,,,,,,,,,,,,,,,,,,,,,,,,,,,,,,,,,,,,,,,,,,,,,,,,,,,,,,,,,,,,,,,,,,,,,,,,,,,,,,,,,,,,,,,,,,,,,,,,,,,,,,,,,,,,,,,,,,,,,,,,,,,,,,,,,,,,,,,,,,,,,,,,,,,,,,,,,,,,,,,,,,,,,,
,,,,,,,,,,,DPH12B,"DPH12B 2"" #1 Phillips Drive - Bit",-- Unbranded --,-- No Unilog Brand --,Diablo,Freud Inc (2435),"Freud America, Inc",Diablo,,DPH12B,,Tools & Equipment>Power Tools>Power Saw Blades>Circular Saw Blades,"Freud America, Inc, Circular Saw Blade, DPH12B",CIRCULAR SAW BLADE,"Freud America, Inc DPH12B Circular Saw Blade",,Circular Saw Blade,,,,,,,,,,,,,,,,,,,,,,,,,,,,Series,,,Diameter,,,Cutting Edge Material,,,Blade Material,,,Blade Thickness,,,Teeth Type,,,Number of Teeth,,,Teeth per Inch,,,Arbor Type,,,Arbor Size,,,Cut Type,,,Cut Width,,,Maximum Cutting Depth,,,Kerf,,,Grade,,,Hook Angle,,,Maximum Speed Rating,,,Finish,,,Color,,,Cut Materials,,,Suitable For Use With,,,Number of Pieces,,,Additional Information,,,,,,,,,,,,,,,,,,,,,,,,,,,,,,,,,,,,,,,,,,,,,,,,,,,,,,,,,,,,,,,,,,,,,,,,,,,,,,,,,,,,,,,,,,,,,,,,,,,,,,,,,,,,,,,,,,,,,,,,,,,,,,,,,,
,,,,,,,,,,,DPH135B,"DPH135B 3-1/2"" #1 Phillips - Drive Bit",-- Unbranded --,-- No Unilog Brand --,Diablo,Freud Inc (2435),"Freud America, Inc",Diablo,,DPH135B,,Tools & Equipment>Power Tools>Power Saw Blades>Circular Saw Blades,"Freud America, Inc, Circular Saw Blade, DPH135B",CIRCULAR SAW BLADE,"Freud America, Inc DPH135B Circular Saw Blade",,Circular Saw Blade,,,,,,,,,,,,,,,,,,,,,,,,,,,,Series,,,Diameter,,,Cutting Edge Material,,,Blade Material,,,Blade Thickness,,,Teeth Type,,,Number of Teeth,,,Teeth per Inch,,,Arbor Type,,,Arbor Size,,,Cut Type,,,Cut Width,,,Maximum Cutting Depth,,,Kerf,,,Grade,,,Hook Angle,,,Maximum Speed Rating,,,Finish,,,Color,,,Cut Materials,,,Suitable For Use With,,,Number of Pieces,,,Additional Information,,,,,,,,,,,,,,,,,,,,,,,,,,,,,,,,,,,,,,,,,,,,,,,,,,,,,,,,,,,,,,,,,,,,,,,,,,,,,,,,,,,,,,,,,,,,,,,,,,,,,,,,,,,,,,,,,,,,,,,,,,,,,,,,,,
,,,,,,,,,,,DPH21B,"DPH21B 1"" #2 Phillips Drive - Bit",-- Unbranded --,-- No Unilog Brand --,Diablo,Freud Inc (2435),"Freud America, Inc",Diablo,,DPH21B,,Tools & Equipment>Power Tools>Power Saw Blades>Circular Saw Blades,"Freud America, Inc, Circular Saw Blade, DPH21B",CIRCULAR SAW BLADE,"Freud America, Inc DPH21B Circular Saw Blade",,Circular Saw Blade,,,,,,,,,,,,,,,,,,,,,,,,,,,,Series,,,Diameter,,,Cutting Edge Material,,,Blade Material,,,Blade Thickness,,,Teeth Type,,,Number of Teeth,,,Teeth per Inch,,,Arbor Type,,,Arbor Size,,,Cut Type,,,Cut Width,,,Maximum Cutting Depth,,,Kerf,,,Grade,,,Hook Angle,,,Maximum Speed Rating,,,Finish,,,Color,,,Cut Materials,,,Suitable For Use With,,,Number of Pieces,,,Additional Information,,,,,,,,,,,,,,,,,,,,,,,,,,,,,,,,,,,,,,,,,,,,,,,,,,,,,,,,,,,,,,,,,,,,,,,,,,,,,,,,,,,,,,,,,,,,,,,,,,,,,,,,,,,,,,,,,,,,,,,,,,,,,,,,,,
,,,,,,,,,,,DPH22B,"DPH22B 2"" #2 Phillips Drive - Bit",-- Unbranded --,-- No Unilog Brand --,Diablo,Freud Inc (2435),"Freud America, Inc",Diablo,,DPH22B,,Tools & Equipment>Power Tools>Power Saw Blades>Circular Saw Blades,"Freud America, Inc, Circular Saw Blade, DPH22B",CIRCULAR SAW BLADE,"Freud America, Inc DPH22B Circular Saw Blade",,Circular Saw Blade,,,,,,,,,,,,,,,,,,,,,,,,,,,,Series,,,Diameter,,,Cutting Edge Material,,,Blade Material,,,Blade Thickness,,,Teeth Type,,,Number of Teeth,,,Teeth per Inch,,,Arbor Type,,,Arbor Size,,,Cut Type,,,Cut Width,,,Maximum Cutting Depth,,,Kerf,,,Grade,,,Hook Angle,,,Maximum Speed Rating,,,Finish,,,Color,,,Cut Materials,,,Suitable For Use With,,,Number of Pieces,,,Additional Information,,,,,,,,,,,,,,,,,,,,,,,,,,,,,,,,,,,,,,,,,,,,,,,,,,,,,,,,,,,,,,,,,,,,,,,,,,,,,,,,,,,,,,,,,,,,,,,,,,,,,,,,,,,,,,,,,,,,,,,,,,,,,,,,,,
,,,,,,,,,,,DPH235B,"DPH235B 3-1/2"" #2 Phillips - Drive Bit",-- Unbranded --,-- No Unilog Brand --,Diablo,Freud Inc (2435),"Freud America, Inc",Diablo,,DPH235B,,Tools & Equipment>Power Tools>Power Saw Blades>Circular Saw Blades,"Freud America, Inc, Circular Saw Blade, DPH235B",CIRCULAR SAW BLADE,"Freud America, Inc DPH235B Circular Saw Blade",,Circular Saw Blade,,,,,,,,,,,,,,,,,,,,,,,,,,,,Series,,,Diameter,,,Cutting Edge Material,,,Blade Material,,,Blade Thickness,,,Teeth Type,,,Number of Teeth,,,Teeth per Inch,,,Arbor Type,,,Arbor Size,,,Cut Type,,,Cut Width,,,Maximum Cutting Depth,,,Kerf,,,Grade,,,Hook Angle,,,Maximum Speed Rating,,,Finish,,,Color,,,Cut Materials,,,Suitable For Use With,,,Number of Pieces,,,Additional Information,,,,,,,,,,,,,,,,,,,,,,,,,,,,,,,,,,,,,,,,,,,,,,,,,,,,,,,,,,,,,,,,,,,,,,,,,,,,,,,,,,,,,,,,,,,,,,,,,,,,,,,,,,,,,,,,,,,,,,,,,,,,,,,,,,
,,,,,,,,,,,DPH26B,"DPH26B 6"" #2 Phillips Drive - Bit",-- Unbranded --,-- No Unilog Brand --,Diablo,Freud Inc (2435),"Freud America, Inc",Diablo,,DPH26B,,Tools & Equipment>Power Tools>Power Saw Blades>Circular Saw Blades,"Freud America, Inc, Circular Saw Blade, DPH26B",CIRCULAR SAW BLADE,"Freud America, Inc DPH26B Circular Saw Blade",,Circular Saw Blade,,,,,,,,,,,,,,,,,,,,,,,,,,,,Series,,,Diameter,,,Cutting Edge Material,,,Blade Material,,,Blade Thickness,,,Teeth Type,,,Number of Teeth,,,Teeth per Inch,,,Arbor Type,,,Arbor Size,,,Cut Type,,,Cut Width,,,Maximum Cutting Depth,,,Kerf,,,Grade,,,Hook Angle,,,Maximum Speed Rating,,,Finish,,,Color,,,Cut Materials,,,Suitable For Use With,,,Number of Pieces,,,Additional Information,,,,,,,,,,,,,,,,,,,,,,,,,,,,,,,,,,,,,,,,,,,,,,,,,,,,,,,,,,,,,,,,,,,,,,,,,,,,,,,,,,,,,,,,,,,,,,,,,,,,,,,,,,,,,,,,,,,,,,,,,,,,,,,,,,
,,,,,,,,,,,DPH2R1B,"DPH2R1B 1"" #2 Phillips Drywall - Screws Drive Bit",-- Unbranded --,-- No Unilog Brand --,Diablo,Freud Inc (2435),"Freud America, Inc",Diablo,,DPH2R1B,,Tools & Equipment>Power Tools>Power Saw Blades>Circular Saw Blades,"Freud America, Inc, Circular Saw Blade, DPH2R1B",CIRCULAR SAW BLADE,"Freud America, Inc DPH2R1B Circular Saw Blade",,Circular Saw Blade,,,,,,,,,,,,,,,,,,,,,,,,,,,,Series,,,Diameter,,,Cutting Edge Material,,,Blade Material,,,Blade Thickness,,,Teeth Type,,,Number of Teeth,,,Teeth per Inch,,,Arbor Type,,,Arbor Size,,,Cut Type,,,Cut Width,,,Maximum Cutting Depth,,,Kerf,,,Grade,,,Hook Angle,,,Maximum Speed Rating,,,Finish,,,Color,,,Cut Materials,,,Suitable For Use With,,,Number of Pieces,,,Additional Information,,,,,,,,,,,,,,,,,,,,,,,,,,,,,,,,,,,,,,,,,,,,,,,,,,,,,,,,,,,,,,,,,,,,,,,,,,,,,,,,,,,,,,,,,,,,,,,,,,,,,,,,,,,,,,,,,,,,,,,,,,,,,,,,,,
,,,,,,,,,,,DPH31B,"DPH31B 1"" #3 Phillips Drive - Bit",-- Unbranded --,-- No Unilog Brand --,Diablo,Freud Inc (2435),"Freud America, Inc",Diablo,,DPH31B,,Tools & Equipment>Power Tools>Power Saw Blades>Circular Saw Blades,"Freud America, Inc, Circular Saw Blade, DPH31B",CIRCULAR SAW BLADE,"Freud America, Inc DPH31B Circular Saw Blade",,Circular Saw Blade,,,,,,,,,,,,,,,,,,,,,,,,,,,,Series,,,Diameter,,,Cutting Edge Material,,,Blade Material,,,Blade Thickness,,,Teeth Type,,,Number of Teeth,,,Teeth per Inch,,,Arbor Type,,,Arbor Size,,,Cut Type,,,Cut Width,,,Maximum Cutting Depth,,,Kerf,,,Grade,,,Hook Angle,,,Maximum Speed Rating,,,Finish,,,Color,,,Cut Materials,,,Suitable For Use With,,,Number of Pieces,,,Additional Information,,,,,,,,,,,,,,,,,,,,,,,,,,,,,,,,,,,,,,,,,,,,,,,,,,,,,,,,,,,,,,,,,,,,,,,,,,,,,,,,,,,,,,,,,,,,,,,,,,,,,,,,,,,,,,,,,,,,,,,,,,,,,,,,,,
,,,,,,,,,,,DPH32B,"DPH32B 2"" #3 Phillips Drive - Bit",-- Unbranded --,-- No Unilog Brand --,Diablo,Freud Inc (2435),"Freud America, Inc",Diablo,,DPH32B,,Tools & Equipment>Power Tools>Power Saw Blades>Circular Saw Blades,"Freud America, Inc, Circular Saw Blade, DPH32B",CIRCULAR SAW BLADE,"Freud America, Inc DPH32B Circular Saw Blade",,Circular Saw Blade,,,,,,,,,,,,,,,,,,,,,,,,,,,,Series,,,Diameter,,,Cutting Edge Material,,,Blade Material,,,Blade Thickness,,,Teeth Type,,,Number of Teeth,,,Teeth per Inch,,,Arbor Type,,,Arbor Size,,,Cut Type,,,Cut Width,,,Maximum Cutting Depth,,,Kerf,,,Grade,,,Hook Angle,,,Maximum Speed Rating,,,Finish,,,Color,,,Cut Materials,,,Suitable For Use With,,,Number of Pieces,,,Additional Information,,,,,,,,,,,,,,,,,,,,,,,,,,,,,,,,,,,,,,,,,,,,,,,,,,,,,,,,,,,,,,,,,,,,,,,,,,,,,,,,,,,,,,,,,,,,,,,,,,,,,,,,,,,,,,,,,,,,,,,,,,,,,,,,,,
,,,,,,,,,,,DPH335B,"DPH335B 3-1/2"" #3 Phillips - Drive Bit",-- Unbranded --,-- No Unilog Brand --,Diablo,Freud Inc (2435),"Freud America, Inc",Diablo,,DPH335B,,Tools & Equipment>Power Tools>Power Saw Blades>Circular Saw Blades,"Freud America, Inc, Circular Saw Blade, DPH335B",CIRCULAR SAW BLADE,"Freud America, Inc DPH335B Circular Saw Blade",,Circular Saw Blade,,,,,,,,,,,,,,,,,,,,,,,,,,,,Series,,,Diameter,,,Cutting Edge Material,,,Blade Material,,,Blade Thickness,,,Teeth Type,,,Number of Teeth,,,Teeth per Inch,,,Arbor Type,,,Arbor Size,,,Cut Type,,,Cut Width,,,Maximum Cutting Depth,,,Kerf,,,Grade,,,Hook Angle,,,Maximum Speed Rating,,,Finish,,,Color,,,Cut Materials,,,Suitable For Use With,,,Number of Pieces,,,Additional Information,,,,,,,,,,,,,,,,,,,,,,,,,,,,,,,,,,,,,,,,,,,,,,,,,,,,,,,,,,,,,,,,,,,,,,,,,,,,,,,,,,,,,,,,,,,,,,,,,,,,,,,,,,,,,,,,,,,,,,,,,,,,,,,,,,
,,,,,,,,,,,DSQ12B,"DSQ12B 2"" #1 Square Drive Bit",-- Unbranded --,-- No Unilog Brand --,Diablo,Freud Inc (2435),"Freud America, Inc",Diablo,,DSQ12B,,Tools & Equipment>Power Tools>Power Saw Blades>Circular Saw Blades,"Freud America, Inc, Circular Saw Blade, DSQ12B",CIRCULAR SAW BLADE,"Freud America, Inc DSQ12B Circular Saw Blade",,Circular Saw Blade,,,,,,,,,,,,,,,,,,,,,,,,,,,,Series,,,Diameter,,,Cutting Edge Material,,,Blade Material,,,Blade Thickness,,,Teeth Type,,,Number of Teeth,,,Teeth per Inch,,,Arbor Type,,,Arbor Size,,,Cut Type,,,Cut Width,,,Maximum Cutting Depth,,,Kerf,,,Grade,,,Hook Angle,,,Maximum Speed Rating,,,Finish,,,Color,,,Cut Materials,,,Suitable For Use With,,,Number of Pieces,,,Additional Information,,,,,,,,,,,,,,,,,,,,,,,,,,,,,,,,,,,,,,,,,,,,,,,,,,,,,,,,,,,,,,,,,,,,,,,,,,,,,,,,,,,,,,,,,,,,,,,,,,,,,,,,,,,,,,,,,,,,,,,,,,,,,,,,,,
,,,,,,,,,,,DSQ22B,"DSQ22B 2"" #2 Square Drive Bit",-- Unbranded --,-- No Unilog Brand --,Diablo,Freud Inc (2435),"Freud America, Inc",Diablo,,DSQ22B,,Tools & Equipment>Power Tools>Power Saw Blades>Circular Saw Blades,"Freud America, Inc, Circular Saw Blade, DSQ22B",CIRCULAR SAW BLADE,"Freud America, Inc DSQ22B Circular Saw Blade",,Circular Saw Blade,,,,,,,,,,,,,,,,,,,,,,,,,,,,Series,,,Diameter,,,Cutting Edge Material,,,Blade Material,,,Blade Thickness,,,Teeth Type,,,Number of Teeth,,,Teeth per Inch,,,Arbor Type,,,Arbor Size,,,Cut Type,,,Cut Width,,,Maximum Cutting Depth,,,Kerf,,,Grade,,,Hook Angle,,,Maximum Speed Rating,,,Finish,,,Color,,,Cut Materials,,,Suitable For Use With,,,Number of Pieces,,,Additional Information,,,,,,,,,,,,,,,,,,,,,,,,,,,,,,,,,,,,,,,,,,,,,,,,,,,,,,,,,,,,,,,,,,,,,,,,,,,,,,,,,,,,,,,,,,,,,,,,,,,,,,,,,,,,,,,,,,,,,,,,,,,,,,,,,,
,,,,,,,,,,,DSQ26B,"DSQ26B 6"" #2 Square Drive Bit",-- Unbranded --,-- No Unilog Brand --,Diablo,Freud Inc (2435),"Freud America, Inc",Diablo,,DSQ26B,,Tools & Equipment>Power Tools>Power Saw Blades>Circular Saw Blades,"Freud America, Inc, Circular Saw Blade, DSQ26B",CIRCULAR SAW BLADE,"Freud America, Inc DSQ26B Circular Saw Blade",,Circular Saw Blade,,,,,,,,,,,,,,,,,,,,,,,,,,,,Series,,,Diameter,,,Cutting Edge Material,,,Blade Material,,,Blade Thickness,,,Teeth Type,,,Number of Teeth,,,Teeth per Inch,,,Arbor Type,,,Arbor Size,,,Cut Type,,,Cut Width,,,Maximum Cutting Depth,,,Kerf,,,Grade,,,Hook Angle,,,Maximum Speed Rating,,,Finish,,,Color,,,Cut Materials,,,Suitable For Use With,,,Number of Pieces,,,Additional Information,,,,,,,,,,,,,,,,,,,,,,,,,,,,,,,,,,,,,,,,,,,,,,,,,,,,,,,,,,,,,,,,,,,,,,,,,,,,,,,,,,,,,,,,,,,,,,,,,,,,,,,,,,,,,,,,,,,,,,,,,,,,,,,,,,
,,,,,,,,,,,DSQ32B,"DSQ32B 2"" #3 Square Drive Bit",-- Unbranded --,-- No Unilog Brand --,Diablo,Freud Inc (2435),"Freud America, Inc",Diablo,,DSQ32B,,Tools & Equipment>Power Tools>Power Saw Blades>Circular Saw Blades,"Freud America, Inc, Circular Saw Blade, DSQ32B",CIRCULAR SAW BLADE,"Freud America, Inc DSQ32B Circular Saw Blade",,Circular Saw Blade,,,,,,,,,,,,,,,,,,,,,,,,,,,,Series,,,Diameter,,,Cutting Edge Material,,,Blade Material,,,Blade Thickness,,,Teeth Type,,,Number of Teeth,,,Teeth per Inch,,,Arbor Type,,,Arbor Size,,,Cut Type,,,Cut Width,,,Maximum Cutting Depth,,,Kerf,,,Grade,,,Hook Angle,,,Maximum Speed Rating,,,Finish,,,Color,,,Cut Materials,,,Suitable For Use With,,,Number of Pieces,,,Additional Information,,,,,,,,,,,,,,,,,,,,,,,,,,,,,,,,,,,,,,,,,,,,,,,,,,,,,,,,,,,,,,,,,,,,,,,,,,,,,,,,,,,,,,,,,,,,,,,,,,,,,,,,,,,,,,,,,,,,,,,,,,,,,,,,,,
,,,,,,,,,,,DT102B,"DT102B 2"" #10 Torx Drive Bit",-- Unbranded --,-- No Unilog Brand --,Diablo,Freud Inc (2435),"Freud America, Inc",Diablo,,DT102B,,Tools & Equipment>Power Tools>Power Saw Blades>Circular Saw Blades,"Freud America, Inc, Circular Saw Blade, DT102B",CIRCULAR SAW BLADE,"Freud America, Inc DT102B Circular Saw Blade",,Circular Saw Blade,,,,,,,,,,,,,,,,,,,,,,,,,,,,Series,,,Diameter,,,Cutting Edge Material,,,Blade Material,,,Blade Thickness,,,Teeth Type,,,Number of Teeth,,,Teeth per Inch,,,Arbor Type,,,Arbor Size,,,Cut Type,,,Cut Width,,,Maximum Cutting Depth,,,Kerf,,,Grade,,,Hook Angle,,,Maximum Speed Rating,,,Finish,,,Color,,,Cut Materials,,,Suitable For Use With,,,Number of Pieces,,,Additional Information,,,,,,,,,,,,,,,,,,,,,,,,,,,,,,,,,,,,,,,,,,,,,,,,,,,,,,,,,,,,,,,,,,,,,,,,,,,,,,,,,,,,,,,,,,,,,,,,,,,,,,,,,,,,,,,,,,,,,,,,,,,,,,,,,,
,,,,,,,,,,,DT152B,"DT152B 2"" #15 Torx Drive Bit",-- Unbranded --,-- No Unilog Brand --,Diablo,Freud Inc (2435),"Freud America, Inc",Diablo,,DT152B,,Tools & Equipment>Power Tools>Power Saw Blades>Circular Saw Blades,"Freud America, Inc, Circular Saw Blade, DT152B",CIRCULAR SAW BLADE,"Freud America, Inc DT152B Circular Saw Blade",,Circular Saw Blade,,,,,,,,,,,,,,,,,,,,,,,,,,,,Series,,,Diameter,,,Cutting Edge Material,,,Blade Material,,,Blade Thickness,,,Teeth Type,,,Number of Teeth,,,Teeth per Inch,,,Arbor Type,,,Arbor Size,,,Cut Type,,,Cut Width,,,Maximum Cutting Depth,,,Kerf,,,Grade,,,Hook Angle,,,Maximum Speed Rating,,,Finish,,,Color,,,Cut Materials,,,Suitable For Use With,,,Number of Pieces,,,Additional Information,,,,,,,,,,,,,,,,,,,,,,,,,,,,,,,,,,,,,,,,,,,,,,,,,,,,,,,,,,,,,,,,,,,,,,,,,,,,,,,,,,,,,,,,,,,,,,,,,,,,,,,,,,,,,,,,,,,,,,,,,,,,,,,,,,
,,,,,,,,,,,DT1535B,"DT1535B 3-1/2"" #15 Torx Drive - Bit",-- Unbranded --,-- No Unilog Brand --,Diablo,Freud Inc (2435),"Freud America, Inc",Diablo,,DT1535B,,Tools & Equipment>Power Tools>Power Saw Blades>Circular Saw Blades,"Freud America, Inc, Circular Saw Blade, DT1535B",CIRCULAR SAW BLADE,"Freud America, Inc DT1535B Circular Saw Blade",,Circular Saw Blade,,,,,,,,,,,,,,,,,,,,,,,,,,,,Series,,,Diameter,,,Cutting Edge Material,,,Blade Material,,,Blade Thickness,,,Teeth Type,,,Number of Teeth,,,Teeth per Inch,,,Arbor Type,,,Arbor Size,,,Cut Type,,,Cut Width,,,Maximum Cutting Depth,,,Kerf,,,Grade,,,Hook Angle,,,Maximum Speed Rating,,,Finish,,,Color,,,Cut Materials,,,Suitable For Use With,,,Number of Pieces,,,Additional Information,,,,,,,,,,,,,,,,,,,,,,,,,,,,,,,,,,,,,,,,,,,,,,,,,,,,,,,,,,,,,,,,,,,,,,,,,,,,,,,,,,,,,,,,,,,,,,,,,,,,,,,,,,,,,,,,,,,,,,,,,,,,,,,,,,
,,,,,,,,,,,DT202B,"DT202B 2"" #20 Torx Drive Bit",-- Unbranded --,-- No Unilog Brand --,Diablo,Freud Inc (2435),"Freud America, Inc",Diablo,,DT202B,,Tools & Equipment>Power Tools>Power Saw Blades>Circular Saw Blades,"Freud America, Inc, Circular Saw Blade, DT202B",CIRCULAR SAW BLADE,"Freud America, Inc DT202B Circular Saw Blade",,Circular Saw Blade,,,,,,,,,,,,,,,,,,,,,,,,,,,,Series,,,Diameter,,,Cutting Edge Material,,,Blade Material,,,Blade Thickness,,,Teeth Type,,,Number of Teeth,,,Teeth per Inch,,,Arbor Type,,,Arbor Size,,,Cut Type,,,Cut Width,,,Maximum Cutting Depth,,,Kerf,,,Grade,,,Hook Angle,,,Maximum Speed Rating,,,Finish,,,Color,,,Cut Materials,,,Suitable For Use With,,,Number of Pieces,,,Additional Information,,,,,,,,,,,,,,,,,,,,,,,,,,,,,,,,,,,,,,,,,,,,,,,,,,,,,,,,,,,,,,,,,,,,,,,,,,,,,,,,,,,,,,,,,,,,,,,,,,,,,,,,,,,,,,,,,,,,,,,,,,,,,,,,,,
,,,,,,,,,,,DT2035B,"DT2035B 3-1/2"" #20 Torx Drive - Bit",-- Unbranded --,-- No Unilog Brand --,Diablo,Freud Inc (2435),"Freud America, Inc",Diablo,,DT2035B,,Tools & Equipment>Power Tools>Power Saw Blades>Circular Saw Blades,"Freud America, Inc, Circular Saw Blade, DT2035B",CIRCULAR SAW BLADE,"Freud America, Inc DT2035B Circular Saw Blade",,Circular Saw Blade,,,,,,,,,,,,,,,,,,,,,,,,,,,,Series,,,Diameter,,,Cutting Edge Material,,,Blade Material,,,Blade Thickness,,,Teeth Type,,,Number of Teeth,,,Teeth per Inch,,,Arbor Type,,,Arbor Size,,,Cut Type,,,Cut Width,,,Maximum Cutting Depth,,,Kerf,,,Grade,,,Hook Angle,,,Maximum Speed Rating,,,Finish,,,Color,,,Cut Materials,,,Suitable For Use With,,,Number of Pieces,,,Additional Information,,,,,,,,,,,,,,,,,,,,,,,,,,,,,,,,,,,,,,,,,,,,,,,,,,,,,,,,,,,,,,,,,,,,,,,,,,,,,,,,,,,,,,,,,,,,,,,,,,,,,,,,,,,,,,,,,,,,,,,,,,,,,,,,,,
,,,,,,,,,,,DT206B,"DT206B 6"" #20 Torx Drive Bit",-- Unbranded --,-- No Unilog Brand --,Diablo,Freud Inc (2435),"Freud America, Inc",Diablo,,DT206B,,Tools & Equipment>Power Tools>Power Saw Blades>Circular Saw Blades,"Freud America, Inc, Circular Saw Blade, DT206B",CIRCULAR SAW BLADE,"Freud America, Inc DT206B Circular Saw Blade",,Circular Saw Blade,,,,,,,,,,,,,,,,,,,,,,,,,,,,Series,,,Diameter,,,Cutting Edge Material,,,Blade Material,,,Blade Thickness,,,Teeth Type,,,Number of Teeth,,,Teeth per Inch,,,Arbor Type,,,Arbor Size,,,Cut Type,,,Cut Width,,,Maximum Cutting Depth,,,Kerf,,,Grade,,,Hook Angle,,,Maximum Speed Rating,,,Finish,,,Color,,,Cut Materials,,,Suitable For Use With,,,Number of Pieces,,,Additional Information,,,,,,,,,,,,,,,,,,,,,,,,,,,,,,,,,,,,,,,,,,,,,,,,,,,,,,,,,,,,,,,,,,,,,,,,,,,,,,,,,,,,,,,,,,,,,,,,,,,,,,,,,,,,,,,,,,,,,,,,,,,,,,,,,,
,,,,,,,,,,,DT252B,"DT252B 2"" #25 Trox Drive Bit",-- Unbranded --,-- No Unilog Brand --,Diablo,Freud Inc (2435),"Freud America, Inc",Diablo,,DT252B,,Tools & Equipment>Power Tools>Power Saw Blades>Circular Saw Blades,"Freud America, Inc, Circular Saw Blade, DT252B",CIRCULAR SAW BLADE,"Freud America, Inc DT252B Circular Saw Blade",,Circular Saw Blade,,,,,,,,,,,,,,,,,,,,,,,,,,,,Series,,,Diameter,,,Cutting Edge Material,,,Blade Material,,,Blade Thickness,,,Teeth Type,,,Number of Teeth,,,Teeth per Inch,,,Arbor Type,,,Arbor Size,,,Cut Type,,,Cut Width,,,Maximum Cutting Depth,,,Kerf,,,Grade,,,Hook Angle,,,Maximum Speed Rating,,,Finish,,,Color,,,Cut Materials,,,Suitable For Use With,,,Number of Pieces,,,Additional Information,,,,,,,,,,,,,,,,,,,,,,,,,,,,,,,,,,,,,,,,,,,,,,,,,,,,,,,,,,,,,,,,,,,,,,,,,,,,,,,,,,,,,,,,,,,,,,,,,,,,,,,,,,,,,,,,,,,,,,,,,,,,,,,,,,
,,,,,,,,,,,DT2535B,"DT2535B 3-1/4"" #25 Torx Drive - Bit",-- Unbranded --,-- No Unilog Brand --,Diablo,Freud Inc (2435),"Freud America, Inc",Diablo,,DT2535B,,Tools & Equipment>Power Tools>Power Saw Blades>Circular Saw Blades,"Freud America, Inc, Circular Saw Blade, DT2535B",CIRCULAR SAW BLADE,"Freud America, Inc DT2535B Circular Saw Blade",,Circular Saw Blade,,,,,,,,,,,,,,,,,,,,,,,,,,,,Series,,,Diameter,,,Cutting Edge Material,,,Blade Material,,,Blade Thickness,,,Teeth Type,,,Number of Teeth,,,Teeth per Inch,,,Arbor Type,,,Arbor Size,,,Cut Type,,,Cut Width,,,Maximum Cutting Depth,,,Kerf,,,Grade,,,Hook Angle,,,Maximum Speed Rating,,,Finish,,,Color,,,Cut Materials,,,Suitable For Use With,,,Number of Pieces,,,Additional Information,,,,,,,,,,,,,,,,,,,,,,,,,,,,,,,,,,,,,,,,,,,,,,,,,,,,,,,,,,,,,,,,,,,,,,,,,,,,,,,,,,,,,,,,,,,,,,,,,,,,,,,,,,,,,,,,,,,,,,,,,,,,,,,,,,
,,,,,,,,,,,DT256B,"DT256B 6"" #25 Torx Drive Bit",-- Unbranded --,-- No Unilog Brand --,Diablo,Freud Inc (2435),"Freud America, Inc",Diablo,,DT256B,,Tools & Equipment>Power Tools>Power Saw Blades>Circular Saw Blades,"Freud America, Inc, Circular Saw Blade, DT256B",CIRCULAR SAW BLADE,"Freud America, Inc DT256B Circular Saw Blade",,Circular Saw Blade,,,,,,,,,,,,,,,,,,,,,,,,,,,,Series,,,Diameter,,,Cutting Edge Material,,,Blade Material,,,Blade Thickness,,,Teeth Type,,,Number of Teeth,,,Teeth per Inch,,,Arbor Type,,,Arbor Size,,,Cut Type,,,Cut Width,,,Maximum Cutting Depth,,,Kerf,,,Grade,,,Hook Angle,,,Maximum Speed Rating,,,Finish,,,Color,,,Cut Materials,,,Suitable For Use With,,,Number of Pieces,,,Additional Information,,,,,,,,,,,,,,,,,,,,,,,,,,,,,,,,,,,,,,,,,,,,,,,,,,,,,,,,,,,,,,,,,,,,,,,,,,,,,,,,,,,,,,,,,,,,,,,,,,,,,,,,,,,,,,,,,,,,,,,,,,,,,,,,,,
,,,,,,,,,,,DT302B,"DT302B 2"" #30 Torx Drive Bit",-- Unbranded --,-- No Unilog Brand --,Diablo,Freud Inc (2435),"Freud America, Inc",Diablo,,DT302B,,Tools & Equipment>Power Tools>Power Saw Blades>Circular Saw Blades,"Freud America, Inc, Circular Saw Blade, DT302B",CIRCULAR SAW BLADE,"Freud America, Inc DT302B Circular Saw Blade",,Circular Saw Blade,,,,,,,,,,,,,,,,,,,,,,,,,,,,Series,,,Diameter,,,Cutting Edge Material,,,Blade Material,,,Blade Thickness,,,Teeth Type,,,Number of Teeth,,,Teeth per Inch,,,Arbor Type,,,Arbor Size,,,Cut Type,,,Cut Width,,,Maximum Cutting Depth,,,Kerf,,,Grade,,,Hook Angle,,,Maximum Speed Rating,,,Finish,,,Color,,,Cut Materials,,,Suitable For Use With,,,Number of Pieces,,,Additional Information,,,,,,,,,,,,,,,,,,,,,,,,,,,,,,,,,,,,,,,,,,,,,,,,,,,,,,,,,,,,,,,,,,,,,,,,,,,,,,,,,,,,,,,,,,,,,,,,,,,,,,,,,,,,,,,,,,,,,,,,,,,,,,,,,,
,,,,,,,,,,,DT402B,"DT402B 2"" #40 Torx Drive Bit",-- Unbranded --,-- No Unilog Brand --,Diablo,Freud Inc (2435),"Freud America, Inc",Diablo,,DT402B,,Tools & Equipment>Power Tools>Power Saw Blades>Circular Saw Blades,"Freud America, Inc, Circular Saw Blade, DT402B",CIRCULAR SAW BLADE,"Freud America, Inc DT402B Circular Saw Blade",,Circular Saw Blade,,,,,,,,,,,,,,,,,,,,,,,,,,,,Series,,,Diameter,,,Cutting Edge Material,,,Blade Material,,,Blade Thickness,,,Teeth Type,,,Number of Teeth,,,Teeth per Inch,,,Arbor Type,,,Arbor Size,,,Cut Type,,,Cut Width,,,Maximum Cutting Depth,,,Kerf,,,Grade,,,Hook Angle,,,Maximum Speed Rating,,,Finish,,,Color,,,Cut Materials,,,Suitable For Use With,,,Number of Pieces,,,Additional Information,,,,,,,,,,,,,,,,,,,,,,,,,,,,,,,,,,,,,,,,,,,,,,,,,,,,,,,,,,,,,,,,,,,,,,,,,,,,,,,,,,,,,,,,,,,,,,,,,,,,,,,,,,,,,,,,,,,,,,,,,,,,,,,,,,
,,,,,,,,,,,DDWSSB,DDWSSB #2 Drywall Screw Setter,-- Unbranded --,-- No Unilog Brand --,Diablo,Freud Inc (2435),"Freud America, Inc",Diablo,,DDWSSB,,Tools & Equipment>Power Tools>Power Saw Blades>Circular Saw Blades,"Freud America, Inc, Circular Saw Blade, DDWSSB",CIRCULAR SAW BLADE,"Freud America, Inc DDWSSB Circular Saw Blade",,Circular Saw Blade,,,,,,,,,,,,,,,,,,,,,,,,,,,,Series,,,Diameter,,,Cutting Edge Material,,,Blade Material,,,Blade Thickness,,,Teeth Type,,,Number of Teeth,,,Teeth per Inch,,,Arbor Type,,,Arbor Size,,,Cut Type,,,Cut Width,,,Maximum Cutting Depth,,,Kerf,,,Grade,,,Hook Angle,,,Maximum Speed Rating,,,Finish,,,Color,,,Cut Materials,,,Suitable For Use With,,,Number of Pieces,,,Additional Information,,,,,,,,,,,,,,,,,,,,,,,,,,,,,,,,,,,,,,,,,,,,,,,,,,,,,,,,,,,,,,,,,,,,,,,,,,,,,,,,,,,,,,,,,,,,,,,,,,,,,,,,,,,,,,,,,,,,,,,,,,,,,,,,,,
https://makitatools.com/products/details/191V02-0,https://makitatools.com/products/details/191V02-0,,,,,,,,,,191V02-0,191V02-0 Makita #2 Phillips Bit 5pk,-- Unbranded --,-- No Unilog Brand --,-- No DIB Brand --,Makita Usa Inc (5142),Makita,,,191V02-0,,Electrical>Lamps & Lightings>Light Bulbs>LED Light Bulbs,"Makita, LED Bulb, 191V02-0",BULB LED,Makita 191V02-0 LED Bulb,,LED Bulb,,,,,,,,,,,,,,,,,,,,,,,,,,,,Series,,,Wattage,,,Lumens,,,Bulb Shape,,,Bulb Shape Code,,,Color Temperature,,,Light Appearance,,,Bulb Base,,,Bulb Base Code,,,Bulb Finish,,,Voltage Rating,,,Color Rendering Index (CRI),,,Bulb Designation,,,Average Life,,,Beam Angle,,,Incandescent Wattage Equivalent,,,Halogen Wattage Equivalent,,,Fluorescent Wattage Equivalent,,,HID Wattage Equivalent,,,Dimmable,,,Smart Compatible With,,,Diameter,,,Length,,,Energy Star Certified,,,Title 20 Compliant,,,Title 24 Compliant,,,Additional Information,,,,,,,,,,,,,,,,,,,,,,,,,,,,,,,,,,,,,,,,,,,,,,,,,,,,,,,,,,,,,,,,,,,,,,,,,,,,,,,,,,,,,,,,,,,,,,,,,,,,,,,,,,,,,,,,,,,,,,
https://makitatools.com/products/details/XTS02Z,https://makitatools.com/products/details/XTS02Z,,,,,,,,,,XTS02Z,"XTS02Z Makita 18V 1/4"" Narrow Crown Stapler 18GA",-- Unbranded --,-- No Unilog Brand --,-- No DIB Brand --,Makita Usa Inc (5142),Makita,,,XTS02Z,,Tools & Equipment>Power Tools>Power Fastening Tools>Power Staplers & Riveters>Cordless Staplers,"Makita, Cordless Stapler, XTS02Z",CORDLESS STAPLER 18,Makita XTS02Z Cordless Stapler,,Cordless Stapler,,,,,,,,,,,,,,,,,,,,,,,,,,,,Series,,,Tool/Kit,,,Staple Capacity,,,Stable Leg Length,,,Staple Width,,,Staple Type,,,Staple Gauge,,,Firing/Actuation Type,,,Voltage Rating,18,V,Battery Type,,,Battery Capacity,,,Speed Rating,,,Housing Material,,,Housing Color,,,Switch Type,,,Handle Type,,,Handle Material,,,Handle Color,,,Sound Level,,,Overall Length,,,Overall Width,,,Overall Depth,,,Additional Information,,,,,,,,,,,,,,,,,,,,,,,,,,,,,,,,,,,,,,,,,,,,,,,,,,,,,,,,,,,,,,,,,,,,,,,,,,,,,,,,,,,,,,,,,,,,,,,,,,,,,,,,,,,,,,,,,,,,,,,,,,,,,,,,,,
,,,,,,,,,,,DCF809D1,"DCF809D1 Dewalt Atomic 20V 1/4"" Impact Driver Kit",-- Unbranded --,-- No Unilog Brand --,DEWALT,Black & Decker/dewlt (2585),Stanley Black & Decker,DEWALT,,DCF809D1,,Tools & Equipment>Power Tools>Power Fastening Tools>Power Wrenches & Ratchets>Cordless Impact Drivers,"Stanley Black & Decker, Cordless Impact Driver, DCF809D1",CORDLESS IMPACT DRIVER 20,Stanley Black & Decker DCF809D1 Cordless Impact Driver,,Cordless Impact Driver,,,,,,,,,,,,,,,,,,,,,,,,,,,,Series,,,Tool/Kit,,,Drive Size,,,Drive Type,,,Torque Rating,,,Impacts per Minute,,,Voltage Rating,20,V,Battery Type,,,Battery Capacity,,,Speed Rating,,,Speed Setting,,,Housing Material,,,Housing Color,,,Switch Type,,,Handle Type,,,Handle Material,,,Handle Color,,,Sound Level,,,Overall Length,,,Overall Width,,,Overall Depth,,,Additional Information,,,,,,,,,,,,,,,,,,,,,,,,,,,,,,,,,,,,,,,,,,,,,,,,,,,,,,,,,,,,,,,,,,,,,,,,,,,,,,,,,,,,,,,,,,,,,,,,,,,,,,,,,,,,,,,,,,,,,,,,,,,,,,,,,,,,,
,,,,,,,,,,,2761-20,"2761-20 Milw M18 1/4"" Hex Hydraulic Driver",-- Unbranded --,-- No Unilog Brand --,-- No DIB Brand --,Milwaukee Accessory (4031),Milwaukee Tool,,,2761-20,,"Tools & Equipment>Hand Tools>Hex, Torx & Spline Keys>Hex Key Sets","Milwaukee Tool, Hex Key Set, 2761-20",HEX KEY SET,Milwaukee Tool 2761-20 Hex Key Set,,Hex Key Set,,,,,,,,,,,,,,,,,,,,,,,,,,,,Series,,,Model,,,Tip Type,,,Tip Size,,,System of Measurement,,,Key Shape,,,Short Leg Length,,,Long Leg Length,,,Working Angle,,,Number of Pieces,,,Suitable For Use With,,,Material,,,Finish,,,Additional Information,,,,,,,,,,,,,,,,,,,,,,,,,,,,,,,,,,,,,,,,,,,,,,,,,,,,,,,,,,,,,,,,,,,,,,,,,,,,,,,,,,,,,,,,,,,,,,,,,,,,,,,,,,,,,,,,,,,,,,,,,,,,,,,,,,,,,,,,,,,,,,,,,,,,,,,,,,,,,
,,,,,,,,,,,2761-22,2761-22 Milw M18 Surge Kit,-- Unbranded --,-- No Unilog Brand --,-- No DIB Brand --,Milwaukee Accessory (4031),Milwaukee Tool,,,2761-22,,Tools & Equipment>Power Tools>Power Fastening Tools>Power Wrenches & Ratchets>Cordless Impact Drivers,"Milwaukee Tool, Cordless Impact Driver, 2761-22",CORDLESS IMPACT DRIVER,Milwaukee Tool 2761-22 Cordless Impact Driver,,Cordless Impact Driver,,,,,,,,,,,,,,,,,,,,,,,,,,,,Series,,,Tool/Kit,,,Drive Size,,,Drive Type,,,Torque Rating,,,Impacts per Minute,,,Voltage Rating,,,Battery Type,,,Battery Capacity,,,Speed Rating,,,Speed Setting,,,Housing Material,,,Housing Color,,,Switch Type,,,Handle Type,,,Handle Material,,,Handle Color,,,Sound Level,,,Overall Length,,,Overall Width,,,Overall Depth,,,Additional Information,,,,,,,,,,,,,,,,,,,,,,,,,,,,,,,,,,,,,,,,,,,,,,,,,,,,,,,,,,,,,,,,,,,,,,,,,,,,,,,,,,,,,,,,,,,,,,,,,,,,,,,,,,,,,,,,,,,,,,,,,,,,,,,,,,,,,
,,,,,,,,,,,3450-20,3450-20 Milw M12 Impact Driver - Brushless Compact (Bare),-- Unbranded --,-- No Unilog Brand --,-- No DIB Brand --,Milwaukee Accessory (4031),Milwaukee Tool,,,3450-20,,Tools & Equipment>Power Tools>Power Drills>Cordless Drills,"Milwaukee Tool, Cordless Drill, 3450-20",CORDLESS DRILL,Milwaukee Tool 3450-20 Cordless Drill,,Cordless Drill,,,,,,,,,,,,,,,,,,,,,,,,,,,,Series,,,Tool/Kit,,,Torque Rating,,,Chuck Size,,,Chuck Type,,,Chuck Material,,,Voltage Rating,,,Battery Type,,,Battery Capacity,,,Speed Rating,,,Speed Setting,,,Housing Material,,,Housing Color,,,Switch Type,,,Handle Type,,,Handle Material,,,Handle Color,,,Sound Level,,,Overall Length,,,Overall Width,,,Overall Depth,,,Additional Information,,,,,,,,,,,,,,,,,,,,,,,,,,,,,,,,,,,,,,,,,,,,,,,,,,,,,,,,,,,,,,,,,,,,,,,,,,,,,,,,,,,,,,,,,,,,,,,,,,,,,,,,,,,,,,,,,,,,,,,,,,,,,,,,,,,,,
,,,,,,,,,,,KPTDV025A,KPTDV025A Kreg 20V Ionic Compact Impact Driver,-- Unbranded --,-- No Unilog Brand --,-- No DIB Brand --,Kreg Tool Company (KRETO),,,,KPTDV025A,,Tools & Equipment>Power Tools>Power Drills>Cordless Drills,"Cordless Drill, KPTDV025A",CORDLESS DRILL 20,KPTDV025A Cordless Drill,,Cordless Drill,,,,,,,,,,,,,,,,,,,,,,,,,,,,Series,,,Tool/Kit,,,Torque Rating,,,Chuck Size,,,Chuck Type,,,Chuck Material,,,Voltage Rating,20,V,Battery Type,,,Battery Capacity,,,Speed Rating,,,Speed Setting,,,Housing Material,,,Housing Color,,,Switch Type,,,Handle Type,,,Handle Material,,,Handle Color,,,Sound Level,,,Overall Length,,,Overall Width,,,Overall Depth,,,Additional Information,,,,,,,,,,,,,,,,,,,,,,,,,,,,,,,,,,,,,,,,,,,,,,,,,,,,,,,,,,,,,,,,,,,,,,,,,,,,,,,,,,,,,,,,,,,,,,,,,,,,,,,,,,,,,,,,,,,,,,,,,,,,,,,,,,,,,
,,,,,,,,,,,3048-20,"3048-20 Milw M12 1/4"" Impact Wrench w/Friction Ring",-- Unbranded --,-- No Unilog Brand --,-- No DIB Brand --,Milwaukee Accessory (4031),Milwaukee Tool,,,3048-20,,Tools & Equipment>Power Tools>Power Fastening Tools>Power Wrenches & Ratchets>Cordless Impact Wrenches,"Milwaukee Tool, Cordless Impact Wrench, 3048-20",CORDLESS IMPACT WRENCH,Milwaukee Tool 3048-20 Cordless Impact Wrench,,Cordless Impact Wrench,,,,,,,,,,,,,,,,,,,,,,,,,,,,Series,,,Tool/Kit,,,Drive Size,,,Drive Type,,,Torque Rating,,,Impacts per Minute,,,Voltage Rating,,,Battery Type,,,Battery Capacity,,,Speed Rating,,,Speed Setting,,,Housing Material,,,Housing Color,,,Switch Type,,,Handle Type,,,Handle Material,,,Handle Color,,,Sound Level,,,Overall Length,,,Overall Width,,,Overall Depth,,,Additional Information,,,,,,,,,,,,,,,,,,,,,,,,,,,,,,,,,,,,,,,,,,,,,,,,,,,,,,,,,,,,,,,,,,,,,,,,,,,,,,,,,,,,,,,,,,,,,,,,,,,,,,,,,,,,,,,,,,,,,,,,,,,,,,,,,,,,,
,,,,,,,,,,,3049-20,"3049-20 Milw M12 3/8"" Impact Wrench w/Friction Ring",-- Unbranded --,-- No Unilog Brand --,-- No DIB Brand --,Milwaukee Accessory (4031),Milwaukee Tool,,,3049-20,,Tools & Equipment>Power Tools>Power Fastening Tools>Power Wrenches & Ratchets>Cordless Impact Wrenches,"Milwaukee Tool, Cordless Impact Wrench, 3049-20",CORDLESS IMPACT WRENCH,Milwaukee Tool 3049-20 Cordless Impact Wrench,,Cordless Impact Wrench,,,,,,,,,,,,,,,,,,,,,,,,,,,,Series,,,Tool/Kit,,,Drive Size,,,Drive Type,,,Torque Rating,,,Impacts per Minute,,,Voltage Rating,,,Battery Type,,,Battery Capacity,,,Speed Rating,,,Speed Setting,,,Housing Material,,,Housing Color,,,Switch Type,,,Handle Type,,,Handle Material,,,Handle Color,,,Sound Level,,,Overall Length,,,Overall Width,,,Overall Depth,,,Additional Information,,,,,,,,,,,,,,,,,,,,,,,,,,,,,,,,,,,,,,,,,,,,,,,,,,,,,,,,,,,,,,,,,,,,,,,,,,,,,,,,,,,,,,,,,,,,,,,,,,,,,,,,,,,,,,,,,,,,,,,,,,,,,,,,,,,,,
,,,,,,,,,,,2563-20,"2563-20 Milw M12 Stubby 1/2"" Impact Wrench",-- Unbranded --,-- No Unilog Brand --,-- No DIB Brand --,Milwaukee Accessory (4031),Milwaukee Tool,,,2563-20,,Tools & Equipment>Power Tools>Power Fastening Tools>Power Wrenches & Ratchets>Cordless Impact Wrenches,"Milwaukee Tool, Cordless Impact Wrench, 2563-20",CORDLESS IMPACT WRENCH,Milwaukee Tool 2563-20 Cordless Impact Wrench,,Cordless Impact Wrench,,,,,,,,,,,,,,,,,,,,,,,,,,,,Series,,,Tool/Kit,,,Drive Size,,,Drive Type,,,Torque Rating,,,Impacts per Minute,,,Voltage Rating,,,Battery Type,,,Battery Capacity,,,Speed Rating,,,Speed Setting,,,Housing Material,,,Housing Color,,,Switch Type,,,Handle Type,,,Handle Material,,,Handle Color,,,Sound Level,,,Overall Length,,,Overall Width,,,Overall Depth,,,Additional Information,,,,,,,,,,,,,,,,,,,,,,,,,,,,,,,,,,,,,,,,,,,,,,,,,,,,,,,,,,,,,,,,,,,,,,,,,,,,,,,,,,,,,,,,,,,,,,,,,,,,,,,,,,,,,,,,,,,,,,,,,,,,,,,,,,,,,
,,,,,,,,,,,DCF961B,"Dewalt DCF961B 20V 1/2"" Impact - Bare Tool",-- Unbranded --,-- No Unilog Brand --,DEWALT,Black & Decker/dewlt (2585),Stanley Black & Decker,DEWALT,,DCF961B,,Tools & Equipment>Power Tools>Power Fastening Tools>Power Wrenches & Ratchets>Cordless Impact Wrenches,"Stanley Black & Decker, Cordless Impact Wrench, DCF961B",CORDLESS IMPACT WRENCH 20,Stanley Black & Decker DCF961B Cordless Impact Wrench,,Cordless Impact Wrench,,,,,,,,,,,,,,,,,,,,,,,,,,,,Series,,,Tool/Kit,,,Drive Size,,,Drive Type,,,Torque Rating,,,Impacts per Minute,,,Voltage Rating,20,V,Battery Type,,,Battery Capacity,,,Speed Rating,,,Speed Setting,,,Housing Material,,,Housing Color,,,Switch Type,,,Handle Type,,,Handle Material,,,Handle Color,,,Sound Level,,,Overall Length,,,Overall Width,,,Overall Depth,,,Additional Information,,,,,,,,,,,,,,,,,,,,,,,,,,,,,,,,,,,,,,,,,,,,,,,,,,,,,,,,,,,,,,,,,,,,,,,,,,,,,,,,,,,,,,,,,,,,,,,,,,,,,,,,,,,,,,,,,,,,,,,,,,,,,,,,,,,,,
,,,,,,,,,,,DCF964B,"DCF964B Dewalt 20V 3/4"" Impact - Wrench (Bare)",-- Unbranded --,-- No Unilog Brand --,DEWALT,Black & Decker/dewlt (2585),Stanley Black & Decker,DEWALT,,DCF964B,,Tools & Equipment>Power Tools>Power Fastening Tools>Power Wrenches & Ratchets>Cordless Impact Wrenches,"Stanley Black & Decker, Cordless Impact Wrench, DCF964B",CORDLESS IMPACT WRENCH 20,Stanley Black & Decker DCF964B Cordless Impact Wrench,,Cordless Impact Wrench,,,,,,,,,,,,,,,,,,,,,,,,,,,,Series,,,Tool/Kit,,,Drive Size,,,Drive Type,,,Torque Rating,,,Impacts per Minute,,,Voltage Rating,20,V,Battery Type,,,Battery Capacity,,,Speed Rating,,,Speed Setting,,,Housing Material,,,Housing Color,,,Switch Type,,,Handle Type,,,Handle Material,,,Handle Color,,,Sound Level,,,Overall Length,,,Overall Width,,,Overall Depth,,,Additional Information,,,,,,,,,,,,,,,,,,,,,,,,,,,,,,,,,,,,,,,,,,,,,,,,,,,,,,,,,,,,,,,,,,,,,,,,,,,,,,,,,,,,,,,,,,,,,,,,,,,,,,,,,,,,,,,,,,,,,,,,,,,,,,,,,,,,,
,,,,,,,,,,,2563P-20,"2563P-20 Milw M12 1/2"" Stubby - Impact Wrench w/Pin Detent",-- Unbranded --,-- No Unilog Brand --,-- No DIB Brand --,Milwaukee Accessory (4031),Milwaukee Tool,,,2563P-20,,Tools & Equipment>Power Tools>Power Fastening Tools>Power Wrenches & Ratchets>Cordless Impact Wrenches,"Milwaukee Tool, Cordless Impact Wrench, 2563P-20",CORDLESS IMPACT WRENCH,Milwaukee Tool 2563P-20 Cordless Impact Wrench,,Cordless Impact Wrench,,,,,,,,,,,,,,,,,,,,,,,,,,,,Series,,,Tool/Kit,,,Drive Size,,,Drive Type,,,Torque Rating,,,Impacts per Minute,,,Voltage Rating,,,Battery Type,,,Battery Capacity,,,Speed Rating,,,Speed Setting,,,Housing Material,,,Housing Color,,,Switch Type,,,Handle Type,,,Handle Material,,,Handle Color,,,Sound Level,,,Overall Length,,,Overall Width,,,Overall Depth,,,Additional Information,,,,,,,,,,,,,,,,,,,,,,,,,,,,,,,,,,,,,,,,,,,,,,,,,,,,,,,,,,,,,,,,,,,,,,,,,,,,,,,,,,,,,,,,,,,,,,,,,,,,,,,,,,,,,,,,,,,,,,,,,,,,,,,,,,,,,
,,,,,,,,,,,DCF921P2,DCF921P2 Dewalt 20V 1/2 Impact,-- Unbranded --,-- No Unilog Brand --,-- No DIB Brand --,Black & Decker/dewlt (2585),Stanley Black & Decker,,,DCF921P2,,Tools & Equipment>Power Tools>Power Fastening Tools>Power Wrenches & Ratchets>Cordless Impact Wrenches,"Stanley Black & Decker, Cordless Impact Wrench, DCF921P2",CORDLESS IMPACT WRENCH 20,Stanley Black & Decker DCF921P2 Cordless Impact Wrench,,Cordless Impact Wrench,,,,,,,,,,,,,,,,,,,,,,,,,,,,Series,,,Tool/Kit,,,Drive Size,,,Drive Type,,,Torque Rating,,,Impacts per Minute,,,Voltage Rating,20,V,Battery Type,,,Battery Capacity,,,Speed Rating,,,Speed Setting,,,Housing Material,,,Housing Color,,,Switch Type,,,Handle Type,,,Handle Material,,,Handle Color,,,Sound Level,,,Overall Length,,,Overall Width,,,Overall Depth,,,Additional Information,,,,,,,,,,,,,,,,,,,,,,,,,,,,,,,,,,,,,,,,,,,,,,,,,,,,,,,,,,,,,,,,,,,,,,,,,,,,,,,,,,,,,,,,,,,,,,,,,,,,,,,,,,,,,,,,,,,,,,,,,,,,,,,,,,,,,
https://makitatools.com/products/details/XLT03Z,https://makitatools.com/products/details/XLT03Z,,,,,,,,,,XLT03Z,"XLT03Z Makita 3/8"" 18V Angle Impact",-- Unbranded --,-- No Unilog Brand --,-- No DIB Brand --,Makita Usa Inc (5142),Makita,,,XLT03Z,,Tools & Equipment>Power Tools>Power Finishing Tools>Power Grinders>Cordless Die & Straight Grinders,"Makita, Cordless Die & Straight Grinder, XLT03Z",CORDLESS DIE & STRAIGHT GRINDER 18,Makita XLT03Z Cordless Die & Straight Grinder,,Cordless Die & Straight Grinder,,,,,,,,,,,,,,,,,,,,,,,,,,,,Series,,,Tool/Kit,,,Wheel Diameter,,,Collet Size,,,Grinder Orientation,,,Voltage Rating,18,V,Battery Type,,,Battery Capacity,,,Speed Rating,,,Speed Setting,,,Housing Material,,,Housing Color,,,Switch Type,,,Handle Type,,,Handle Material,,,Handle Color,,,Sound Level,,,Overall Length,,,Overall Width,,,Overall Depth,,,Additional Information,,,,,,,,,,,,,,,,,,,,,,,,,,,,,,,,,,,,,,,,,,,,,,,,,,,,,,,,,,,,,,,,,,,,,,,,,,,,,,,,,,,,,,,,,,,,,,,,,,,,,,,,,,,,,,,,,,,,,,,,,,,,,,,,,,,,,,,,
https://makitatools.com/products/details/XLT04Z,https://makitatools.com/products/details/XLT04Z,,,,,,,,,,XLT04Z,"XLT04Z Makita 1/4"" 18V Angle Impact",-- Unbranded --,-- No Unilog Brand --,-- No DIB Brand --,Makita Usa Inc (5142),Makita,,,XLT04Z,,Tools & Equipment>Power Tools>Power Finishing Tools>Power Grinders>Cordless Die & Straight Grinders,"Makita, Cordless Die & Straight Grinder, XLT04Z",CORDLESS DIE & STRAIGHT GRINDER 18,Makita XLT04Z Cordless Die & Straight Grinder,,Cordless Die & Straight Grinder,,,,,,,,,,,,,,,,,,,,,,,,,,,,Series,,,Tool/Kit,,,Wheel Diameter,,,Collet Size,,,Grinder Orientation,,,Voltage Rating,18,V,Battery Type,,,Battery Capacity,,,Speed Rating,,,Speed Setting,,,Housing Material,,,Housing Color,,,Switch Type,,,Handle Type,,,Handle Material,,,Handle Color,,,Sound Level,,,Overall Length,,,Overall Width,,,Overall Depth,,,Additional Information,,,,,,,,,,,,,,,,,,,,,,,,,,,,,,,,,,,,,,,,,,,,,,,,,,,,,,,,,,,,,,,,,,,,,,,,,,,,,,,,,,,,,,,,,,,,,,,,,,,,,,,,,,,,,,,,,,,,,,,,,,,,,,,,,,,,,,,,
https://makitatools.com/products/details/XLT05Z,https://makitatools.com/products/details/XLT05Z,,,,,,,,,,XLT05Z,"XLT05Z Makita 1/2"" 18V Angle Impact",-- Unbranded --,-- No Unilog Brand --,-- No DIB Brand --,Makita Usa Inc (5142),Makita,,,XLT05Z,,Tools & Equipment>Power Tools>Power Finishing Tools>Power Grinders>Cordless Die & Straight Grinders,"Makita, Cordless Die & Straight Grinder, XLT05Z",CORDLESS DIE & STRAIGHT GRINDER 18,Makita XLT05Z Cordless Die & Straight Grinder,,Cordless Die & Straight Grinder,,,,,,,,,,,,,,,,,,,,,,,,,,,,Series,,,Tool/Kit,,,Wheel Diameter,,,Collet Size,,,Grinder Orientation,,,Voltage Rating,18,V,Battery Type,,,Battery Capacity,,,Speed Rating,,,Speed Setting,,,Housing Material,,,Housing Color,,,Switch Type,,,Handle Type,,,Handle Material,,,Handle Color,,,Sound Level,,,Overall Length,,,Overall Width,,,Overall Depth,,,Additional Information,,,,,,,,,,,,,,,,,,,,,,,,,,,,,,,,,,,,,,,,,,,,,,,,,,,,,,,,,,,,,,,,,,,,,,,,,,,,,,,,,,,,,,,,,,,,,,,,,,,,,,,,,,,,,,,,,,,,,,,,,,,,,,,,,,,,,,,,
,,,,,,,,,,,DCF510B,Dewalt DCF510B 20V Rachet - Interchangeable Anvil,-- Unbranded --,-- No Unilog Brand --,DEWALT,Black & Decker/dewlt (2585),Stanley Black & Decker,DEWALT,,DCF510B,,Tools & Equipment>Power Tools>Power Fastening Tools>Power Wrenches & Ratchets>Cordless Ratchet Wrenches,"Stanley Black & Decker, Cordless Ratchet Wrench, DCF510B",CORDLESS RATCHET WRENCH 20,Stanley Black & Decker DCF510B Cordless Ratchet Wrench,,Cordless Ratchet Wrench,,,,,,,,,,,,,,,,,,,,,,,,,,,,Series,,,Tool/Kit,,,Drive Size,,,Drive Type,,,Torque Rating,,,Voltage Rating,20,V,Battery Type,,,Battery Capacity,,,Speed Rating,,,Speed Setting,,,Housing Material,,,Housing Color,,,Switch Type,,,Handle Type,,,Handle Material,,,Handle Color,,,Sound Level,,,Overall Length,,,Overall Width,,,Overall Depth,,,Additional Information,,,,,,,,,,,,,,,,,,,,,,,,,,,,,,,,,,,,,,,,,,,,,,,,,,,,,,,,,,,,,,,,,,,,,,,,,,,,,,,,,,,,,,,,,,,,,,,,,,,,,,,,,,,,,,,,,,,,,,,,,,,,,,,,,,,,,,,,
,,,,,,,,,,,3052-20,"3052-20 Milw M12 Fuel 1/4"" Rachet",-- Unbranded --,-- No Unilog Brand --,-- No DIB Brand --,Milwaukee Accessory (4031),Milwaukee Tool,,,3052-20,,Tools & Equipment>Power Tools>Power Fastening Tools>Power Wrenches & Ratchets>Cordless Ratchet Wrenches,"Milwaukee Tool, Cordless Ratchet Wrench, 3052-20",CORDLESS RATCHET WRENCH,Milwaukee Tool 3052-20 Cordless Ratchet Wrench,,Cordless Ratchet Wrench,,,,,,,,,,,,,,,,,,,,,,,,,,,,Series,,,Tool/Kit,,,Drive Size,,,Drive Type,,,Torque Rating,,,Voltage Rating,,,Battery Type,,,Battery Capacity,,,Speed Rating,,,Speed Setting,,,Housing Material,,,Housing Color,,,Switch Type,,,Handle Type,,,Handle Material,,,Handle Color,,,Sound Level,,,Overall Length,,,Overall Width,,,Overall Depth,,,Additional Information,,,,,,,,,,,,,,,,,,,,,,,,,,,,,,,,,,,,,,,,,,,,,,,,,,,,,,,,,,,,,,,,,,,,,,,,,,,,,,,,,,,,,,,,,,,,,,,,,,,,,,,,,,,,,,,,,,,,,,,,,,,,,,,,,,,,,,,,
,,,,,,,,,,,3054-20,"3054-20 Milw M12 1/2"" Ratchet (Bare)",-- Unbranded --,-- No Unilog Brand --,-- No DIB Brand --,Milwaukee Accessory (4031),Milwaukee Tool,,,3054-20,,Tools & Equipment>Power Tools>Power Fastening Tools>Power Wrenches & Ratchets>Cordless Ratchet Wrenches,"Milwaukee Tool, Cordless Ratchet Wrench, 3054-20",CORDLESS RATCHET WRENCH,Milwaukee Tool 3054-20 Cordless Ratchet Wrench,,Cordless Ratchet Wrench,,,,,,,,,,,,,,,,,,,,,,,,,,,,Series,,,Tool/Kit,,,Drive Size,,,Drive Type,,,Torque Rating,,,Voltage Rating,,,Battery Type,,,Battery Capacity,,,Speed Rating,,,Speed Setting,,,Housing Material,,,Housing Color,,,Switch Type,,,Handle Type,,,Handle Material,,,Handle Color,,,Sound Level,,,Overall Length,,,Overall Width,,,Overall Depth,,,Additional Information,,,,,,,,,,,,,,,,,,,,,,,,,,,,,,,,,,,,,,,,,,,,,,,,,,,,,,,,,,,,,,,,,,,,,,,,,,,,,,,,,,,,,,,,,,,,,,,,,,,,,,,,,,,,,,,,,,,,,,,,,,,,,,,,,,,,,,,,
,,,,,,,,,,,DCF513EB,"DCF513EB Dewalt 3/8"" Open Head Rachet",-- Unbranded --,-- No Unilog Brand --,-- No DIB Brand --,Black & Decker/dewlt (2585),Stanley Black & Decker,,,DCF513EB,,Tools & Equipment>Power Tools>Power Fastening Tools>Power Wrenches & Ratchets>Cordless Ratchet Wrenches,"Stanley Black & Decker, Cordless Ratchet Wrench, DCF513EB",CORDLESS RATCHET WRENCH,Stanley Black & Decker DCF513EB Cordless Ratchet Wrench,,Cordless Ratchet Wrench,,,,,,,,,,,,,,,,,,,,,,,,,,,,Series,,,Tool/Kit,,,Drive Size,,,Drive Type,,,Torque Rating,,,Voltage Rating,,,Battery Type,,,Battery Capacity,,,Speed Rating,,,Speed Setting,,,Housing Material,,,Housing Color,,,Switch Type,,,Handle Type,,,Handle Material,,,Handle Color,,,Sound Level,,,Overall Length,,,Overall Width,,,Overall Depth,,,Additional Information,,,,,,,,,,,,,,,,,,,,,,,,,,,,,,,,,,,,,,,,,,,,,,,,,,,,,,,,,,,,,,,,,,,,,,,,,,,,,,,,,,,,,,,,,,,,,,,,,,,,,,,,,,,,,,,,,,,,,,,,,,,,,,,,,,,,,,,,
https://makitatools.com/products/details/XVP01Z,https://makitatools.com/products/details/XVP01Z,,,,,,,,,,XVP01Z,"XVP01Z Makita 18V 3"" Polisher/ 2"" Sander",-- Unbranded --,-- No Unilog Brand --,-- No DIB Brand --,Makita Usa Inc (5142),Makita,,,XVP01Z,,Tools & Equipment>Power Tools>Power Finishing Tools>Power Buffers & Polishers>Cordless Buffers & Polishers,"Makita, Cordless Buffers & Polisher, XVP01Z",CORDLESS BUFFERS & POLISHER 18,Makita XVP01Z Cordless Buffers & Polisher,,Cordless Buffers & Polisher,,,,,,,,,,,,,,,,,,,,,,,,,,,,Series,,,Tool/Kit,,,Pad Size,,,Spindle Thread Size,,,Voltage Rating,18,V,Battery Type,,,Battery Capacity,,,Speed Rating,,,Speed Setting,,,Housing Material,,,Housing Color,,,Switch Type,,,Handle Type,,,Handle Material,,,Handle Color,,,Sound Level,,,Overall Length,,,Overall Width,,,Overall Depth,,,Additional Information,,,,,,,,,,,,,,,,,,,,,,,,,,,,,,,,,,,,,,,,,,,,,,,,,,,,,,,,,,,,,,,,,,,,,,,,,,,,,,,,,,,,,,,,,,,,,,,,,,,,,,,,,,,,,,,,,,,,,,,,,,,,,,,,,,,,,,,,,,,
,,,,,,,,,,,DCM200B,DCM200B Dewalt 1/2in x 18in - Band File,-- Unbranded --,-- No Unilog Brand --,DEWALT,Black & Decker/dewlt (2585),Stanley Black & Decker,DEWALT,,DCM200B,,Tools & Equipment>Power Tools>Power Drills>Cordless Drills,"Stanley Black & Decker, Cordless Drill, DCM200B",CORDLESS DRILL 2 18,Stanley Black & Decker DCM200B Cordless Drill,,Cordless Drill,,,,,,,,,,,,,,,,,,,,,,,,,,,,Series,,,Tool/Kit,,,Torque Rating,,,Chuck Size,2,in,Chuck Type,,,Chuck Material,,,Voltage Rating,,,Battery Type,,,Battery Capacity,,,Speed Rating,,,Speed Setting,,,Housing Material,,,Housing Color,,,Switch Type,,,Handle Type,,,Handle Material,,,Handle Color,,,Sound Level,,,Overall Length,18,in,Overall Width,,,Overall Depth,,,Additional Information,,,,,,,,,,,,,,,,,,,,,,,,,,,,,,,,,,,,,,,,,,,,,,,,,,,,,,,,,,,,,,,,,,,,,,,,,,,,,,,,,,,,,,,,,,,,,,,,,,,,,,,,,,,,,,,,,,,,,,,,,,,,,,,,,,,,,
,,,,,,,,,,,DCG410B,"DCG410B Dewalt 20V 4-1/2""-5"" - Angle Grinder (Bare)",-- Unbranded --,-- No Unilog Brand --,DEWALT,Black & Decker/dewlt (2585),Stanley Black & Decker,DEWALT,,DCG410B,,Tools & Equipment>Power Tools>Power Finishing Tools>Power Grinders>Cordless Die & Straight Grinders,"Stanley Black & Decker, Cordless Die & Straight Grinder, DCG410B",CORDLESS DIE & STRAIGHT GRINDER 20,Stanley Black & Decker DCG410B Cordless Die & Straight Grinder,,Cordless Die & Straight Grinder,,,,,,,,,,,,,,,,,,,,,,,,,,,,Series,,,Tool/Kit,,,Wheel Diameter,,,Collet Size,,,Grinder Orientation,,,Voltage Rating,20,V,Battery Type,,,Battery Capacity,,,Speed Rating,,,Speed Setting,,,Housing Material,,,Housing Color,,,Switch Type,,,Handle Type,,,Handle Material,,,Handle Color,,,Sound Level,,,Overall Length,,,Overall Width,,,Overall Depth,,,Additional Information,,,,,,,,,,,,,,,,,,,,,,,,,,,,,,,,,,,,,,,,,,,,,,,,,,,,,,,,,,,,,,,,,,,,,,,,,,,,,,,,,,,,,,,,,,,,,,,,,,,,,,,,,,,,,,,,,,,,,,,,,,,,,,,,,,,,,,,,
,,,,,,,,,,,DCG460B,"DCG460B Dewalt 60V Grinder - 7-9""",-- Unbranded --,-- No Unilog Brand --,DEWALT,Black & Decker/dewlt (2585),Stanley Black & Decker,DEWALT,,DCG460B,,Tools & Equipment>Power Tools>Power Finishing Tools>Power Grinders>Cordless Die & Straight Grinders,"Stanley Black & Decker, Cordless Die & Straight Grinder, DCG460B",CORDLESS DIE & STRAIGHT GRINDER 60,Stanley Black & Decker DCG460B Cordless Die & Straight Grinder,,Cordless Die & Straight Grinder,,,,,,,,,,,,,,,,,,,,,,,,,,,,Series,,,Tool/Kit,,,Wheel Diameter,,,Collet Size,,,Grinder Orientation,,,Voltage Rating,60,V,Battery Type,,,Battery Capacity,,,Speed Rating,,,Speed Setting,,,Housing Material,,,Housing Color,,,Switch Type,,,Handle Type,,,Handle Material,,,Handle Color,,,Sound Level,,,Overall Length,,,Overall Width,,,Overall Depth,,,Additional Information,,,,,,,,,,,,,,,,,,,,,,,,,,,,,,,,,,,,,,,,,,,,,,,,,,,,,,,,,,,,,,,,,,,,,,,,,,,,,,,,,,,,,,,,,,,,,,,,,,,,,,,,,,,,,,,,,,,,,,,,,,,,,,,,,,,,,,,,
,,,,,,,,,,,DCG402B,"DCG402B Dewalt 20V 4.5"" Angle Grinder (Bare)",-- Unbranded --,-- No Unilog Brand --,-- No DIB Brand --,Black & Decker/dewlt (2585),Stanley Black & Decker,,,DCG402B,,Tools & Equipment>Power Tools>Power Finishing Tools>Power Grinders>Cordless Die & Straight Grinders,"Stanley Black & Decker, Cordless Die & Straight Grinder, DCG402B",CORDLESS DIE & STRAIGHT GRINDER 20,Stanley Black & Decker DCG402B Cordless Die & Straight Grinder,,Cordless Die & Straight Grinder,,,,,,,,,,,,,,,,,,,,,,,,,,,,Series,,,Tool/Kit,,,Wheel Diameter,,,Collet Size,,,Grinder Orientation,,,Voltage Rating,20,V,Battery Type,,,Battery Capacity,,,Speed Rating,,,Speed Setting,,,Housing Material,,,Housing Color,,,Switch Type,,,Handle Type,,,Handle Material,,,Handle Color,,,Sound Level,,,Overall Length,,,Overall Width,,,Overall Depth,,,Additional Information,,,,,,,,,,,,,,,,,,,,,,,,,,,,,,,,,,,,,,,,,,,,,,,,,,,,,,,,,,,,,,,,,,,,,,,,,,,,,,,,,,,,,,,,,,,,,,,,,,,,,,,,,,,,,,,,,,,,,,,,,,,,,,,,,,,,,,,,
,,,,,,,,,,,3485-20,"3485-20 Milw M12 1/4"" Right Angle Die Grinder",-- Unbranded --,-- No Unilog Brand --,-- No DIB Brand --,Milwaukee Accessory (4031),Milwaukee Tool,,,3485-20,,Tools & Equipment>Power Tools>Power Finishing Tools>Power Grinders>Cordless Die & Straight Grinders,"Milwaukee Tool, Cordless Die & Straight Grinder, 3485-20",CORDLESS DIE & STRAIGHT GRINDER,Milwaukee Tool 3485-20 Cordless Die & Straight Grinder,,Cordless Die & Straight Grinder,,,,,,,,,,,,,,,,,,,,,,,,,,,,Series,,,Tool/Kit,,,Wheel Diameter,,,Collet Size,,,Grinder Orientation,,,Voltage Rating,,,Battery Type,,,Battery Capacity,,,Speed Rating,,,Speed Setting,,,Housing Material,,,Housing Color,,,Switch Type,,,Handle Type,,,Handle Material,,,Handle Color,,,Sound Level,,,Overall Length,,,Overall Width,,,Overall Depth,,,Additional Information,,,,,,,,,,,,,,,,,,,,,,,,,,,,,,,,,,,,,,,,,,,,,,,,,,,,,,,,,,,,,,,,,,,,,,,,,,,,,,,,,,,,,,,,,,,,,,,,,,,,,,,,,,,,,,,,,,,,,,,,,,,,,,,,,,,,,,,,
,,,,,,,,,,,DCG420B,DCG420B Dewalt 20V Die Grinder (Bare),-- Unbranded --,-- No Unilog Brand --,-- No DIB Brand --,Black & Decker/dewlt (2585),Stanley Black & Decker,,,DCG420B,,Tools & Equipment>Power Tools>Power Finishing Tools>Power Grinders>Cordless Die & Straight Grinders,"Stanley Black & Decker, Cordless Die & Straight Grinder, DCG420B",CORDLESS DIE & STRAIGHT GRINDER 20,Stanley Black & Decker DCG420B Cordless Die & Straight Grinder,,Cordless Die & Straight Grinder,,,,,,,,,,,,,,,,,,,,,,,,,,,,Series,,,Tool/Kit,,,Wheel Diameter,,,Collet Size,,,Grinder Orientation,,,Voltage Rating,20,V,Battery Type,,,Battery Capacity,,,Speed Rating,,,Speed Setting,,,Housing Material,,,Housing Color,,,Switch Type,,,Handle Type,,,Handle Material,,,Handle Color,,,Sound Level,,,Overall Length,,,Overall Width,,,Overall Depth,,,Additional Information,,,,,,,,,,,,,,,,,,,,,,,,,,,,,,,,,,,,,,,,,,,,,,,,,,,,,,,,,,,,,,,,,,,,,,,,,,,,,,,,,,,,,,,,,,,,,,,,,,,,,,,,,,,,,,,,,,,,,,,,,,,,,,,,,,,,,,,,
,,,,,,,,,,,DCG422B,DCG422B Dewalt 20V Right Angle Die Grinder (Bare),-- Unbranded --,-- No Unilog Brand --,-- No DIB Brand --,Black & Decker/dewlt (2585),Stanley Black & Decker,,,DCG422B,,Tools & Equipment>Power Tools>Power Finishing Tools>Power Grinders>Cordless Die & Straight Grinders,"Stanley Black & Decker, Cordless Die & Straight Grinder, DCG422B",CORDLESS DIE & STRAIGHT GRINDER 20,Stanley Black & Decker DCG422B Cordless Die & Straight Grinder,,Cordless Die & Straight Grinder,,,,,,,,,,,,,,,,,,,,,,,,,,,,Series,,,Tool/Kit,,,Wheel Diameter,,,Collet Size,,,Grinder Orientation,,,Voltage Rating,20,V,Battery Type,,,Battery Capacity,,,Speed Rating,,,Speed Setting,,,Housing Material,,,Housing Color,,,Switch Type,,,Handle Type,,,Handle Material,,,Handle Color,,,Sound Level,,,Overall Length,,,Overall Width,,,Overall Depth,,,Additional Information,,,,,,,,,,,,,,,,,,,,,,,,,,,,,,,,,,,,,,,,,,,,,,,,,,,,,,,,,,,,,,,,,,,,,,,,,,,,,,,,,,,,,,,,,,,,,,,,,,,,,,,,,,,,,,,,,,,,,,,,,,,,,,,,,,,,,,,,
,,,,,,,,,,,924422,924422 Mafell Carpentry - Planing Machine ZH 320 Ec 120V,-- Unbranded --,-- No Unilog Brand --,-- No DIB Brand --,-,,,,924422,,,,,,,,,,,,,,,,,,,,,,,,,,,,,,,,,,,,,,,,,,,,,,,,,,,,,,,,,,,,,,,,,,,,,,,,,,,,,,,,,,,,,,,,,,,,,,,,,,,,,,,,,,,,,,,,,,,,,,,,,,,,,,,,,,,,,,,,,,,,,,,,,,,,,,,,,,,,,,,,,,,,,,,,,,,,,,,,,,,,,,,,,,,,,,,,,,,,,,,,,,,,,,,,,,,,,,,,,,,,,,,,,,,,,,,
,,,,,,,,,,,DCW620B,DCW620B Dewalt 20V Plunge - Router,-- Unbranded --,-- No Unilog Brand --,-- No DIB Brand --,Black & Decker/dewlt (2585),Stanley Black & Decker,,,DCW620B,,Tools & Equipment>Power Tools>Power Drills>Cordless Drills,"Stanley Black & Decker, Cordless Drill, DCW620B",CORDLESS DRILL 20,Stanley Black & Decker DCW620B Cordless Drill,,Cordless Drill,,,,,,,,,,,,,,,,,,,,,,,,,,,,Series,,,Tool/Kit,,,Torque Rating,,,Chuck Size,,,Chuck Type,,,Chuck Material,,,Voltage Rating,20,V,Battery Type,,,Battery Capacity,,,Speed Rating,,,Speed Setting,,,Housing Material,,,Housing Color,,,Switch Type,,,Handle Type,,,Handle Material,,,Handle Color,,,Sound Level,,,Overall Length,,,Overall Width,,,Overall Depth,,,Additional Information,,,,,,,,,,,,,,,,,,,,,,,,,,,,,,,,,,,,,,,,,,,,,,,,,,,,,,,,,,,,,,,,,,,,,,,,,,,,,,,,,,,,,,,,,,,,,,,,,,,,,,,,,,,,,,,,,,,,,,,,,,,,,,,,,,,,,
,,,,,,,,,,,2535-20,"2535-20 Milw 3"" Orbit Sander - M12",-- Unbranded --,-- No Unilog Brand --,-- No DIB Brand --,Milwaukee Accessory (4031),Milwaukee Tool,,,2535-20,,Tools & Equipment>Power Tools>Power Finishing Tools>Power Buffers & Polishers>Cordless Buffers & Polishers,"Milwaukee Tool, Cordless Buffers & Polisher, 2535-20",CORDLESS BUFFERS & POLISHER,Milwaukee Tool 2535-20 Cordless Buffers & Polisher,,Cordless Buffers & Polisher,,,,,,,,,,,,,,,,,,,,,,,,,,,,Series,,,Tool/Kit,,,Pad Size,,,Spindle Thread Size,,,Voltage Rating,,,Battery Type,,,Battery Capacity,,,Speed Rating,,,Speed Setting,,,Housing Material,,,Housing Color,,,Switch Type,,,Handle Type,,,Handle Material,,,Handle Color,,,Sound Level,,,Overall Length,,,Overall Width,,,Overall Depth,,,Additional Information,,,,,,,,,,,,,,,,,,,,,,,,,,,,,,,,,,,,,,,,,,,,,,,,,,,,,,,,,,,,,,,,,,,,,,,,,,,,,,,,,,,,,,,,,,,,,,,,,,,,,,,,,,,,,,,,,,,,,,,,,,,,,,,,,,,,,,,,,,,
,,,,,,,,,,,2837-20,"2837-20 Milw M18 5"" Sander - Orbital (Bare)",-- Unbranded --,-- No Unilog Brand --,Milwaukee,Milwaukee Accessory (4031),Milwaukee Tool,Milwaukee,,2837-20,,Tools & Equipment>Power Tools>Power Finishing Tools>Power Buffers & Polishers>Cordless Buffers & Polishers,"Milwaukee Tool, Cordless Buffers & Polisher, 2837-20",CORDLESS BUFFERS & POLISHER,Milwaukee Tool 2837-20 Cordless Buffers & Polisher,,Cordless Buffers & Polisher,,,,,,,,,,,,,,,,,,,,,,,,,,,,Series,,,Tool/Kit,,,Pad Size,,,Spindle Thread Size,,,Voltage Rating,,,Battery Type,,,Battery Capacity,,,Speed Rating,,,Speed Setting,,,Housing Material,,,Housing Color,,,Switch Type,,,Handle Type,,,Handle Material,,,Handle Color,,,Sound Level,,,Overall Length,,,Overall Width,,,Overall Depth,,,Additional Information,,,,,,,,,,,,,,,,,,,,,,,,,,,,,,,,,,,,,,,,,,,,,,,,,,,,,,,,,,,,,,,,,,,,,,,,,,,,,,,,,,,,,,,,,,,,,,,,,,,,,,,,,,,,,,,,,,,,,,,,,,,,,,,,,,,,,,,,,,,
,,,,,,,,,,,577728,577728 Festool Cordless Sander - ETSC 2 150 I-Plus,-- Unbranded --,-- No Unilog Brand --,-- No DIB Brand --,Festool USA (FESTO),,,,577728,,"Tools & Equipment>Hand Tools>Hex, Torx & Spline Keys>Hex Key Sets","Hex Key Set, 577728",HEX KEY SET,577728 Hex Key Set,,Hex Key Set,,,,,,,,,,,,,,,,,,,,,,,,,,,,Series,,,Model,,,Tip Type,,,Tip Size,,,System of Measurement,,,Key Shape,,,Short Leg Length,,,Long Leg Length,,,Working Angle,,,Number of Pieces,,,Suitable For Use With,,,Material,,,Finish,,,Additional Information,,,,,,,,,,,,,,,,,,,,,,,,,,,,,,,,,,,,,,,,,,,,,,,,,,,,,,,,,,,,,,,,,,,,,,,,,,,,,,,,,,,,,,,,,,,,,,,,,,,,,,,,,,,,,,,,,,,,,,,,,,,,,,,,,,,,,,,,,,,,,,,,,,,,,,,,,,,,,
,,,,,,,,,,,577738,577738 Festool Cordless Sander - ETSC 2 125 I-Plus,-- Unbranded --,-- No Unilog Brand --,-- No DIB Brand --,Festool USA (FESTO),,,,577738,,"Tools & Equipment>Hand Tools>Hex, Torx & Spline Keys>Hex Key Sets","Hex Key Set, 577738",HEX KEY SET,577738 Hex Key Set,,Hex Key Set,,,,,,,,,,,,,,,,,,,,,,,,,,,,Series,,,Model,,,Tip Type,,,Tip Size,,,System of Measurement,,,Key Shape,,,Short Leg Length,,,Long Leg Length,,,Working Angle,,,Number of Pieces,,,Suitable For Use With,,,Material,,,Finish,,,Additional Information,,,,,,,,,,,,,,,,,,,,,,,,,,,,,,,,,,,,,,,,,,,,,,,,,,,,,,,,,,,,,,,,,,,,,,,,,,,,,,,,,,,,,,,,,,,,,,,,,,,,,,,,,,,,,,,,,,,,,,,,,,,,,,,,,,,,,,,,,,,,,,,,,,,,,,,,,,,,,
,,,,,,,,,,,KPTRS500A,"KPTRS500A Kreg 20V Ionic 5"" Random Orbit Sander",-- Unbranded --,-- No Unilog Brand --,-- No DIB Brand --,Kreg Tool Company (KRETO),,,,KPTRS500A,,Tools & Equipment>Power Tools>Power Finishing Tools>Power Buffers & Polishers>Cordless Buffers & Polishers,"Cordless Buffers & Polisher, KPTRS500A",CORDLESS BUFFERS & POLISHER 20,KPTRS500A Cordless Buffers & Polisher,,Cordless Buffers & Polisher,,,,,,,,,,,,,,,,,,,,,,,,,,,,Series,,,Tool/Kit,,,Pad Size,,,Spindle Thread Size,,,Voltage Rating,20,V,Battery Type,,,Battery Capacity,,,Speed Rating,,,Speed Setting,,,Housing Material,,,Housing Color,,,Switch Type,,,Handle Type,,,Handle Material,,,Handle Color,,,Sound Level,,,Overall Length,,,Overall Width,,,Overall Depth,,,Additional Information,,,,,,,,,,,,,,,,,,,,,,,,,,,,,,,,,,,,,,,,,,,,,,,,,,,,,,,,,,,,,,,,,,,,,,,,,,,,,,,,,,,,,,,,,,,,,,,,,,,,,,,,,,,,,,,,,,,,,,,,,,,,,,,,,,,,,,,,,,,
,,,,,,,,,,,24-35M-320,"24-35M-320 Iridium Grip - 3.2"" x 5.2"" Grip",-- Unbranded --,-- No Unilog Brand --,-- No DIB Brand --,Mirka Abrasives Inc (MIRUS),Mirka Ltd,,,24-35M-320,,Tools & Equipment>Power Tools>Oscillating Tools>Oscillating Tool Sandpaper & Sanding Pads,"Mirka Ltd, Oscillating Tool Sandpaper & Sanding Pad, 24-35M-320",OSCILLATING TOOL SANDPAPER & SANDING PAD,Mirka Ltd 24-35M-320 Oscillating Tool Sandpaper & Sanding Pad,,Oscillating Tool Sandpaper & Sanding Pad,,,,,,,,,,,,,,,,,,,,,,,,,,,,Series,,,Length,,,Width,,,Grit Size,,,Grit Grade,,,Abrasive Material,,,Backing Material,,,Backing Weight,,,Bond Type,,,Cut Materials,,,Color,,,Number of Sheets,,,Additional Information,,,,,,,,,,,,,,,,,,,,,,,,,,,,,,,,,,,,,,,,,,,,,,,,,,,,,,,,,,,,,,,,,,,,,,,,,,,,,,,,,,,,,,,,,,,,,,,,,,,,,,,,,,,,,,,,,,,,,,,,,,,,,,,,,,,,,,,,,,,,,,,,,,,,,,,,,,,,,,,,
,,,,,,,,,,,9A-129-120,9A-129-120 Abranet 3x4 - 50 Sheets/Box,-- Unbranded --,-- No Unilog Brand --,-- No DIB Brand --,Mirka Abrasives Inc (MIRUS),Mirka Ltd,,,9A-129-120,,Tools & Equipment>Power Tools>Oscillating Tools>Oscillating Tool Sandpaper & Sanding Pads,"Mirka Ltd, Oscillating Tool Sandpaper & Sanding Pad, 9A-129-120",OSCILLATING TOOL SANDPAPER & SANDING PAD,Mirka Ltd 9A-129-120 Oscillating Tool Sandpaper & Sanding Pad,,Oscillating Tool Sandpaper & Sanding Pad,,,,,,,,,,,,,,,,,,,,,,,,,,,,Series,,,Length,,,Width,,,Grit Size,,,Grit Grade,,,Abrasive Material,,,Backing Material,,,Backing Weight,,,Bond Type,,,Cut Materials,,,Color,,,Number of Sheets,,,Additional Information,,,,,,,,,,,,,,,,,,,,,,,,,,,,,,,,,,,,,,,,,,,,,,,,,,,,,,,,,,,,,,,,,,,,,,,,,,,,,,,,,,,,,,,,,,,,,,,,,,,,,,,,,,,,,,,,,,,,,,,,,,,,,,,,,,,,,,,,,,,,,,,,,,,,,,,,,,,,,,,,
,,,,,,,,,,,578800,578800 Festool 80x133 M GR PRO/10,-- Unbranded --,-- No Unilog Brand --,-- No DIB Brand --,Festool USA (FESTO),,,,578800,,,,,,,,,,,,,,,,,,,,,,,,,,,,,,,,,,,,,,,,,,,,,,,,,,,,,,,,,,,,,,,,,,,,,,,,,,,,,,,,,,,,,,,,,,,,,,,,,,,,,,,,,,,,,,,,,,,,,,,,,,,,,,,,,,,,,,,,,,,,,,,,,,,,,,,,,,,,,,,,,,,,,,,,,,,,,,,,,,,,,,,,,,,,,,,,,,,,,,,,,,,,,,,,,,,,,,,,,,,,,,,,,,,,,,,
,,,,,,,,,,,578801,578801 Festool 80x133 F GR PRO/10,-- Unbranded --,-- No Unilog Brand --,-- No DIB Brand --,Festool USA (FESTO),,,,578801,,,,,,,,,,,,,,,,,,,,,,,,,,,,,,,,,,,,,,,,,,,,,,,,,,,,,,,,,,,,,,,,,,,,,,,,,,,,,,,,,,,,,,,,,,,,,,,,,,,,,,,,,,,,,,,,,,,,,,,,,,,,,,,,,,,,,,,,,,,,,,,,,,,,,,,,,,,,,,,,,,,,,,,,,,,,,,,,,,,,,,,,,,,,,,,,,,,,,,,,,,,,,,,,,,,,,,,,,,,,,,,,,,,,,,,
,,,,,,,,,,,578802,578802 Festool 80x133 S GR PRO/10,-- Unbranded --,-- No Unilog Brand --,-- No DIB Brand --,Festool USA (FESTO),,,,578802,,,,,,,,,,,,,,,,,,,,,,,,,,,,,,,,,,,,,,,,,,,,,,,,,,,,,,,,,,,,,,,,,,,,,,,,,,,,,,,,,,,,,,,,,,,,,,,,,,,,,,,,,,,,,,,,,,,,,,,,,,,,,,,,,,,,,,,,,,,,,,,,,,,,,,,,,,,,,,,,,,,,,,,,,,,,,,,,,,,,,,,,,,,,,,,,,,,,,,,,,,,,,,,,,,,,,,,,,,,,,,,,,,,,,,,
,,,,,,,,,,,578808,578808 Festool 3x4 M GR PRO/10,-- Unbranded --,-- No Unilog Brand --,-- No DIB Brand --,Festool USA (FESTO),,,,578808,,,,,,,,,,,,,,,,,,,,,,,,,,,,,,,,,,,,,,,,,,,,,,,,,,,,,,,,,,,,,,,,,,,,,,,,,,,,,,,,,,,,,,,,,,,,,,,,,,,,,,,,,,,,,,,,,,,,,,,,,,,,,,,,,,,,,,,,,,,,,,,,,,,,,,,,,,,,,,,,,,,,,,,,,,,,,,,,,,,,,,,,,,,,,,,,,,,,,,,,,,,,,,,,,,,,,,,,,,,,,,,,,,,,,,,
,,,,,,,,,,,578809,578809 Festool 3x4 F GR PRO/10,-- Unbranded --,-- No Unilog Brand --,-- No DIB Brand --,Festool USA (FESTO),,,,578809,,,,,,,,,,,,,,,,,,,,,,,,,,,,,,,,,,,,,,,,,,,,,,,,,,,,,,,,,,,,,,,,,,,,,,,,,,,,,,,,,,,,,,,,,,,,,,,,,,,,,,,,,,,,,,,,,,,,,,,,,,,,,,,,,,,,,,,,,,,,,,,,,,,,,,,,,,,,,,,,,,,,,,,,,,,,,,,,,,,,,,,,,,,,,,,,,,,,,,,,,,,,,,,,,,,,,,,,,,,,,,,,,,,,,,,
,,,,,,,,,,,578810,578810 Festool 3x4 S GR PRO/10,-- Unbranded --,-- No Unilog Brand --,-- No DIB Brand --,Festool USA (FESTO),,,,578810,,,,,,,,,,,,,,,,,,,,,,,,,,,,,,,,,,,,,,,,,,,,,,,,,,,,,,,,,,,,,,,,,,,,,,,,,,,,,,,,,,,,,,,,,,,,,,,,,,,,,,,,,,,,,,,,,,,,,,,,,,,,,,,,,,,,,,,,,,,,,,,,,,,,,,,,,,,,,,,,,,,,,,,,,,,,,,,,,,,,,,,,,,,,,,,,,,,,,,,,,,,,,,,,,,,,,,,,,,,,,,,,,,,,,,,
,,,,,,,,,,,578811,578811 Festool 3x4 GR PRO/10-Set,-- Unbranded --,-- No Unilog Brand --,-- No DIB Brand --,Festool USA (FESTO),,,,578811,,Tools & Equipment>Power Tools>Power Fastening Tools>Power Screwdrivers>Power Nut Setters & Bit Holders,"Power Nut Setters & Bit Holder, 578811",POWER NUT SETTERS & BIT HOLDER,578811 Power Nut Setters & Bit Holder,,Power Nut Setters & Bit Holder,,,,,,,,,,,,,,,,,,,,,,,,,,,,Series,,,Drive Size,,,Drive Type,,,Shank Size,,,Shank Type,,,Overall Length,,,Material,,,Finish,,,Color,,,Suitable For Use With,,,Additional Information,,,,,,,,,,,,,,,,,,,,,,,,,,,,,,,,,,,,,,,,,,,,,,,,,,,,,,,,,,,,,,,,,,,,,,,,,,,,,,,,,,,,,,,,,,,,,,,,,,,,,,,,,,,,,,,,,,,,,,,,,,,,,,,,,,,,,,,,,,,,,,,,,,,,,,,,,,,,,,,,,,,,,,
,,,,,,,,,,,578192,578192 Festool D 150 GR SYS - Systainer Abrasive Set,-- Unbranded --,-- No Unilog Brand --,-- No DIB Brand --,Festool USA (FESTO),,,,578192,,Tools & Equipment>Power Tools>Power Fastening Tools>Power Screwdrivers>Power Nut Setters & Bit Holders,"Power Nut Setters & Bit Holder, 578192",POWER NUT SETTERS & BIT HOLDER,578192 Power Nut Setters & Bit Holder,,Power Nut Setters & Bit Holder,,,,,,,,,,,,,,,,,,,,,,,,,,,,Series,,,Drive Size,,,Drive Type,,,Shank Size,,,Shank Type,,,Overall Length,,,Material,,,Finish,,,Color,,,Suitable For Use With,,,Additional Information,,,,,,,,,,,,,,,,,,,,,,,,,,,,,,,,,,,,,,,,,,,,,,,,,,,,,,,,,,,,,,,,,,,,,,,,,,,,,,,,,,,,,,,,,,,,,,,,,,,,,,,,,,,,,,,,,,,,,,,,,,,,,,,,,,,,,,,,,,,,,,,,,,,,,,,,,,,,,,,,,,,,,,
,,,,,,,,,,,578806,578806 Festool Delta S GR PRO/10,-- Unbranded --,-- No Unilog Brand --,-- No DIB Brand --,Festool USA (FESTO),,,,578806,,,,,,,,,,,,,,,,,,,,,,,,,,,,,,,,,,,,,,,,,,,,,,,,,,,,,,,,,,,,,,,,,,,,,,,,,,,,,,,,,,,,,,,,,,,,,,,,,,,,,,,,,,,,,,,,,,,,,,,,,,,,,,,,,,,,,,,,,,,,,,,,,,,,,,,,,,,,,,,,,,,,,,,,,,,,,,,,,,,,,,,,,,,,,,,,,,,,,,,,,,,,,,,,,,,,,,,,,,,,,,,,,,,,,,,
,,,,,,,,,,,D0860X,"D0860X Diablo 8-1/4"" 60 Tooth - Fine Finish Saw Blade",-- Unbranded --,-- No Unilog Brand --,-- No DIB Brand --,Freud Inc (2435),"Freud America, Inc",,,D0860X,,Tools & Equipment>Power Tools>Power Saw Blades>Circular Saw Blades,"Freud America, Inc, Circular Saw Blade, D0860X",CIRCULAR SAW BLADE,"Freud America, Inc D0860X Circular Saw Blade",,Circular Saw Blade,,,,,,,,,,,,,,,,,,,,,,,,,,,,Series,,,Diameter,,,Cutting Edge Material,,,Blade Material,,,Blade Thickness,,,Teeth Type,,,Number of Teeth,,,Teeth per Inch,,,Arbor Type,,,Arbor Size,,,Cut Type,,,Cut Width,,,Maximum Cutting Depth,,,Kerf,,,Grade,,,Hook Angle,,,Maximum Speed Rating,,,Finish,,,Color,,,Cut Materials,,,Suitable For Use With,,,Number of Pieces,,,Additional Information,,,,,,,,,,,,,,,,,,,,,,,,,,,,,,,,,,,,,,,,,,,,,,,,,,,,,,,,,,,,,,,,,,,,,,,,,,,,,,,,,,,,,,,,,,,,,,,,,,,,,,,,,,,,,,,,,,,,,,,,,,,,,,,,,,
,,,,,,,,,,,48-40-0740,48-40-0740 Milw 7-1/4in. 24T - Framing Circ Saw Blade,-- Unbranded --,-- No Unilog Brand --,Milwaukee,Milwaukee Accessory (4031),Milwaukee Tool,Milwaukee,,48-40-0740,,Tools & Equipment>Power Tools>Power Fastening Tools>Power Nailers>Cordless Nailers,"Milwaukee Tool, Cordless Nailer, 48-40-0740",CORDLESS NAILER 4,Milwaukee Tool 48-40-0740 Cordless Nailer,,Cordless Nailer,,,,,,,,,,,,,,,,,,,,,,,,,,,,Series,,,Tool/Kit,,,Nail Capacity,,,Nail Length,4,in,Nail Diameter,,,Nail Gauge,,,Nail Head Style,,,Magazine Style,,,Magazine Angle,,,Magazine Loading Type,,,Firing/Actuation Type,,,Fastening Rate,,,Voltage Rating,,,Battery Type,,,Battery Capacity,,,Speed Rating,,,Housing Material,,,Housing Color,,,Switch Type,,,Handle Type,,,Handle Material,,,Handle Color,,,Sound Level,,,Overall Length,,,Overall Width,,,Overall Depth,,,Additional Information,,,,,,,,,,,,,,,,,,,,,,,,,,,,,,,,,,,,,,,,,,,,,,,,,,,,,,,,,,,,,,,,,,,,,,,,,,,,,,,,,,,,,,,,,,,,,,,,,,,,,,,,,,,,,,,,,,,,,,
,,,,,,,,,,,48-41-0740,48-41-0740 Milw7-1/4 24TFrming - Blade,-- Unbranded --,-- No Unilog Brand --,-- No DIB Brand --,Milwaukee Accessory (4031),Milwaukee Tool,,,48-41-0740,,Tools & Equipment>Power Tools>Power Saw Blades>Diamond Saw Blades,"Milwaukee Tool, Diamond Saw Blade, 48-41-0740",DIAMOND SAW BLADE,Milwaukee Tool 48-41-0740 Diamond Saw Blade,,Diamond Saw Blade,,,,,,,,,,,,,,,,,,,,,,,,,,,,Series,,,Diameter,,,Thickness,,,Rim Type,,,Cut Type,,,Cut Width,,,Maximum Cutting Depth,,,Arbor Type,,,Arbor Size,,,Grade,,,Maximum Speed Rating,,,Cutting Edge Material,,,Blade Material,,,Color,,,Cut Materials,,,Suitable For Use With,,,Number of Pieces,,,Additional Information,,,,,,,,,,,,,,,,,,,,,,,,,,,,,,,,,,,,,,,,,,,,,,,,,,,,,,,,,,,,,,,,,,,,,,,,,,,,,,,,,,,,,,,,,,,,,,,,,,,,,,,,,,,,,,,,,,,,,,,,,,,,,,,,,,,,,,,,,,,,,,,,,
https://makitatools.com/products/details/A-96095,https://makitatools.com/products/details/A-96095,,,,,,,,,,A-96095,"A-96095 Makita 5-7/8"" 32T Saw Blade",-- Unbranded --,-- No Unilog Brand --,-- No DIB Brand --,Makita Usa Inc (5142),Makita,,,A-96095,,Tools & Equipment>Power Tools>Power Saw Blades>Diamond Saw Blades,"Makita, Diamond Saw Blade, A-96095",DIAMOND SAW BLADE,Makita A-96095 Diamond Saw Blade,,Diamond Saw Blade,,,,,,,,,,,,,,,,,,,,,,,,,,,,Series,,,Diameter,,,Thickness,,,Rim Type,,,Cut Type,,,Cut Width,,,Maximum Cutting Depth,,,Arbor Type,,,Arbor Size,,,Grade,,,Maximum Speed Rating,,,Cutting Edge Material,,,Blade Material,,,Color,,,Cut Materials,,,Suitable For Use With,,,Number of Pieces,,,Additional Information,,,,,,,,,,,,,,,,,,,,,,,,,,,,,,,,,,,,,,,,,,,,,,,,,,,,,,,,,,,,,,,,,,,,,,,,,,,,,,,,,,,,,,,,,,,,,,,,,,,,,,,,,,,,,,,,,,,,,,,,,,,,,,,,,,,,,,,,,,,,,,,,,
,,,,,,,,,,,D0760UX,"D0760UX Diablo 7-1/4"" 60T Circ - Saw Blade",-- Unbranded --,-- No Unilog Brand --,Diablo,Freud Inc (2435),"Freud America, Inc",Diablo,,D0760UX,,Tools & Equipment>Power Tools>Power Saw Blades>Circular Saw Blades,"Freud America, Inc, Circular Saw Blade, D0760UX",CIRCULAR SAW BLADE,"Freud America, Inc D0760UX Circular Saw Blade",,Circular Saw Blade,,,,,,,,,,,,,,,,,,,,,,,,,,,,Series,,,Diameter,,,Cutting Edge Material,,,Blade Material,,,Blade Thickness,,,Teeth Type,,,Number of Teeth,,,Teeth per Inch,,,Arbor Type,,,Arbor Size,,,Cut Type,,,Cut Width,,,Maximum Cutting Depth,,,Kerf,,,Grade,,,Hook Angle,,,Maximum Speed Rating,,,Finish,,,Color,,,Cut Materials,,,Suitable For Use With,,,Number of Pieces,,,Additional Information,,,,,,,,,,,,,,,,,,,,,,,,,,,,,,,,,,,,,,,,,,,,,,,,,,,,,,,,,,,,,,,,,,,,,,,,,,,,,,,,,,,,,,,,,,,,,,,,,,,,,,,,,,,,,,,,,,,,,,,,,,,,,,,,,,
,,,,,,,,,,,230.312.08,230.312.08 CMT Locked Dado Pro Set,-- Unbranded --,-- No Unilog Brand --,-- No DIB Brand --,CMT USA Inc (CMTUS),CMT ORANGE TOOLS,,,230.312.08,,Tools & Equipment>Power Tools>Power Saw Blades>Planer Blades,"CMT ORANGE TOOLS, Planer Blade, 230.312.08",PLANER BLADE,CMT ORANGE TOOLS 230.312.08 Planer Blade,,Planer Blade,,,,,,,,,,,,,,,,,,,,,,,,,,,,Series,,,Length,,,Width,,,Thickness,,,Cut Style,,,Material,,,Cut Materials,,,Suitable For Use With,,,Number of Pieces,,,Additional Information,,,,,,,,,,,,,,,,,,,,,,,,,,,,,,,,,,,,,,,,,,,,,,,,,,,,,,,,,,,,,,,,,,,,,,,,,,,,,,,,,,,,,,,,,,,,,,,,,,,,,,,,,,,,,,,,,,,,,,,,,,,,,,,,,,,,,,,,,,,,,,,,,,,,,,,,,,,,,,,,,,,,,,,,,
,,,,,,,,,,,D0708LF,"D0708LF Saw Blade 7-1/4""x8 - Laminate & Wood Flooring",-- Unbranded --,-- No Unilog Brand --,-- No DIB Brand --,Freud Inc (2435),"Freud America, Inc",,,D0708LF,,Tools & Equipment>Power Tools>Power Saw Blades>Diamond Saw Blades,"Freud America, Inc, Diamond Saw Blade, D0708LF",DIAMOND SAW BLADE,"Freud America, Inc D0708LF Diamond Saw Blade",,Diamond Saw Blade,,,,,,,,,,,,,,,,,,,,,,,,,,,,Series,,,Diameter,,,Thickness,,,Rim Type,,,Cut Type,,,Cut Width,,,Maximum Cutting Depth,,,Arbor Type,,,Arbor Size,,,Grade,,,Maximum Speed Rating,,,Cutting Edge Material,,,Blade Material,,,Color,,,Cut Materials,,,Suitable For Use With,,,Number of Pieces,,,Additional Information,,,,,,,,,,,,,,,,,,,,,,,,,,,,,,,,,,,,,,,,,,,,,,,,,,,,,,,,,,,,,,,,,,,,,,,,,,,,,,,,,,,,,,,,,,,,,,,,,,,,,,,,,,,,,,,,,,,,,,,,,,,,,,,,,,,,,,,,,,,,,,,,,
,,,,,,,,,,,D1012LF,"D1012LF Saw Blade 10""x12Teeth - Laminate & Wood Flooring",-- Unbranded --,-- No Unilog Brand --,-- No DIB Brand --,Freud Inc (2435),"Freud America, Inc",,,D1012LF,,Tools & Equipment>Power Tools>Power Saw Blades>Diamond Saw Blades,"Freud America, Inc, Diamond Saw Blade, D1012LF",DIAMOND SAW BLADE,"Freud America, Inc D1012LF Diamond Saw Blade",,Diamond Saw Blade,,,,,,,,,,,,,,,,,,,,,,,,,,,,Series,,,Diameter,,,Thickness,,,Rim Type,,,Cut Type,,,Cut Width,,,Maximum Cutting Depth,,,Arbor Type,,,Arbor Size,,,Grade,,,Maximum Speed Rating,,,Cutting Edge Material,,,Blade Material,,,Color,,,Cut Materials,,,Suitable For Use With,,,Number of Pieces,,,Additional Information,,,,,,,,,,,,,,,,,,,,,,,,,,,,,,,,,,,,,,,,,,,,,,,,,,,,,,,,,,,,,,,,,,,,,,,,,,,,,,,,,,,,,,,,,,,,,,,,,,,,,,,,,,,,,,,,,,,,,,,,,,,,,,,,,,,,,,,,,,,,,,,,,
,,,,,,,,,,,D1216LF,"D1216LF Saw Blade 12""x16Teeth - Laminate & Wood Flooring",-- Unbranded --,-- No Unilog Brand --,-- No DIB Brand --,Freud Inc (2435),"Freud America, Inc",,,D1216LF,,Tools & Equipment>Power Tools>Power Saw Blades>Diamond Saw Blades,"Freud America, Inc, Diamond Saw Blade, D1216LF",DIAMOND SAW BLADE,"Freud America, Inc D1216LF Diamond Saw Blade",,Diamond Saw Blade,,,,,,,,,,,,,,,,,,,,,,,,,,,,Series,,,Diameter,,,Thickness,,,Rim Type,,,Cut Type,,,Cut Width,,,Maximum Cutting Depth,,,Arbor Type,,,Arbor Size,,,Grade,,,Maximum Speed Rating,,,Cutting Edge Material,,,Blade Material,,,Color,,,Cut Materials,,,Suitable For Use With,,,Number of Pieces,,,Additional Information,,,,,,,,,,,,,,,,,,,,,,,,,,,,,,,,,,,,,,,,,,,,,,,,,,,,,,,,,,,,,,,,,,,,,,,,,,,,,,,,,,,,,,,,,,,,,,,,,,,,,,,,,,,,,,,,,,,,,,,,,,,,,,,,,,,,,,,,,,,,,,,,,
,,,,,,,,,,,DWA47421,"DWA47421 Dewalt 14"" Segmented - Rim Diamond Blade",-- Unbranded --,-- No Unilog Brand --,DEWALT,Black & Decker/dewlt (2585),Stanley Black & Decker,DEWALT,,DWA47421,,Tools & Equipment>Power Tools>Power Saw Blades>Diamond Saw Blades,"Stanley Black & Decker, Diamond Saw Blade, DWA47421",DIAMOND SAW BLADE,Stanley Black & Decker DWA47421 Diamond Saw Blade,,Diamond Saw Blade,,,,,,,,,,,,,,,,,,,,,,,,,,,,Series,,,Diameter,,,Thickness,,,Rim Type,,,Cut Type,,,Cut Width,,,Maximum Cutting Depth,,,Arbor Type,,,Arbor Size,,,Grade,,,Maximum Speed Rating,,,Cutting Edge Material,,,Blade Material,,,Color,,,Cut Materials,,,Suitable For Use With,,,Number of Pieces,,,Additional Information,,,,,,,,,,,,,,,,,,,,,,,,,,,,,,,,,,,,,,,,,,,,,,,,,,,,,,,,,,,,,,,,,,,,,,,,,,,,,,,,,,,,,,,,,,,,,,,,,,,,,,,,,,,,,,,,,,,,,,,,,,,,,,,,,,,,,,,,,,,,,,,,,
,,,,,,,,,,,DWA4769,"DWA4769 Dewalt Rim Glass Tile - Blade 10""",-- Unbranded --,-- No Unilog Brand --,-- No DIB Brand --,Black & Decker/dewlt (2585),Stanley Black & Decker,,,DWA4769,,Tools & Equipment>Power Tools>Power Saw Blades>Diamond Saw Blades,"Stanley Black & Decker, Diamond Saw Blade, DWA4769",DIAMOND SAW BLADE,Stanley Black & Decker DWA4769 Diamond Saw Blade,,Diamond Saw Blade,,,,,,,,,,,,,,,,,,,,,,,,,,,,Series,,,Diameter,,,Thickness,,,Rim Type,,,Cut Type,,,Cut Width,,,Maximum Cutting Depth,,,Arbor Type,,,Arbor Size,,,Grade,,,Maximum Speed Rating,,,Cutting Edge Material,,,Blade Material,,,Color,,,Cut Materials,,,Suitable For Use With,,,Number of Pieces,,,Additional Information,,,,,,,,,,,,,,,,,,,,,,,,,,,,,,,,,,,,,,,,,,,,,,,,,,,,,,,,,,,,,,,,,,,,,,,,,,,,,,,,,,,,,,,,,,,,,,,,,,,,,,,,,,,,,,,,,,,,,,,,,,,,,,,,,,,,,,,,,,,,,,,,,
,,,,,,,,,,,49-93-9204,"49-93-9204 Milw 4-1/2"" Diamond - Tile Blade",-- Unbranded --,-- No Unilog Brand --,-- No DIB Brand --,Milwaukee Accessory (4031),Milwaukee Tool,,,49-93-9204,,Tools & Equipment>Power Tools>Power Saw Blades>Diamond Saw Blades,"Milwaukee Tool, Diamond Saw Blade, 49-93-9204",DIAMOND SAW BLADE,Milwaukee Tool 49-93-9204 Diamond Saw Blade,,Diamond Saw Blade,,,,,,,,,,,,,,,,,,,,,,,,,,,,Series,,,Diameter,,,Thickness,,,Rim Type,,,Cut Type,,,Cut Width,,,Maximum Cutting Depth,,,Arbor Type,,,Arbor Size,,,Grade,,,Maximum Speed Rating,,,Cutting Edge Material,,,Blade Material,,,Color,,,Cut Materials,,,Suitable For Use With,,,Number of Pieces,,,Additional Information,,,,,,,,,,,,,,,,,,,,,,,,,,,,,,,,,,,,,,,,,,,,,,,,,,,,,,,,,,,,,,,,,,,,,,,,,,,,,,,,,,,,,,,,,,,,,,,,,,,,,,,,,,,,,,,,,,,,,,,,,,,,,,,,,,,,,,,,,,,,,,,,,
,,,,,,,,,,,49-93-9207,"49-93-9207 Milw 7"" Diamond - Tile Blade",-- Unbranded --,-- No Unilog Brand --,-- No DIB Brand --,Milwaukee Accessory (4031),Milwaukee Tool,,,49-93-9207,,Tools & Equipment>Power Tools>Power Saw Blades>Diamond Saw Blades,"Milwaukee Tool, Diamond Saw Blade, 49-93-9207",DIAMOND SAW BLADE,Milwaukee Tool 49-93-9207 Diamond Saw Blade,,Diamond Saw Blade,,,,,,,,,,,,,,,,,,,,,,,,,,,,Series,,,Diameter,,,Thickness,,,Rim Type,,,Cut Type,,,Cut Width,,,Maximum Cutting Depth,,,Arbor Type,,,Arbor Size,,,Grade,,,Maximum Speed Rating,,,Cutting Edge Material,,,Blade Material,,,Color,,,Cut Materials,,,Suitable For Use With,,,Number of Pieces,,,Additional Information,,,,,,,,,,,,,,,,,,,,,,,,,,,,,,,,,,,,,,,,,,,,,,,,,,,,,,,,,,,,,,,,,,,,,,,,,,,,,,,,,,,,,,,,,,,,,,,,,,,,,,,,,,,,,,,,,,,,,,,,,,,,,,,,,,,,,,,,,,,,,,,,,
,,,,,,,,,,,49-93-9210,"49-93-9210 Milw 10"" Diamond - Tile Blade",-- Unbranded --,-- No Unilog Brand --,-- No DIB Brand --,Milwaukee Accessory (4031),Milwaukee Tool,,,49-93-9210,,Tools & Equipment>Power Tools>Power Saw Blades>Diamond Saw Blades,"Milwaukee Tool, Diamond Saw Blade, 49-93-9210",DIAMOND SAW BLADE,Milwaukee Tool 49-93-9210 Diamond Saw Blade,,Diamond Saw Blade,,,,,,,,,,,,,,,,,,,,,,,,,,,,Series,,,Diameter,,,Thickness,,,Rim Type,,,Cut Type,,,Cut Width,,,Maximum Cutting Depth,,,Arbor Type,,,Arbor Size,,,Grade,,,Maximum Speed Rating,,,Cutting Edge Material,,,Blade Material,,,Color,,,Cut Materials,,,Suitable For Use With,,,Number of Pieces,,,Additional Information,,,,,,,,,,,,,,,,,,,,,,,,,,,,,,,,,,,,,,,,,,,,,,,,,,,,,,,,,,,,,,,,,,,,,,,,,,,,,,,,,,,,,,,,,,,,,,,,,,,,,,,,,,,,,,,,,,,,,,,,,,,,,,,,,,,,,,,,,,,,,,,,,
,,,,,,,,,,,49-93-9202,"49-93-9202 Milw 4"" Diamond - Tile Blade",-- Unbranded --,-- No Unilog Brand --,-- No DIB Brand --,Milwaukee Accessory (4031),Milwaukee Tool,,,49-93-9202,,Tools & Equipment>Power Tools>Power Saw Blades>Diamond Saw Blades,"Milwaukee Tool, Diamond Saw Blade, 49-93-9202",DIAMOND SAW BLADE,Milwaukee Tool 49-93-9202 Diamond Saw Blade,,Diamond Saw Blade,,,,,,,,,,,,,,,,,,,,,,,,,,,,Series,,,Diameter,,,Thickness,,,Rim Type,,,Cut Type,,,Cut Width,,,Maximum Cutting Depth,,,Arbor Type,,,Arbor Size,,,Grade,,,Maximum Speed Rating,,,Cutting Edge Material,,,Blade Material,,,Color,,,Cut Materials,,,Suitable For Use With,,,Number of Pieces,,,Additional Information,,,,,,,,,,,,,,,,,,,,,,,,,,,,,,,,,,,,,,,,,,,,,,,,,,,,,,,,,,,,,,,,,,,,,,,,,,,,,,,,,,,,,,,,,,,,,,,,,,,,,,,,,,,,,,,,,,,,,,,,,,,,,,,,,,,,,,,,,,,,,,,,,
,,,,,,,,,,,49-93-9205,"49-93-9205 Milw 5"" Diamond - Tile Blade",-- Unbranded --,-- No Unilog Brand --,-- No DIB Brand --,Milwaukee Accessory (4031),Milwaukee Tool,,,49-93-9205,,Tools & Equipment>Power Tools>Power Saw Blades>Diamond Saw Blades,"Milwaukee Tool, Diamond Saw Blade, 49-93-9205",DIAMOND SAW BLADE,Milwaukee Tool 49-93-9205 Diamond Saw Blade,,Diamond Saw Blade,,,,,,,,,,,,,,,,,,,,,,,,,,,,Series,,,Diameter,,,Thickness,,,Rim Type,,,Cut Type,,,Cut Width,,,Maximum Cutting Depth,,,Arbor Type,,,Arbor Size,,,Grade,,,Maximum Speed Rating,,,Cutting Edge Material,,,Blade Material,,,Color,,,Cut Materials,,,Suitable For Use With,,,Number of Pieces,,,Additional Information,,,,,,,,,,,,,,,,,,,,,,,,,,,,,,,,,,,,,,,,,,,,,,,,,,,,,,,,,,,,,,,,,,,,,,,,,,,,,,,,,,,,,,,,,,,,,,,,,,,,,,,,,,,,,,,,,,,,,,,,,,,,,,,,,,,,,,,,,,,,,,,,,
,,,,,,,,,,,49-22-4702,49-22-4702 Milw 13pc Quik-Lock Hole Dozer Kit,-- Unbranded --,-- No Unilog Brand --,-- No DIB Brand --,Milwaukee Accessory (4031),Milwaukee Tool,,,49-22-4702,,Tools & Equipment>Power Tools>Power Saw Blades>Hole Saws & Accessories>Hole Saw Sets,"Milwaukee Tool, Hole Saw Set, 49-22-4702",HOLE SAW SET,Milwaukee Tool 49-22-4702 Hole Saw Set,,Hole Saw Set,,,,,,,,,,,,,,,,,,,,,,,,,,,,Series,,,Saw Diameter,,,Arbor Hole Size,,,Arbor Hole Type,,,Cutting Depth,,,Pilot Drill Diameter,,,Pilot Drill Length,,,Pilot Drill Material,,,Shank Size,,,Teeth per Inch,,,Tooth Style,,,Tooth Material,,,Body Material,,,Cut Materials,,,Number of Hole Saws,,,Number of Pieces,,,Additional Information,,,,,,,,,,,,,,,,,,,,,,,,,,,,,,,,,,,,,,,,,,,,,,,,,,,,,,,,,,,,,,,,,,,,,,,,,,,,,,,,,,,,,,,,,,,,,,,,,,,,,,,,,,,,,,,,,,,,,,,,,,,,,,,,,,,,,,,,,,,,,,,,,,,,
,,,,,,,,,,,DJT155HHM,"DJT155HHM Diablo 3-3/5"" 10 TPI - Jig Saw Blade",-- Unbranded --,-- No Unilog Brand --,-- No DIB Brand --,Freud Inc (2435),"Freud America, Inc",,,DJT155HHM,,Tools & Equipment>Power Tools>Power Saw Blades>Circular Saw Blades,"Freud America, Inc, Circular Saw Blade, DJT155HHM",CIRCULAR SAW BLADE,"Freud America, Inc DJT155HHM Circular Saw Blade",,Circular Saw Blade,,,,,,,,,,,,,,,,,,,,,,,,,,,,Series,,,Diameter,,,Cutting Edge Material,,,Blade Material,,,Blade Thickness,,,Teeth Type,,,Number of Teeth,,,Teeth per Inch,,,Arbor Type,,,Arbor Size,,,Cut Type,,,Cut Width,,,Maximum Cutting Depth,,,Kerf,,,Grade,,,Hook Angle,,,Maximum Speed Rating,,,Finish,,,Color,,,Cut Materials,,,Suitable For Use With,,,Number of Pieces,,,Additional Information,,,,,,,,,,,,,,,,,,,,,,,,,,,,,,,,,,,,,,,,,,,,,,,,,,,,,,,,,,,,,,,,,,,,,,,,,,,,,,,,,,,,,,,,,,,,,,,,,,,,,,,,,,,,,,,,,,,,,,,,,,,,,,,,,,
,,,,,,,,,,,790.82,790.820 CMT Planer Blade 2pc,-- Unbranded --,-- No Unilog Brand --,-- No DIB Brand --,CMT USA Inc (CMTUS),CMT ORANGE TOOLS,,,790.82,,Tools & Equipment>Power Tools>Power Saw Blades>Planer Blades,"CMT ORANGE TOOLS, Planer Blade, 790.82",PLANER BLADE,CMT ORANGE TOOLS 790.82 Planer Blade,,Planer Blade,,,,,,,,,,,,,,,,,,,,,,,,,,,,Series,,,Length,,,Width,,,Thickness,,,Cut Style,,,Material,,,Cut Materials,,,Suitable For Use With,,,Number of Pieces,,,Additional Information,,,,,,,,,,,,,,,,,,,,,,,,,,,,,,,,,,,,,,,,,,,,,,,,,,,,,,,,,,,,,,,,,,,,,,,,,,,,,,,,,,,,,,,,,,,,,,,,,,,,,,,,,,,,,,,,,,,,,,,,,,,,,,,,,,,,,,,,,,,,,,,,,,,,,,,,,,,,,,,,,,,,,,,,,
,,,,,,,,,,,794.321,794.321 HS Planer Knives 3pc,-- Unbranded --,-- No Unilog Brand --,-- No DIB Brand --,CMT USA Inc (CMTUS),CMT ORANGE TOOLS,,,794.321,,Tools & Equipment>Power Tools>Power Saw Blades>Planer Blades,"CMT ORANGE TOOLS, Planer Blade, 794.321",PLANER BLADE,CMT ORANGE TOOLS 794.321 Planer Blade,,Planer Blade,,,,,,,,,,,,,,,,,,,,,,,,,,,,Series,,,Length,,,Width,,,Thickness,,,Cut Style,,,Material,,,Cut Materials,,,Suitable For Use With,,,Number of Pieces,,,Additional Information,,,,,,,,,,,,,,,,,,,,,,,,,,,,,,,,,,,,,,,,,,,,,,,,,,,,,,,,,,,,,,,,,,,,,,,,,,,,,,,,,,,,,,,,,,,,,,,,,,,,,,,,,,,,,,,,,,,,,,,,,,,,,,,,,,,,,,,,,,,,,,,,,,,,,,,,,,,,,,,,,,,,,,,,,
,,,,,,,,,,,49-22-5641,49-22-5641 Milw Packout 15pc - Sawzall Blade Kit,-- Unbranded --,-- No Unilog Brand --,-- No DIB Brand --,Milwaukee Accessory (4031),Milwaukee Tool,,,49-22-5641,,Tools & Equipment>Power Tools>Power Saw Blades>Diamond Saw Blades,"Milwaukee Tool, Diamond Saw Blade, 49-22-5641",DIAMOND SAW BLADE,Milwaukee Tool 49-22-5641 Diamond Saw Blade,,Diamond Saw Blade,,,,,,,,,,,,,,,,,,,,,,,,,,,,Series,,,Diameter,,,Thickness,,,Rim Type,,,Cut Type,,,Cut Width,,,Maximum Cutting Depth,,,Arbor Type,,,Arbor Size,,,Grade,,,Maximum Speed Rating,,,Cutting Edge Material,,,Blade Material,,,Color,,,Cut Materials,,,Suitable For Use With,,,Number of Pieces,,,Additional Information,,,,,,,,,,,,,,,,,,,,,,,,,,,,,,,,,,,,,,,,,,,,,,,,,,,,,,,,,,,,,,,,,,,,,,,,,,,,,,,,,,,,,,,,,,,,,,,,,,,,,,,,,,,,,,,,,,,,,,,,,,,,,,,,,,,,,,,,,,,,,,,,,
,,,,,,,,,,,D0604TSH,"D0604TSH Diablo 6-1/2"" 4-Tooth - Cement Track Saw Blade",-- Unbranded --,-- No Unilog Brand --,-- No DIB Brand --,Freud Inc (2435),"Freud America, Inc",,,D0604TSH,,Tools & Equipment>Power Tools>Power Saw Blades>Circular Saw Blades,"Freud America, Inc, Circular Saw Blade, D0604TSH",CIRCULAR SAW BLADE,"Freud America, Inc D0604TSH Circular Saw Blade",,Circular Saw Blade,,,,,,,,,,,,,,,,,,,,,,,,,,,,Series,,,Diameter,,,Cutting Edge Material,,,Blade Material,,,Blade Thickness,,,Teeth Type,,,Number of Teeth,,,Teeth per Inch,,,Arbor Type,,,Arbor Size,,,Cut Type,,,Cut Width,,,Maximum Cutting Depth,,,Kerf,,,Grade,,,Hook Angle,,,Maximum Speed Rating,,,Finish,,,Color,,,Cut Materials,,,Suitable For Use With,,,Number of Pieces,,,Additional Information,,,,,,,,,,,,,,,,,,,,,,,,,,,,,,,,,,,,,,,,,,,,,,,,,,,,,,,,,,,,,,,,,,,,,,,,,,,,,,,,,,,,,,,,,,,,,,,,,,,,,,,,,,,,,,,,,,,,,,,,,,,,,,,,,,
,,,,,,,,,,,D0620TSR,"D0620TSR Diablo 6-1/2""20 Tooth - Framing Saw Blade",-- Unbranded --,-- No Unilog Brand --,-- No DIB Brand --,Freud Inc (2435),"Freud America, Inc",,,D0620TSR,,Tools & Equipment>Power Tools>Power Saw Blades>Circular Saw Blades,"Freud America, Inc, Circular Saw Blade, D0620TSR",CIRCULAR SAW BLADE,"Freud America, Inc D0620TSR Circular Saw Blade",,Circular Saw Blade,,,,,,,,,,,,,,,,,,,,,,,,,,,,Series,,,Diameter,,,Cutting Edge Material,,,Blade Material,,,Blade Thickness,,,Teeth Type,,,Number of Teeth,,,Teeth per Inch,,,Arbor Type,,,Arbor Size,,,Cut Type,,,Cut Width,,,Maximum Cutting Depth,,,Kerf,,,Grade,,,Hook Angle,,,Maximum Speed Rating,,,Finish,,,Color,,,Cut Materials,,,Suitable For Use With,,,Number of Pieces,,,Additional Information,,,,,,,,,,,,,,,,,,,,,,,,,,,,,,,,,,,,,,,,,,,,,,,,,,,,,,,,,,,,,,,,,,,,,,,,,,,,,,,,,,,,,,,,,,,,,,,,,,,,,,,,,,,,,,,,,,,,,,,,,,,,,,,,,,
,,,,,,,,,,,D0648TSF,"D0648TSF Diablo 6-1/2""48 Tooth - Plywood Track Saw Blade",-- Unbranded --,-- No Unilog Brand --,-- No DIB Brand --,Freud Inc (2435),"Freud America, Inc",,,D0648TSF,,Tools & Equipment>Power Tools>Power Saw Blades>Circular Saw Blades,"Freud America, Inc, Circular Saw Blade, D0648TSF",CIRCULAR SAW BLADE,"Freud America, Inc D0648TSF Circular Saw Blade",,Circular Saw Blade,,,,,,,,,,,,,,,,,,,,,,,,,,,,Series,,,Diameter,,,Cutting Edge Material,,,Blade Material,,,Blade Thickness,,,Teeth Type,,,Number of Teeth,,,Teeth per Inch,,,Arbor Type,,,Arbor Size,,,Cut Type,,,Cut Width,,,Maximum Cutting Depth,,,Kerf,,,Grade,,,Hook Angle,,,Maximum Speed Rating,,,Finish,,,Color,,,Cut Materials,,,Suitable For Use With,,,Number of Pieces,,,Additional Information,,,,,,,,,,,,,,,,,,,,,,,,,,,,,,,,,,,,,,,,,,,,,,,,,,,,,,,,,,,,,,,,,,,,,,,,,,,,,,,,,,,,,,,,,,,,,,,,,,,,,,,,,,,,,,,,,,,,,,,,,,,,,,,,,,
,,,,,,,,,,,D0652TSL,"D0652TSL Diablo 6-1/2""52 Tooth - Laminate Track Saw Blade",-- Unbranded --,-- No Unilog Brand --,-- No DIB Brand --,Freud Inc (2435),"Freud America, Inc",,,D0652TSL,,Tools & Equipment>Power Tools>Power Saw Blades>Circular Saw Blades,"Freud America, Inc, Circular Saw Blade, D0652TSL",CIRCULAR SAW BLADE,"Freud America, Inc D0652TSL Circular Saw Blade",,Circular Saw Blade,,,,,,,,,,,,,,,,,,,,,,,,,,,,Series,,,Diameter,,,Cutting Edge Material,,,Blade Material,,,Blade Thickness,,,Teeth Type,,,Number of Teeth,,,Teeth per Inch,,,Arbor Type,,,Arbor Size,,,Cut Type,,,Cut Width,,,Maximum Cutting Depth,,,Kerf,,,Grade,,,Hook Angle,,,Maximum Speed Rating,,,Finish,,,Color,,,Cut Materials,,,Suitable For Use With,,,Number of Pieces,,,Additional Information,,,,,,,,,,,,,,,,,,,,,,,,,,,,,,,,,,,,,,,,,,,,,,,,,,,,,,,,,,,,,,,,,,,,,,,,,,,,,,,,,,,,,,,,,,,,,,,,,,,,,,,,,,,,,,,,,,,,,,,,,,,,,,,,,,
,,,,,,,,,,,JT1-549,"JT1-549 JWBS18SFX 18"" Bandsaw - 1.75HP 1PH 115V",-- Unbranded --,-- No Unilog Brand --,-- No DIB Brand --,JPW Industries (JPWIN),JPW Industries,,,JT1-549,,Tools & Equipment>Power Tools>Power Saws>Band Saws>Corded Band Saws,"JPW Industries, Corded Band Saw, JT1-549",CORDED BAND SAW 115,JPW Industries JT1-549 Corded Band Saw,,Corded Band Saw,,,,,,,,,,,,,,,,,,,,,,,,,,,,Series,,,Tool/Kit,,,Cutting Capacity,,,Blade Length,,,Blade Material,,,Drive Type,,,Voltage Rating,115,V,Amperage Rating,,,Frequency Rating,,,Power Rating,,,HP Rating,,,Speed Rating,,,Speed Setting,,,Housing Material,,,Housing Color,,,Plug Type,,,Cord Length,,,Cord Color,,,Switch Type,,,Handle Type,,,Handle Material,,,Handle Color,,,Sound Level,,,Overall Length,,,Overall Width,,,Overall Depth,,,Additional Information,,,,,,,,,,,,,,,,,,,,,,,,,,,,,,,,,,,,,,,,,,,,,,,,,,,,,,,,,,,,,,,,,,,,,,,,,,,,,,,,,,,,,,,,,,,,,,,,,,,,,,,,,,,,,,,,,,,,,,
,,,,,,,,,,,JT1-1371,"JWBS14-SFX-BLK Jet 14"" Bandsaw - JT1-1371",-- Unbranded --,-- No Unilog Brand --,-- No DIB Brand --,JPW Industries (JPWIN),JPW Industries,,,JT1-1371,,Tools & Equipment>Power Tools>Power Saws>Band Saws>Corded Band Saws,"JPW Industries, Corded Band Saw, JT1-1371",CORDED BAND SAW,JPW Industries JT1-1371 Corded Band Saw,,Corded Band Saw,,,,,,,,,,,,,,,,,,,,,,,,,,,,Series,,,Tool/Kit,,,Cutting Capacity,,,Blade Length,,,Blade Material,,,Drive Type,,,Voltage Rating,,,Amperage Rating,,,Frequency Rating,,,Power Rating,,,HP Rating,,,Speed Rating,,,Speed Setting,,,Housing Material,,,Housing Color,,,Plug Type,,,Cord Length,,,Cord Color,,,Switch Type,,,Handle Type,,,Handle Material,,,Handle Color,,,Sound Level,,,Overall Length,,,Overall Width,,,Overall Depth,,,Additional Information,,,,,,,,,,,,,,,,,,,,,,,,,,,,,,,,,,,,,,,,,,,,,,,,,,,,,,,,,,,,,,,,,,,,,,,,,,,,,,,,,,,,,,,,,,,,,,,,,,,,,,,,,,,,,,,,,,,,,,
,,,,,,,,,,,JT9-714400K,"JWBS-14SFX 14"" Bandsaw JTP-714400K",-- Unbranded --,-- No Unilog Brand --,-- No DIB Brand --,JPW Industries (JPWIN),JPW Industries,,,JT9-714400K,,Tools & Equipment>Power Tools>Power Saws>Band Saws>Corded Band Saws,"JPW Industries, Corded Band Saw, JT9-714400K",CORDED BAND SAW,JPW Industries JT9-714400K Corded Band Saw,,Corded Band Saw,,,,,,,,,,,,,,,,,,,,,,,,,,,,Series,,,Tool/Kit,,,Cutting Capacity,,,Blade Length,,,Blade Material,,,Drive Type,,,Voltage Rating,,,Amperage Rating,,,Frequency Rating,,,Power Rating,,,HP Rating,,,Speed Rating,,,Speed Setting,,,Housing Material,,,Housing Color,,,Plug Type,,,Cord Length,,,Cord Color,,,Switch Type,,,Handle Type,,,Handle Material,,,Handle Color,,,Sound Level,,,Overall Length,,,Overall Width,,,Overall Depth,,,Additional Information,,,,,,,,,,,,,,,,,,,,,,,,,,,,,,,,,,,,,,,,,,,,,,,,,,,,,,,,,,,,,,,,,,,,,,,,,,,,,,,,,,,,,,,,,,,,,,,,,,,,,,,,,,,,,,,,,,,,,,
,,,,,,,,,,,2834-21HD,"2834-21HD Milw M18 7-1/4"" Circ - Saw Kit",-- Unbranded --,-- No Unilog Brand --,Milwaukee,Milwaukee Accessory (4031),Milwaukee Tool,Milwaukee,,2834-21HD,,Tools & Equipment>Power Tools>Power Saws>Circular Saws>Cordless Circular Saws,"Milwaukee Tool, Cordless Circular Saw, 2834-21HD",CORDLESS CIRCULAR SAW,Milwaukee Tool 2834-21HD Cordless Circular Saw,,Cordless Circular Saw,,,,,,,,,,,,,,,,,,,,,,,,,,,,Series,,,Tool/Kit,,,Blade Diameter,,,Blade Type,,,Blade Material,,,Cutting Depth,,,Arbor Size,,,Cutting Angle,,,Voltage Rating,,,Battery Type,,,Battery Capacity,,,Speed Rating,,,Speed Setting,,,Housing Material,,,Housing Color,,,Switch Type,,,Handle Type,,,Handle Material,,,Handle Color,,,Sound Level,,,Overall Length,,,Overall Width,,,Overall Depth,,,Additional Information,,,,,,,,,,,,,,,,,,,,,,,,,,,,,,,,,,,,,,,,,,,,,,,,,,,,,,,,,,,,,,,,,,,,,,,,,,,,,,,,,,,,,,,,,,,,,,,,,,,,,,,,,,,,,,,,,,,,,,,,,,,,,,,
,,,,,,,,,,,DCS383B,"DCS383B Dewalt 20V 7-1/4"" - Metal Cutting Circ Saw",-- Unbranded --,-- No Unilog Brand --,-- No DIB Brand --,Black & Decker/dewlt (2585),Stanley Black & Decker,,,DCS383B,,Tools & Equipment>Power Tools>Power Saws>Miter Saws>Cordless Miter Saws,"Stanley Black & Decker, Cordless Miter Saw, DCS383B",CORDLESS MITER SAW 20,Stanley Black & Decker DCS383B Cordless Miter Saw,,Cordless Miter Saw,,,,,,,,,,,,,,,,,,,,,,,,,,,,Series,,,Tool/Kit,,,Blade Diameter,,,Blade Type,,,Blade Material,,,Cutting Height,,,Cutting Width,,,Arbor Size,,,Cutting Angle,,,Voltage Rating,20,V,Battery Type,,,Battery Capacity,,,Speed Rating,,,Speed Setting,,,Housing Material,,,Housing Color,,,Switch Type,,,Handle Type,,,Handle Material,,,Handle Color,,,Sound Level,,,Overall Length,,,Overall Width,,,Overall Depth,,,Additional Information,,,,,,,,,,,,,,,,,,,,,,,,,,,,,,,,,,,,,,,,,,,,,,,,,,,,,,,,,,,,,,,,,,,,,,,,,,,,,,,,,,,,,,,,,,,,,,,,,,,,,,,,,,,,,,,,,,,,,,,,,,,,
,,,,,,,,,,,DCS590B,"DCS590B Dewalt 20V Cordless - 7-1/4"" Circular Saw (Bare)",-- Unbranded --,-- No Unilog Brand --,DEWALT,Black & Decker/dewlt (2585),Stanley Black & Decker,DEWALT,,DCS590B,,Tools & Equipment>Power Tools>Power Saws>Miter Saws>Cordless Miter Saws,"Stanley Black & Decker, Cordless Miter Saw, DCS590B",CORDLESS MITER SAW 20,Stanley Black & Decker DCS590B Cordless Miter Saw,,Cordless Miter Saw,,,,,,,,,,,,,,,,,,,,,,,,,,,,Series,,,Tool/Kit,,,Blade Diameter,,,Blade Type,,,Blade Material,,,Cutting Height,,,Cutting Width,,,Arbor Size,,,Cutting Angle,,,Voltage Rating,20,V,Battery Type,,,Battery Capacity,,,Speed Rating,,,Speed Setting,,,Housing Material,,,Housing Color,,,Switch Type,,,Handle Type,,,Handle Material,,,Handle Color,,,Sound Level,,,Overall Length,,,Overall Width,,,Overall Depth,,,Additional Information,,,,,,,,,,,,,,,,,,,,,,,,,,,,,,,,,,,,,,,,,,,,,,,,,,,,,,,,,,,,,,,,,,,,,,,,,,,,,,,,,,,,,,,,,,,,,,,,,,,,,,,,,,,,,,,,,,,,,,,,,,,,
,,,,,,,,,,,KPTCS725A,"KPTCS725A Kreg 20V Ionic 7-1/4"" Circ Saw",-- Unbranded --,-- No Unilog Brand --,-- No DIB Brand --,Kreg Tool Company (KRETO),,,,KPTCS725A,,Tools & Equipment>Power Tools>Power Saw Blades>Circular Saw Blades,"Circular Saw Blade, KPTCS725A",CIRCULAR SAW BLADE,KPTCS725A Circular Saw Blade,,Circular Saw Blade,,,,,,,,,,,,,,,,,,,,,,,,,,,,Series,,,Diameter,,,Cutting Edge Material,,,Blade Material,,,Blade Thickness,,,Teeth Type,,,Number of Teeth,,,Teeth per Inch,,,Arbor Type,,,Arbor Size,,,Cut Type,,,Cut Width,,,Maximum Cutting Depth,,,Kerf,,,Grade,,,Hook Angle,,,Maximum Speed Rating,,,Finish,,,Color,,,Cut Materials,,,Suitable For Use With,,,Number of Pieces,,,Additional Information,,,,,,,,,,,,,,,,,,,,,,,,,,,,,,,,,,,,,,,,,,,,,,,,,,,,,,,,,,,,,,,,,,,,,,,,,,,,,,,,,,,,,,,,,,,,,,,,,,,,,,,,,,,,,,,,,,,,,,,,,,,,,,,,,,
,,,,,,,,,,,KPTCS450A,"KPTCS450A Kreg 20V Ionic 4-1/2"" Circ Saw",-- Unbranded --,-- No Unilog Brand --,-- No DIB Brand --,Kreg Tool Company (KRETO),,,,KPTCS450A,,Tools & Equipment>Power Tools>Power Saw Blades>Circular Saw Blades,"Circular Saw Blade, KPTCS450A",CIRCULAR SAW BLADE,KPTCS450A Circular Saw Blade,,Circular Saw Blade,,,,,,,,,,,,,,,,,,,,,,,,,,,,Series,,,Diameter,,,Cutting Edge Material,,,Blade Material,,,Blade Thickness,,,Teeth Type,,,Number of Teeth,,,Teeth per Inch,,,Arbor Type,,,Arbor Size,,,Cut Type,,,Cut Width,,,Maximum Cutting Depth,,,Kerf,,,Grade,,,Hook Angle,,,Maximum Speed Rating,,,Finish,,,Color,,,Cut Materials,,,Suitable For Use With,,,Number of Pieces,,,Additional Information,,,,,,,,,,,,,,,,,,,,,,,,,,,,,,,,,,,,,,,,,,,,,,,,,,,,,,,,,,,,,,,,,,,,,,,,,,,,,,,,,,,,,,,,,,,,,,,,,,,,,,,,,,,,,,,,,,,,,,,,,,,,,,,,,,
,,,,,,,,,,,2545-20,2545-20 Milw M12 Jig Saw,-- Unbranded --,-- No Unilog Brand --,Milwaukee,Milwaukee Accessory (4031),Milwaukee Tool,Milwaukee,,2545-20,,Tools & Equipment>Power Tools>Power Saws>Jig Saws>Cordless Jig Saws,"Milwaukee Tool, Cordless Jig Saw, 2545-20",CORDLESS JIG SAW,Milwaukee Tool 2545-20 Cordless Jig Saw,,Cordless Jig Saw,,,,,,,,,,,,,,,,,,,,,,,,,,,,Series,,,Tool/Kit,,,Stroke Length,,,Stroke,,,Base Tilt Angle,,,Blade Size,,,Blade Material,,,Voltage Rating,,,Battery Type,,,Battery Capacity,,,Speed Rating,,,Speed Setting,,,Housing Material,,,Housing Color,,,Switch Type,,,Handle Type,,,Handle Material,,,Handle Color,,,Sound Level,,,Overall Length,,,Overall Width,,,Overall Depth,,,Additional Information,,,,,,,,,,,,,,,,,,,,,,,,,,,,,,,,,,,,,,,,,,,,,,,,,,,,,,,,,,,,,,,,,,,,,,,,,,,,,,,,,,,,,,,,,,,,,,,,,,,,,,,,,,,,,,,,,,,,,,,,,,,,,,,,,,
,,,,,,,,,,,KPTJS100A,KPTJS100A Kreg 20V Ionic Barrel Grip Jigsaw,-- Unbranded --,-- No Unilog Brand --,-- No DIB Brand --,Kreg Tool Company (KRETO),,,,KPTJS100A,,,,,,,,,,,,,,,,,,,,,,,,,,,,,,,,,,,,,,,,,,,,,,,,,,,,,,,,,,,,,,,,,,,,,,,,,,,,,,,,,,,,,,,,,,,,,,,,,,,,,,,,,,,,,,,,,,,,,,,,,,,,,,,,,,,,,,,,,,,,,,,,,,,,,,,,,,,,,,,,,,,,,,,,,,,,,,,,,,,,,,,,,,,,,,,,,,,,,,,,,,,,,,,,,,,,,,,,,,,,,,,,,,,,,,,
,,,,,,,,,,,DCS714B,"DCS714B Dewalt 20V Miter Saw - (Bare) 10"" Double Bevel Fixed",-- Unbranded --,-- No Unilog Brand --,-- No DIB Brand --,Black & Decker/dewlt (2585),Stanley Black & Decker,,,DCS714B,,Tools & Equipment>Power Tools>Power Saws>Miter Saws>Cordless Miter Saws,"Stanley Black & Decker, Cordless Miter Saw, DCS714B",CORDLESS MITER SAW 20,Stanley Black & Decker DCS714B Cordless Miter Saw,,Cordless Miter Saw,,,,,,,,,,,,,,,,,,,,,,,,,,,,Series,,,Tool/Kit,,,Blade Diameter,,,Blade Type,,,Blade Material,,,Cutting Height,,,Cutting Width,,,Arbor Size,,,Cutting Angle,,,Voltage Rating,20,V,Battery Type,,,Battery Capacity,,,Speed Rating,,,Speed Setting,,,Housing Material,,,Housing Color,,,Switch Type,,,Handle Type,,,Handle Material,,,Handle Color,,,Sound Level,,,Overall Length,,,Overall Width,,,Overall Depth,,,Additional Information,,,,,,,,,,,,,,,,,,,,,,,,,,,,,,,,,,,,,,,,,,,,,,,,,,,,,,,,,,,,,,,,,,,,,,,,,,,,,,,,,,,,,,,,,,,,,,,,,,,,,,,,,,,,,,,,,,,,,,,,,,,,
,,,,,,,,,,,DCS785B,"DCS785B Dewalt 20V Miter Saw - Kit 12"" Double Bevel Sliding",-- Unbranded --,-- No Unilog Brand --,-- No DIB Brand --,Black & Decker/dewlt (2585),Stanley Black & Decker,,,DCS785B,,Tools & Equipment>Power Tools>Power Saws>Miter Saws>Cordless Miter Saws,"Stanley Black & Decker, Cordless Miter Saw, DCS785B",CORDLESS MITER SAW 20,Stanley Black & Decker DCS785B Cordless Miter Saw,,Cordless Miter Saw,,,,,,,,,,,,,,,,,,,,,,,,,,,,Series,,,Tool/Kit,,,Blade Diameter,,,Blade Type,,,Blade Material,,,Cutting Height,,,Cutting Width,,,Arbor Size,,,Cutting Angle,,,Voltage Rating,20,V,Battery Type,,,Battery Capacity,,,Speed Rating,,,Speed Setting,,,Housing Material,,,Housing Color,,,Switch Type,,,Handle Type,,,Handle Material,,,Handle Color,,,Sound Level,,,Overall Length,,,Overall Width,,,Overall Depth,,,Additional Information,,,,,,,,,,,,,,,,,,,,,,,,,,,,,,,,,,,,,,,,,,,,,,,,,,,,,,,,,,,,,,,,,,,,,,,,,,,,,,,,,,,,,,,,,,,,,,,,,,,,,,,,,,,,,,,,,,,,,,,,,,,,
https://makitatools.com/products/details/GSL02M1,https://makitatools.com/products/details/GSL02M1,,,,,,,,,,GSL02M1,"GSL02M1 Makita Miter Saw - 40V 8-1/2""",-- Unbranded --,-- No Unilog Brand --,-- No DIB Brand --,Makita Usa Inc (5142),Makita,,,GSL02M1,,Tools & Equipment>Power Tools>Power Saws>Miter Saws>Cordless Miter Saws,"Makita, Cordless Miter Saw, GSL02M1",CORDLESS MITER SAW 40,Makita GSL02M1 Cordless Miter Saw,,Cordless Miter Saw,,,,,,,,,,,,,,,,,,,,,,,,,,,,Series,,,Tool/Kit,,,Blade Diameter,,,Blade Type,,,Blade Material,,,Cutting Height,,,Cutting Width,,,Arbor Size,,,Cutting Angle,,,Voltage Rating,40,V,Battery Type,,,Battery Capacity,,,Speed Rating,,,Speed Setting,,,Housing Material,,,Housing Color,,,Switch Type,,,Handle Type,,,Handle Material,,,Handle Color,,,Sound Level,,,Overall Length,,,Overall Width,,,Overall Depth,,,Additional Information,,,,,,,,,,,,,,,,,,,,,,,,,,,,,,,,,,,,,,,,,,,,,,,,,,,,,,,,,,,,,,,,,,,,,,,,,,,,,,,,,,,,,,,,,,,,,,,,,,,,,,,,,,,,,,,,,,,,,,,,,,,,
,,,,,,,,,,,DW7029,DW7029 Dewalt Miter Saw - Stand Support/Stop,-- Unbranded --,-- No Unilog Brand --,-- No DIB Brand --,Black & Decker/dewlt (2585),Stanley Black & Decker,,,DW7029,,Tools & Equipment>Power Tools>Power Saws>Miter Saws>Cordless Miter Saws,"Stanley Black & Decker, Cordless Miter Saw, DW7029",CORDLESS MITER SAW,Stanley Black & Decker DW7029 Cordless Miter Saw,,Cordless Miter Saw,,,,,,,,,,,,,,,,,,,,,,,,,,,,Series,,,Tool/Kit,,,Blade Diameter,,,Blade Type,,,Blade Material,,,Cutting Height,,,Cutting Width,,,Arbor Size,,,Cutting Angle,,,Voltage Rating,,,Battery Type,,,Battery Capacity,,,Speed Rating,,,Speed Setting,,,Housing Material,,,Housing Color,,,Switch Type,,,Handle Type,,,Handle Material,,,Handle Color,,,Sound Level,,,Overall Length,,,Overall Width,,,Overall Depth,,,Additional Information,,,,,,,,,,,,,,,,,,,,,,,,,,,,,,,,,,,,,,,,,,,,,,,,,,,,,,,,,,,,,,,,,,,,,,,,,,,,,,,,,,,,,,,,,,,,,,,,,,,,,,,,,,,,,,,,,,,,,,,,,,,,
,,,,,,,,,,,DCS384B,DCS384B Dewalt 20V Brushless - Cordless Recip Saw (Bare),-- Unbranded --,-- No Unilog Brand --,DEWALT,Black & Decker/dewlt (2585),Stanley Black & Decker,DEWALT,,DCS384B,,Tools & Equipment>Power Tools>Power Saws>Miter Saws>Cordless Miter Saws,"Stanley Black & Decker, Cordless Miter Saw, DCS384B",CORDLESS MITER SAW 20,Stanley Black & Decker DCS384B Cordless Miter Saw,,Cordless Miter Saw,,,,,,,,,,,,,,,,,,,,,,,,,,,,Series,,,Tool/Kit,,,Blade Diameter,,,Blade Type,,,Blade Material,,,Cutting Height,,,Cutting Width,,,Arbor Size,,,Cutting Angle,,,Voltage Rating,20,V,Battery Type,,,Battery Capacity,,,Speed Rating,,,Speed Setting,,,Housing Material,,,Housing Color,,,Switch Type,,,Handle Type,,,Handle Material,,,Handle Color,,,Sound Level,,,Overall Length,,,Overall Width,,,Overall Depth,,,Additional Information,,,,,,,,,,,,,,,,,,,,,,,,,,,,,,,,,,,,,,,,,,,,,,,,,,,,,,,,,,,,,,,,,,,,,,,,,,,,,,,,,,,,,,,,,,,,,,,,,,,,,,,,,,,,,,,,,,,,,,,,,,,,
https://makitatools.com/products/details/XRJ08Z,https://makitatools.com/products/details/XRJ08Z,,,,,,,,,,XRJ08Z,XRJ08Z Makita 18V Recip Saw - Bare Tool,-- Unbranded --,-- No Unilog Brand --,-- No DIB Brand --,Makita Usa Inc (5142),Makita,,,XRJ08Z,,Tools & Equipment>Power Tools>Power Fastening Tools>Power Wrenches & Ratchets>Cordless Impact Wrenches,"Makita, Cordless Impact Wrench, XRJ08Z",CORDLESS IMPACT WRENCH 18,Makita XRJ08Z Cordless Impact Wrench,,Cordless Impact Wrench,,,,,,,,,,,,,,,,,,,,,,,,,,,,Series,,,Tool/Kit,,,Drive Size,,,Drive Type,,,Torque Rating,,,Impacts per Minute,,,Voltage Rating,18,V,Battery Type,,,Battery Capacity,,,Speed Rating,,,Speed Setting,,,Housing Material,,,Housing Color,,,Switch Type,,,Handle Type,,,Handle Material,,,Handle Color,,,Sound Level,,,Overall Length,,,Overall Width,,,Overall Depth,,,Additional Information,,,,,,,,,,,,,,,,,,,,,,,,,,,,,,,,,,,,,,,,,,,,,,,,,,,,,,,,,,,,,,,,,,,,,,,,,,,,,,,,,,,,,,,,,,,,,,,,,,,,,,,,,,,,,,,,,,,,,,,,,,,,,,,,,,,,,
,,,,,,,,,,,G0771Z,"Grizzly G0771Z 30"" Table Saw",-- Unbranded --,-- No Unilog Brand --,-- No DIB Brand --,Woodstock Intl (3658),,,,G0771Z,,Tools & Equipment>Power Tools>Power Saws>Miter Saws>Cordless Miter Saws,"Cordless Miter Saw, G0771Z",CORDLESS MITER SAW,G0771Z Cordless Miter Saw,,Cordless Miter Saw,,,,,,,,,,,,,,,,,,,,,,,,,,,,Series,,,Tool/Kit,,,Blade Diameter,,,Blade Type,,,Blade Material,,,Cutting Height,,,Cutting Width,,,Arbor Size,,,Cutting Angle,,,Voltage Rating,,,Battery Type,,,Battery Capacity,,,Speed Rating,,,Speed Setting,,,Housing Material,,,Housing Color,,,Switch Type,,,Handle Type,,,Handle Material,,,Handle Color,,,Sound Level,,,Overall Length,,,Overall Width,,,Overall Depth,,,Additional Information,,,,,,,,,,,,,,,,,,,,,,,,,,,,,,,,,,,,,,,,,,,,,,,,,,,,,,,,,,,,,,,,,,,,,,,,,,,,,,,,,,,,,,,,,,,,,,,,,,,,,,,,,,,,,,,,,,,,,,,,,,,,
,,,,,,,,,,,TS1017,TS1017 Table Saw Zero-Clearance Insert,-- Unbranded --,-- No Unilog Brand --,-- No DIB Brand --,Robt Bosch Tool Corp (6564),,,,TS1017,,Tools & Equipment>Power Tools>Power Saws>Miter Saws>Cordless Miter Saws,"Cordless Miter Saw, TS1017",CORDLESS MITER SAW,TS1017 Cordless Miter Saw,,Cordless Miter Saw,,,,,,,,,,,,,,,,,,,,,,,,,,,,Series,,,Tool/Kit,,,Blade Diameter,,,Blade Type,,,Blade Material,,,Cutting Height,,,Cutting Width,,,Arbor Size,,,Cutting Angle,,,Voltage Rating,,,Battery Type,,,Battery Capacity,,,Speed Rating,,,Speed Setting,,,Housing Material,,,Housing Color,,,Switch Type,,,Handle Type,,,Handle Material,,,Handle Color,,,Sound Level,,,Overall Length,,,Overall Width,,,Overall Depth,,,Additional Information,,,,,,,,,,,,,,,,,,,,,,,,,,,,,,,,,,,,,,,,,,,,,,,,,,,,,,,,,,,,,,,,,,,,,,,,,,,,,,,,,,,,,,,,,,,,,,,,,,,,,,,,,,,,,,,,,,,,,,,,,,,,
,,,,,,,,,,,XT524,"XT524 24"" XT XTENDER Fence",-- Unbranded --,-- No Unilog Brand --,-- No DIB Brand --,Bow Products (BOWPR),,,,XT524,,,,,,,,,,,,,,,,,,,,,,,,,,,,,,,,,,,,,,,,,,,,,,,,,,,,,,,,,,,,,,,,,,,,,,,,,,,,,,,,,,,,,,,,,,,,,,,,,,,,,,,,,,,,,,,,,,,,,,,,,,,,,,,,,,,,,,,,,,,,,,,,,,,,,,,,,,,,,,,,,,,,,,,,,,,,,,,,,,,,,,,,,,,,,,,,,,,,,,,,,,,,,,,,,,,,,,,,,,,,,,,,,,,,,,,
,,,,,,,,,,,XT536,"XT536 36"" XT XTENDER Fence",-- Unbranded --,-- No Unilog Brand --,-- No DIB Brand --,Bow Products (BOWPR),,,,XT536,,,,,,,,,,,,,,,,,,,,,,,,,,,,,,,,,,,,,,,,,,,,,,,,,,,,,,,,,,,,,,,,,,,,,,,,,,,,,,,,,,,,,,,,,,,,,,,,,,,,,,,,,,,,,,,,,,,,,,,,,,,,,,,,,,,,,,,,,,,,,,,,,,,,,,,,,,,,,,,,,,,,,,,,,,,,,,,,,,,,,,,,,,,,,,,,,,,,,,,,,,,,,,,,,,,,,,,,,,,,,,,,,,,,,,,
,,,,,,,,,,,XT546,"XT546 46"" XT XTENDER Fence",-- Unbranded --,-- No Unilog Brand --,-- No DIB Brand --,Bow Products (BOWPR),,,,XT546,,,,,,,,,,,,,,,,,,,,,,,,,,,,,,,,,,,,,,,,,,,,,,,,,,,,,,,,,,,,,,,,,,,,,,,,,,,,,,,,,,,,,,,,,,,,,,,,,,,,,,,,,,,,,,,,,,,,,,,,,,,,,,,,,,,,,,,,,,,,,,,,,,,,,,,,,,,,,,,,,,,,,,,,,,,,,,,,,,,,,,,,,,,,,,,,,,,,,,,,,,,,,,,,,,,,,,,,,,,,,,,,,,,,,,,
,,,,,,,,,,,XTP235,"35"" XTP XTENDER PRO Fence - XTP235",-- Unbranded --,-- No Unilog Brand --,-- No DIB Brand --,Bow Products (BOWPR),,,,XTP235,,,,,,,,,,,,,,,,,,,,,,,,,,,,,,,,,,,,,,,,,,,,,,,,,,,,,,,,,,,,,,,,,,,,,,,,,,,,,,,,,,,,,,,,,,,,,,,,,,,,,,,,,,,,,,,,,,,,,,,,,,,,,,,,,,,,,,,,,,,,,,,,,,,,,,,,,,,,,,,,,,,,,,,,,,,,,,,,,,,,,,,,,,,,,,,,,,,,,,,,,,,,,,,,,,,,,,,,,,,,,,,,,,,,,,,
,,,,,,,,,,,TGP2-FA,TGP2-FA T-Glide Fence Professional,-- Unbranded --,-- No Unilog Brand --,-- No DIB Brand --,Saw Stop LLC (SAWST),,,,TGP2-FA,,,,,,,,,,,,,,,,,,,,,,,,,,,,,,,,,,,,,,,,,,,,,,,,,,,,,,,,,,,,,,,,,,,,,,,,,,,,,,,,,,,,,,,,,,,,,,,,,,,,,,,,,,,,,,,,,,,,,,,,,,,,,,,,,,,,,,,,,,,,,,,,,,,,,,,,,,,,,,,,,,,,,,,,,,,,,,,,,,,,,,,,,,,,,,,,,,,,,,,,,,,,,,,,,,,,,,,,,,,,,,,,,,,,,,,
,,,,,,,,,,,ATGI-FA,ATGI-FA T-Glide Advanced Fence Industrial,-- Unbranded --,-- No Unilog Brand --,-- No DIB Brand --,Saw Stop LLC (SAWST),,,,ATGI-FA,,,,,,,,,,,,,,,,,,,,,,,,,,,,,,,,,,,,,,,,,,,,,,,,,,,,,,,,,,,,,,,,,,,,,,,,,,,,,,,,,,,,,,,,,,,,,,,,,,,,,,,,,,,,,,,,,,,,,,,,,,,,,,,,,,,,,,,,,,,,,,,,,,,,,,,,,,,,,,,,,,,,,,,,,,,,,,,,,,,,,,,,,,,,,,,,,,,,,,,,,,,,,,,,,,,,,,,,,,,,,,,,,,,,,,,
,,,,,,,,,,,ATGP-FA,ATGP-FA T-Glide Advance Fence Professional,-- Unbranded --,-- No Unilog Brand --,-- No DIB Brand --,Saw Stop LLC (SAWST),,,,ATGP-FA,,,,,,,,,,,,,,,,,,,,,,,,,,,,,,,,,,,,,,,,,,,,,,,,,,,,,,,,,,,,,,,,,,,,,,,,,,,,,,,,,,,,,,,,,,,,,,,,,,,,,,,,,,,,,,,,,,,,,,,,,,,,,,,,,,,,,,,,,,,,,,,,,,,,,,,,,,,,,,,,,,,,,,,,,,,,,,,,,,,,,,,,,,,,,,,,,,,,,,,,,,,,,,,,,,,,,,,,,,,,,,,,,,,,,,,
,,,,,,,,,,,TGI2-FA,TGI2-FA T-Glide Fence Indudtrial,-- Unbranded --,-- No Unilog Brand --,-- No DIB Brand --,Saw Stop LLC (SAWST),,,,TGI2-FA,,,,,,,,,,,,,,,,,,,,,,,,,,,,,,,,,,,,,,,,,,,,,,,,,,,,,,,,,,,,,,,,,,,,,,,,,,,,,,,,,,,,,,,,,,,,,,,,,,,,,,,,,,,,,,,,,,,,,,,,,,,,,,,,,,,,,,,,,,,,,,,,,,,,,,,,,,,,,,,,,,,,,,,,,,,,,,,,,,,,,,,,,,,,,,,,,,,,,,,,,,,,,,,,,,,,,,,,,,,,,,,,,,,,,,,
,,,,,,,,,,,TGI2-T36A,"TGI2-T36A 36"" Table Assembly Industrial",-- Unbranded --,-- No Unilog Brand --,-- No DIB Brand --,Saw Stop LLC (SAWST),,,,TGI2-T36A,,,,,,,,,,,,,,,,,,,,,,,,,,,,,,,,,,,,,,,,,,,,,,,,,,,,,,,,,,,,,,,,,,,,,,,,,,,,,,,,,,,,,,,,,,,,,,,,,,,,,,,,,,,,,,,,,,,,,,,,,,,,,,,,,,,,,,,,,,,,,,,,,,,,,,,,,,,,,,,,,,,,,,,,,,,,,,,,,,,,,,,,,,,,,,,,,,,,,,,,,,,,,,,,,,,,,,,,,,,,,,,,,,,,,,,
,,,,,,,,,,,KPTBPS100A,"KPTBPS100A Kreg 20V Ionic 6-1/2"" Plunge-Cut Track Saw Kit",-- Unbranded --,-- No Unilog Brand --,-- No DIB Brand --,Kreg Tool Company (KRETO),,,,KPTBPS100A,,Tools & Equipment>Power Tools>Power Saws>Miter Saws>Cordless Miter Saws,"Cordless Miter Saw, KPTBPS100A",CORDLESS MITER SAW 20,KPTBPS100A Cordless Miter Saw,,Cordless Miter Saw,,,,,,,,,,,,,,,,,,,,,,,,,,,,Series,,,Tool/Kit,,,Blade Diameter,,,Blade Type,,,Blade Material,,,Cutting Height,,,Cutting Width,,,Arbor Size,,,Cutting Angle,,,Voltage Rating,20,V,Battery Type,,,Battery Capacity,,,Speed Rating,,,Speed Setting,,,Housing Material,,,Housing Color,,,Switch Type,,,Handle Type,,,Handle Material,,,Handle Color,,,Sound Level,,,Overall Length,,,Overall Width,,,Overall Depth,,,Additional Information,,,,,,,,,,,,,,,,,,,,,,,,,,,,,,,,,,,,,,,,,,,,,,,,,,,,,,,,,,,,,,,,,,,,,,,,,,,,,,,,,,,,,,,,,,,,,,,,,,,,,,,,,,,,,,,,,,,,,,,,,,,,
,,,,,,,,,,,DCB606C,DCB606C Dewalt Flexvolt Starter Kit,-- Unbranded --,-- No Unilog Brand --,-- No DIB Brand --,Black & Decker/dewlt (2585),Stanley Black & Decker,,,DCB606C,,Tools & Equipment>Power Tools>Power Tool Accessories>Cordless Tool Batteries,"Stanley Black & Decker, Cordless Tool Battery, DCB606C",CORDLESS TOOL BATTERY,Stanley Black & Decker DCB606C Cordless Tool Battery,,Cordless Tool Battery,,,,,,,,,,,,,,,,,,,,,,,,,,,,Series,,,Battery Series,,,Voltage Rating,,,Battery Capacity,,,Battery Chemistry,,,Number of Batteries,,,Overall Length,,,Overall Width,,,Overall Height,,,Suitable For Use With,,,Additional Information,,,,,,,,,,,,,,,,,,,,,,,,,,,,,,,,,,,,,,,,,,,,,,,,,,,,,,,,,,,,,,,,,,,,,,,,,,,,,,,,,,,,,,,,,,,,,,,,,,,,,,,,,,,,,,,,,,,,,,,,,,,,,,,,,,,,,,,,,,,,,,,,,,,,,,,,,,,,,,,,,,,,,,
https://makitatools.com/products/details/BL1850BDC1,https://makitatools.com/products/details/BL1850BDC1,,,,,,,,,,BL1850BDC1,BL1850BDC1 Makita Starter Kit,-- Unbranded --,-- No Unilog Brand --,-- No DIB Brand --,Makita Usa Inc (5142),Makita,,,BL1850BDC1,,Tools & Equipment>Power Tools>Power Fastening Tools>Power Nailers>Cordless Nailers,"Makita, Cordless Nailer, BL1850BDC1",CORDLESS NAILER,Makita BL1850BDC1 Cordless Nailer,,Cordless Nailer,,,,,,,,,,,,,,,,,,,,,,,,,,,,Series,,,Tool/Kit,,,Nail Capacity,,,Nail Length,,,Nail Diameter,,,Nail Gauge,,,Nail Head Style,,,Magazine Style,,,Magazine Angle,,,Magazine Loading Type,,,Firing/Actuation Type,,,Fastening Rate,,,Voltage Rating,,,Battery Type,,,Battery Capacity,,,Speed Rating,,,Housing Material,,,Housing Color,,,Switch Type,,,Handle Type,,,Handle Material,,,Handle Color,,,Sound Level,,,Overall Length,,,Overall Width,,,Overall Depth,,,Additional Information,,,,,,,,,,,,,,,,,,,,,,,,,,,,,,,,,,,,,,,,,,,,,,,,,,,,,,,,,,,,,,,,,,,,,,,,,,,,,,,,,,,,,,,,,,,,,,,,,,,,,,,,,,,,,,,,,,,,,,
,,,,,,,,,,,DCB205C,DCB205C 20V Starter Kit,-- Unbranded --,-- No Unilog Brand --,DEWALT,Black & Decker/dewlt (2585),Stanley Black & Decker,DEWALT,,DCB205C,,Tools & Equipment>Power Tools>Power Tool Accessories>Cordless Tool Batteries,"Stanley Black & Decker, Cordless Tool Battery, DCB205C",CORDLESS TOOL BATTERY 20,Stanley Black & Decker DCB205C Cordless Tool Battery,,Cordless Tool Battery,,,,,,,,,,,,,,,,,,,,,,,,,,,,Series,,,Battery Series,,,Voltage Rating,20,V,Battery Capacity,,,Battery Chemistry,,,Number of Batteries,,,Overall Length,,,Overall Width,,,Overall Height,,,Suitable For Use With,,,Additional Information,,,,,,,,,,,,,,,,,,,,,,,,,,,,,,,,,,,,,,,,,,,,,,,,,,,,,,,,,,,,,,,,,,,,,,,,,,,,,,,,,,,,,,,,,,,,,,,,,,,,,,,,,,,,,,,,,,,,,,,,,,,,,,,,,,,,,,,,,,,,,,,,,,,,,,,,,,,,,,,,,,,,,,
,,,,,,,,,,,DCB2108,DCB2108 Dewalt 20V 8Ah Battery - Max XR Powerpack,-- Unbranded --,-- No Unilog Brand --,DEWALT,Black & Decker/dewlt (2585),Stanley Black & Decker,DEWALT,,DCB2108,,Tools & Equipment>Power Tools>Power Tool Accessories>Cordless Tool Batteries,"Stanley Black & Decker, Cordless Tool Battery, DCB2108",CORDLESS TOOL BATTERY 20,Stanley Black & Decker DCB2108 Cordless Tool Battery,,Cordless Tool Battery,,,,,,,,,,,,,,,,,,,,,,,,,,,,Series,,,Battery Series,,,Voltage Rating,20,V,Battery Capacity,,,Battery Chemistry,,,Number of Batteries,,,Overall Length,,,Overall Width,,,Overall Height,,,Suitable For Use With,,,Additional Information,,,,,,,,,,,,,,,,,,,,,,,,,,,,,,,,,,,,,,,,,,,,,,,,,,,,,,,,,,,,,,,,,,,,,,,,,,,,,,,,,,,,,,,,,,,,,,,,,,,,,,,,,,,,,,,,,,,,,,,,,,,,,,,,,,,,,,,,,,,,,,,,,,,,,,,,,,,,,,,,,,,,,,
,,,,,,,,,,,DCB2108-2,DCB2108-2 Dewalt 20V 8Ah 2pk - Battery Max XR Powerpack,-- Unbranded --,-- No Unilog Brand --,-- No DIB Brand --,Black & Decker/dewlt (2585),Stanley Black & Decker,,,DCB2108-2,,Tools & Equipment>Power Tools>Power Tool Accessories>Cordless Tool Batteries,"Stanley Black & Decker, Cordless Tool Battery, DCB2108-2",CORDLESS TOOL BATTERY 20,Stanley Black & Decker DCB2108-2 Cordless Tool Battery,,Cordless Tool Battery,,,,,,,,,,,,,,,,,,,,,,,,,,,,Series,,,Battery Series,,,Voltage Rating,20,V,Battery Capacity,,,Battery Chemistry,,,Number of Batteries,,,Overall Length,,,Overall Width,,,Overall Height,,,Suitable For Use With,,,Additional Information,,,,,,,,,,,,,,,,,,,,,,,,,,,,,,,,,,,,,,,,,,,,,,,,,,,,,,,,,,,,,,,,,,,,,,,,,,,,,,,,,,,,,,,,,,,,,,,,,,,,,,,,,,,,,,,,,,,,,,,,,,,,,,,,,,,,,,,,,,,,,,,,,,,,,,,,,,,,,,,,,,,,,,
,,,,,,,,,,,VB0212,VB0212 Senco 18V 2.0 AH Lithium Battery,-- Unbranded --,-- No Unilog Brand --,-- No DIB Brand --,Senco Products Inc (4650),KYOCERA Corporation,,,VB0212,,Tools & Equipment>Power Tools>Power Tool Accessories>Cordless Tool Batteries,"KYOCERA Corporation, Cordless Tool Battery, VB0212",CORDLESS TOOL BATTERY 18,KYOCERA Corporation VB0212 Cordless Tool Battery,,Cordless Tool Battery,,,,,,,,,,,,,,,,,,,,,,,,,,,,Series,,,Battery Series,,,Voltage Rating,18,V,Battery Capacity,,,Battery Chemistry,,,Number of Batteries,,,Overall Length,,,Overall Width,,,Overall Height,,,Suitable For Use With,,,Additional Information,,,,,,,,,,,,,,,,,,,,,,,,,,,,,,,,,,,,,,,,,,,,,,,,,,,,,,,,,,,,,,,,,,,,,,,,,,,,,,,,,,,,,,,,,,,,,,,,,,,,,,,,,,,,,,,,,,,,,,,,,,,,,,,,,,,,,,,,,,,,,,,,,,,,,,,,,,,,,,,,,,,,,,
,,,,,,,,,,,BCB2A20A,BCB2A20A Kreg 20V Battery/Charger Starter Kit,-- Unbranded --,-- No Unilog Brand --,-- No DIB Brand --,Kreg Tool Company (KRETO),,,,BCB2A20A,,Tools & Equipment>Power Tools>Power Tool Accessories>Cordless Tool Batteries,"Cordless Tool Battery, BCB2A20A",CORDLESS TOOL BATTERY 20,BCB2A20A Cordless Tool Battery,,Cordless Tool Battery,,,,,,,,,,,,,,,,,,,,,,,,,,,,Series,,,Battery Series,,,Voltage Rating,20,V,Battery Capacity,,,Battery Chemistry,,,Number of Batteries,,,Overall Length,,,Overall Width,,,Overall Height,,,Suitable For Use With,,,Additional Information,,,,,,,,,,,,,,,,,,,,,,,,,,,,,,,,,,,,,,,,,,,,,,,,,,,,,,,,,,,,,,,,,,,,,,,,,,,,,,,,,,,,,,,,,,,,,,,,,,,,,,,,,,,,,,,,,,,,,,,,,,,,,,,,,,,,,,,,,,,,,,,,,,,,,,,,,,,,,,,,,,,,,,
,,,,,,,,,,,BATT4A,BATT4A Kreg 20V 4ah Battery Pack,-- Unbranded --,-- No Unilog Brand --,-- No DIB Brand --,Kreg Tool Company (KRETO),,,,BATT4A,,Tools & Equipment>Power Tools>Power Tool Accessories>Cordless Tool Batteries,"Cordless Tool Battery, BATT4A",CORDLESS TOOL BATTERY 20,BATT4A Cordless Tool Battery,,Cordless Tool Battery,,,,,,,,,,,,,,,,,,,,,,,,,,,,Series,,,Battery Series,,,Voltage Rating,20,V,Battery Capacity,,,Battery Chemistry,,,Number of Batteries,,,Overall Length,,,Overall Width,,,Overall Height,,,Suitable For Use With,,,Additional Information,,,,,,,,,,,,,,,,,,,,,,,,,,,,,,,,,,,,,,,,,,,,,,,,,,,,,,,,,,,,,,,,,,,,,,,,,,,,,,,,,,,,,,,,,,,,,,,,,,,,,,,,,,,,,,,,,,,,,,,,,,,,,,,,,,,,,,,,,,,,,,,,,,,,,,,,,,,,,,,,,,,,,,
,,,,,,,,,,,BATT2A,BATT2A Kreg 20V 2ah Battery Pack,-- Unbranded --,-- No Unilog Brand --,-- No DIB Brand --,Kreg Tool Company (KRETO),,,,BATT2A,,Tools & Equipment>Power Tools>Power Tool Accessories>Cordless Tool Batteries,"Cordless Tool Battery, BATT2A",CORDLESS TOOL BATTERY 20,BATT2A Cordless Tool Battery,,Cordless Tool Battery,,,,,,,,,,,,,,,,,,,,,,,,,,,,Series,,,Battery Series,,,Voltage Rating,20,V,Battery Capacity,,,Battery Chemistry,,,Number of Batteries,,,Overall Length,,,Overall Width,,,Overall Height,,,Suitable For Use With,,,Additional Information,,,,,,,,,,,,,,,,,,,,,,,,,,,,,,,,,,,,,,,,,,,,,,,,,,,,,,,,,,,,,,,,,,,,,,,,,,,,,,,,,,,,,,,,,,,,,,,,,,,,,,,,,,,,,,,,,,,,,,,,,,,,,,,,,,,,,,,,,,,,,,,,,,,,,,,,,,,,,,,,,,,,,,
https://makitatools.com/products/details/BL1850BDC2X1,https://makitatools.com/products/details/BL1850BDC2X1,,,,,,,,,,BL1850BDC2X1,BL1850BDC2X1 Makita Starter Kit,-- Unbranded --,-- No Unilog Brand --,-- No DIB Brand --,Makita Usa Inc (5142),Makita,,,BL1850BDC2X1,,Tools & Equipment>Power Tools>Power Fastening Tools>Power Nailers>Cordless Nailers,"Makita, Cordless Nailer, BL1850BDC2X1",CORDLESS NAILER,Makita BL1850BDC2X1 Cordless Nailer,,Cordless Nailer,,,,,,,,,,,,,,,,,,,,,,,,,,,,Series,,,Tool/Kit,,,Nail Capacity,,,Nail Length,,,Nail Diameter,,,Nail Gauge,,,Nail Head Style,,,Magazine Style,,,Magazine Angle,,,Magazine Loading Type,,,Firing/Actuation Type,,,Fastening Rate,,,Voltage Rating,,,Battery Type,,,Battery Capacity,,,Speed Rating,,,Housing Material,,,Housing Color,,,Switch Type,,,Handle Type,,,Handle Material,,,Handle Color,,,Sound Level,,,Overall Length,,,Overall Width,,,Overall Depth,,,Additional Information,,,,,,,,,,,,,,,,,,,,,,,,,,,,,,,,,,,,,,,,,,,,,,,,,,,,,,,,,,,,,,,,,,,,,,,,,,,,,,,,,,,,,,,,,,,,,,,,,,,,,,,,,,,,,,,,,,,,,,
,,,,,,,,,,,48-11-2422,48-11-2422 Milw M12 CP2.0 Battery Two Pack,-- Unbranded --,-- No Unilog Brand --,-- No DIB Brand --,Milwaukee Accessory (4031),Milwaukee Tool,,,48-11-2422,,Tools & Equipment>Power Tools>Power Tool Accessories>Cordless Tool Batteries,"Milwaukee Tool, Cordless Tool Battery, 48-11-2422",CORDLESS TOOL BATTERY,Milwaukee Tool 48-11-2422 Cordless Tool Battery,,Cordless Tool Battery,,,,,,,,,,,,,,,,,,,,,,,,,,,,Series,,,Battery Series,,,Voltage Rating,,,Battery Capacity,,,Battery Chemistry,,,Number of Batteries,,,Overall Length,,,Overall Width,,,Overall Height,,,Suitable For Use With,,,Additional Information,,,,,,,,,,,,,,,,,,,,,,,,,,,,,,,,,,,,,,,,,,,,,,,,,,,,,,,,,,,,,,,,,,,,,,,,,,,,,,,,,,,,,,,,,,,,,,,,,,,,,,,,,,,,,,,,,,,,,,,,,,,,,,,,,,,,,,,,,,,,,,,,,,,,,,,,,,,,,,,,,,,,,,
,,,,,,,,,,,DCB1104,DCB1104 Dewalt 12V/20V Charger - 4 Amp,-- Unbranded --,-- No Unilog Brand --,-- No DIB Brand --,Black & Decker/dewlt (2585),Stanley Black & Decker,,,DCB1104,,Tools & Equipment>Power Tools>Power Tool Accessories>Cordless Tool Batteries,"Stanley Black & Decker, Cordless Tool Battery, DCB1104",CORDLESS TOOL BATTERY 12,Stanley Black & Decker DCB1104 Cordless Tool Battery,,Cordless Tool Battery,,,,,,,,,,,,,,,,,,,,,,,,,,,,Series,,,Battery Series,,,Voltage Rating,12,V,Battery Capacity,,,Battery Chemistry,,,Number of Batteries,,,Overall Length,,,Overall Width,,,Overall Height,,,Suitable For Use With,,,Additional Information,,,,,,,,,,,,,,,,,,,,,,,,,,,,,,,,,,,,,,,,,,,,,,,,,,,,,,,,,,,,,,,,,,,,,,,,,,,,,,,,,,,,,,,,,,,,,,,,,,,,,,,,,,,,,,,,,,,,,,,,,,,,,,,,,,,,,,,,,,,,,,,,,,,,,,,,,,,,,,,,,,,,,,
,,,,,,,,,,,48-59-1804,48-59-1804 Milw M18 and M12 Rapid Charger,-- Unbranded --,-- No Unilog Brand --,-- No DIB Brand --,Milwaukee Accessory (4031),Milwaukee Tool,,,48-59-1804,,Tools & Equipment>Power Tools>Power Tool Accessories>Cordless Tool Battery Chargers,"Milwaukee Tool, Cordless Tool Battery Charger, 48-59-1804",CORDLESS TOOL BATTERY CHARGER,Milwaukee Tool 48-59-1804 Cordless Tool Battery Charger,,Cordless Tool Battery Charger,,,,,,,,,,,,,,,,,,,,,,,,,,,,Series,,,Voltage Rating,,,Battery Capacity,,,Battery Voltage,,,Battery Chemistry,,,Number of Ports,,,Charger Class,,,Charging Type,,,Charge Time,,,Plug Type,,,Overall Length,,,Overall Width,,,Overall Height,,,Suitable For Use With,,,Additional Information,,,,,,,,,,,,,,,,,,,,,,,,,,,,,,,,,,,,,,,,,,,,,,,,,,,,,,,,,,,,,,,,,,,,,,,,,,,,,,,,,,,,,,,,,,,,,,,,,,,,,,,,,,,,,,,,,,,,,,,,,,,,,,,,,,,,,,,,,,,,,,,,,,,,,,,,,,
,,,,,,,,,,,CRGR401A,CRGR401A Kreg 20V Fast Charger,-- Unbranded --,-- No Unilog Brand --,-- No DIB Brand --,Kreg Tool Company (KRETO),,,,CRGR401A,,Tools & Equipment>Power Tools>Power Tool Accessories>Cordless Tool Power Supplies & Battery Adapters,"Cordless Tool Power Supplies & Battery Adapter, CRGR401A",CORDLESS TOOL POWER SUPPLIES & BATTERY ADAPTER,CRGR401A Cordless Tool Power Supplies & Battery Adapter,,Cordless Tool Power Supplies & Battery Adapter,,,,,,,,,,,,,,,,,,,,,,,,,,,,Series,,,Voltage Rating,20,V,Battery Capacity,,,Battery Type,,,Number of Ports,,,Number of Pieces,,,Overall Length,,,Overall Width,,,Overall Height,,,Suitable For Use With,,,Additional Information,,,,,,,,,,,,,,,,,,,,,,,,,,,,,,,,,,,,,,,,,,,,,,,,,,,,,,,,,,,,,,,,,,,,,,,,,,,,,,,,,,,,,,,,,,,,,,,,,,,,,,,,,,,,,,,,,,,,,,,,,,,,,,,,,,,,,,,,,,,,,,,,,,,,,,,,,,,,,,,,,,,,,,
,,,,,,,,,,,48-59-1211,48-59-1211 Milw Power Supply - Charger,-- Unbranded --,-- No Unilog Brand --,Milwaukee,Milwaukee Accessory (4031),Milwaukee Tool,Milwaukee,,48-59-1211,,Tools & Equipment>Power Tools>Power Tool Accessories>Cordless Tool Power Supplies & Battery Adapters,"Milwaukee Tool, Cordless Tool Power Supplies & Battery Adapter, 48-59-1211",CORDLESS TOOL POWER SUPPLIES & BATTERY ADAPTER,Milwaukee Tool 48-59-1211 Cordless Tool Power Supplies & Battery Adapter,,Cordless Tool Power Supplies & Battery Adapter,,,,,,,,,,,,,,,,,,,,,,,,,,,,Series,,,Voltage Rating,,,Battery Capacity,,,Battery Type,,,Number of Ports,,,Number of Pieces,,,Overall Length,,,Overall Width,,,Overall Height,,,Suitable For Use With,,,Additional Information,,,,,,,,,,,,,,,,,,,,,,,,,,,,,,,,,,,,,,,,,,,,,,,,,,,,,,,,,,,,,,,,,,,,,,,,,,,,,,,,,,,,,,,,,,,,,,,,,,,,,,,,,,,,,,,,,,,,,,,,,,,,,,,,,,,,,,,,,,,,,,,,,,,,,,,,,,,,,,,,,,,,,,
,,,,,,,,,,,2847-20,2847-20 Milw M18 Charger and Power Supply,-- Unbranded --,-- No Unilog Brand --,-- No DIB Brand --,Milwaukee Accessory (4031),Milwaukee Tool,,,2847-20,,Tools & Equipment>Power Tools>Power Tool Accessories>Cordless Tool Power Supplies & Battery Adapters,"Milwaukee Tool, Cordless Tool Power Supplies & Battery Adapter, 2847-20",CORDLESS TOOL POWER SUPPLIES & BATTERY ADAPTER,Milwaukee Tool 2847-20 Cordless Tool Power Supplies & Battery Adapter,,Cordless Tool Power Supplies & Battery Adapter,,,,,,,,,,,,,,,,,,,,,,,,,,,,Series,,,Voltage Rating,,,Battery Capacity,,,Battery Type,,,Number of Ports,,,Number of Pieces,,,Overall Length,,,Overall Width,,,Overall Height,,,Suitable For Use With,,,Additional Information,,,,,,,,,,,,,,,,,,,,,,,,,,,,,,,,,,,,,,,,,,,,,,,,,,,,,,,,,,,,,,,,,,,,,,,,,,,,,,,,,,,,,,,,,,,,,,,,,,,,,,,,,,,,,,,,,,,,,,,,,,,,,,,,,,,,,,,,,,,,,,,,,,,,,,,,,,,,,,,,,,,,,,
,,,,,,,,,,,DWV9401,DWV9401 Dewalt Paper Bag - 5pk,-- Unbranded --,-- No Unilog Brand --,-- No DIB Brand --,Black & Decker/dewlt (2585),Stanley Black & Decker,,,DWV9401,,Tools & Equipment>Power Tools>Power Tool Accessories>Dust Collector Accessories,"Stanley Black & Decker, Dust Collector Accessory, DWV9401",DUST COLLECTOR ACCESSORY,Stanley Black & Decker DWV9401 Dust Collector Accessory,,Dust Collector Accessory,,,,,,,,,,,,,,,,,,,,,,,,,,,,Series,,,Material,,,Finish,,,Color,,,Diameter,,,Width,,,Height,,,Depth,,,Suitable For Use With,,,Additional Information,,,,,,,,,,,,,,,,,,,,,,,,,,,,,,,,,,,,,,,,,,,,,,,,,,,,,,,,,,,,,,,,,,,,,,,,,,,,,,,,,,,,,,,,,,,,,,,,,,,,,,,,,,,,,,,,,,,,,,,,,,,,,,,,,,,,,,,,,,,,,,,,,,,,,,,,,,,,,,,,,,,,,,,,,
,,,,,,,,,,,578512,578512 Festool Dust Extractor-CT MIDI I HEPA,-- Unbranded --,-- No Unilog Brand --,-- No DIB Brand --,Festool USA (FESTO),,,,578512,,,,,,,,,,,,,,,,,,,,,,,,,,,,,,,,,,,,,,,,,,,,,,,,,,,,,,,,,,,,,,,,,,,,,,,,,,,,,,,,,,,,,,,,,,,,,,,,,,,,,,,,,,,,,,,,,,,,,,,,,,,,,,,,,,,,,,,,,,,,,,,,,,,,,,,,,,,,,,,,,,,,,,,,,,,,,,,,,,,,,,,,,,,,,,,,,,,,,,,,,,,,,,,,,,,,,,,,,,,,,,,,,,,,,,,
,,,,,,,,,,,577871,577871 Festool Dust Extractor - CT 26,-- Unbranded --,-- No Unilog Brand --,-- No DIB Brand --,Festool USA (FESTO),,,,577871,,,,,,,,,,,,,,,,,,,,,,,,,,,,,,,,,,,,,,,,,,,,,,,,,,,,,,,,,,,,,,,,,,,,,,,,,,,,,,,,,,,,,,,,,,,,,,,,,,,,,,,,,,,,,,,,,,,,,,,,,,,,,,,,,,,,,,,,,,,,,,,,,,,,,,,,,,,,,,,,,,,,,,,,,,,,,,,,,,,,,,,,,,,,,,,,,,,,,,,,,,,,,,,,,,,,,,,,,,,,,,,,,,,,,,,
,,,,,,,,,,,577874,577874 Festool Dust Extractor - CT 36,-- Unbranded --,-- No Unilog Brand --,-- No DIB Brand --,Festool USA (FESTO),,,,577874,,,,,,,,,,,,,,,,,,,,,,,,,,,,,,,,,,,,,,,,,,,,,,,,,,,,,,,,,,,,,,,,,,,,,,,,,,,,,,,,,,,,,,,,,,,,,,,,,,,,,,,,,,,,,,,,,,,,,,,,,,,,,,,,,,,,,,,,,,,,,,,,,,,,,,,,,,,,,,,,,,,,,,,,,,,,,,,,,,,,,,,,,,,,,,,,,,,,,,,,,,,,,,,,,,,,,,,,,,,,,,,,,,,,,,,
,,,,,,,,,,,577876,577876 Festool Dust Extractor - CT 48,-- Unbranded --,-- No Unilog Brand --,-- No DIB Brand --,Festool USA (FESTO),,,,577876,,,,,,,,,,,,,,,,,,,,,,,,,,,,,,,,,,,,,,,,,,,,,,,,,,,,,,,,,,,,,,,,,,,,,,,,,,,,,,,,,,,,,,,,,,,,,,,,,,,,,,,,,,,,,,,,,,,,,,,,,,,,,,,,,,,,,,,,,,,,,,,,,,,,,,,,,,,,,,,,,,,,,,,,,,,,,,,,,,,,,,,,,,,,,,,,,,,,,,,,,,,,,,,,,,,,,,,,,,,,,,,,,,,,,,,
,,,,,,,,,,,578441,578441 Festool Dust Extractor-CT 15 HEPA,-- Unbranded --,-- No Unilog Brand --,-- No DIB Brand --,Festool USA (FESTO),,,,578441,,,,,,,,,,,,,,,,,,,,,,,,,,,,,,,,,,,,,,,,,,,,,,,,,,,,,,,,,,,,,,,,,,,,,,,,,,,,,,,,,,,,,,,,,,,,,,,,,,,,,,,,,,,,,,,,,,,,,,,,,,,,,,,,,,,,,,,,,,,,,,,,,,,,,,,,,,,,,,,,,,,,,,,,,,,,,,,,,,,,,,,,,,,,,,,,,,,,,,,,,,,,,,,,,,,,,,,,,,,,,,,,,,,,,,,
,,,,,,,,,,,DCK225D2,DCK225D2 Dewalt Impact/Drill - Kit,-- Unbranded --,-- No Unilog Brand --,DEWALT,Black & Decker/dewlt (2585),Stanley Black & Decker,DEWALT,,DCK225D2,,Tools & Equipment>Power Tools>Power Tool Combination Kits,"Stanley Black & Decker, Power Tool Combination Kit, DCK225D2",POWER TOOL COMBINATION KIT,Stanley Black & Decker DCK225D2 Power Tool Combination Kit,,Power Tool Combination Kit,,,,,,,,,,,,,,,,,,,,,,,,,,,,Series,,,Voltage Rating,,,Number of Tools,,,Number of Batteries,,,Battery Type,,,Battery Capacity,,,Material,,,Additional Information,,,,,,,,,,,,,,,,,,,,,,,,,,,,,,,,,,,,,,,,,,,,,,,,,,,,,,,,,,,,,,,,,,,,,,,,,,,,,,,,,,,,,,,,,,,,,,,,,,,,,,,,,,,,,,,,,,,,,,,,,,,,,,,,,,,,,,,,,,,,,,,,,,,,,,,,,,,,,,,,,,,,,,,,,,,,,,,
,,,,,,,,,,,DCK2101QQ2,Dewalt DCK2101QQ2 20V 2Pc Kit,-- Unbranded --,-- No Unilog Brand --,-- No DIB Brand --,Black & Decker/dewlt (2585),Stanley Black & Decker,,,DCK2101QQ2,,Tools & Equipment>Power Tools>Power Tool Combination Kits,"Stanley Black & Decker, Power Tool Combination Kit, DCK2101QQ2",POWER TOOL COMBINATION KIT 20,Stanley Black & Decker DCK2101QQ2 Power Tool Combination Kit,,Power Tool Combination Kit,,,,,,,,,,,,,,,,,,,,,,,,,,,,Series,,,Voltage Rating,20,V,Number of Tools,,,Number of Batteries,,,Battery Type,,,Battery Capacity,,,Material,,,Additional Information,,,,,,,,,,,,,,,,,,,,,,,,,,,,,,,,,,,,,,,,,,,,,,,,,,,,,,,,,,,,,,,,,,,,,,,,,,,,,,,,,,,,,,,,,,,,,,,,,,,,,,,,,,,,,,,,,,,,,,,,,,,,,,,,,,,,,,,,,,,,,,,,,,,,,,,,,,,,,,,,,,,,,,,,,,,,,,,
,,,,,,,,,,,4000-2/32,4000-2/32 DREMEL ROTARY TOOL,-- Unbranded --,-- No Unilog Brand --,Dremel,Robt Bosch Tool Corp (6564),,Dremel,,4000-2/32,,Tools & Equipment>Power Tools>Power Fastening Tools>Power Wrenches & Ratchets>Cordless Impact Wrenches,"Cordless Impact Wrench, 4000-2/32",CORDLESS IMPACT WRENCH,4000-2/32 Cordless Impact Wrench,,Cordless Impact Wrench,,,,,,,,,,,,,,,,,,,,,,,,,,,,Series,,,Tool/Kit,,,Drive Size,,,Drive Type,,,Torque Rating,,,Impacts per Minute,,,Voltage Rating,,,Battery Type,,,Battery Capacity,,,Speed Rating,,,Speed Setting,,,Housing Material,,,Housing Color,,,Switch Type,,,Handle Type,,,Handle Material,,,Handle Color,,,Sound Level,,,Overall Length,,,Overall Width,,,Overall Depth,,,Additional Information,,,,,,,,,,,,,,,,,,,,,,,,,,,,,,,,,,,,,,,,,,,,,,,,,,,,,,,,,,,,,,,,,,,,,,,,,,,,,,,,,,,,,,,,,,,,,,,,,,,,,,,,,,,,,,,,,,,,,,,,,,,,,,,,,,,,,
,,,,,,,,,,,3100-1/15,3100-1/15 Dremel Rotary Tool - Kit 15pc,-- Unbranded --,-- No Unilog Brand --,Dremel,Robt Bosch Tool Corp (6564),,Dremel,,3100-1/15,,Tools & Equipment>Power Tools>Power Fastening Tools>Power Wrenches & Ratchets>Cordless Impact Wrenches,"Cordless Impact Wrench, 3100-1/15",CORDLESS IMPACT WRENCH,3100-1/15 Cordless Impact Wrench,,Cordless Impact Wrench,,,,,,,,,,,,,,,,,,,,,,,,,,,,Series,,,Tool/Kit,,,Drive Size,,,Drive Type,,,Torque Rating,,,Impacts per Minute,,,Voltage Rating,,,Battery Type,,,Battery Capacity,,,Speed Rating,,,Speed Setting,,,Housing Material,,,Housing Color,,,Switch Type,,,Handle Type,,,Handle Material,,,Handle Color,,,Sound Level,,,Overall Length,,,Overall Width,,,Overall Depth,,,Additional Information,,,,,,,,,,,,,,,,,,,,,,,,,,,,,,,,,,,,,,,,,,,,,,,,,,,,,,,,,,,,,,,,,,,,,,,,,,,,,,,,,,,,,,,,,,,,,,,,,,,,,,,,,,,,,,,,,,,,,,,,,,,,,,,,,,,,,
https://makitatools.com/products/details/T-90043,https://makitatools.com/products/details/T-90043,,,,,,,,,,T-90043,T-90043 Deep Medium Organizer,-- Unbranded --,-- No Unilog Brand --,-- No DIB Brand --,Makita Usa Inc (5142),Makita,,,T-90043,,Tools & Equipment>Power Tools>Power Fastening Tools>Power Nailers>Cordless Nailers,"Makita, Cordless Nailer, T-90043",CORDLESS NAILER,Makita T-90043 Cordless Nailer,,Cordless Nailer,,,,,,,,,,,,,,,,,,,,,,,,,,,,Series,,,Tool/Kit,,,Nail Capacity,,,Nail Length,,,Nail Diameter,,,Nail Gauge,,,Nail Head Style,,,Magazine Style,,,Magazine Angle,,,Magazine Loading Type,,,Firing/Actuation Type,,,Fastening Rate,,,Voltage Rating,,,Battery Type,,,Battery Capacity,,,Speed Rating,,,Housing Material,,,Housing Color,,,Switch Type,,,Handle Type,,,Handle Material,,,Handle Color,,,Sound Level,,,Overall Length,,,Overall Width,,,Overall Depth,,,Additional Information,,,,,,,,,,,,,,,,,,,,,,,,,,,,,,,,,,,,,,,,,,,,,,,,,,,,,,,,,,,,,,,,,,,,,,,,,,,,,,,,,,,,,,,,,,,,,,,,,,,,,,,,,,,,,,,,,,,,,,
https://makitatools.com/products/details/T-90059,https://makitatools.com/products/details/T-90059,,,,,,,,,,T-90059,T-90059 Low Profile Medium - Organizer,-- Unbranded --,-- No Unilog Brand --,-- No DIB Brand --,Makita Usa Inc (5142),Makita,,,T-90059,,Tools & Equipment>Power Tools>Power Fastening Tools>Power Nailers>Cordless Nailers,"Makita, Cordless Nailer, T-90059",CORDLESS NAILER,Makita T-90059 Cordless Nailer,,Cordless Nailer,,,,,,,,,,,,,,,,,,,,,,,,,,,,Series,,,Tool/Kit,,,Nail Capacity,,,Nail Length,,,Nail Diameter,,,Nail Gauge,,,Nail Head Style,,,Magazine Style,,,Magazine Angle,,,Magazine Loading Type,,,Firing/Actuation Type,,,Fastening Rate,,,Voltage Rating,,,Battery Type,,,Battery Capacity,,,Speed Rating,,,Housing Material,,,Housing Color,,,Switch Type,,,Handle Type,,,Handle Material,,,Handle Color,,,Sound Level,,,Overall Length,,,Overall Width,,,Overall Depth,,,Additional Information,,,,,,,,,,,,,,,,,,,,,,,,,,,,,,,,,,,,,,,,,,,,,,,,,,,,,,,,,,,,,,,,,,,,,,,,,,,,,,,,,,,,,,,,,,,,,,,,,,,,,,,,,,,,,,,,,,,,,,
https://makitatools.com/products/details/T-90065,https://makitatools.com/products/details/T-90065,,,,,,,,,,T-90065,T-90065 Deep Compact Organizer,-- Unbranded --,-- No Unilog Brand --,-- No DIB Brand --,Makita Usa Inc (5142),Makita,,,T-90065,,Tools & Equipment>Power Tools>Power Drills>Cordless Drills,"Makita, Cordless Drill, T-90065",CORDLESS DRILL,Makita T-90065 Cordless Drill,,Cordless Drill,,,,,,,,,,,,,,,,,,,,,,,,,,,,Series,,,Tool/Kit,,,Torque Rating,,,Chuck Size,,,Chuck Type,,,Chuck Material,,,Voltage Rating,,,Battery Type,,,Battery Capacity,,,Speed Rating,,,Speed Setting,,,Housing Material,,,Housing Color,,,Switch Type,,,Handle Type,,,Handle Material,,,Handle Color,,,Sound Level,,,Overall Length,,,Overall Width,,,Overall Depth,,,Additional Information,,,,,,,,,,,,,,,,,,,,,,,,,,,,,,,,,,,,,,,,,,,,,,,,,,,,,,,,,,,,,,,,,,,,,,,,,,,,,,,,,,,,,,,,,,,,,,,,,,,,,,,,,,,,,,,,,,,,,,,,,,,,,,,,,,,,,
,,,,,,,,,,,10047VS,10047VS Oliver 3HP 230V 1PH Shaper 1-1/4 Spindle,-- Unbranded --,-- No Unilog Brand --,-- No DIB Brand --,Oliver Machinery Company (OLIMA),Oliver Machinery Company,,,10047VS,,Tools & Equipment>Woodworking Tools & Machinery>Woodworking Machinery>Woodworking Planer Machines,"Oliver Machinery Company, Woodworking Planer Machine, 10047VS",WOODWORKING PLANER MACHINE 230,Oliver Machinery Company 10047VS Woodworking Planer Machine,,Woodworking Planer Machine,,,,,,,,,,,,,,,,,,,,,,,,,,,,Series,,,Cutting Width,,,Cutting Thickness,,,Depth of Cut,,,Voltage Rating,230,V,Amperage Rating,,,Frequency Rating,,,Wattage,,,HP Rating,,,Feed Rating,,,Phase,,,Speed Rating,,,Number of Speeds,,,Table Length,,,Table Width,,,Tilt Angle,,,Cuts per Minute,,,Housing Material,,,Housing Color,,,Control Type,,,Handle Type,,,Handle Material,,,Handle Color,,,Sound Level,,,Overall Length,,,Overall Width,,,Overall Depth,,,Additional Information,,,,,,,,,,,,,,,,,,,,,,,,,,,,,,,,,,,,,,,,,,,,,,,,,,,,,,,,,,,,,,,,,,,,,,,,,,,,,,,,,,,,,,,,,,,,,,,,,,,,,,,,,,,,,,,,,,,
,,,,,,,,,,,MAG:2044-230-1,2044-230-1 Stock Feeder 4-Roll - Steff,-- Unbranded --,-- No Unilog Brand --,-- No DIB Brand --,J&G Machinery (JGMAC),,,,MAG:2044-230-1,,,,,,,,,,,,,,,,,,,,,,,,,,,,,,,,,,,,,,,,,,,,,,,,,,,,,,,,,,,,,,,,,,,,,,,,,,,,,,,,,,,,,,,,,,,,,,,,,,,,,,,,,,,,,,,,,,,,,,,,,,,,,,,,,,,,,,,,,,,,,,,,,,,,,,,,,,,,,,,,,,,,,,,,,,,,,,,,,,,,,,,,,,,,,,,,,,,,,,,,,,,,,,,,,,,,,,,,,,,,,,,,,,,,,,,
,,,,,,,,,,,XTP242,"42"" XTP XTENDER PRO Fence - XTP242",-- Unbranded --,-- No Unilog Brand --,-- No DIB Brand --,Bow Products (BOWPR),,,,XTP242,,,,,,,,,,,,,,,,,,,,,,,,,,,,,,,,,,,,,,,,,,,,,,,,,,,,,,,,,,,,,,,,,,,,,,,,,,,,,,,,,,,,,,,,,,,,,,,,,,,,,,,,,,,,,,,,,,,,,,,,,,,,,,,,,,,,,,,,,,,,,,,,,,,,,,,,,,,,,,,,,,,,,,,,,,,,,,,,,,,,,,,,,,,,,,,,,,,,,,,,,,,,,,,,,,,,,,,,,,,,,,,,,,,,,,,
,,,,,,,,,,,AAS-P,AAS-P Align-A-Saw Plate Only,-- Unbranded --,-- No Unilog Brand --,-- No DIB Brand --,Woodpeckers Inc (WOODP),,,,AAS-P,,Appliances & Consumer Electronics>Kitchen Appliances>Built-In Dishwashers,"Built-In Dishwasher, AAS-P",BUILT-IN DISHWASHER,AAS-P Built-In Dishwasher,,Built-In Dishwasher,,,,,,,,,,,,,,,,,,,,,,,,,,,,Series,,,Model,,,Number of Wash Cycles,,,Voltage Rating,,,Amperage Rating,,,Mounting Type,,,Plug Type,,,Size,,,Depth With Door Open,,,Minimum Height,,,Maximum Height,,,Sound Level,,,Material,,,Color,,,Additional Information,,,,,,,,,,,,,,,,,,,,,,,,,,,,,,,,,,,,,,,,,,,,,,,,,,,,,,,,,,,,,,,,,,,,,,,,,,,,,,,,,,,,,,,,,,,,,,,,,,,,,,,,,,,,,,,,,,,,,,,,,,,,,,,,,,,,,,,,,,,,,,,,,,,,,,,,,,
,,,,,,,,,,,SSCMS,SSCMS Stealthstop Miter Sled,-- Unbranded --,-- No Unilog Brand --,-- No DIB Brand --,Woodpeckers Inc (WOODP),,,,SSCMS,,Tools & Equipment>Power Tools>Power Saws>Miter Saws>Cordless Miter Saws,"Cordless Miter Saw, SSCMS",CORDLESS MITER SAW,SSCMS Cordless Miter Saw,,Cordless Miter Saw,,,,,,,,,,,,,,,,,,,,,,,,,,,,Series,,,Tool/Kit,,,Blade Diameter,,,Blade Type,,,Blade Material,,,Cutting Height,,,Cutting Width,,,Arbor Size,,,Cutting Angle,,,Voltage Rating,,,Battery Type,,,Battery Capacity,,,Speed Rating,,,Speed Setting,,,Housing Material,,,Housing Color,,,Switch Type,,,Handle Type,,,Handle Material,,,Handle Color,,,Sound Level,,,Overall Length,,,Overall Width,,,Overall Depth,,,Additional Information,,,,,,,,,,,,,,,,,,,,,,,,,,,,,,,,,,,,,,,,,,,,,,,,,,,,,,,,,,,,,,,,,,,,,,,,,,,,,,,,,,,,,,,,,,,,,,,,,,,,,,,,,,,,,,,,,,,,,,,,,,,,
,,,,,,,,,,,4225.201,"4225.201 Oliver 6"" HH Jointer Paralleogram",-- Unbranded --,-- No Unilog Brand --,-- No DIB Brand --,Oliver Machinery Company (OLIMA),Oliver Machinery Company,,,4225.201,,Tools & Equipment>Woodworking Tools & Machinery>Woodworking Machinery>Woodworking Planer Machines,"Oliver Machinery Company, Woodworking Planer Machine, 4225.201",WOODWORKING PLANER MACHINE,Oliver Machinery Company 4225.201 Woodworking Planer Machine,,Woodworking Planer Machine,,,,,,,,,,,,,,,,,,,,,,,,,,,,Series,,,Cutting Width,,,Cutting Thickness,,,Depth of Cut,,,Voltage Rating,,,Amperage Rating,,,Frequency Rating,,,Wattage,,,HP Rating,,,Feed Rating,,,Phase,,,Speed Rating,,,Number of Speeds,,,Table Length,,,Table Width,,,Tilt Angle,,,Cuts per Minute,,,Housing Material,,,Housing Color,,,Control Type,,,Handle Type,,,Handle Material,,,Handle Color,,,Sound Level,,,Overall Length,,,Overall Width,,,Overall Depth,,,Additional Information,,,,,,,,,,,,,,,,,,,,,,,,,,,,,,,,,,,,,,,,,,,,,,,,,,,,,,,,,,,,,,,,,,,,,,,,,,,,,,,,,,,,,,,,,,,,,,,,,,,,,,,,,,,,,,,,,,,
,,,,,,,,,,,KC-426C,"KC-426C 12"" Portable Planer",-- Unbranded --,-- No Unilog Brand --,-- No DIB Brand --,King Canada Inc (KINCA),,,,KC-426C,,Tools & Equipment>Woodworking Tools & Machinery>Woodworking Machinery>Woodworking Planer Machines,"Woodworking Planer Machine, KC-426C",WOODWORKING PLANER MACHINE,KC-426C Woodworking Planer Machine,,Woodworking Planer Machine,,,,,,,,,,,,,,,,,,,,,,,,,,,,Series,,,Cutting Width,,,Cutting Thickness,,,Depth of Cut,,,Voltage Rating,,,Amperage Rating,,,Frequency Rating,,,Wattage,,,HP Rating,,,Feed Rating,,,Phase,,,Speed Rating,,,Number of Speeds,,,Table Length,,,Table Width,,,Tilt Angle,,,Cuts per Minute,,,Housing Material,,,Housing Color,,,Control Type,,,Handle Type,,,Handle Material,,,Handle Color,,,Sound Level,,,Overall Length,,,Overall Width,,,Overall Depth,,,Additional Information,,,,,,,,,,,,,,,,,,,,,,,,,,,,,,,,,,,,,,,,,,,,,,,,,,,,,,,,,,,,,,,,,,,,,,,,,,,,,,,,,,,,,,,,,,,,,,,,,,,,,,,,,,,,,,,,,,,
,,,,,,,,,,,10045.201,"10045.201 Oliver 13"" Benchtop Planer 2HP,115V 1Ph",-- Unbranded --,-- No Unilog Brand --,-- No DIB Brand --,Oliver Machinery Company (OLIMA),Oliver Machinery Company,,,10045.201,,Tools & Equipment>Woodworking Tools & Machinery>Woodworking Machinery>Woodworking Planer Machines,"Oliver Machinery Company, Woodworking Planer Machine, 10045.201",WOODWORKING PLANER MACHINE 115,Oliver Machinery Company 10045.201 Woodworking Planer Machine,,Woodworking Planer Machine,,,,,,,,,,,,,,,,,,,,,,,,,,,,Series,,,Cutting Width,,,Cutting Thickness,,,Depth of Cut,,,Voltage Rating,115,V,Amperage Rating,,,Frequency Rating,,,Wattage,,,HP Rating,,,Feed Rating,,,Phase,,,Speed Rating,,,Number of Speeds,,,Table Length,,,Table Width,,,Tilt Angle,,,Cuts per Minute,,,Housing Material,,,Housing Color,,,Control Type,,,Handle Type,,,Handle Material,,,Handle Color,,,Sound Level,,,Overall Length,,,Overall Width,,,Overall Depth,,,Additional Information,,,,,,,,,,,,,,,,,,,,,,,,,,,,,,,,,,,,,,,,,,,,,,,,,,,,,,,,,,,,,,,,,,,,,,,,,,,,,,,,,,,,,,,,,,,,,,,,,,,,,,,,,,,,,,,,,,,
,,,,,,,,,,,10014.201,"10014.201 Oliver 15"" Planer 3HP 1Ph 220V",-- Unbranded --,-- No Unilog Brand --,-- No DIB Brand --,Oliver Machinery Company (OLIMA),Oliver Machinery Company,,,10014.201,,Tools & Equipment>Woodworking Tools & Machinery>Woodworking Machinery>Woodworking Planer Machines,"Oliver Machinery Company, Woodworking Planer Machine, 10014.201",WOODWORKING PLANER MACHINE 220,Oliver Machinery Company 10014.201 Woodworking Planer Machine,,Woodworking Planer Machine,,,,,,,,,,,,,,,,,,,,,,,,,,,,Series,,,Cutting Width,,,Cutting Thickness,,,Depth of Cut,,,Voltage Rating,220,V,Amperage Rating,,,Frequency Rating,,,Wattage,,,HP Rating,,,Feed Rating,,,Phase,,,Speed Rating,,,Number of Speeds,,,Table Length,,,Table Width,,,Tilt Angle,,,Cuts per Minute,,,Housing Material,,,Housing Color,,,Control Type,,,Handle Type,,,Handle Material,,,Handle Color,,,Sound Level,,,Overall Length,,,Overall Width,,,Overall Depth,,,Additional Information,,,,,,,,,,,,,,,,,,,,,,,,,,,,,,,,,,,,,,,,,,,,,,,,,,,,,,,,,,,,,,,,,,,,,,,,,,,,,,,,,,,,,,,,,,,,,,,,,,,,,,,,,,,,,,,,,,,
,,,,,,,,,,,4430.201,"4430.201 Oliver 20"" Planer 5HP 1Ph 230V",-- Unbranded --,-- No Unilog Brand --,-- No DIB Brand --,Oliver Machinery Company (OLIMA),Oliver Machinery Company,,,4430.201,,Tools & Equipment>Woodworking Tools & Machinery>Woodworking Machinery>Woodworking Planer Machines,"Oliver Machinery Company, Woodworking Planer Machine, 4430.201",WOODWORKING PLANER MACHINE 230,Oliver Machinery Company 4430.201 Woodworking Planer Machine,,Woodworking Planer Machine,,,,,,,,,,,,,,,,,,,,,,,,,,,,Series,,,Cutting Width,,,Cutting Thickness,,,Depth of Cut,,,Voltage Rating,230,V,Amperage Rating,,,Frequency Rating,,,Wattage,,,HP Rating,,,Feed Rating,,,Phase,,,Speed Rating,,,Number of Speeds,,,Table Length,,,Table Width,,,Tilt Angle,,,Cuts per Minute,,,Housing Material,,,Housing Color,,,Control Type,,,Handle Type,,,Handle Material,,,Handle Color,,,Sound Level,,,Overall Length,,,Overall Width,,,Overall Depth,,,Additional Information,,,,,,,,,,,,,,,,,,,,,,,,,,,,,,,,,,,,,,,,,,,,,,,,,,,,,,,,,,,,,,,,,,,,,,,,,,,,,,,,,,,,,,,,,,,,,,,,,,,,,,,,,,,,,,,,,,,
,,,,,,,,,,,10055.201,"10055.201 Oliver 15"" Benchtop Planer 2.5HP 1Ph 230V",-- Unbranded --,-- No Unilog Brand --,-- No DIB Brand --,Oliver Machinery Company (OLIMA),Oliver Machinery Company,,,10055.201,,Tools & Equipment>Woodworking Tools & Machinery>Woodworking Machinery>Woodworking Planer Machines,"Oliver Machinery Company, Woodworking Planer Machine, 10055.201",WOODWORKING PLANER MACHINE 230,Oliver Machinery Company 10055.201 Woodworking Planer Machine,,Woodworking Planer Machine,,,,,,,,,,,,,,,,,,,,,,,,,,,,Series,,,Cutting Width,,,Cutting Thickness,,,Depth of Cut,,,Voltage Rating,230,V,Amperage Rating,,,Frequency Rating,,,Wattage,,,HP Rating,,,Feed Rating,,,Phase,,,Speed Rating,,,Number of Speeds,,,Table Length,,,Table Width,,,Tilt Angle,,,Cuts per Minute,,,Housing Material,,,Housing Color,,,Control Type,,,Handle Type,,,Handle Material,,,Handle Color,,,Sound Level,,,Overall Length,,,Overall Width,,,Overall Depth,,,Additional Information,,,,,,,,,,,,,,,,,,,,,,,,,,,,,,,,,,,,,,,,,,,,,,,,,,,,,,,,,,,,,,,,,,,,,,,,,,,,,,,,,,,,,,,,,,,,,,,,,,,,,,,,,,,,,,,,,,,
,,,,,,,,,,,T27417,T27417 Grizzly OscillatingEdge - Belt and Spindle Sander,-- Unbranded --,-- No Unilog Brand --,-- No DIB Brand --,Woodstock Intl (3658),,,,T27417,,Tools & Equipment>Power Tools>Power Finishing Tools>Power Buffers & Polishers>Cordless Buffers & Polishers,"Cordless Buffers & Polisher, T27417",CORDLESS BUFFERS & POLISHER,T27417 Cordless Buffers & Polisher,,Cordless Buffers & Polisher,,,,,,,,,,,,,,,,,,,,,,,,,,,,Series,,,Tool/Kit,,,Pad Size,,,Spindle Thread Size,,,Voltage Rating,,,Battery Type,,,Battery Capacity,,,Speed Rating,,,Speed Setting,,,Housing Material,,,Housing Color,,,Switch Type,,,Handle Type,,,Handle Material,,,Handle Color,,,Sound Level,,,Overall Length,,,Overall Width,,,Overall Depth,,,Additional Information,,,,,,,,,,,,,,,,,,,,,,,,,,,,,,,,,,,,,,,,,,,,,,,,,,,,,,,,,,,,,,,,,,,,,,,,,,,,,,,,,,,,,,,,,,,,,,,,,,,,,,,,,,,,,,,,,,,,,,,,,,,,,,,,,,,,,,,,,,,
