MFR URL,Ref URL 1,Ref URL 2,Ref URL 3,Ref URL 4,Ref URL 5,PART_NUMBER,Dept,Class,Fine,SKU - MY_PART_NUMBER,Mfg_Part_Num,Part_Desc,E1_Brand,Unilog_Brand,DIB_Brand,Part_Manuf,MANUFACTURER_NAME,BRAND_NAME,TRADE_NAME,MANUFACTURER_PART_NUMBER,ALTERNATE_PART_NUMBER,Classpath,MOBILE_DESC,INVOICE_DESC,SHORT_DESC,LONG_DESC1,RETAIL_DESC,MARKETING_DESCRIPTION,ITEM_FEATURES_1,ITEM_FEATURES_2,ITEM_FEATURES_3,ITEM_FEATURES_4,ITEM_FEATURES_5,ITEM_FEATURES_6,ITEM_FEATURES_7,ITEM_FEATURES_8,ITEM_FEATURES_9,ITEM_FEATURES_10,ITEM_FEATURES_11,ITEM_FEATURES_12,ITEM_FEATURES_13,ITEM_FEATURES_14,ITEM_FEATURES_15,ITEM_FEATURES_16,ITEM_FEATURES_17,ITEM_FEATURES_18,ITEM_FEATURES_19,ITEM_FEATURES_20,With,Standard/Approvals,Prop 65,Application,Includes,Product Name,ATTRIBUTE_LABEL 1,ATTRIBUTE_VALUE 1,ATTRIBUTE_UOM 1,ATTRIBUTE_LABEL 2,ATTRIBUTE_VALUE 2,ATTRIBUTE_UOM 2,ATTRIBUTE_LABEL 3,ATTRIBUTE_VALUE 3,ATTRIBUTE_UOM 3,ATTRIBUTE_LABEL 4,ATTRIBUTE_VALUE 4,ATTRIBUTE_UOM 4,ATTRIBUTE_LABEL 5,ATTRIBUTE_VALUE 5,ATTRIBUTE_UOM 5,ATTRIBUTE_LABEL 6,ATTRIBUTE_VALUE 6,ATTRIBUTE_UOM 6,ATTRIBUTE_LABEL 7,ATTRIBUTE_VALUE 7,ATTRIBUTE_UOM 7,ATTRIBUTE_LABEL 8,ATTRIBUTE_VALUE 8,ATTRIBUTE_UOM 8,ATTRIBUTE_LABEL 9,ATTRIBUTE_VALUE 9,ATTRIBUTE_UOM 9,ATTRIBUTE_LABEL 10,ATTRIBUTE_VALUE 10,ATTRIBUTE_UOM 10,ATTRIBUTE_LABEL 11,ATTRIBUTE_VALUE 11,ATTRIBUTE_UOM 11,ATTRIBUTE_LABEL 12,ATTRIBUTE_VALUE 12,ATTRIBUTE_UOM 12,ATTRIBUTE_LABEL 13,ATTRIBUTE_VALUE 13,ATTRIBUTE_UOM 13,ATTRIBUTE_LABEL 14,ATTRIBUTE_VALUE 14,ATTRIBUTE_UOM 14,ATTRIBUTE_LABEL 15,ATTRIBUTE_VALUE 15,ATTRIBUTE_UOM 15,ATTRIBUTE_LABEL 16,ATTRIBUTE_VALUE 16,ATTRIBUTE_UOM 16,ATTRIBUTE_LABEL 17,ATTRIBUTE_VALUE 17,ATTRIBUTE_UOM 17,ATTRIBUTE_LABEL 18,ATTRIBUTE_VALUE 18,ATTRIBUTE_UOM 18,ATTRIBUTE_LABEL 19,ATTRIBUTE_VALUE 19,ATTRIBUTE_UOM 19,ATTRIBUTE_LABEL 20,ATTRIBUTE_VALUE 20,ATTRIBUTE_UOM 20,ATTRIBUTE_LABEL 21,ATTRIBUTE_VALUE 21,ATTRIBUTE_UOM 21,ATTRIBUTE_LABEL 22,ATTRIBUTE_VALUE 22,ATTRIBUTE_UOM 22,ATTRIBUTE_LABEL 23,ATTRIBUTE_VALUE 23,ATTRIBUTE_UOM 23,ATTRIBUTE_LABEL 24,ATTRIBUTE_VALUE 24,ATTRIBUTE_UOM 24,ATTRIBUTE_LABEL 25,ATTRIBUTE_VALUE 25,ATTRIBUTE_UOM 25,ATTRIBUTE_LABEL 26,ATTRIBUTE_VALUE 26,ATTRIBUTE_UOM 26,ATTRIBUTE_LABEL 27,ATTRIBUTE_VALUE 27,ATTRIBUTE_UOM 27,ATTRIBUTE_LABEL 28,ATTRIBUTE_VALUE 28,ATTRIBUTE_UOM 28,ATTRIBUTE_LABEL 29,ATTRIBUTE_VALUE 29,ATTRIBUTE_UOM 29,ATTRIBUTE_LABEL 30,ATTRIBUTE_VALUE 30,ATTRIBUTE_UOM 30,ATTRIBUTE_LABEL 31,ATTRIBUTE_VALUE 31,ATTRIBUTE_UOM 31,ATTRIBUTE_LABEL 32,ATTRIBUTE_VALUE 32,ATTRIBUTE_UOM 32,ATTRIBUTE_LABEL 33,ATTRIBUTE_VALUE 33,ATTRIBUTE_UOM 33,ATTRIBUTE_LABEL 34,ATTRIBUTE_VALUE 34,ATTRIBUTE_UOM 34,ATTRIBUTE_LABEL 35,ATTRIBUTE_VALUE 35,ATTRIBUTE_UOM 35,ATTRIBUTE_LABEL 36,ATTRIBUTE_VALUE 36,ATTRIBUTE_UOM 36,ATTRIBUTE_LABEL 37,ATTRIBUTE_VALUE 37,ATTRIBUTE_UOM 37,ATTRIBUTE_LABEL 38,ATTRIBUTE_VALUE 38,ATTRIBUTE_UOM 38,ATTRIBUTE_LABEL 39,ATTRIBUTE_VALUE 39,ATTRIBUTE_UOM 39,ATTRIBUTE_LABEL 40,ATTRIBUTE_VALUE 40,ATTRIBUTE_UOM 40,ATTRIBUTE_LABEL 41,ATTRIBUTE_VALUE 41,ATTRIBUTE_UOM 41,ATTRIBUTE_LABEL 42,ATTRIBUTE_VALUE 42,ATTRIBUTE_UOM 42,ATTRIBUTE_LABEL 43,ATTRIBUTE_VALUE 43,ATTRIBUTE_UOM 43,ATTRIBUTE_LABEL 44,ATTRIBUTE_VALUE 44,ATTRIBUTE_UOM 44,ATTRIBUTE_LABEL 45,ATTRIBUTE_VALUE 45,ATTRIBUTE_UOM 45,ATTRIBUTE_LABEL 46,ATTRIBUTE_VALUE 46,ATTRIBUTE_UOM 46,ATTRIBUTE_LABEL 47,ATTRIBUTE_VALUE 47,ATTRIBUTE_UOM 47,ATTRIBUTE_LABEL 48,ATTRIBUTE_VALUE 48,ATTRIBUTE_UOM 48,ATTRIBUTE_LABEL 49,ATTRIBUTE_VALUE 49,ATTRIBUTE_UOM 49,ATTRIBUTE_LABEL 50,ATTRIBUTE_VALUE 50,ATTRIBUTE_UOM 50,UPC,EAN,GTIN,UNSPSC,Warranty,List Price,Selling Qty,Selling UOM,Standard Packaging Information,LENGTH,LENGTH_UOM,HEIGHT,HEIGHT_UOM,WIDTH,WIDTH_UOM,WEIGHT,WEIGHT_UOM,VOLUME,VOLUME_UOM,Product Image,Alternate Image 1,Alternate Image 2,Alternate Image 3,Alternate Image 4,SDS,SDS_1,Warranty Information,Catalog,Specification Sheet,Instruction/Installation Manual,Service Manual,Owners/User Manual,Line Drawing,MTR,RoHS,Full Engineering Drawing,Energy Star Guide,Technical Bulletin,Submittal,Compatibility Chart,Size Chart,Product Label/Insert,Video Link,Video Link 1,Country Of Origin,Discontinued,Actual Image (Yes/No)
https://www.frigidaire.com/en/p/owner-center/product-support/PDSH4816AF,,,,,,20887830,Appliances,Large Appliances,Dishwashers,1515863,PDSH4816AF,PDSH4816AF Dishwasher SS - Display Only,-- Unbranded --,-- No Unilog Brand --,-- No DIB Brand --,Appliance Dealers Cooperative (APPDE),Rheem Manufacturing,FRIGIDAIRE®,,PDSH4816AF,,Appliances & Consumer Electronics>Kitchen Appliances>Built-In Dishwashers,"Rheem Manufacturing FRIGIDAIRE, Dishwasher, Professional Series, PDSH4816AF",DISHWASHER LEG 5 SST 120V 15A 50-1/4IN,"FRIGIDAIRE® Professional Series PDSH4816AF Dishwasher With CleanBoost™, Leg Mounting, 5-Wash Cycle, Stainless Steel","FRIGIDAIRE® Dishwasher With CleanBoost™, Professional Series, 5 Wash Cycles, 120 V, 15 A, Leg Mounting, 24 in W x 24-1/4 in D, 50-1/4 in Depth With Door Open, 8-1/2 in Upper Rack, 11-1/4 in Lower Rack Minimum Height, 10-3/8 in Upper Rack, 13-1/4 in Lower Rack Maximum Height, 47 dBA Sound Level, Stainless Steel, Additional Information: 240 kW-hr Annual Energy, 1 to 12 hr Delay Start Hours","Professional Series Dishwasher, Leg Mounting, 5-Wash Cycle, Stainless Steel",,,,,,,,,,,,,,,,,,,,,,With CleanBoost™,ASSE 1006|CEE Tier 2 Qualified|cUL Listed|ENERGY STAR Certified|NSF Certified|UL Listed,,,,Dishwasher,Series,Professional Series,,Model,,,Number of Wash Cycles,5,,Voltage Rating,120,V,Amperage Rating,15,A,Mounting Type,Leg,,Plug Type,,,Size,24 in W x 24-1/4 in D,,Depth With Door Open,50-1/4,in,Minimum Height,"8-1/2 in Upper Rack, 11-1/4 in Lower Rack",,Maximum Height,"10-3/8 in Upper Rack, 13-1/4 in Lower Rack",,Sound Level,47,dBA,Material,Stainless Steel,,Color,,,Additional Information,"240 kW-hr Annual Energy, 1 to 12 hr Delay Start Hours",,,,,,,,,,,,,,,,,,,,,,,,,,,,,,,,,,,,,,,,,,,,,,,,,,,,,,,,,,,,,,,,,,,,,,,,,,,,,,,,,,,,,,,,,,,,,,,,,,,,,,,,,,,,,,,"1 Year Manufacturer, 1 Year Labor and Parts",,,,,,,,,,,,,,,FRIGIDAIRE_PDSH4816AF.jpg,FRIGIDAIRE_PDSH4816AF_1.jpg,FRIGIDAIRE_PDSH4816AF_2.jpg,FRIGIDAIRE_PDSH4816AF_3.jpg,FRIGIDAIRE_PDSH4816AF_4.jpg,,,,,FRIGIDAIRE_PDSH4816AF_Specification_Sheet.pdf,,,,,,,,,,,,,,,,,,Yes
https://learnwhirlpool.com/smartsearchresults?searchtext=WDTS7024R,https://www.whirlpool.com/content/dam/global/documents/202412/owners-manual-w11323304-revj.pdf,https://www.whirlpool.com/content/dam/global/documents/202406/installation-instructions-w11323304-revG.pdf,,,,25286031,Appliances,Large Appliances,Dishwashers,1515867,WDTS7024RZ,WDTS7024RZ Dishwasher SS - Display Only,-- Unbranded --,-- No Unilog Brand --,-- No DIB Brand --,Appliance Dealers Cooperative (APPDE),Whirlpool Corporation,Whirlpool®,,WDTS7024RZ,,Appliances & Consumer Electronics>Kitchen Appliances>Built-In Dishwashers,"Whirlpool, Dishwasher, Eco Series, WDTS7024RZ, Built-in Mounting",DISHWASHER BLTLN SST SST 120V 10A 41DBA,"Whirlpool® Eco Series WDTS7024RZ Dishwasher, Built-in Mounting, Stainless Steel, Stainless Steel","Whirlpool® Dishwasher, Eco Series, 120 V, 10 A, Built-in Mounting, 33-7/16 in H x 23-7/8 in W x 22-5/8 in D, 50-3/16 in Depth With Door Open, 33-7/16 in Minimum Height, 41 dBA Sound Level, Stainless Steel, Stainless Steel, Additional Information: Folding Tines, Leak Detection System, Moisture Repellent Silverware Basket, Normal Cycle, Quick Wash Cycle, Sani Rinse Option, Sensor Cycle, Triple Wash Spray","Eco Series Dishwasher, Built-in Mounting, Stainless Steel, Stainless Steel","Load more and run less with our quietest and largest capacity dishwasher. A 3rd Rack provides dedicated space for mugs and bowls, while an adjustable 2nd Rack helps fit all the dishes and pans your family piles up.",3rd rack with extra wash action,Adjustable 2nd Rack,41 dBA,Moisture Repellent Silverware Basket,Sensor cycle,Sani Rinse Option,Leak Detection System,Folding Tines,Normal cycle,Triple Wash Spray,Quick Wash Cycle,,,,,,,,,,"With Washing 3rd Rack, Water Repellent Silverware Basket",,,,,Dishwasher,Series,Eco Series,,Model,,,Number of Wash Cycles,,,Voltage Rating,120,V,Amperage Rating,10,A,Mounting Type,Built-in,,Plug Type,,,Size,33-7/16 in H x 23-7/8 in W x 22-5/8 in D,,Depth With Door Open,50-3/16,in,Minimum Height,33-7/16,in,Maximum Height,,,Sound Level,41,dBA,Material,Stainless Steel,,Color,Stainless Steel,,Additional Information,"Folding Tines, Leak Detection System, Moisture Repellent Silverware Basket, Normal Cycle, Quick Wash Cycle, Sani Rinse Option, Sensor Cycle, Triple Wash Spray",,,,,,,,,,,,,,,,,,,,,,,,,,,,,,,,,,,,,,,,,,,,,,,,,,,,,,,,,,,,,,,,,,,,,,,,,,,,,,,,,,,,,,,,,,,,,,,,,,,,,,,,,,,,,,,,,,,,,,,,,,,,,,Whirlpool_WDTS7024RZ.jpg,,,,,,,,,Whirlpool_WDTS7024RZ_Specification_Sheet.pdf,,,,,,,,,,,,,,,,,,Yes
https://www.geappliances.com/appliance/GE-Profile-Dishwasher-Double-Drawer-PDD415PYYFS,,,,,,25286157,Appliances,Large Appliances,Dishwashers,1516611,PDD415PYYFS,PDD415PYYFS GE Dishwasher SS,-- Unbranded --,-- No Unilog Brand --,-- No DIB Brand --,Appliance Dealers Cooperative (APPDE),Haier,Profile™,,PDD415PYYFS,,Appliances & Consumer Electronics>Kitchen Appliances>Built-In Dishwashers,"Haier Profile, Double Drawer Dishwasher, PDD415PYYFS, Built-in Mounting",DISHWASHER DWR DBL BLTLN 6 STL SST 120V,"Profile™ PDD415PYYFS Double Drawer Dishwasher, Built-in Mounting, 6-Wash Cycle, Steel, Stainless Steel","Profile™ Double Drawer Dishwasher, 6 Wash Cycles, 120 V, 9.4 A, Built-in Mounting, 34 in H x 23.8125 in W x 22.562 in D, 21-9/16 in Depth With Door Open, 34 in Minimum Height, 36-3/8 in Maximum Height, 45 dBA Sound Level, Steel, Stainless Steel, Additional Information: Alerts and More, Connect to Wi-Fi For Real-Time Feedback, Optimized Performance","Double Drawer Dishwasher, Built-in Mounting, 6-Wash Cycle, Steel, Stainless Steel",,Two Dishwashers in One Two drawers that run separately or together give you more control to clean the way you want - whether it's a quick rinse or a full party's worth of dishes,"Fits a Standard 24"" Dishwasher Cabinet This Double Drawer Dishwasher is designed to be installed flush with your cabinets and fits into a standard 24"" dishwasher cutout ensuring it blends seamlessly into your kitchen","Conveniently Wash Small Loads for Everyday Use Wash in just one drawer to save time, water and energy so you always have clean dishes available when you need them Plus, you can continue loading dirty dishes in the other drawer, ensuring you always have a clutter-free kitchen",Ergonomic Design This dishwasher drawer design makes daily loading and unloading of your dishes effortless with waist-level access and less bending,Combined Capacity for up to 14 Place Settings Each drawer has space for up to 7 place settings without compromising on capacity or loading flexibility,"Plenty of Space for Large Plates up to 13"" Easily fit everything you need to wash with a top drawer that fits 13"" items and a bottom drawer that fits 11"" items - perfect for large plates and tall cookware","Variety of Wash & Dry Options Ultimate control to wash what you need with six Wash Cycles, plus Sanitize and Extra Dry options so you can wash everything from delicate glassware to messy pots & pans","Flexible Shelving with StemSafe™ Flexibility to wash a variety of drinkware with four adjustable shelves per drawer so you can safely wash wine glasses, mugs, tall tumblers or glasses",Adjustable Racks for Versatile Loading Easily adjust the rack spacing to fit deep bowls or plates and fold-down tines to fit bulky pots or serveware,Microban® Antimicrobial Protection Enjoy longer lasting dishwasher protection thanks to Microban® Antimicrobial Technology built into the handles and filters to prevent bacteria growth and keeps surfaces 99% cleaner than unprotected surfaces,"Smart Features Powered by SmartHQ™ Built-In WiFi and SmartHQ™ make it easy to connect, control and monitor your smart dishwasher from anywhere You can also conveniently access the latest features, including customized cycles, status notifications and more",Super Quiet Dishwasher Experience reliable wash performance and a deep clean without unwanted noise thanks to a super quiet 45 dBA operation,"Delay Start on Your Schedule Use SmartHQ™ to set your dishwasher to run at a time that works for you - whether that is while at work, sleeping or during off peak hours","Active Flood Protection with Leak Sensors A sensor will detect if the water is too high and pumps it out until a safe level is reached, preventing potential leaks and providing greater peace of mind",ENERGY STAR® Certified Save energy and water without sacrificing performance - each drawer is ENERGY STAR rated,,,,,,,ENERGY STAR Certified,Prop65 Warning: This product can expose you to chemicals which are known to the State of California to cause cancer and reproductive harm. For more information go to www.P65Warnings.ca.gov.,,,Double Drawer Dishwasher,Series,,,Model,,,Number of Wash Cycles,6,,Voltage Rating,120,V,Amperage Rating,9.4,A,Mounting Type,Built-in,,Plug Type,,,Size,34 in H x 23.8125 in W x 22.562 in D,,Depth With Door Open,21-9/16,in,Minimum Height,34,in,Maximum Height,36-3/8,in,Sound Level,45,dBA,Material,Steel,,Color,Stainless Steel,,Additional Information,"Alerts and More, Connect to Wi-Fi For Real-Time Feedback, Optimized Performance",,,,,,,,,,,,,,,,,,,,,,,,,,,,,,,,,,,,,,,,,,,,,,,,,,,,,,,,,,,,,,,,,,,,,,,,,,,,,,,,,,,,,,,,,,,,,,,,,,,,,,,,,,,,,,,Limited,,,,,,,,,,,,,,,,,,,,,,Profile_PDT715SYVFS_Warranty_Information.pdf,,GE_Appliances_PDD415PYYFS_Specification_Sheet.pdf,GE_Appliances_PDD415PYYFS_Instruction_Installation_Manual.pdf,,GE_Appliances_PDD415PYYFS_Owners_User_Manual.pdf,,,,,,,,,,,,,,,
https://speedqueen.com/products/electric-dryers/dr7004be/,,,,,,20877780,Appliances,Large Appliances,Dryers,1507395,DR7004BE,DR7004BE SQ Elect Dryer Bk,-- Unbranded --,-- No Unilog Brand --,-- No DIB Brand --,Appliance Dealers Cooperative (APPDE),Alliance Laundry Systems LLC,Speed Queen®,,DR7004BE,,Appliances & Consumer Electronics>Laundry Appliances>Electric Dryers,"Alliance Laundry Systems LLC Speed Queen, Sanitizing Electric Dryer, DR7004BE",DRYER ELEC SANITIZING 7CU-FT MATTE BK,"Speed Queen® ADEE9RYS178TB01 DR7004BE Sanitizing Electric Dryer, 7 cu-ft Capacity, Matte Black, 208/240 V","Speed Queen® Sanitizing Electric Dryer, DR7 Series, Model: ADEE9RYS178TB01, 7 cu-ft Capacity, 208/240 V, 30 A, 5350 W, 1/3 hp, 60 Hz, Galvanized Drum, Electric Fuel, 51-1/2 in Depth With Door Open, 10 Cycles, 4 Temperature Setting, Matte Black, 42-3/4 in H x 26-7/8 in W x 28 in D, Additional Information: Adaptive Cool-Down Technology, Cylinder Light, Durable 3-Coat Finish, Eco Dry, End-of-Cycle Signal, 220 cfm Heavy-Duty Fan, Lint Filter Guard, Moisture Sensor, Multiple Vent Options, Time Remaining Display, Up-Front Lint Filter","DR7 Series Sanitizing Electric Dryer, 7 cu-ft Capacity, Matte Black, 208/240 V",,"Steam Refresh When you need to get out the door fast and looking (smelling) good, a steam refresh is just the ticket. Wrinkles, be gone!","Steam Boost Goodbye, wrinkles. So long static. Steam boost turns your dryer into much more than a tool for removing moisture from loads",Anti-Static It's tough to look good with a sock sticking to your shirt. Our anti-static feature will help keep you from that all-too-common embarrassing moment,Steam-Sanitize We're all concerned about achieving a higher level of clean,"With steam sanitize, you'll have another tool to drive to that goal by killing bacteria","ENERGY STAR® Certified Get quality drying results, exceptional features and now, the efficiency you want - all from the leader in commercial quality and reliability","Over-dry Protection Technology Over-drying your favorite clothes and linens wears them out faster. With our Over-Dry Protection Technology and Commercial Cool-Down Technology, we'll take good care of that favorite outfit",Extended Tumble Is there anything worse than setting wrinkles in items after forgetting them in the dryer. Extended tumble provides a wrinkles safety net,"Reversible Door You want install flexibility, Our dryer's reversible door helps you streamline your laundry room setup",,,,,,,,,,,,,ADA Compliant|cULus Listed|ENERGY STAR Certified,,,,Sanitizing Electric Dryer,Series,DR7 Series,,Model,ADEE9RYS178TB01,,Capacity,7,cu-ft,Voltage Rating,208/240,V,Amperage Rating,30,A,Power Rating,5350,W,HP Rating,1/3,hp,Frequency Rating,60,Hz,Phase,,,Rotational Speed,,,BTU Rating,,,Drum Type,Galvanized,,Fuel Type,Electric,,Depth With Door Open,51-1/2,in,Height With Lid Open,,,Number of Cycles,10,,Number of Temperature Setting,4,,Color,Matte Black,,Dimensions,42-3/4 in H x 26-7/8 in W x 28 in D,,Additional Information,"Adaptive Cool-Down Technology, Cylinder Light, Durable 3-Coat Finish, Eco Dry, End-of-Cycle Signal, 220 cfm Heavy-Duty Fan, Lint Filter Guard, Moisture Sensor, Multiple Vent Options, Time Remaining Display, Up-Front Lint Filter",,,,,,,,,,,,,,,,,,,,,,,,,,,,,,,,,,,,,,,,,,,,,,,,,,,,,,,,,,,,,,,,,,,,,,,,,,,,,,,,,,,,,,,,,,,,,,,,7 Year Labor and Parts,,,,,,,,,,,136,lb,,,Speed_Queen_DR7004BE.jpg,Speed_Queen_DR7004BE_1.jpg,Speed_Queen_DR7004BE_2.jpg,Speed_Queen_DR7004BE_3.jpg,,,,,Speed_Queen_DR5004WG_Catalog.pdf,,Speed_Queen_DR5004WG_Instruction_Installation_Manual.pdf,,Speed_Queen_DF7004WE_Owners_User_Manual.pdf,,,,,,,Speed_Queen_DR5004WG_Submittal.pdf,,,,,,,,Yes
https://www.us-appliance.com/content/pdf/c/TV2000WN_Specs.pdf,,,,,,20877876,Appliances,Large Appliances,Dryers,1506678,DV2000WE,DV2000WE SQ Elect Dryer Wh,-- Unbranded --,-- No Unilog Brand --,-- No DIB Brand --,Appliance Dealers Cooperative (APPDE),Alliance Laundry Systems LLC,Speed Queen®,,DV2000WE,,Appliances & Consumer Electronics>Laundry Appliances>Electric Dryers,"Alliance Laundry Systems LLC Speed Queen, Electric Dryer, LDG30RGS113TW01",DRYER ELEC 18LB WHT 120/208/240V 30A SST,"Speed Queen® LDG30RGS113TW01 DV2000WE Electric Dryer, 18 lb Capacity, White, 120/208/240 V","Speed Queen® Electric Dryer, DV2 Series, Model: LDG30RGS113TW01, 18 lb Capacity, 120/208/240 V, 30 A, 4750/5350 W, 60 Hz, Stainless Steel Drum, Electric Fuel, 15.44 in Depth With Door Open, 3 Cycles, White, 43 in H x 26-7/8 in W x 28 in D, Additional Information: Mechanical Knob Control Option, 7 cu-ft Cylinder Volume, 220 cfm Exhaust Airflow, 4 in Dia Exhaust Outlet, 3/8 in Gas Inlet","DV2 Series Electric Dryer, 18 lb Capacity, White, 120/208/240 V","Speed Queen® two-speed top load washers and matching dryers are durably constructed using premium materials for long-lasting, reliable performance and superior results. If you want your laundry done right, you want a Speed Queen. Our machines are manufactured using metal instead of plastic. They're built with rugged, commercial-grade construction. Our world-class test lab rigorously pushes our products far beyond the conditions they're likely to ever face. We work hard at every point of our manufacturing process to ensure that our machines reflect that belief.",Durable stainless steel wash tub,Extract speed of 710 RPM spins clothes out drier,"Automatic Balancing Suspension provides the industry's best out-ofbalance handling, completing wash cycles without interruption",Curved four-vane polypropylene agitator provides 210 deg agitation stroke which delivers superior washability,Door is reversible for installation flexibility,High efficiency exhaust blower with superior airflow 220 cfm (105 liters/sec),100% serviceable from the front,Efficient and fast dry cycle,,,,,,,,,,,,,,cULus Listed|cCSAus Certified,,,,Electric Dryer,Series,DV2 Series,,Model,LDG30RGS113TW01,,Capacity,18,lb,Voltage Rating,120/208/240,V,Amperage Rating,30,A,Power Rating,4750/5350,W,HP Rating,,,Frequency Rating,60,Hz,Phase,,,Rotational Speed,,,BTU Rating,,,Drum Type,Stainless Steel,,Fuel Type,Electric,,Depth With Door Open,15.44,in,Height With Lid Open,,,Number of Cycles,3,,Number of Temperature Setting,,,Color,White,,Dimensions,43 in H x 26-7/8 in W x 28 in D,,Additional Information,"Mechanical Knob Control Option, 7 cu-ft Cylinder Volume, 220 cfm Exhaust Airflow, 4 in Dia Exhaust Outlet, 3/8 in Gas Inlet",,,,,,,,,,,,,,,,,,,,,,,,,,,,,,,,,,,,,,,,,,,,,,,,,,,,,,,,,,,,,,,,,,,,,,,,,,,,,,,,,,,,,,,,,,,,,,,,,,,,,29.5,in,45,in,30.5,in,140,lb,,,Speed_Queen_DV2000WE.jpg,Speed_Queen_DV2000WE_1.jpg,,,,,,,Speed_Queen_DV2000WE_Catalog.pdf,,,,,,,,,,,,,,,,,,,Yes
https://speedqueen.com/products/electric-dryers/dc5004we/,,,,,,25285946,Appliances,Large Appliances,Dryers,1515320,DC5004WE,DC5004WE SQ Elect Dryer Wh,-- Unbranded --,-- No Unilog Brand --,-- No DIB Brand --,Appliance Dealers Cooperative (APPDE),Alliance Laundry Systems LLC,Speed Queen®,,DC5004WE,,Appliances & Consumer Electronics>Laundry Appliances>Electric Dryers,"Alliance Laundry Systems LLC Speed Queen, Sanitizing Electric Dryer, DC5004WE",DRYER ELEC SANITIZING 7CU-FT WHT 1/3HP,"Speed Queen® ADE6ARYS177TW01 DC5004WE Sanitizing Electric Dryer With Pet Plus™, 7 cu-ft Capacity, White, 208/240 V","Speed Queen® Sanitizing Electric Dryer, DC5 Series, Model: ADE6ARYS177TW01, 7 cu-ft Capacity, 208/240 V, 1/3 hp, 22500 Btu/hr, Galvanized Drum, Electric Fuel, 51-1/2 in Depth With Door Open, 6 Cycles, 4 Temperature Setting, White, 42 3/4 in H x 26 7/8 in W x 28 in D, Additional Information: Moisture Sensing, Sanitize, Steam Boost, Steam Refresh, Status Section for Awareness on Cycle Progression","DC5 Series Sanitizing Electric Dryer, 7 cu-ft Capacity, White, 208/240 V, 22500 Btu/hr BTU",,Extended Tumble Is there anything worse than setting wrinkles in items after forgetting them in the dryer. Extended tumble provides a wrinkles safety net,"Reversible Door You want install flexibility, Our dryer's reversible door helps you streamline your laundry room setup",,,,,,,,,,,,,,,,,,,With Pet Plus™,cULus Listed|ENERGY STAR Certified,Prop65 Warning: This product can expose you to chemicals which are known to the State of California to cause cancer and birth defects or other reproductive harm. For more information go to www.P65Warnings.ca.gov.,,,Sanitizing Electric Dryer,Series,DC5 Series,,Model,ADE6ARYS177TW01,,Capacity,7,cu-ft,Voltage Rating,208/240,V,Amperage Rating,,,Power Rating,,,HP Rating,1/3,hp,Frequency Rating,,,Phase,,,Rotational Speed,,,BTU Rating,22500,Btu/hr,Drum Type,Galvanized,,Fuel Type,Electric,,Depth With Door Open,51-1/2,in,Height With Lid Open,,,Number of Cycles,6,,Number of Temperature Setting,4,,Color,White,,Dimensions,42 3/4 in H x 26 7/8 in W x 28 in D,,Additional Information,"Moisture Sensing, Sanitize, Steam Boost, Steam Refresh, Status Section for Awareness on Cycle Progression",,,,,,,,,,,,,,,,,,,,,,,,,,,,,,,,,,,,,,,,,,,,,,,,,,,,,,,,,,,,,,,,,,,,,,,,,,,,,,,,,,,,,,,,,,,,,,,,5 Year Labor and Parts,,,,,,,,,,,136,lb,,,Speed_Queen_DC5004WG.jpg,Speed_Queen_DC5004WE_1.jpg,Speed_Queen_DC5004WE_2.jpg,Speed_Queen_DC5004WG_3.jpg,Speed_Queen_DC5004WG_4.jpg,,,,Speed_Queen_DR5004WG_Catalog.pdf,,Speed_Queen_DR5004WG_Instruction_Installation_Manual.pdf,,Speed_Queen_DC5004WG_Owners_User_Manual.pdf,,,,,,,Speed_Queen_TC5003BN_Submittal.pdf,,,,,,,,Yes
https://speedqueen.com/products/electric-dryers/dc5004be/,,,,,,25285948,Appliances,Large Appliances,Dryers,1515322,DC5004BE,DC5004BE SQ Elect Dryer Bk,-- Unbranded --,-- No Unilog Brand --,-- No DIB Brand --,Appliance Dealers Cooperative (APPDE),Alliance Laundry Systems LLC,Speed Queen®,,DC5004BE,,Appliances & Consumer Electronics>Laundry Appliances>Electric Dryers,"Alliance Laundry Systems LLC Speed Queen, Sanitizing Electric Dryer, DC5004BE",DRYER ELEC SANITIZING 7CU-FT MATTE BK,"Speed Queen® ADE6ARYS177TB01 DC5004BE Sanitizing Electric Dryer With Pet Plus™, 7 cu-ft Capacity, Matte Black, 208/240 V","Speed Queen® Sanitizing Electric Dryer, DC5 Series, Model: ADE6ARYS177TB01, 7 cu-ft Capacity, 208/240 V, 1/3 hp, 22500 Btu/hr, Galvanized Drum, Electric Fuel, 51-1/2 in Depth With Door Open, 6 Cycles, 4 Temperature Setting, Matte Black, 42 3/4 in H x 26 7/8 in W x 28 in D, Additional Information: Moisture Sensing, Sanitize, Steam Boost, Steam Refresh, Status Section for Awareness on Cycle Progression","DC5 Series Sanitizing Electric Dryer, 7 cu-ft Capacity, Matte Black, 208/240 V, 22500 Btu/hr BTU",,Extended Tumble Is there anything worse than setting wrinkles in items after forgetting them in the dryer. Extended tumble provides a wrinkles safety net,"Reversible Door You want install flexibility, Our dryer's reversible door helps you streamline your laundry room setup",,,,,,,,,,,,,,,,,,,With Pet Plus™,cULus Listed|ENERGY STAR Certified,Prop65 Warning: This product can expose you to chemicals which are known to the State of California to cause cancer and birth defects or other reproductive harm. For more information go to www.P65Warnings.ca.gov.,,,Sanitizing Electric Dryer,Series,DC5 Series,,Model,ADE6ARYS177TB01,,Capacity,7,cu-ft,Voltage Rating,208/240,V,Amperage Rating,,,Power Rating,,,HP Rating,1/3,hp,Frequency Rating,,,Phase,,,Rotational Speed,,,BTU Rating,22500,Btu/hr,Drum Type,Galvanized,,Fuel Type,Electric,,Depth With Door Open,51-1/2,in,Height With Lid Open,,,Number of Cycles,6,,Number of Temperature Setting,4,,Color,Matte Black,,Dimensions,42 3/4 in H x 26 7/8 in W x 28 in D,,Additional Information,"Moisture Sensing, Sanitize, Steam Boost, Steam Refresh, Status Section for Awareness on Cycle Progression",,,,,,,,,,,,,,,,,,,,,,,,,,,,,,,,,,,,,,,,,,,,,,,,,,,,,,,,,,,,,,,,,,,,,,,,,,,,,,,,,,,,,,,,,,,,,,,,5 Year Labor and Parts,,,,,,,,,,,136,lb,,,Speed_Queen_DC5004BG.jpg,Speed_Queen_DC5004BG_1.jpg,Speed_Queen_DC5004BG_2.jpg,Speed_Queen_DC5004BG_3.jpg,Speed_Queen_DC5004BG_4.jpg,,,,Speed_Queen_DR5004WG_Catalog.pdf,,Speed_Queen_DR5004WG_Instruction_Installation_Manual.pdf,,Speed_Queen_DC5004WG_Owners_User_Manual.pdf,,,,,,,Speed_Queen_TC5003BN_Submittal.pdf,,,,,,,,Yes
https://www.geappliances.com/appliance/GE-Profile-ENERGY-STAR-7-4-cu-ft-Capacity-Smart-aluminized-alloy-drum-Gas-Dryer-with-Sanitize-Cycle-and-Sensor-Dry-PTD70GBPTDG,https://images.salsify.com/image/upload/s--CtmcEllD--/d743b0409b5c93ef8652710f5527286561e0f72a.pdf,,,,,20138638,Appliances,Large Appliances,Dryers,1506120,PTD70GBPTDG,PTD70GBPTDG GE Gas Dryer DG,-- Unbranded --,-- No Unilog Brand --,-- No DIB Brand --,Appliance Dealers Cooperative (APPDE),Haier,Profile™,,PTD70GBPTDG,,Appliances & Consumer Electronics>Laundry Appliances>Gas Dryers,"Haier Profile, Gas Dryer, PTD70GBPTDG, 7.4cu-ft Capacity, Diamond Gray",DRYER GAS 7.4CU-FT DMD GRA GAS 53IN,"Profile™ PTD70GBPTDG Gas Dryer With Sanitize Cycle, Sensor Dry, 7.4 cu-ft Capacity, Diamond Gray, Gas Fuel","Profile™ Gas Dryer, 7.4 cu-ft Capacity, 22000 Btu/hr, Aluminized Alloy Drum, Gas Fuel, 53 in Depth With Door Open, 38-1/4 in Height With Lid Open, 11 Cycles, 5 Temperature Setting, Diamond Gray, 43-7/8 in H x 27 in W x 31 in D","Gas Dryer, 7.4 cu-ft Capacity, Diamond Gray, Gas Fuel, 22000 Btu/hr BTU",,,,,,,,,,,,,,,,,,,,,,"With Sanitize Cycle, Sensor Dry",ENERGY STAR Certified,Prop65 Warning: This product can expose you to chemicals which are known to the State of California to cause cancer and reproductive harm. For more information go to www.P65Warnings.ca.gov.,,,Gas Dryer,Series,,,Model,,,Capacity,7.4,cu-ft,Rotational Speed,,,BTU Rating,22000,Btu/hr,Drum Type,Aluminized Alloy,,Fuel Type,Gas,,Depth With Door Open,53,in,Height With Lid Open,38-1/4,in,Number of Cycles,11,,Number of Temperature Setting,5,,Color,Diamond Gray,,Dimensions,43-7/8 in H x 27 in W x 31 in D,,Additional Information,,,,,,,,,,,,,,,,,,,,,,,,,,,,,,,,,,,,,,,,,,,,,,,,,,,,,,,,,,,,,,,,,,,,,,,,,,,,,,,,,,,,,,,,,,,,,,,,,,,,,,,,,,,,,,,,,,,1 Year Limited Labor and Parts,,,,,,,,,,,122,lb,,,Profile_PTD70GBPTDG.jpg,Profile_PTD70GBPTDG_1.jpg,Profile_PTD70GBPTDG_2.jpg,Profile_PTD70GBPTDG_3.jpg,Profile_PTD70GBPTDG_4.jpg,,,Profile_PTD70GBPTDG_Warranty_Information.pdf,,Profile_PTD70GBPTDG_Specification_Sheet.pdf,Profile_PTD70GBPTDG_Instruction_Installation_Manual.pdf,,,,,,,,,,,,,,,,,Yes
https://www.geappliances.com/appliance/GE-Profile-ENERGY-STAR-7-4-cu-ft-Capacity-Smart-aluminized-alloy-drum-Gas-Dryer-with-Sanitize-Cycle-and-Sensor-Dry-PTD70GBSTWS,https://images.salsify.com/image/upload/s--CtmcEllD--/d743b0409b5c93ef8652710f5527286561e0f72a.pdf,,,,,20138639,Appliances,Large Appliances,Dryers,1503066,PTD70GBSTWS,PTD70GBSTWS GE Gas Dryer Wh,-- Unbranded --,-- No Unilog Brand --,-- No DIB Brand --,Appliance Dealers Cooperative (APPDE),Haier,Profile™,,PTD70GBSTWS,,Appliances & Consumer Electronics>Laundry Appliances>Gas Dryers,"Haier Profile, Gas Dryer, PTD70GBSTWS, 7.4cu-ft Capacity, Gas Fuel",DRYER GAS 7.4CU-FT GAS 22000BTU/HR 53IN,"Profile™ PTD70GBSTWS Gas Dryer With Sanitize Cycle, Sensor Dry, 7.4 cu-ft Capacity, Gas Fuel, 22000 Btu/hr BTU","Profile™ Gas Dryer, 7.4 cu-ft Capacity, 22000 Btu/hr, Aluminized Alloy Drum, Gas Fuel, 53 in Depth With Door Open, 38-1/4 in Height With Lid Open, 11 Cycles, 5 Temperature Setting, White On White with Silver Backsplash, 43-7/8 in H x 27 in W x 31 in D","Gas Dryer, 7.4 cu-ft Capacity, White On White with Silver Backsplash, Gas Fuel, 22000 Btu/hr BTU",Steam Refresh small loads and dewrinkle larger loads with the power of steam,Tangle Control Intelligent technology adapts the drum movements to minimize tangled loads and provide even drying,"Washer Link Wirelessly connects the washer to the dryer, enabling the dryer to automatically set the optimal settings based on the load that was just washed",Reduce Static Prevent static cling with a gentle mist near the end of the cycle,"SmartHQ Assistant In the SmartHQ App, you can input voice or text commands based off the type of fabric you are drying and SmartHQ Assistant will give you expert recommendations and automatically set your machine for optimal results","Smart Features powered by SmartHQ™ Ensure your dryer always has the latest features, including extra cycles for active wear and casuals Plus, easily control and monitor your laundry from anywhere, receive remote status notifications and more",Sensor Dry Innovative dual thermistor technology continually monitors temperature and moisture to prevent over-drying and protect your laundry/,Sanitize Cycle Reduces 99.8% of bacteria found in laundry,"120 ft Venting Innovative 120 ft venting enables optimal airflow, enhanced drying ability and flexible installation",My Cycle Streamline your laundry process by saving your favorite dryer settings for future use,Quick Dry Quickly dries a variety of loads for families on the go,"Check Vent Notification Receive a notification when the dryer vent needs to be cleaned, ensuring safe operation and optimal drying performance","Damp Notification Receive a notification when your laundry has reached the ideal dampness to remove from the dryer, so you get wrinkle-free results",ENERGY STAR® qualified Meets or exceeds federal guidelines for energy efficiency for year-round energy and money savings,,,,,,,,"With Sanitize Cycle, Sensor Dry",ENERGY STAR Certified,Prop65 Warning: This product can expose you to chemicals which are known to the State of California to cause cancer and reproductive harm. For more information go to www.P65Warnings.ca.gov.,,,Gas Dryer,Series,,,Model,,,Capacity,7.4,cu-ft,Rotational Speed,,,BTU Rating,22000,Btu/hr,Drum Type,Aluminized Alloy,,Fuel Type,Gas,,Depth With Door Open,53,in,Height With Lid Open,38-1/4,in,Number of Cycles,11,,Number of Temperature Setting,5,,Color,White On White with Silver Backsplash,,Dimensions,43-7/8 in H x 27 in W x 31 in D,,Additional Information,,,,,,,,,,,,,,,,,,,,,,,,,,,,,,,,,,,,,,,,,,,,,,,,,,,,,,,,,,,,,,,,,,,,,,,,,,,,,,,,,,,,,,,,,,,,,,,,,,,,,,,,,,,,,,,,,,,1 Year Limited Labor and Parts,,,,,,,,,,,122,lb,,,Profile_PTD70GBSTWS.jpg,Profile_PTD70GBSTWS_1.jpg,Profile_PTD70GBSTWS_2.jpg,Profile_PTD70GBSTWS_3.jpg,Profile_PTD70GBSTWS_4.jpg,,,Profile_PTD70GBPTDG_Warranty_Information.pdf,,Profile_PTD70GBPTDG_Specification_Sheet.pdf,Profile_PTD70GBPTDG_Instruction_Installation_Manual.pdf,,,,,,,,,,,,,,,,,Yes
https://speedqueen.com/products/gas-dryers/dr5004wg/,,,,,,20877776,Appliances,Large Appliances,Dryers,1507723,DR5004WG,DR5004WG SQ Gas Dryer Wh,-- Unbranded --,-- No Unilog Brand --,-- No DIB Brand --,Appliance Dealers Cooperative (APPDE),Alliance Laundry Systems LLC,Speed Queen®,,DR5004WG,,Appliances & Consumer Electronics>Laundry Appliances>Gas Dryers,"Alliance Laundry Systems LLC Speed Queen, Sanitizing Gas Dryer, ADG6HRYS118TW01",DRYER GAS SANITIZING 7CU-FT WHT GAS GALV,"Speed Queen® ADG6HRYS118TW01 DR5004WG Sanitizing Gas Dryer, 7 cu-ft Capacity, White, Gas Fuel, 22500 Btu/hr BTU","Speed Queen® Sanitizing Gas Dryer, DR5 Series, Model: ADG6HRYS118TW01, 7 cu-ft Capacity, 22500 Btu/hr, Galvanized Drum, Gas Fuel, 51-1/2 in Depth With Door Open, 9 Cycles, 5 Temperature Setting, White, 42-3/4 in H x 26-7/8 in W x 28 in D, Additional Information: Anti-Static, Commercial Cool-Down Technology, Extended Tumble, Lint Filter Guard, Moisture Sensor, Sanitize, Steam Boost, Steam Refresh, Steam Sanitize","DR5 Series Sanitizing Gas Dryer, 7 cu-ft Capacity, White, Gas Fuel, 22500 Btu/hr BTU",,"Steam Refresh When you need to get out the door fast and looking (smelling) good, a steam refresh is just the ticket. Wrinkles, be gone!",Sanitize for Peace of Mind Speed Queen dryers do more than just dry. Now they're effective tools in killing bacteria,"ENERGY STAR® Certified Get quality drying results, exceptional features and now, the efficiency you want - all from the leader in commercial quality and reliability.","Over-dry Protection Technology Over-drying your favorite clothes and linens wears them out faster. With our Over-Dry Protection Technology and Commercial Cool-Down Technology, we'll take good care of that favorite outfit",Extended Tumble Is there anything worse than setting wrinkles in items after forgetting them in the dryer. Extended tumble provides a wrinkles safety net,"Reversible Door You want install flexibility, Our dryer's reversible door helps you streamline your laundry room setup",,,,,,,,,,,,,,,,cULus Listed|ENERGY STAR Certified,,,,Sanitizing Gas Dryer,Series,DR5 Series,,Model,ADG6HRYS118TW01,,Capacity,7,cu-ft,Rotational Speed,,,BTU Rating,22500,Btu/hr,Drum Type,Galvanized,,Fuel Type,Gas,,Depth With Door Open,51-1/2,in,Height With Lid Open,,,Number of Cycles,9,,Number of Temperature Setting,5,,Color,White,,Dimensions,42-3/4 in H x 26-7/8 in W x 28 in D,,Additional Information,"Anti-Static, Commercial Cool-Down Technology, Extended Tumble, Lint Filter Guard, Moisture Sensor, Sanitize, Steam Boost, Steam Refresh, Steam Sanitize",,,,,,,,,,,,,,,,,,,,,,,,,,,,,,,,,,,,,,,,,,,,,,,,,,,,,,,,,,,,,,,,,,,,,,,,,,,,,,,,,,,,,,,,,,,,,,,,,,,,,,,,,,,,,,,,,,5 Year Labor and Parts,,,,,,,,,,,136,lb,,,Speed_Queen_DR5004WG.jpg,Speed_Queen_DR5004WG_1.jpg,Speed_Queen_DR5004WG_2.jpg,Speed_Queen_DR5004WG_3.jpg,Speed_Queen_DR5004WG_4.jpg,,,,Speed_Queen_DR5004WG_Catalog.pdf,,Speed_Queen_DR5004WG_Instruction_Installation_Manual.pdf,,Speed_Queen_DR5004WG_Owners_User_Manual.pdf,,,,,,,Speed_Queen_DR5004WG_Submittal.pdf,,,,,,,,Yes
https://speedqueen.com/products/gas-dryers/dr7004bg/,,,,,,20877781,Appliances,Large Appliances,Dryers,1507396,DR7004BG,DR7004BG SQ Gas Dryer Bk,-- Unbranded --,-- No Unilog Brand --,-- No DIB Brand --,Appliance Dealers Cooperative (APPDE),Alliance Laundry Systems LLC,Speed Queen®,,DR7004BG,,Appliances & Consumer Electronics>Laundry Appliances>Gas Dryers,"Alliance Laundry Systems LLC Speed Queen, Sanitizing Gas Dryer, ADGE9RYS118TB01",DRYER GAS SANITIZING 7CU-FT MATTE BK GAS,"Speed Queen® ADGE9RYS118TB01 DR7004BG Sanitizing Gas Dryer, 7 cu-ft Capacity, Matte Black, Gas Fuel, 22500 Btu/hr BTU","Speed Queen® Sanitizing Gas Dryer, DR7 Series, Model: ADGE9RYS118TB01, 7 cu-ft Capacity, 22500 Btu/hr, Galvanized Drum, Gas Fuel, 51-1/2 in Depth With Door Open, 10 Cycles, 4 Temperature Setting, Matte Black, 42-3/4 in H x 26-7/8 in W x 28 in D, Additional Information: Commercial Cool-Down Technology, Moisture Sensor, Pet Plus™ Cycles, Steam Boost, Steam Sanitize","DR7 Series Sanitizing Gas Dryer, 7 cu-ft Capacity, Matte Black, Gas Fuel, 22500 Btu/hr BTU",,"Steam Refresh When you need to get out the door fast and looking (smelling) good, a steam refresh is just the ticket. Wrinkles, be gone!","Steam Boost Goodbye, wrinkles. So long static. Steam boost turns your dryer into much more than a tool for removing moisture from loads",Anti-Static It's tough to look good with a sock sticking to your shirt. Our anti-static feature will help keep you from that all-too-common embarrassing moment,Steam-Sanitize We're all concerned about achieving a higher level of clean,"With steam sanitize, you'll have another tool to drive to that goal by killing bacteria","ENERGY STAR® Certified Get quality drying results, exceptional features and now, the efficiency you want - all from the leader in commercial quality and reliability","Over-dry Protection Technology Over-drying your favorite clothes and linens wears them out faster. With our Over-Dry Protection Technology and Commercial Cool-Down Technology, we'll take good care of that favorite outfit",Extended Tumble Is there anything worse than setting wrinkles in items after forgetting them in the dryer. Extended tumble provides a wrinkles safety net,"Reversible Door You want install flexibility, Our dryer's reversible door helps you streamline your laundry room setup",,,,,,,,,,,,,cULus Listed|ENERGY STAR Certified,Prop65 Warning: This product can expose you to chemicals which are known to the State of California to cause cancer and birth defects or other reproductive harm. For more information go to www.P65Warnings.ca.gov.,,,Sanitizing Gas Dryer,Series,DR7 Series,,Model,ADGE9RYS118TB01,,Capacity,7,cu-ft,Rotational Speed,,,BTU Rating,22500,Btu/hr,Drum Type,Galvanized,,Fuel Type,Gas,,Depth With Door Open,51-1/2,in,Height With Lid Open,,,Number of Cycles,10,,Number of Temperature Setting,4,,Color,Matte Black,,Dimensions,42-3/4 in H x 26-7/8 in W x 28 in D,,Additional Information,"Commercial Cool-Down Technology, Moisture Sensor, Pet Plus™ Cycles, Steam Boost, Steam Sanitize",,,,,,,,,,,,,,,,,,,,,,,,,,,,,,,,,,,,,,,,,,,,,,,,,,,,,,,,,,,,,,,,,,,,,,,,,,,,,,,,,,,,,,,,,,,,,,,,,,,,,,,,,,,,,,,,,,7 Year Labor and Parts,,,,,,,,,,,140,lb,,,Speed_Queen_DR7004BG.jpg,Speed_Queen_DR7004BE_1.jpg,Speed_Queen_DR7004BE_2.jpg,Speed_Queen_DR7004BE_3.jpg,,,,,Speed_Queen_DR5004WG_Catalog.pdf,,Speed_Queen_DR5004WG_Instruction_Installation_Manual.pdf,,Speed_Queen_DF7004WE_Owners_User_Manual.pdf,,,,,,,Speed_Queen_DR5004WG_Submittal.pdf,,,,,,,,Yes
https://speedqueen.com/products/gas-dryers/dr7004wg/,,,,,,20877783,Appliances,Large Appliances,Dryers,1507397,DR7004WG,DR7004WG SQ Gas Dryer Wh,-- Unbranded --,-- No Unilog Brand --,-- No DIB Brand --,Appliance Dealers Cooperative (APPDE),Alliance Laundry Systems LLC,Speed Queen®,,DR7004WG,,Appliances & Consumer Electronics>Laundry Appliances>Gas Dryers,"Alliance Laundry Systems LLC Speed Queen, Sanitizing Gas Dryer, ADGE9RYS118TW01",DRYER GAS SANITIZING 7CU-FT WHT GALV,"Speed Queen® ADGE9RYS118TW01 DR7004WG Sanitizing Gas Dryer, 7 cu-ft Capacity, White, Liquid Propane Gas Fuel","Speed Queen® Sanitizing Gas Dryer, DR7 Series, Model: ADGE9RYS118TW01, 7 cu-ft Capacity, 22500 Btu/hr, Galvanized Drum, Liquid Propane Gas Fuel, 51-1/2 in Depth With Door Open, 10 Cycles, 4 Temperature Setting, White, 42-3/4 in H x 26-7/8 in W x 28 in D, Additional Information: Anti-Static, Commercial Cool-Down Technology, Extended Tumble, Lint Filter Guard, Moisture Sensor, Sanitize, Steam Boost, Steam Refresh, Steam Sanitize","DR7 Series Sanitizing Gas Dryer, 7 cu-ft Capacity, White, Liquid Propane Gas Fuel, 22500 Btu/hr BTU",,"Steam Refresh When you need to get out the door fast and looking (smelling) good, a steam refresh is just the ticket. Wrinkles, be gone!","Steam Boost Goodbye, wrinkles. So long static. Steam boost turns your dryer into much more than a tool for removing moisture from loads",Anti-Static It's tough to look good with a sock sticking to your shirt. Our anti-static feature will help keep you from that all-too-common embarrassing moment,Steam-Sanitize We're all concerned about achieving a higher level of clean,"With steam sanitize, you'll have another tool to drive to that goal by killing bacteria","ENERGY STAR® Certified Get quality drying results, exceptional features and now, the efficiency you want - all from the leader in commercial quality and reliability","Over-dry Protection Technology Over-drying your favorite clothes and linens wears them out faster. With our Over-Dry Protection Technology and Commercial Cool-Down Technology, we'll take good care of that favorite outfit",Extended Tumble Is there anything worse than setting wrinkles in items after forgetting them in the dryer. Extended tumble provides a wrinkles safety net,"Reversible Door You want install flexibility, Our dryer's reversible door helps you streamline your laundry room setup",,,,,,,,,,,,,cULus Listed|ENERGY STAR Certified,Prop65 Warning: This product can expose you to chemicals which are known to the State of California to cause cancer and birth defects or other reproductive harm. For more information go to www.P65Warnings.ca.gov.,,,Sanitizing Gas Dryer,Series,DR7 Series,,Model,ADGE9RYS118TW01,,Capacity,7,cu-ft,Rotational Speed,,,BTU Rating,22500,Btu/hr,Drum Type,Galvanized,,Fuel Type,Liquid Propane Gas,,Depth With Door Open,51-1/2,in,Height With Lid Open,,,Number of Cycles,10,,Number of Temperature Setting,4,,Color,White,,Dimensions,42-3/4 in H x 26-7/8 in W x 28 in D,,Additional Information,"Anti-Static, Commercial Cool-Down Technology, Extended Tumble, Lint Filter Guard, Moisture Sensor, Sanitize, Steam Boost, Steam Refresh, Steam Sanitize",,,,,,,,,,,,,,,,,,,,,,,,,,,,,,,,,,,,,,,,,,,,,,,,,,,,,,,,,,,,,,,,,,,,,,,,,,,,,,,,,,,,,,,,,,,,,,,,,,,,,,,,,,,,,,,,,,7 Year Labor and Parts,,,,,,,,,,,140,lb,,,Speed_Queen_DR7004WG.jpg,Speed_Queen_DR7004WG_1.jpg,Speed_Queen_DR7004WG_2.jpg,Speed_Queen_DR7004WG_3.jpg,Speed_Queen_DR7004WG_4.jpg,,,,Speed_Queen_DR5004WG_Catalog.pdf,,Speed_Queen_DR5004WG_Instruction_Installation_Manual.pdf,,Speed_Queen_DF7004WE_Owners_User_Manual.pdf,,,,,,,Speed_Queen_DR5004WG_Submittal.pdf,,,,,,,,Yes
https://www.us-appliance.com/content/pdf/c/TV2000WN_Specs.pdf,,,,,,20877877,Appliances,Large Appliances,Dryers,1506679,DV2000WG,DV2000WG SQ Gas Dryer Wh,-- Unbranded --,-- No Unilog Brand --,-- No DIB Brand --,Appliance Dealers Cooperative (APPDE),Alliance Laundry Systems LLC,Speed Queen®,,DV2000WG,,Appliances & Consumer Electronics>Laundry Appliances>Gas Dryers,"Alliance Laundry Systems LLC Speed Queen, Gas Dryer, LDE30RGS173TW01, DV2000WG",DRYER GAS 18LB WHT NAT GAS 22500BTU/HR,"Speed Queen® LDE30RGS173TW01 DV2000WG Gas Dryer, 18 lb Capacity, White, Natural Gas Fuel, 22500 Btu/hr BTU","Speed Queen® Gas Dryer, DV2 Series, Model: LDE30RGS173TW01, 18 lb Capacity, 22500 Btu/hr, Galvanized Steel Drum, Natural Gas Fuel, 3 Cycles, White, 43 in H x 26-7/8 in W x 28 in D, Additional Information: 120 V Voltage Rating, 220 cfm Exhaust Airflow, 4 in Dia Exhaust Outlet, 3/8 in Gas Inlet","DV2 Series Gas Dryer, 18 lb Capacity, White, Natural Gas Fuel, 22500 Btu/hr BTU","Speed Queen® two-speed top load washers and matching dryers are durably constructed using premium materials for long-lasting, reliable performance and superior results. If you want your laundry done right, you want a Speed Queen. Our machines are manufactured using metal instead of plastic. They're built with rugged, commercial-grade construction. Our world-class test lab rigorously pushes our products far beyond the conditions they're likely to ever face. We work hard at every point of our manufacturing process to ensure that our machines reflect that belief.",Durable stainless steel wash tub,Extract speed of 710 RPM spins clothes out drier,"Automatic Balancing Suspension provides the industry's best out-ofbalance handling, completing wash cycles without interruption",Curved four-vane polypropylene agitator provides 210 deg agitation stroke which delivers superior washability,Door is reversible for installation flexibility,High efficiency exhaust blower with superior airflow 220 cfm (105 liters/sec),100% serviceable from the front,Efficient and fast dry cycle,,,,,,,,,,,,,,cULus Listed|cCSAus Certified,,,,Gas Dryer,Series,DV2 Series,,Model,LDE30RGS173TW01,,Capacity,18,lb,Rotational Speed,,,BTU Rating,22500,Btu/hr,Drum Type,Galvanized Steel,,Fuel Type,Natural Gas,,Depth With Door Open,,,Height With Lid Open,,,Number of Cycles,3,,Number of Temperature Setting,,,Color,White,,Dimensions,43 in H x 26-7/8 in W x 28 in D,,Additional Information,"120 V Voltage Rating, 220 cfm Exhaust Airflow, 4 in Dia Exhaust Outlet, 3/8 in Gas Inlet",,,,,,,,,,,,,,,,,,,,,,,,,,,,,,,,,,,,,,,,,,,,,,,,,,,,,,,,,,,,,,,,,,,,,,,,,,,,,,,,,,,,,,,,,,,,,,,,,,,,,,,,,,,,,,,,,,,,,,,29.5,in,45,in,30.5,in,140,lb,,,Speed_Queen_DV2000WE.jpg,Speed_Queen_DV2000WE_1.jpg,,,,,,,Speed_Queen_DV2000WE_Catalog.pdf,,,,,,,,,,,,,,,,,,,Yes
https://speedqueen.com/products/gas-dryers/dc5004wg/,,,,,,25285945,Appliances,Large Appliances,Dryers,1515319,DC5004WG,DC5004WG SQ Gas Dryer Wh,-- Unbranded --,-- No Unilog Brand --,-- No DIB Brand --,Appliance Dealers Cooperative (APPDE),Alliance Laundry Systems LLC,Speed Queen®,,DC5004WG,,Appliances & Consumer Electronics>Laundry Appliances>Gas Dryers,"Alliance Laundry Systems LLC Speed Queen, Sanitizing Gas Dryer, ADG6ARYS117TW01",DRYER GAS SANITIZING 7CU-FT WHT GALV,"Speed Queen® ADG6ARYS117TW01 DC5004WG Sanitizing Gas Dryer With Pet Plus™, 7 cu-ft Capacity, White, 22500 Btu/hr BTU","Speed Queen® Sanitizing Gas Dryer, DC5 Series, Model: ADG6ARYS117TW01, 7 cu-ft Capacity, 22500 Btu/hr, Galvanized Drum, Liquid Propane Gas Fuel, 51-1/2 in Depth With Door Open, 6 Cycles, 4 Temperature Setting, White, 42-3/4 in H x 26-7/8 in W x 28 in D, Additional Information: 1/3 hp Horsepower Extended Tumble, Moisture Sensor, Pet Plus™, Sanitize, Steam Boost, Steam Refresh, Status Section for Awareness on Cycle Progression","DC5 Series Sanitizing Gas Dryer, 7 cu-ft Capacity, White, Liquid Propane Gas Fuel, 22500 Btu/hr BTU",,Extended Tumble Is there anything worse than setting wrinkles in items after forgetting them in the dryer. Extended tumble provides a wrinkles safety net,"Reversible Door You want install flexibility, Our dryer's reversible door helps you streamline your laundry room setup",,,,,,,,,,,,,,,,,,,With Pet Plus™,cULus Listed|ENERGY STAR Certified,Prop65 Warning: This product can expose you to chemicals which are known to the State of California to cause cancer and birth defects or other reproductive harm. For more information go to www.P65Warnings.ca.gov.,,,Sanitizing Gas Dryer,Series,DC5 Series,,Model,ADG6ARYS117TW01,,Capacity,7,cu-ft,Rotational Speed,,,BTU Rating,22500,Btu/hr,Drum Type,Galvanized,,Fuel Type,Liquid Propane Gas,,Depth With Door Open,51-1/2,in,Height With Lid Open,,,Number of Cycles,6,,Number of Temperature Setting,4,,Color,White,,Dimensions,42-3/4 in H x 26-7/8 in W x 28 in D,,Additional Information,"1/3 hp Horsepower Extended Tumble, Moisture Sensor, Pet Plus™, Sanitize, Steam Boost, Steam Refresh, Status Section for Awareness on Cycle Progression",,,,,,,,,,,,,,,,,,,,,,,,,,,,,,,,,,,,,,,,,,,,,,,,,,,,,,,,,,,,,,,,,,,,,,,,,,,,,,,,,,,,,,,,,,,,,,,,,,,,,,,,,,,,,,,,,,5 Year Labor and Parts,,,,,,,,,,,136,lb,,,Speed_Queen_DC5004WG.jpg,Speed_Queen_DC5004WG_1.jpg,Speed_Queen_DC5004WG_2.jpg,Speed_Queen_DC5004WG_3.jpg,Speed_Queen_DC5004WG_4.jpg,,,,Speed_Queen_DR5004WG_Catalog.pdf,,Speed_Queen_DR5004WG_Instruction_Installation_Manual.pdf,,Speed_Queen_DC5004WG_Owners_User_Manual.pdf,,,,,,,Speed_Queen_TC5003BN_Submittal.pdf,,,,,,,,Yes
https://speedqueen.com/products/gas-dryers/dc5004bg/,,,,,,25285947,Appliances,Large Appliances,Dryers,1515321,DC5004BG,DC5004BG SQ Gas Dryer Bk,-- Unbranded --,-- No Unilog Brand --,-- No DIB Brand --,Appliance Dealers Cooperative (APPDE),Alliance Laundry Systems LLC,Speed Queen®,,DC5004BG,,Appliances & Consumer Electronics>Laundry Appliances>Gas Dryers,"Alliance Laundry Systems LLC Speed Queen, Sanitizing Gas Dryer, ADG6ARYS117TB01",DRYER GAS SANITIZING 6.9CU-FT MATTE BK,"Speed Queen® ADG6ARYS117TB01 DC5004BG Sanitizing Gas Dryer With Pet Plus™, 6.9 cu-ft Capacity, Matte Black, Gas Fuel","Speed Queen® Sanitizing Gas Dryer, DC5 Series, Model: ADG6ARYS117TB01, 6.9 cu-ft Capacity, 22500 Btu/hr, Galvanized Drum, Gas Fuel, 51-1/2 in Depth With Door Open, 6 Cycles, 4 Temperature Setting, Matte Black, 43 in H x 27 in W x 28 in D, Additional Information: 1/3 hp Horsepower Extended Tumble, Moisture Sensor, Pet Plus™, Sanitize, Steam Boost, Steam Refresh, Status Section for Awareness on Cycle Progression","DC5 Series Sanitizing Gas Dryer, 6.9 cu-ft Capacity, Matte Black, Gas Fuel, 22500 Btu/hr BTU",,Extended Tumble Is there anything worse than setting wrinkles in items after forgetting them in the dryer. Extended tumble provides a wrinkles safety net,"Reversible Door You want install flexibility, Our dryer's reversible door helps you streamline your laundry room setup",,,,,,,,,,,,,,,,,,,With Pet Plus™,cULus Listed|ENERGY STAR Certified,Prop65 Warning: This product can expose you to chemicals which are known to the State of California to cause cancer and birth defects or other reproductive harm. For more information go to www.P65Warnings.ca.gov.,,,Sanitizing Gas Dryer,Series,DC5 Series,,Model,ADG6ARYS117TB01,,Capacity,6.9,cu-ft,Rotational Speed,,,BTU Rating,22500,Btu/hr,Drum Type,Galvanized,,Fuel Type,Gas,,Depth With Door Open,51-1/2,in,Height With Lid Open,,,Number of Cycles,6,,Number of Temperature Setting,4,,Color,Matte Black,,Dimensions,43 in H x 27 in W x 28 in D,,Additional Information,"1/3 hp Horsepower Extended Tumble, Moisture Sensor, Pet Plus™, Sanitize, Steam Boost, Steam Refresh, Status Section for Awareness on Cycle Progression",,,,,,,,,,,,,,,,,,,,,,,,,,,,,,,,,,,,,,,,,,,,,,,,,,,,,,,,,,,,,,,,,,,,,,,,,,,,,,,,,,,,,,,,,,,,,,,,,,,,,,,,,,,,,,,,,,5 Year Labor and Parts,,,,,,,,,,,136,lb,,,Speed_Queen_DC5004BG.jpg,Speed_Queen_DC5004BG_1.jpg,Speed_Queen_DC5004BG_2.jpg,Speed_Queen_DC5004BG_3.jpg,Speed_Queen_DC5004BG_4.jpg,,,,Speed_Queen_DR5004WG_Catalog.pdf,,Speed_Queen_DR5004WG_Instruction_Installation_Manual.pdf,,Speed_Queen_DC5004WG_Owners_User_Manual.pdf,,,,,,,Speed_Queen_TC5003BN_Submittal.pdf,,,,,,,,Yes
https://www.maytag.com/washers-and-dryers/washers/top-load-washers/p.commercial-grade-residential-agitator-washer-3.5-cu.-ft.mvwp586gw.html,https://www.maytag.com/content/dam/global/documents/202301/owners-manual-w11600465-revB.pdf,,,,,20887131,Appliances,Large Appliances,Washers,1510352,MVWP586GW,MVWP586GW Washer Wh - Display,-- Unbranded --,-- No Unilog Brand --,-- No DIB Brand --,Appliance Dealers Cooperative (APPDE),Whirlpool Corporation,MAYTAG,,MVWP586GW,,Appliances & Consumer Electronics>Laundry Appliances>Top Loading Washers,"Whirlpool Corporation MAYTAG, Residential Agitator Washer, MVWP586GW, White",WASHER AGITATOR RESIDENTIAL 4CU-FT WHT,"MAYTAG MVWP586GW Residential Agitator Washer, 4 cu-ft Capacity, White, 120 V","MAYTAG Residential Agitator Washer, 4 cu-ft Capacity, 120 V, 15 A, 720 W, 1/2 hp, 60 Hz, 700 rpm Rotational Speed, 26 in Depth With Door Open, 52 in Height With Lid Open, 7 Cycles, 5 Temperature Setting, White, 43 in H x 27 in W x 26 in D, Additional Information: 4.5 ft L Drain Hose, Commercial Grade","Residential Agitator Washer, 4 cu-ft Capacity, White, 120 V","This commercial-grade Maytag® washer brings rugged durability and high-grade performance to the home laundry room. This washer features a robust build and a dual-action agitator, surrounded by thick, galvanized steel panelling engineered to take a beating and resist corrosion. As a top load washing machine with manual water level control, you can get the water you desire.","We've engineered a powerful commercial-grade Maytag® washer for your home with durable parts, including a 1/2 horsepower motor, a quad gear transmission, premium bearings, galvanized steel panels and ultra-sturdy knobs that are truly built to last",Our powerful 1/2 horsepower motor and sturdy drive system deliver the strength to handle large loads with ease,The heavy-duty stainless steel wash basket wicks moisture away from clothes and is tough enough to resist everyday wear and tear,Deep Water Wash Options combined with a 1/2 HP Motor and a Dual Action Agitator help move clothes through the water to create Outstanding Roll-Over Action delivering a robust clean in short cycle times,"Choose from 4 different water levels, low to deep water, to get the amount of water desired on any cycle",The PowerWash® cycle with a selectable water level saturates loads and ensures detergent is mixed into every wash,This large 3.5 cu. ft. capacity washer is made to take on the bulk of your laundry,Normal Eco cycle determines the optimal level of water depending on load size and water level selected,This cycle saves both water and energy over comparable warm water cycles and saves water on cold water cycles,,,,,,,,,,,,,UL Listed,,,,Residential Agitator Washer,Series,,,Model,,,Capacity,4,cu-ft,Voltage Rating,120,V,Amperage Rating,15,A,Power Rating,720,W,HP Rating,1/2,hp,Frequency Rating,60,Hz,Phase,,,Rotational Speed,700,rpm,BTU Rating,,,Drum Type,,,Fuel Type,,,Depth With Door Open,26,in,Height With Lid Open,52,in,Number of Cycles,7,,Number of Temperature Setting,5,,Color,White,,Dimensions,43 in H x 27 in W x 26 in D,,Additional Information,"4.5 ft L Drain Hose, Commercial Grade",,,,,,,,,,,,,,,,,,,,,,,,,,,,,,,,,,,,,,,,,,,,,,,,,,,,,,,,,,,,,,,,,,,,,,,,,,,,,,,,,,,,,,,,,,,,,,,,,,,,,,,,,,,158.51,lb,,,MAYTAG_MVWP586GW.jpg,MAYTAG_MVWP586GW_1.jpg,MAYTAG_MVWP586GW_2.jpg,MAYTAG_MVWP586GW_3.jpg,MAYTAG_MVWP586GW_4.jpg,,,MAYTAG_MVWP586GW_Warranty_Information.pdf,,MAYTAG_MVWP586GW_Specification_Sheet.pdf,MAYTAG_MVWP586GW_Instruction_Installation_Manual.pdf,,,,,,,,,,,,,,,,,Yes
https://www.us-appliance.com/content/pdf/c/TV2000WN_Specs.pdf,,,,,,20892934,Appliances,Large Appliances,Washers,1507174,TV2000WN,TV2000WN SQ Elect Washer,-- Unbranded --,-- No Unilog Brand --,-- No DIB Brand --,Appliance Dealers Cooperative (APPDE),Alliance Laundry Systems LLC,Speed Queen®,,TV2000WN,,Appliances & Consumer Electronics>Laundry Appliances>Top Loading Washers,"Alliance Laundry Systems LLC Speed Queen, Electric Top Load Washer, TV2000WN",WASHER LOAD TOP ELEC 16LB WHT 120V 15A,"Speed Queen® LWN432SP115TW01 TV2000WN Electric Top Load Washer, 16 lb Capacity, White, 120 V","Speed Queen® Electric Top Load Washer, TV2 Series, Model: LWN432SP115TW01, 16 lb Capacity, 120 V, 15 A, 1/2 hp, 60 Hz, 710 rpm Rotational Speed, Stainless Steel Drum, Electric Fuel, 53 in Depth With Door Open, 4 Cycles, 3 Temperature Setting, White, 43 in H x 25-5/8 in W x 28 in D, Additional Information: Mechanical Knob Control Option, 3.19 cu-ft Cylinder Volume, 106 L Water Consumption per Cycle, 20 to 120 psi Water Pressure","TV2 Series Electric Top Load Washer, 16 lb Capacity, White, 120 V","Speed Queen® two-speed top load washers and matching dryers are durably constructed using premium materials for long-lasting, reliable performance and superior results. If you want your laundry done right, you want a Speed Queen. Our machines are manufactured using metal instead of plastic. They're built with rugged, commercial-grade construction. Our world-class test lab rigorously pushes our products far beyond the conditions they're likely to ever face. We work hard at every point of our manufacturing process to ensure that our machines reflect that belief.",Durable stainless steel wash tub,Extract speed of 710 RPM spins clothes out drier,"Automatic Balancing Suspension provides the industry's best out-ofbalance handling, completing wash cycles without interruption",Curved four-vane polypropylene agitator provides 210 deg agitation stroke which delivers superior washability,Door is reversible for installation flexibility,High efficiency exhaust blower with superior airflow 220 cfm (105 liters/sec),100% serviceable from the front,Efficient and fast dry cycle,,,,,,,,,,,,,,cULus Listed|cCSAus Certified,,,,Electric Top Load Washer,Series,TV2 Series,,Model,LWN432SP115TW01,,Capacity,16,lb,Voltage Rating,120,V,Amperage Rating,15,A,Power Rating,,,HP Rating,1/2,hp,Frequency Rating,60,Hz,Phase,,,Rotational Speed,710,rpm,BTU Rating,,,Drum Type,Stainless Steel,,Fuel Type,Electric,,Depth With Door Open,53,in,Height With Lid Open,,,Number of Cycles,4,,Number of Temperature Setting,3,,Color,White,,Dimensions,43 in H x 25-5/8 in W x 28 in D,,Additional Information,"Mechanical Knob Control Option, 3.19 cu-ft Cylinder Volume, 106 L Water Consumption per Cycle, 20 to 120 psi Water Pressure",,,,,,,,,,,,,,,,,,,,,,,,,,,,,,,,,,,,,,,,,,,,,,,,,,,,,,,,,,,,,,,,,,,,,,,,,,,,,,,,,,,,,,,,,,,,,,,,,,,,,30,in,45,in,28.25,in,196,lb,,,Speed_Queen_TV2000WN.jpg,Speed_Queen_TV2000WN_1.jpg,,,,,,,Speed_Queen_DV2000WE_Catalog.pdf,,,,,,,,,,,,,,,,,,,Yes
https://speedqueen.com/products/top-load-washers/tr7006wn/,,,,,,25286105,Appliances,Large Appliances,Washers,1516151,TR7006WN,TR7006WN Speed Queen Washer Wh,-- Unbranded --,-- No Unilog Brand --,-- No DIB Brand --,Appliance Dealers Cooperative (APPDE),Alliance Laundry Systems LLC,Speed Queen®,Ultra-Quiet,TR7006WN,,Appliances & Consumer Electronics>Laundry Appliances>Top Loading Washers,"Alliance Laundry Systems LLC Speed Queen, Top Load Washer, TR7 Series, TR7006WN",WASHER TOP LOAD 3.2CU-FT WHT 120V 1HP,"Speed Queen® Ultra-Quiet TR7 Series AWNE9RSN119TW01 TR7006WN, 3.2 cu-ft Capacity, White, 120 V","Speed Queen® Ultra-Quiet Top Load Washer With Speed Queen® Perfect Wash™, Delayed Lid-Lock, TR7 Series, Model: AWNE9RSN119TW01, 3.2 cu-ft Capacity, 120 V, 1 hp, 60 Hz, Stainless Steel Drum, Electric Fuel, 53 in Depth With Door Open, 16 Cycles, 4 Temperature Setting, White, 42 3/4 in H x 25 5/8 in W x 28 in D, Additional Information: Automatic Balancing System, Durable 3-Coat Finish, End-of-Cycle Signal, No Lid Lock Before First Spin, No Lid Lock Full Cycle","TR7 Series Top Load Washer, 3.2 cu-ft Capacity, White, 120 V",,"Ultra Quiet Sleeping babies, nervous dogs, team calls from the home office - there are plenty of reasons we like a quiet atmosphere in the house. We get itand make sure our machines oblige measuring in at only 43dB during agitation.","Legendary Reliability Our legend status may have been born more than 110 years ago, but we earn it every day. Built for 25 years of life in the average home",Out-of-Balance Management Commercial quality means running all cycles to completion even the most out-of-balance ones. We do this with a combination of commercial components and technology others can't match,"Ultimate Fabric Care Control - Special Cycles: Tailored to get results, Delay Start: Get a jump on the laundry task, Favorite Cycles: Most-used cycles at your fingertips, Speed Cycle: Performance in a flash",,,,,,,,,,,,,,,,,"With Speed Queen® Perfect Wash™, Delayed Lid-Lock",cULus Listed,Prop65 Warning: This product can expose you to chemicals which are known to the State of California to cause cancer. For more information go to www.P65Warnings.ca.gov.,,,Top Load Washer,Series,TR7 Series,,Model,AWNE9RSN119TW01,,Capacity,3.2,cu-ft,Voltage Rating,120,V,Amperage Rating,,,Power Rating,,,HP Rating,1,hp,Frequency Rating,60,Hz,Phase,,,Rotational Speed,,,BTU Rating,,,Drum Type,Stainless Steel,,Fuel Type,Electric,,Depth With Door Open,53,in,Height With Lid Open,,,Number of Cycles,16,,Number of Temperature Setting,4,,Color,White,,Dimensions,42 3/4 in H x 25 5/8 in W x 28 in D,,Additional Information,"Automatic Balancing System, Durable 3-Coat Finish, End-of-Cycle Signal, No Lid Lock Before First Spin, No Lid Lock Full Cycle",,,,,,,,,,,,,,,,,,,,,,,,,,,,,,,,,,,,,,,,,,,,,,,,,,,,,,,,,,,,,,,,,,,,,,,,,,,,,,,,,,,,,,,,,,,,,,,,7 Year Labor and Parts,,,,,,,,,,,196,lb,,,Speed_Queen_TR7006WN.jpg,Speed_Queen_TR7006WN_1.jpg,Speed_Queen_TR7006WN_2.jpg,Speed_Queen_DR7004WG_3.jpg,Speed_Queen_DR7004WG_4.jpg,,,,Speed_Queen_TC5003BN_Catalog.pdf,,Speed_Queen_TR7006WN_Instruction_Installation_Manual.pdf,,Speed_Queen_TR7006WN_Owners_User_Manual.pdf,,,,,,,Speed_Queen_TR7006WN_Submittal.pdf,,,,,,,,Yes
https://in.trex.com/products/railing/select/#profiles-item-cf93075ef8-tab,,,,,,25285333,Lumber and Building Materials,Decking - All Trex,Trex - Select Railing,1508485,543302126,6' Wh Select T-Rail Kit Horiz - w/Sq Composite Balusters,TREX,-- No Unilog Brand --,-- No DIB Brand --,U S Lumber (3073),"Trex Company, Inc",Trex®,Select®,543302126,,Building Materials>Decking>Deck & Porch Railings>Deck Railing Kits,"Trex, T-Rail Kit, 543302126, 6ft L Rail, 36in W Rail, Composite Rail",KIT T-RAIL 6FT 36IN COMPOSITE WHT SQ 1IN,"Trex® Select® 543302126 T-Rail Kit, 6 ft L Rail, 36 in W Rail, Composite Rail, White Rail","Trex® T-Rail Kit, T-Top Rail Profile, 6 ft Rail Length, 36 in Rail Width, Composite Rail, White Rail, Square, Balusters/Spindles Diameter: 1 in, Balusters/Spindles Length: 32 in, Balusters/Spindles Material: Composite, Balusters/Spindles Color: White, Horizontal Installation","T-Rail Kit, 6 ft L Rail, 36 in W Rail, Composite Rail, White Rail, Square Balusters/Spindles Design","Includes top rail, bottom rail, square composite balusters, adjustable foot block and hardware pack",,,,,,,,,,,,,,,,,,,,,,,,,"Top Rail, Bottom Rail, Square Composite Balusters, Adjustable Foot Block and Hardware Pack",T-Rail Kit,Series,,,Rail Profile Type,T-Top,,Rail Length,6,ft,Rail Width,36,in,Rail Material,Composite,,Rail Color,White,,Balusters/Spindles Design,Square,,Balusters/Spindles Top Style,,,Balusters/Spindles Diameter,1,in,Balusters/Spindles Length,32,in,Balusters/Spindles Material,Composite,,Balusters/Spindles Color,White,,Installation Type,Horizontal,,Number of Pieces,,,Additional Information,,,,,,,,,,,,,,,,,,,,,,,,,,,,,,,,,,,,,,,,,,,,,,,,,,,,,,,,,,,,,,,,,,,,,,,,,,,,,,,,,,,,,,,,,,,,,,,,,,,,,,,,,,,,,,,,,,,,,,,,,,,,,,,Trex_543302126.jpg,,,,,,,,Trex_543650048_Catalog.pdf,,,,,,,,,,,,,,,,,,,Yes
https://in.trex.com/products/railing/select/#profiles-item-cf93075ef8-tab,,,,,,25285335,Lumber and Building Materials,Decking - All Trex,Trex - Select Railing,1508487,543302146,8' Wh Select T-Rail Kit Horiz - w/Sq Composite Balusters,TREX,-- No Unilog Brand --,-- No DIB Brand --,U S Lumber (3073),"Trex Company, Inc",Trex®,Select®,543302146,,Building Materials>Decking>Deck & Porch Railings>Deck Railing Kits,"Trex, T-Rail Kit, 543302146, 8ft L Rail, 36in W Rail, Composite Rail",KIT T-RAIL 8FT 36IN COMPOSITE WHT SQ 1IN,"Trex® Select® 543302146 T-Rail Kit, 8 ft L Rail, 36 in W Rail, Composite Rail, White Rail","Trex® T-Rail Kit, T-Top Rail Profile, 8 ft Rail Length, 36 in Rail Width, Composite Rail, White Rail, Square, Balusters/Spindles Diameter: 1 in, Balusters/Spindles Length: 32 in, Balusters/Spindles Material: Composite, Balusters/Spindles Color: White, Horizontal Installation","T-Rail Kit, 8 ft L Rail, 36 in W Rail, Composite Rail, White Rail, Square Balusters/Spindles Design","Includes top rail, bottom rail, square composite balusters, adjustable foot block and hardware pack",,,,,,,,,,,,,,,,,,,,,,,,,"Top Rail, Bottom Rail, Square Composite Balusters, Adjustable Foot Block and Hardware Pack",T-Rail Kit,Series,,,Rail Profile Type,T-Top,,Rail Length,8,ft,Rail Width,36,in,Rail Material,Composite,,Rail Color,White,,Balusters/Spindles Design,Square,,Balusters/Spindles Top Style,,,Balusters/Spindles Diameter,1,in,Balusters/Spindles Length,32,in,Balusters/Spindles Material,Composite,,Balusters/Spindles Color,White,,Installation Type,Horizontal,,Number of Pieces,,,Additional Information,,,,,,,,,,,,,,,,,,,,,,,,,,,,,,,,,,,,,,,,,,,,,,,,,,,,,,,,,,,,,,,,,,,,,,,,,,,,,,,,,,,,,,,,,,,,,,,,,,,,,,,,,,,,,,,,,,,,,,,,,,,,,,,Trex_543302126.jpg,,,,,,,,Trex_543650048_Catalog.pdf,,,,,,,,,,,,,,,,,,,Yes
https://www.trex.com/products/railing/select/#tabs-fec81080ee-item-6541b6009e-tab,,,,,,25285814,Lumber and Building Materials,Decking - All Trex,Trex - Select Railing,1513797,543300256,6' Black Select Classic Horiz  - Rail w/Rnd Black Alum Baluster,TREX,-- No Unilog Brand --,-- No DIB Brand --,Boise Cascade Building Materials (BOICA),"Trex Company, Inc",Trex®,,543300256,,Building Materials>Decking>Deck & Porch Railings>Deck Railing Kits,"Trex, Rail Kit, 543300256, 6ft L Rail, 36in W Rail, Composite Rail",KIT RAIL 6FT 36IN COMPOSITE WHT RND AL H,"Trex® 543300256 Rail Kit, 6 ft L Rail, 36 in W Rail, Composite Rail, White Rail, Round Balusters/Spindles Design","Trex® Rail Kit, 6 ft Rail Length, 36 in Rail Width, Composite Rail, White Rail, Round, Balusters/Spindles Diameter: 3/4 in, Balusters/Spindles Length: 30-1/4 in, Balusters/Spindles Material: Aluminum, Balusters/Spindles Color: Black, Horizontal Installation, Additional Information: Trex Select® Classic Collection","Rail Kit, 6 ft L Rail, 36 in W Rail, Composite Rail, White Rail, Round Balusters/Spindles Design","Includes top rail, bottom rail, round aluminum balusters, adjustable foot block, hardware pack",,,,,,,,,,,,,,,,,,,,,,,,,"Top Rail, Bottom Rail, Round Aluminum Balusters, Adjustable Foot Block and Hardware Pack",Rail Kit,Series,,,Rail Profile Type,,,Rail Length,6,ft,Rail Width,36,in,Rail Material,Composite,,Rail Color,White,,Balusters/Spindles Design,Round,,Balusters/Spindles Top Style,,,Balusters/Spindles Diameter,3/4,in,Balusters/Spindles Length,30-1/4,in,Balusters/Spindles Material,Aluminum,,Balusters/Spindles Color,Black,,Installation Type,Horizontal,,Number of Pieces,,,Additional Information,Trex Select® Classic Collection,,,,,,,,,,,,,,,,,,,,,,,,,,,,,,,,,,,,,,,,,,,,,,,,,,,,,,,,,,,,,,,,,,,,,,,,,,,,,,,,,,,,,,,,,,,,,,,,,,,,,,,,,,,,,,,,,,,,,,,,,,,,,,Trex_543300256.jpg,,,,,,,,Trex_543650048_Catalog.pdf,,,,,,,,,,,,,,,,,,,Yes
https://www.trex.com/products/railing/select/#tabs-fec81080ee-item-6541b6009e-tab,,,,,,25285816,Lumber and Building Materials,Decking - All Trex,Trex - Select Railing,1513799,543300276,8' Black Select Classic Horiz  - Rail w/Rnd Black Alum Baluster,TREX,-- No Unilog Brand --,-- No DIB Brand --,Boise Cascade Building Materials (BOICA),"Trex Company, Inc",Trex®,,543300276,,Building Materials>Decking>Deck & Porch Railings>Deck Railing Kits,"Trex, Rail Kit, 543300276, 8ft L Rail, 36in W Rail, Composite Rail",KIT RAIL 8FT 36IN COMPOSITE WHT RND AL H,"Trex® 543300276 Rail Kit, 8 ft L Rail, 36 in W Rail, Composite Rail, White Rail, Round Balusters/Spindles Design","Trex® Rail Kit, 8 ft Rail Length, 36 in Rail Width, Composite Rail, White Rail, Round, Balusters/Spindles Diameter: 3/4 in, Balusters/Spindles Length: 30-1/4 in, Balusters/Spindles Material: Aluminum, Balusters/Spindles Color: Black, Horizontal Installation, Additional Information: Trex Select® Classic Collection","Rail Kit, 8 ft L Rail, 36 in W Rail, Composite Rail, White Rail, Round Balusters/Spindles Design","Includes top rail, bottom rail, round aluminum balusters, adjustable foot block, hardware pack",,,,,,,,,,,,,,,,,,,,,,,,,"Top Rail, Bottom Rail, Round Aluminum Balusters, Adjustable Foot Block and Hardware Pack",Rail Kit,Series,,,Rail Profile Type,,,Rail Length,8,ft,Rail Width,36,in,Rail Material,Composite,,Rail Color,White,,Balusters/Spindles Design,Round,,Balusters/Spindles Top Style,,,Balusters/Spindles Diameter,3/4,in,Balusters/Spindles Length,30-1/4,in,Balusters/Spindles Material,Aluminum,,Balusters/Spindles Color,Black,,Installation Type,Horizontal,,Number of Pieces,,,Additional Information,Trex Select® Classic Collection,,,,,,,,,,,,,,,,,,,,,,,,,,,,,,,,,,,,,,,,,,,,,,,,,,,,,,,,,,,,,,,,,,,,,,,,,,,,,,,,,,,,,,,,,,,,,,,,,,,,,,,,,,,,,,,,,,,,,,,,,,,,,,Trex_543300256.jpg,,,,,,,,Trex_543650048_Catalog.pdf,,,,,,,,,,,,,,,,,,,Yes
https://online.flippingbook.com/view/58425253/41/,,,,,,25286186,Lumber and Building Materials,Decking - All Trex,Trex - Select Aluminum Railing,1516795,543340896,"4x4-37"" Black Alum Post Sleeve Select Alum Railing - w/Cap & Skirt",TREX,-- No Unilog Brand --,-- No DIB Brand --,Boise Cascade Building Materials (BOICA),"Trex Company, Inc",Trex®,,543340896,,Building Materials>Decking>Deck Posts & Deck Sleeves>Deck Post Sleeves,"Trex, Post Sleeve, 543340896, 4in W, 37in H, Square, Aluminum, Black",SLEEVE POST 4IN 37IN SQ AL BK 4 X 4IN,"Trex® 543340896 Post Sleeve, 4 in W, 37 in H, Square, Aluminum, Powder-Coated, Black, Fits Post Size: 4 x 4 in","Trex® Post Sleeve, Square Shape, Aluminum, Powder-Coated, Black, 4 in Width, 4 in Depth, 37 in Height, Fits Post Size: 4 x 4 in","Post Sleeve, 4 in W, 37 in H, Square, Aluminum, Powder-Coated, Black, Fits Post Size: 4 x 4 in",,,,,,,,,,,,,,,,,,,,,,,,,,Cap and Skirt,Post Sleeve,Series,,,Shape,Square,,Material,Aluminum,,Finish,Powder-Coated,,Color,Black,,Width,4,in,Depth,4,in,Height,37,in,Installation Type,,,Fits Post Size,4 x 4,in,Additional Information,,,,,,,,,,,,,,,,,,,,,,,,,,,,,,,,,,,,,,,,,,,,,,,,,,,,,,,,,,,,,,,,,,,,,,,,,,,,,,,,,,,,,,,,,,,,,,,,,,,,,,,,,,,,,,,,,,,,,,,,,,,,25 Year,,,,,,,,,,,,,,,Trex_543340896.jpg,,,,,,,,Trex_543350950_Catalog.pdf,,,,,,,,,,,,,,,,,,,Yes
https://online.flippingbook.com/view/58425253/41/,,,,,,25286187,Lumber and Building Materials,Decking - All Trex,Trex - Select Aluminum Railing,1516796,543340898,"4x4-43"" Black Alum Post Sleeve Select Alum Railing w/Cap & Skirt",TREX,-- No Unilog Brand --,-- No DIB Brand --,Boise Cascade Building Materials (BOICA),"Trex Company, Inc",Trex®,,543340898,,Building Materials>Decking>Deck Posts & Deck Sleeves>Deck Post Sleeves,"Trex, Post Sleeve, 543340898, 4in W, 43in H, Square, Aluminum, Black",SLEEVE POST 4IN 43IN SQ AL BK 4 X 4IN,"Trex® 543340898 Post Sleeve, 4 in W, 43 in H, Square, Aluminum, Powder-Coated, Black, Fits Post Size: 4 x 4 in","Trex® Post Sleeve, Square Shape, Aluminum, Powder-Coated, Black, 4 in Width, 4 in Depth, 43 in Height, Fits Post Size: 4 x 4 in","Post Sleeve, 4 in W, 43 in H, Square, Aluminum, Powder-Coated, Black, Fits Post Size: 4 x 4 in",,,,,,,,,,,,,,,,,,,,,,,,,,Cap and Skirt,Post Sleeve,Series,,,Shape,Square,,Material,Aluminum,,Finish,Powder-Coated,,Color,Black,,Width,4,in,Depth,4,in,Height,43,in,Installation Type,,,Fits Post Size,4 x 4,in,Additional Information,,,,,,,,,,,,,,,,,,,,,,,,,,,,,,,,,,,,,,,,,,,,,,,,,,,,,,,,,,,,,,,,,,,,,,,,,,,,,,,,,,,,,,,,,,,,,,,,,,,,,,,,,,,,,,,,,,,,,,,,,,,,25 Year,,,,,,,,,,,,,,,Trex_543340896.jpg,,,,,,,,Trex_543350950_Catalog.pdf,,,,,,,,,,,,,,,,,,,Yes
https://diggerspecialties.com/products/railing/aluminum-railing/westbury-aluminum-posts/,https://diggerspecialties.com/wp-content/uploads/6-X-6-Plain-Support-Post-1.pdf,,,,,25285180,Lumber and Building Materials,Deck Railing /Columns /Lattice,Digger / Westbury,1505573,73272TBK,6x6-10' Black Alum Deco - Support Post,DSI Westbury,-- No Unilog Brand --,-- No DIB Brand --,Palmer Donavin Mfg Company (PALDO),Digger Specialties Inc,WESTBURY®,,73272TBK,,Building Materials>Decking>Deck Posts & Deck Sleeves>Deck Posts,"Digger Specialties Inc WESTBURY, Support Post, 73272TBK, 120in L Nominal",POST SPRT 120IN 6IN 120IN AL BK 120IN,"WESTBURY® 73272TBK Support Post, 120 in L Nominal, 6 in W Nominal, 120 in H Nominal, Aluminum, Fine Textured, Black","WESTBURY® Support Post, 120 in Actual Length, 6 in Actual Width, 120 in Actual Height, 120 in Nominal Length, 6 in Nominal Width, 120 in Nominal Height, Aluminum, Fine Textured, Black, Additional Information: 6 in Deco Post","Support Post, 120 in L Nominal, 6 in W Nominal, 120 in H Nominal, Aluminum, Fine Textured, Black",,Designed to complete a Westbury aluminum railing system deck post kit,Available as deck post kits. which includes a flat cap and two-piece flair,Assembled post kits available for use with assembled Tuscany Aluminum Railing sections and VertiCable Aluminum Cable Deck Railing sections without mounts. Kit includes post,"with section mounts attached, flat cap and two-piece post flair",Available in a variety of sizes and configurations,"Accessories available to complete your deck post installation including post caps, flairs and deck post lights",Westbury postand railing products are made of quality components and assembled in America,Lifetime limited warranty,,,,,,,,,,,,,,AAMA Compliant,,,,Support Post,Series,,,Actual Length,120,in,Actual Width,6,in,Actual Height,120,in,Nominal Length,120,in,Nominal Width,6,in,Nominal Height,120,in,Grade,,,Material,Aluminum,,Finish,Fine Textured,,Color,Black,,Installation Type,,,Additional Information,6 in Deco Post,,,,,,,,,,,,,,,,,,,,,,,,,,,,,,,,,,,,,,,,,,,,,,,,,,,,,,,,,,,,,,,,,,,,,,,,,,,,,,,,,,,,,,,,,,,,,,,,,,,,,,,,,,,,,,,,,,,,,,,,,,,,,,,,,,,,WESTBURY_73272TBK.jpg,,,,,,,,WESTBURY_73272TBK_Catalog.pdf,WESTBURY_73272TBK_Specification_Sheet.pdf,,,,,,,,,,,,,,,,,,Yes
https://in.trex.com/products/railing/select/#profiles-item-cf93075ef8-tab,,,,,,25285334,Lumber and Building Materials,Decking - All Trex,Trex - Select Railing,1508486,543302127,6' Wh Select T-Rail Kit Stair - w/Sq Composite Balusters,TREX,-- No Unilog Brand --,-- No DIB Brand --,U S Lumber (3073),"Trex Company, Inc",Trex®,Select®,543302127,,Building Materials>Decking>Deck Stairs>Deck Stair Railing Kits,"Trex, T-Rail Kit, 543302127, 6ft L Rail, 36in W Rail, Composite Rail",KIT T-RAIL 6FT 36IN COMPOSITE WHT SQ 1IN,"Trex® Select® 543302127 T-Rail Kit, 6 ft L Rail, 36 in W Rail, Composite Rail, White Rail","Trex® T-Rail Kit, T-Top Rail Profile, 6 ft Rail Length, 36 in Rail Width, Composite Rail, White Rail, Square, Balusters/Spindles Diameter: 1 in, Balusters/Spindles Length: 32 in, Balusters/Spindles Material: Composite, Balusters/Spindles Color: White, Stair Installation","T-Rail Kit, 6 ft L Rail, 36 in W Rail, Composite Rail, White Rail, Square Balusters/Spindles Design","Includes top rail, bottom rail, square composite balusters, adjustable foot block and hardware pack",,,,,,,,,,,,,,,,,,,,,,,,,"Top Rail, Bottom Rail, Square Composite Balusters, Adjustable Foot Block and Hardware Pack",T-Rail Kit,Series,,,Rail Profile Type,T-Top,,Rail Length,6,ft,Rail Width,36,in,Rail Material,Composite,,Rail Color,White,,Balusters/Spindles Design,Square,,Balusters/Spindles Top Style,,,Balusters/Spindles Diameter,1,in,Balusters/Spindles Length,32,in,Balusters/Spindles Material,Composite,,Balusters/Spindles Color,White,,Installation Type,Stair,,Number of Pieces,,,Additional Information,,,,,,,,,,,,,,,,,,,,,,,,,,,,,,,,,,,,,,,,,,,,,,,,,,,,,,,,,,,,,,,,,,,,,,,,,,,,,,,,,,,,,,,,,,,,,,,,,,,,,,,,,,,,,,,,,,,,,,,,,,,,,,,Trex_543302126.jpg,,,,,,,,Trex_543650048_Catalog.pdf,,,,,,,,,,,,,,,,,,,Yes
https://in.trex.com/products/railing/select/#profiles-item-cf93075ef8-tab,,,,,,25285336,Lumber and Building Materials,Decking - All Trex,Trex - Select Railing,1508488,543302147,8' Wh Select T-Rail Kit Stair - w/Sq Composite Balusters,TREX,-- No Unilog Brand --,-- No DIB Brand --,U S Lumber (3073),"Trex Company, Inc",Trex®,Select®,543302147,,Building Materials>Decking>Deck Stairs>Deck Stair Railing Kits,"Trex, T-Rail Kit, 543302147, 8ft L Rail, 36in W Rail, Composite Rail",KIT T-RAIL 8FT 36IN COMPOSITE WHT SQ 1IN,"Trex® Select® 543302147 T-Rail Kit, 8 ft L Rail, 36 in W Rail, Composite Rail, White Rail","Trex® T-Rail Kit, T-Top Rail Profile, 8 ft Rail Length, 36 in Rail Width, Composite Rail, White Rail, Square, Balusters/Spindles Diameter: 1 in, Balusters/Spindles Length: 32 in, Balusters/Spindles Material: Composite, Balusters/Spindles Color: White, Stair Installation","T-Rail Kit, 8 ft L Rail, 36 in W Rail, Composite Rail, White Rail, Square Balusters/Spindles Design","Includes top rail, bottom rail, square composite balusters, adjustable foot block and hardware pack",,,,,,,,,,,,,,,,,,,,,,,,,"Top Rail, Bottom Rail, Square Composite Balusters, Adjustable Foot Block and Hardware Pack",T-Rail Kit,Series,,,Rail Profile Type,T-Top,,Rail Length,8,ft,Rail Width,36,in,Rail Material,Composite,,Rail Color,White,,Balusters/Spindles Design,Square,,Balusters/Spindles Top Style,,,Balusters/Spindles Diameter,1,in,Balusters/Spindles Length,32,in,Balusters/Spindles Material,Composite,,Balusters/Spindles Color,White,,Installation Type,Stair,,Number of Pieces,,,Additional Information,,,,,,,,,,,,,,,,,,,,,,,,,,,,,,,,,,,,,,,,,,,,,,,,,,,,,,,,,,,,,,,,,,,,,,,,,,,,,,,,,,,,,,,,,,,,,,,,,,,,,,,,,,,,,,,,,,,,,,,,,,,,,,,Trex_543302126.jpg,,,,,,,,Trex_543650048_Catalog.pdf,,,,,,,,,,,,,,,,,,,Yes
https://ajdoor.com/wp-content/uploads/2020/08/AJ_Attic-Access-Door_LR.pdf,,,,,,19871794,Windows and Doors,Exterior Doors,Access Doors,19411,27233,24x48 WH Attic Access Door,AJM,-- No Unilog Brand --,-- No DIB Brand --,A J Manufacturing Inc (AJMAN),A-J Manufacturing Company,AJ MFG,,27233,,Building Materials>Doors & Windows>Exterior Doors>Access Doors,"AJ MFG, Attic Access Door, 27233, 24in W Door, 48in H Door, White",DOOR ACS ATTIC 24IN 48IN WHT PS/STL 1IN,"AJ MFG 27233 Attic Access Door, 24 in W Door, 48 in H Door, White, Polystyrene/Steel Door","AJ MFG Attic Access Door, 24 in Door Width, 48 in Door Height, 1 in Door Thickness, 22-7/16 in Opening Width, 46-7/16 in Opening Height, White, Polyester-Painted, 24 ga Gauge, R-Value: R6.5, Polystyrene/Steel Door, Aluminum Frame, Polystyrene Insulation, Fixed Pin Hinge, Additional Information: Egress Pull Cord","Attic Access Door, 24 in W Door, 48 in H Door, White, Polystyrene/Steel Door","This high performance double wall ceiling access door is for buildings with an interior ceiling liner. The white 1"" thick steel door panel has a white self-flashing pre-hung aluminum frame that can be mounted in trusses, 24"" or 48"" on center.",Self-flashing,Factory installed gasket,Ready to install,Pre-hung,,,,,,,,,,,,,,,,,,,,,,Attic Access Door,Series,,,Door Width,24,in,Door Height,48,in,Door Thickness,1,in,Opening Width,22-7/16,in,Opening Height,46-7/16,in,Color,White,,Finish,Polyester-Painted,,Gauge,24,ga,R-Value,R6.5,,Door Material,Polystyrene/Steel,,Frame Material,Aluminum,,Insulation Material,Polystyrene,,Handle Type,,,Locking Type,,,Hinge Type,Fixed Pin,,Additional Information,Egress Pull Cord,,,,,,,,,,,,,,,,,,,,,,,,,,,,,,,,,,,,,,,,,,,,,,,,,,,,,,,,,,,,,,,,,,,,,,,,,,,,,,,,,,,,,,,,,,,,,,,,,,,,,,,,,,,,,,,,,,,,,,,,AJ_MFG_27233_RI.jpg,AJ_MFG_27233_1.jpg,AJ_MFG_27233_2.jpg,,,,,,,AJ_MFG_27233_Specification_Sheet.pdf,,,,,,,,,,,,,,,,,,No
https://unitedwindowmfg.com/4500-2/,https://unitedwindowmfg.com/wp-content/uploads/2025/12/4500-PD-Features-TSA-12-05-25.pdf,,,,,25286327,Windows and Doors,Vinyl / Alum Windows / Doors,United Windows,1517602,1517602,6068R Gliding Patio Dr 4500 United Blk Ext/WH Int LowE Arg w/J,United Window & Door,-- No Unilog Brand --,-- No DIB Brand --,United Window & Door Manufacturing (UNIWI),United Window & Door,United Window & Door,,1517602,,Building Materials>Doors & Windows>Exterior Doors>Patio Doors,"United Window & Door, Sliding Patio Door, 4500 Series, 1517602, Vinyl Door",DOOR PATIO SL 71-1/2IN 79-1/2IN 2 72IN R,"United Window & Door 4500 Series 1517602 Sliding Patio Door With Low-E, Argon, 71-1/2 in W Door, 79-1/2 in H Door","United Window & Door Sliding Patio Door, 4500 Series, 71-1/2 in Door Width, 79-1/2 in Door Height, 72 in Opening Width, 80 in Opening Height, Black/White Door, Vinyl Door, Vinyl Frame, Right Door Handing, Number of Panels/Lites: 2, Nailing Fin Panel, Tempered Glass, Solid Core, 1-Point Mortise Locking, Additional Information: 5-1/16 in D Frame, DP-50 Structural Rating, Dual Corrosion-Resistant Rollers, Dual-Walled Sill Tower, Fiberglass Mesh Screen, Fusion Welded Heavy-Duty Vinyl, Multi-Chambered Frame Design, Stainless Steel Ball Bearing Rollers","4500 Series Sliding Patio Door, 71-1/2 in W Door, 79-1/2 in H Door, Black/White Door, Vinyl Door, 2-Panel/Lite","The United 4500 heavy duty sliding patio door blends sturdy construction with elegant features. Efficient and modern with a multitude of options, it is the perfect complement to any project, room, or home.","5-1/16"" Frame Depth",Multi-chambered Frame Design Adds Strength & Thermal Efficiency,Reinforced Sash Panels,Fusion Welded Heavy-duty Vinyl,Stainless Steel Ball Bearing Rollers,Integrated Nail Fin,,,,,,,,,,,,,,,"With Low-E, Argon",ENERGY STAR Certified|NFRC Certified,,,,Sliding Patio Door,Series,4500 Series,,Door Width,71-1/2,in,Door Height,79-1/2,in,Door Thickness,,,Opening Width,72,in,Opening Height,80,in,Door Color,Black/White,,Door Finish,,,Door Material,Vinyl,,Frame Material,Vinyl,,Door Handing,Right,,Texture Type,,,Number of Panels/Lites,2,,Panel Type,Nailing Fin,,Glass Type,Tempered,,Core Type,Solid,,Handle Type,,,Locking Type,1-Point Mortise,,Hinge Type,,,Paintable/Stainable,,,Additional Information,"5-1/16 in D Frame, DP-50 Structural Rating, Dual Corrosion-Resistant Rollers, Dual-Walled Sill Tower, Fiberglass Mesh Screen, Fusion Welded Heavy-Duty Vinyl, Multi-Chambered Frame Design, Stainless Steel Ball Bearing Rollers",,,,,,,,,,,,,,,,,,,,,,,,,,,,,,,,,,,,,,,,,,,,,,,,,,,,,,,,,,,,,,,,,,,,,,,,,,,,,,,,,,,,,,,,,,,,,Limited Lifetime,,,,,,,,,,,,,,,United_Window_Door_1517602_RI.jpg,United_Window_Door_1517602_1.jpg,United_Window_Door_1517602_2.jpg,,,,,,United_Window_Door_1515973_Catalog.pdf,United_Window_Door_1517602_Specification_Sheet.pdf,,,,,,,,,,,,,,,,,,No
https://unitedwindowmfg.com/4500-2/,https://unitedwindowmfg.com/wp-content/uploads/2025/12/4500-PD-Features-TSA-12-05-25.pdf,,,,,25286328,Windows and Doors,Vinyl / Alum Windows / Doors,United Windows,1517603,1517603,6068L Gliding Patio Dr 4500 United Blk Ext/WH Int LowE Arg w/J,United Window & Door,-- No Unilog Brand --,-- No DIB Brand --,United Window & Door Manufacturing (UNIWI),United Window & Door,United Window & Door,,1517603,,Building Materials>Doors & Windows>Exterior Doors>Patio Doors,"United Window & Door, Sliding Patio Door, 4500 Series, 1517603, Vinyl Door",DOOR PATIO SL 71-1/2IN 79-1/2IN 2 72IN,"United Window & Door 4500 Series 1517603 Sliding Patio Door With Low-E, Argon, 71-1/2 in W Door, 79-1/2 in H Door","United Window & Door Sliding Patio Door, 4500 Series, 71-1/2 in Door Width, 79-1/2 in Door Height, 72 in Opening Width, 80 in Opening Height, Black/White Door, Vinyl Door, Vinyl Frame, Left Door Handing, Number of Panels/Lites: 2, Nailing Fin Panel, Tempered Glass, Solid Core, 1-Point Mortise Locking, Additional Information: 5-1/16 in D Frame, DP-50 Structural Rating, Dual Corrosion-Resistant Rollers, Dual-Walled Sill Tower, Fiberglass Mesh Screen, Fusion Welded Heavy-Duty Vinyl, Multi-Chambered Frame Design, Stainless Steel Ball Bearing Rollers","4500 Series Sliding Patio Door, 71-1/2 in W Door, 79-1/2 in H Door, Black/White Door, Vinyl Door, 2-Panel/Lite","The United 4500 heavy duty sliding patio door blends sturdy construction with elegant features. Efficient and modern with a multitude of options, it is the perfect complement to any project, room, or home.","5-1/16"" Frame Depth",Multi-chambered Frame Design Adds Strength & Thermal Efficiency,Reinforced Sash Panels,Fusion Welded Heavy-duty Vinyl,Stainless Steel Ball Bearing Rollers,Integrated Nail Fin,,,,,,,,,,,,,,,"With Low-E, Argon",ENERGY STAR Certified|NFRC Certified,,,,Sliding Patio Door,Series,4500 Series,,Door Width,71-1/2,in,Door Height,79-1/2,in,Door Thickness,,,Opening Width,72,in,Opening Height,80,in,Door Color,Black/White,,Door Finish,,,Door Material,Vinyl,,Frame Material,Vinyl,,Door Handing,Left,,Texture Type,,,Number of Panels/Lites,2,,Panel Type,Nailing Fin,,Glass Type,Tempered,,Core Type,Solid,,Handle Type,,,Locking Type,1-Point Mortise,,Hinge Type,,,Paintable/Stainable,,,Additional Information,"5-1/16 in D Frame, DP-50 Structural Rating, Dual Corrosion-Resistant Rollers, Dual-Walled Sill Tower, Fiberglass Mesh Screen, Fusion Welded Heavy-Duty Vinyl, Multi-Chambered Frame Design, Stainless Steel Ball Bearing Rollers",,,,,,,,,,,,,,,,,,,,,,,,,,,,,,,,,,,,,,,,,,,,,,,,,,,,,,,,,,,,,,,,,,,,,,,,,,,,,,,,,,,,,,,,,,,,,Limited Lifetime,,,,,,,,,,,,,,,United_Window_Door_1517602_RI.jpg,United_Window_Door_1517602_1.jpg,United_Window_Door_1517602_2.jpg,,,,,,United_Window_Door_1515973_Catalog.pdf,United_Window_Door_1517602_Specification_Sheet.pdf,,,,,,,,,,,,,,,,,,No
https://unitedwindowmfg.com/4500-2/,https://unitedwindowmfg.com/wp-content/uploads/2025/12/4500-PD-Features-TSA-12-05-25.pdf,,,,,25286329,Windows and Doors,Vinyl / Alum Windows / Doors,United Windows,1517604,1517604,6068L Gliding Patio Dr 4500 United White LowE Arg w/J,United Window & Door,-- No Unilog Brand --,-- No DIB Brand --,United Window & Door Manufacturing (UNIWI),United Window & Door,United Window & Door,,1517604,,Building Materials>Doors & Windows>Exterior Doors>Patio Doors,"United Window & Door, Sliding Patio Door, 4500 Series, 1517604, White Door",DOOR PATIO SL 71-1/2IN 79-1/2IN 2 72IN,"United Window & Door 4500 Series 1517604 Sliding Patio Door With Low-E, Argon, 71-1/2 in W Door, 79-1/2 in H Door","United Window & Door Sliding Patio Door, 4500 Series, 71-1/2 in Door Width, 79-1/2 in Door Height, 0.075 in Door Thickness, 72 in Opening Width, 80 in Opening Height, White Door, Vinyl Door, Vinyl Frame, Left Door Handing, Number of Panels/Lites: 2, Nailing Fin Panel, Tempered Glass, Solid Core, 1-Point Mortise Locking, Additional Information: 5-1/16 in D Frame, DP-50 Structural Rating, Dual Corrosion-Resistant Rollers, Dual-Walled Sill Tower, Fiberglass Mesh Screen, Fusion Welded Heavy-Duty Vinyl, Multi-Chambered Frame Design, Stainless Steel Ball Bearing Rollers","4500 Series Sliding Patio Door, 71-1/2 in W Door, 79-1/2 in H Door, White Door, Vinyl Door, 2-Panel/Lite, Left Hand","The United 4500 heavy duty sliding patio door blends sturdy construction with elegant features. Efficient and modern with a multitude of options, it is the perfect complement to any project, room, or home.","5-1/16"" Frame Depth",Multi-chambered Frame Design Adds Strength & Thermal Efficiency,Reinforced Sash Panels,Fusion Welded Heavy-duty Vinyl,Stainless Steel Ball Bearing Rollers,Integrated Nail Fin,,,,,,,,,,,,,,,"With Low-E, Argon",ENERGY STAR Certified|NFRC Certified,,,,Sliding Patio Door,Series,4500 Series,,Door Width,71-1/2,in,Door Height,79-1/2,in,Door Thickness,0.075,in,Opening Width,72,in,Opening Height,80,in,Door Color,White,,Door Finish,,,Door Material,Vinyl,,Frame Material,Vinyl,,Door Handing,Left,,Texture Type,,,Number of Panels/Lites,2,,Panel Type,Nailing Fin,,Glass Type,Tempered,,Core Type,Solid,,Handle Type,,,Locking Type,1-Point Mortise,,Hinge Type,,,Paintable/Stainable,,,Additional Information,"5-1/16 in D Frame, DP-50 Structural Rating, Dual Corrosion-Resistant Rollers, Dual-Walled Sill Tower, Fiberglass Mesh Screen, Fusion Welded Heavy-Duty Vinyl, Multi-Chambered Frame Design, Stainless Steel Ball Bearing Rollers",,,,,,,,,,,,,,,,,,,,,,,,,,,,,,,,,,,,,,,,,,,,,,,,,,,,,,,,,,,,,,,,,,,,,,,,,,,,,,,,,,,,,,,,,,,,,Limited Lifetime,,,,,,,,,,,,,,,United_Window_Door_1517604_RI.jpg,United_Window_Door_1517602_1.jpg,United_Window_Door_1517602_2.jpg,,,,,,United_Window_Door_1515973_Catalog.pdf,United_Window_Door_1517602_Specification_Sheet.pdf,,,,,,,,,,,,,,,,,,No
https://unitedwindowmfg.com/4500-2/,https://unitedwindowmfg.com/wp-content/uploads/2025/12/4500-PD-Features-TSA-12-05-25.pdf,,,,,25286330,Windows and Doors,Vinyl / Alum Windows / Doors,United Windows,1517605,1517605,6068R Gliding Patio Dr 4500 United White LowE Arg w/J,United Window & Door,-- No Unilog Brand --,-- No DIB Brand --,United Window & Door Manufacturing (UNIWI),United Window & Door,United Window & Door,,1517605,,Building Materials>Doors & Windows>Exterior Doors>Patio Doors,"United Window & Door, Sliding Patio Door, 4500 Series, 1517605, White Door",DOOR PATIO SL 71-1/2IN 79-1/2IN 2 72IN R,"United Window & Door 4500 Series 1517605 Sliding Patio Door With Low-E, Argon, 71-1/2 in W Door, 79-1/2 in H Door","United Window & Door Sliding Patio Door, 4500 Series, 71-1/2 in Door Width, 79-1/2 in Door Height, 72 in Opening Width, 80 in Opening Height, White Door, Vinyl Door, Vinyl Frame, Right Door Handing, Number of Panels/Lites: 2, Nailing Fin Panel, Tempered Glass, Solid Core, 1-Point Mortise Locking, Additional Information: 5-1/16 in D Frame, DP-50 Structural Rating, Dual Corrosion-Resistant Rollers, Dual-Walled Sill Tower, Fiberglass Mesh Screen, Fusion Welded Heavy-Duty Vinyl, Multi-Chambered Frame Design, Stainless Steel Ball Bearing Rollers","4500 Series Sliding Patio Door, 71-1/2 in W Door, 79-1/2 in H Door, White Door, Vinyl Door, 2-Panel/Lite","The United 4500 heavy duty sliding patio door blends sturdy construction with elegant features. Efficient and modern with a multitude of options, it is the perfect complement to any project, room, or home.","5-1/16"" Frame Depth",Multi-chambered Frame Design Adds Strength & Thermal Efficiency,Reinforced Sash Panels,Fusion Welded Heavy-duty Vinyl,Stainless Steel Ball Bearing Rollers,Integrated Nail Fin,,,,,,,,,,,,,,,"With Low-E, Argon",ENERGY STAR Certified|NFRC Certified,,,,Sliding Patio Door,Series,4500 Series,,Door Width,71-1/2,in,Door Height,79-1/2,in,Door Thickness,,,Opening Width,72,in,Opening Height,80,in,Door Color,White,,Door Finish,,,Door Material,Vinyl,,Frame Material,Vinyl,,Door Handing,Right,,Texture Type,,,Number of Panels/Lites,2,,Panel Type,Nailing Fin,,Glass Type,Tempered,,Core Type,Solid,,Handle Type,,,Locking Type,1-Point Mortise,,Hinge Type,,,Paintable/Stainable,,,Additional Information,"5-1/16 in D Frame, DP-50 Structural Rating, Dual Corrosion-Resistant Rollers, Dual-Walled Sill Tower, Fiberglass Mesh Screen, Fusion Welded Heavy-Duty Vinyl, Multi-Chambered Frame Design, Stainless Steel Ball Bearing Rollers",,,,,,,,,,,,,,,,,,,,,,,,,,,,,,,,,,,,,,,,,,,,,,,,,,,,,,,,,,,,,,,,,,,,,,,,,,,,,,,,,,,,,,,,,,,,,Limited Lifetime,,,,,,,,,,,,,,,United_Window_Door_1517604_RI.jpg,United_Window_Door_1517602_1.jpg,United_Window_Door_1517602_2.jpg,,,,,,United_Window_Door_1515973_Catalog.pdf,United_Window_Door_1517602_Specification_Sheet.pdf,,,,,,,,,,,,,,,,,,No
https://www.velux.ca/en-ca/professional/products/fs,https://pro.veluxusa.com/products/skylights/fs,,,,,25285921,Windows and Doors,Roof Windows / Skylights,Velux,1514899,FS C01 2004S,"FS C01 Velux Fxd Skylt Gry/Wh - w/Solar Shade RO 21""x26-7/8""",-- Unbranded --,-- No Unilog Brand --,-- No DIB Brand --,Velux America Inc (VELAM),VELUX Group,VELUX®,,FS C01 2004S,,Building Materials>Doors & Windows>Skylights>Fixed Skylights,"VELUX, Fixed Skylight, FS C01 2004S, 21-1/2in OAW, 27-3/8in OAH",SKYLIGHT FXD 21-1/2IN 27-3/8IN 0.28SQ-M,"VELUX® FS C01 2004S Fixed Skylight, 21-1/2 in OAW, 27-3/8 in OAH, 0.28 sq-m Daylight Area, Gray/White Frame","VELUX® Fixed Skylight, FS Series, 0.28 sq-m Daylight Area, Laminated, Low-E3 Glass, Fixed Frame, Wood Frame, Gray/White Frame, Pre-Finished Frame, Double Glazed Glazing, 14 to 85 deg Roof Pitch, UV Protection: 99 %, Deck-Mount Installation, 21 in Rough Opening Width, 26-7/8 in Rough Opening Height, 21-1/2 in Overall Width, 27-3/8 in Overall Height, Additional Information: Aluminum Neutral Gray Cladding, White Room-Darkening Solar Powered Shade","FS Series Fixed Skylight, 21-1/2 in OAW, 27-3/8 in OAH, 0.28 sq-m Daylight Area, Gray/White Frame, Wood Frame","The VELUX Fixed Skylight System is perfect for visually expanding areas in a home with daylight and sky views. This skylight features a maintenance-free, pre-finished white interior wood frame for a clean and classic look.",Deck-mounted,Pre-finished white interior wood frame,Aluminum or copper exterior finish,,,,,,,,,,,,,,,,,,,,,,,Fixed Skylight,Series,FS Series,,Daylight Area,0.28,sq-m,Glass Type,"Laminated, Low-E3",,Frame Type,Fixed,,Frame Material,Wood,,Frame Color,Gray/White,,Frame Finish,Pre-Finished,,Glazing Type,Double Glazed,,Locking Type,,,Roof Pitch,14 to 85,deg,UV Protection,99,%,U-Factor,,,Installation Type,Deck-Mount,,Rough Opening Width,21,in,Rough Opening Height,26-7/8,in,Overall Width,21-1/2,in,Overall Height,27-3/8,in,Overall Depth,,,Additional Information,"Aluminum Neutral Gray Cladding, White Room-Darkening Solar Powered Shade",,,,,,,,,,,,,,,,,,,,,,,,,,,,,,,,,,,,,,,,,,,,,,,,,,,,,,,,,,,,,,,,,,,,,,,,,,,,,,,,,,,,,,,,,,,,,,,,,,,Limited,,,,,,,,,,,,,,,VELUX_FS_C01_2004S.jpg,,,,,,,,,VELUX_FS_C01_2004S_Specification_Sheet.pdf,,,,,,,,,,,,,,,,,,Yes
https://www.velux.ca/en-ca/professional/products/fs,https://pro.veluxusa.com/products/skylights/fs,,,,,25285922,Windows and Doors,Roof Windows / Skylights,Velux,1514900,FS C04 2004S,"FS C04 Velux Fxd Skylt Gry/Wh - w/Solar Shade RO 21""x37-7/8""",-- Unbranded --,-- No Unilog Brand --,-- No DIB Brand --,Velux America Inc (VELAM),VELUX Group,VELUX®,,FS C04 2004S,,Building Materials>Doors & Windows>Skylights>Fixed Skylights,"VELUX, Fixed Skylight, FS C04 2004S, 21-1/2in OAW, 38-3/8in OAH",SKYLIGHT FXD 21-1/2IN 38-3/8IN 4.43SQ-FT,"VELUX® FS C04 2004S Fixed Skylight, 21-1/2 in OAW, 38-3/8 in OAH, 4.43 sq-ft Daylight Area, Gray/White Frame","VELUX® Fixed Skylight, FS Series, 4.43 sq-ft Daylight Area, Laminated, Low-E3 Glass, Fixed Frame, Wood Frame, Gray/White Frame, Pre-Finished Frame, Double Glazed Glazing, 14 to 85 deg Roof Pitch, UV Protection: 99 %, Deck-Mount Installation, 21 in Rough Opening Width, 37-7/8 in Rough Opening Height, 21-1/2 in Overall Width, 38-3/8 in Overall Height, Additional Information: Aluminum Neutral Gray Cladding, White Room-Darkening Solar Powered Shade","FS Series Fixed Skylight, 21-1/2 in OAW, 38-3/8 in OAH, 4.43 sq-ft Daylight Area, Gray/White Frame, Wood Frame","The VELUX Fixed Skylight System is perfect for visually expanding areas in a home with daylight and sky views. This skylight features a maintenance-free, pre-finished white interior wood frame for a clean and classic look.",Deck-mounted,Pre-finished white interior wood frame,Aluminum or copper exterior finish,,,,,,,,,,,,,,,,,,,,,,,Fixed Skylight,Series,FS Series,,Daylight Area,4.43,sq-ft,Glass Type,"Laminated, Low-E3",,Frame Type,Fixed,,Frame Material,Wood,,Frame Color,Gray/White,,Frame Finish,Pre-Finished,,Glazing Type,Double Glazed,,Locking Type,,,Roof Pitch,14 to 85,deg,UV Protection,99,%,U-Factor,,,Installation Type,Deck-Mount,,Rough Opening Width,21,in,Rough Opening Height,37-7/8,in,Overall Width,21-1/2,in,Overall Height,38-3/8,in,Overall Depth,,,Additional Information,"Aluminum Neutral Gray Cladding, White Room-Darkening Solar Powered Shade",,,,,,,,,,,,,,,,,,,,,,,,,,,,,,,,,,,,,,,,,,,,,,,,,,,,,,,,,,,,,,,,,,,,,,,,,,,,,,,,,,,,,,,,,,,,,,,,,,,Limited,,,,,,,,,,,,,,,VELUX_FS_C01_2004S.jpg,,,,,,,,,VELUX_FS_C01_2004S_Specification_Sheet.pdf,,,,,,,,,,,,,,,,,,Yes
https://www.velux.ca/en-ca/professional/products/fs,https://pro.veluxusa.com/products/skylights/fs,,,,,25285923,Windows and Doors,Roof Windows / Skylights,Velux,1514901,FS C06 2004S,"FS C06 Velux Fxd Skylt Gry/Wh - w/Solar Shade RO 21""x45-7/8""",-- Unbranded --,-- No Unilog Brand --,-- No DIB Brand --,Velux America Inc (VELAM),VELUX Group,VELUX®,,FS C06 2004S,,Building Materials>Doors & Windows>Skylights>Fixed Skylights,"VELUX, Fixed Skylight, FS C06 2004S, 21-1/2in OAW, 46-1/4in OAH",SKYLIGHT FXD 21-1/2IN 46-1/4IN 4.43SQ-FT,"VELUX® FS C06 2004S Fixed Skylight, 21-1/2 in OAW, 46-1/4 in OAH, 4.43 sq-ft Daylight Area, Gray/White Frame","VELUX® Fixed Skylight, FS Series, 4.43 sq-ft Daylight Area, Laminated, Low-E3 Glass, Fixed Frame, Wood Frame, Gray/White Frame, Pre-Finished Frame, Double Glazed Glazing, 14 to 85 deg Roof Pitch, UV Protection: 99 %, Deck-Mount Installation, 21 in Rough Opening Width, 45-3/4 in Rough Opening Height, 21-1/2 in Overall Width, 46-1/4 in Overall Height, Additional Information: Aluminum Neutral Gray Cladding, White Room-Darkening Solar Powered Shade","FS Series Fixed Skylight, 21-1/2 in OAW, 46-1/4 in OAH, 4.43 sq-ft Daylight Area, Gray/White Frame, Wood Frame","The VELUX Fixed Skylight System is perfect for visually expanding areas in a home with daylight and sky views. This skylight features a maintenance-free, pre-finished white interior wood frame for a clean and classic look.",Deck-mounted,Pre-finished white interior wood frame,Aluminum or copper exterior finish,,,,,,,,,,,,,,,,,,,,,,,Fixed Skylight,Series,FS Series,,Daylight Area,4.43,sq-ft,Glass Type,"Laminated, Low-E3",,Frame Type,Fixed,,Frame Material,Wood,,Frame Color,Gray/White,,Frame Finish,Pre-Finished,,Glazing Type,Double Glazed,,Locking Type,,,Roof Pitch,14 to 85,deg,UV Protection,99,%,U-Factor,,,Installation Type,Deck-Mount,,Rough Opening Width,21,in,Rough Opening Height,45-3/4,in,Overall Width,21-1/2,in,Overall Height,46-1/4,in,Overall Depth,,,Additional Information,"Aluminum Neutral Gray Cladding, White Room-Darkening Solar Powered Shade",,,,,,,,,,,,,,,,,,,,,,,,,,,,,,,,,,,,,,,,,,,,,,,,,,,,,,,,,,,,,,,,,,,,,,,,,,,,,,,,,,,,,,,,,,,,,,,,,,,Limited,,,,,,,,,,,,,,,VELUX_FS_C01_2004S.jpg,,,,,,,,,VELUX_FS_C01_2004S_Specification_Sheet.pdf,,,,,,,,,,,,,,,,,,Yes
https://www.hagerco.com/thresholds-and-weatherstripping/saddle-threshold/413s-5in-wide,,,,,,25285181,Windows and Doors,Exterior Doors,Ext Door Sweeps / Weatherstrip,1505578,413S-DBA-36,"413S 36"" Alum Threshold DBZ",HAGER,-- No Unilog Brand --,-- No DIB Brand --,Hager Hinge Co (4189),HAGER COMPANIES,HAGER®,,413S-DBA-36,,Building Materials>Flooring>Floor Moulding & Trims>Thresholds,"HAGER, Threshold, 413S-DBA-36, 36in L, 5in W, Saddle Profile, Aluminum",THRESHOLD 36IN 5IN SDL AL SCR 1/4IN,"HAGER® 413S-DBA-36 Threshold, 36 in L, 5 in W, Saddle Profile, Aluminum, Dark Bronze Anodized, Screw Installation","HAGER® Threshold, 413S Series, Saddle Profile, Aluminum, Dark Bronze Anodized, 36 in Length, 5 in Width, 1/4 in Height, Resists: Moisture, Screw Installation, For Use With: Hollow-Metal-Type Fire Doors, Wood and Plastic Covered Composite-Type Fire Doors, Wood Core Doors","413S Series Threshold, 36 in L, 5 in W, Saddle Profile, Aluminum, Dark Bronze Anodized, Screw Installation",,,,,,,,,,,,,,,,,,,,,,,BHMA Certified|UL Listed,,,,Threshold,Series,413S Series,,Shape,,,Profile Type,Saddle,,Material,Aluminum,,Finish,Dark Bronze Anodized,,Color,,,Length,36,in,Width,5,in,Height,1/4,in,Resists,Moisture,,Installation Type,Screw,,Suitable For Use With,"Hollow-Metal-Type Fire Doors, Wood and Plastic Covered Composite-Type Fire Doors, Wood Core Doors",,Additional Information,,,,,,,,,,,,,,,,,,,,,,,,,,,,,,,,,,,,,,,,,,,,,,,,,,,,,,,,,,,,,,,,,,,,,,,,,,,,,,,,,,,,,,,,,,,,,,,,,,,,,,,,,,,,,,,,,,,,,,,,,,,,,,,,,,,,,HAGER_413S_DBA_36.jpg,,,,,,,,HAGER_413S_DBA_36_Catalog.pdf,,HAGER_413S_DBA_36_Instruction_Installation_Manual.pdf,,,,,,,,,,,,,,,,,Yes
https://www.hagerco.com/thresholds-and-weatherstripping/saddle-threshold/413s-5in-wide,,,,,,25285182,Windows and Doors,Exterior Doors,Ext Door Sweeps / Weatherstrip,1505579,413S-DBA-72,"413S 72"" Alum Threshold DBZ",HAGER,-- No Unilog Brand --,-- No DIB Brand --,Hager Hinge Co (4189),HAGER COMPANIES,HAGER®,,413S-DBA-72,,Building Materials>Flooring>Floor Moulding & Trims>Thresholds,"HAGER, Threshold, 413S-DBA-72, 72in L, 5in W, Saddle Profile, Aluminum",THRESHOLD 72IN 5IN SDL AL SCR 1/4IN,"HAGER® 413S-DBA-72 Threshold, 72 in L, 5 in W, Saddle Profile, Aluminum, Dark Bronze Anodized, Screw Installation","HAGER® Threshold, 413S Series, Saddle Profile, Aluminum, Dark Bronze Anodized, 72 in Length, 5 in Width, 1/4 in Height, Resists: Moisture, Screw Installation, For Use With: Hollow-Metal-Type Fire Doors, Wood and Plastic Covered Composite-Type Fire Doors, Wood Core Doors","413S Series Threshold, 72 in L, 5 in W, Saddle Profile, Aluminum, Dark Bronze Anodized, Screw Installation",,,,,,,,,,,,,,,,,,,,,,,BHMA Certified|UL Listed,,,,Threshold,Series,413S Series,,Shape,,,Profile Type,Saddle,,Material,Aluminum,,Finish,Dark Bronze Anodized,,Color,,,Length,72,in,Width,5,in,Height,1/4,in,Resists,Moisture,,Installation Type,Screw,,Suitable For Use With,"Hollow-Metal-Type Fire Doors, Wood and Plastic Covered Composite-Type Fire Doors, Wood Core Doors",,Additional Information,,,,,,,,,,,,,,,,,,,,,,,,,,,,,,,,,,,,,,,,,,,,,,,,,,,,,,,,,,,,,,,,,,,,,,,,,,,,,,,,,,,,,,,,,,,,,,,,,,,,,,,,,,,,,,,,,,,,,,,,,,,,,,,,,,,,,HAGER_413S_DBA_36.jpg,,,,,,,,HAGER_413S_DBA_36_Catalog.pdf,,HAGER_413S_DBA_36_Instruction_Installation_Manual.pdf,,,,,,,,,,,,,,,,,Yes
https://www.huberwood.com/zip-system/rainscreen?gad_source=1,,,,,,25285589,Lumber and Building Materials,Plywood - OSB / Const / UL,OSB,1511506,1511506,4'x65' Zip Rainscreen,-- Unbranded --,-- No Unilog Brand --,-- No DIB Brand --,Huber Eng Wood LLC (3158),J.M. Huber Corporation,ZIP System®,,1511506,,Building Materials>House Wraps & Tapes>House Wraps,"J.M. Huber Corporation ZIP System, Rainscreen, 1511506, 65ft L, 4ft W",RAINSCREEN 65FT 4FT POLYMERIC 260SQ-FT,"ZIP System® 1511506 Rainscreen, 65 ft L, 4 ft W, Polymeric, 260 sq-ft Coverage Area, Resists: Water","ZIP System® Rainscreen, 65 ft Length, 4 ft Width, 1/4 in Thickness, 7 perm Perm Rating, Polymeric, Resists: Water, 260 sq-ft Coverage Area, Additional Information: 5/8 in Cap Mails or Cap Staples","Rainscreen, 65 ft L, 4 ft W, Polymeric, 260 sq-ft Coverage Area, Resists: Water","ZIP System rainscreen is the latest ZIP System solution to help builders achieve a high-performance wall assembly. It streamlines drainage and ventilation between sheathing and reservoir cladding systems. With easy installation, it provides an air gap and drainage plane to promote drying behind cladding systems. Now, teams can meet the new code-required 3/16"" air gap and secondary water-resistive layer for stucco and adhered stone assemblies with a single rainscreen product[1].",Ventilation Behind Cladding,"A 1/4"" drainage mat creates an air gap between the exterior wall sheathing system and the cladding system to promote drying within the wall assembly",Integrated Secondary Water-Resistive Layer,"Heavy-duty fabric layer installs outward against the cladding system to help meet secondary water-resistive layer needs[1] for ""reservoir"" or ""absorptive"" cladding (like adhered stone or stucco) when taped at vertical seams with ZIP System™ flashing tape","90-Day Exposure - Engineered to meet jobsite demands, ZIP System rainscreen can remain exposed during construction for up to 90 days","Durability - Features a rigid, entangled mesh screen design with high-compression strength to effectively provide ventilation and drainage performance over time",,,,,,,,,,,,,,,,,,,,Rainscreen,Series,,,Length,65,ft,Width,4,ft,Thickness,1/4,in,Perm Rating,7,perm,Insulation Type,,,Material,Polymeric,,Color,,,Resists,Water,,Coverage Area,260,sq-ft,Additional Information,5/8 in Cap Mails or Cap Staples,,,,,,,,,,,,,,,,,,,,,,,,,,,,,,,,,,,,,,,,,,,,,,,,,,,,,,,,,,,,,,,,,,,,,,,,,,,,,,,,,,,,,,,,,,,,,,,,,,,,,,,,,,,,,,,,,,,,,,,,,,,,,,,,,,,,,,,,,,ZIP_System_1511506.jpg,ZIP_System_1511506_1.jpg,ZIP_System_1511506_2.jpg,ZIP_System_1511506_3.jpg,ZIP_System_1511506_4.jpg,,,,,ZIP_System_1511506_Specification_Sheet.pdf,,,,,,,,,,,,,,,,,,Yes
https://www.huberwood.com/other-products/huber-blue-plus,,,,,,25285105,Lumber and Building Materials,Plywood - OSB / Const / UL,OSB,1501767,1501767,"3/4"" 4x8T&G Huber Blue PlusOSB - Sub Floor",-- Unbranded --,-- No Unilog Brand --,-- No DIB Brand --,-,J.M. Huber Corporation,ZIP System®,,1501767,,Building Materials>Lumber & Composites>Plywood>Oriented Strand Board (OSB),"J.M. Huber Corporation ZIP System, Oriented Strand Board, 1501767",BOARD STRD ORIENTED 23/32IN 8FT 4FT TG,"ZIP System® 1501767 Oriented Strand Board, 23/32 in Thick Nominal, 8 ft W Nominal, 4 ft L Nominal, Exposure 1 Grade","ZIP System® Oriented Strand Board, 4 ft Nominal Length, 8 ft Nominal Width, 23/32 in Nominal Thickness, 4 ft Actual Length, 8 ft Actual Width, 23/32 in Actual Thickness, Sanded Texture, Tongue and Groove Appearance, Exposure 1 Grade","Oriented Strand Board, 23/32 in Thick Nominal, 8 ft W Nominal, 4 ft L Nominal, Exposure 1 Grade, Sanded Texture",Huber Blue Plus OSB flooring is a superior alternative for the builder who uses commodity panels. You can upgrade to a product backed by a no sanding guarantee while offering your customers an extended warranty[1].,Fully sanded top surface,Enhanced moisture protection,"Nail grid pattern for 16"", 19.2"" and 24"" o.c.",Ships with protective side covers,,,,,,,,,,,,,,,,,,,,,,Oriented Strand Board,Series,,,Nominal Length,4,ft,Nominal Width,8,ft,Nominal Thickness,23/32,in,Actual Length,4,ft,Actual Width,8,ft,Actual Thickness,23/32,in,Texture Type,Sanded,,Appearance,Tongue and Groove,,Grade,Exposure 1,,Wood Species,,,Additional Information,,,,,,,,,,,,,,,,,,,,,,,,,,,,,,,,,,,,,,,,,,,,,,,,,,,,,,,,,,,,,,,,,,,,,,,,,,,,,,,,,,,,,,,,,,,,,,,,,,,,,,,,,,,,,,,,,,,,,,,,,,,,,,,,,,,,,,,,ZIP_System_1501767.jpg,,,,,,,,,ZIP_System_1501767_Specification_Sheet.pdf,,,,,,,,,,,,,,,,,,Yes
https://www.schumacherelectric.com/products/4-in-1-lithium-jump-starter-and-portable-power-pack-1000-peak-amp-12v-with-wireless-charging/ | https://cdn11.bigcommerce.com/s-zm80kkpa03/content/manuals/0099002496.pdf,,,,,,22117131,Electrical,12 Volt Items,Battery Chargers,575902,SL1672,SL1672 Jumpstart & Pwr Supply,-- Unbranded --,-- No Unilog Brand --,Schumacher,-,Schumacher Electric Corporation,Schumacher®,,SL1672,,Electrical>Batteries & Accessories>Battery Accessories>Battery Jump Starters,"Schumacher, Battery Jump Starter, SL1672, Manual, 23.68Ah Battery Capacity",STARTER JUMP BAT MNL LITHIUM-ION POLYMER,"Schumacher® SL1672 Battery Jump Starter, Manual, Lithium-Ion Polymer Battery, 23.68 Ah Battery Capacity, 1000 A Peak","Schumacher® Battery Jump Starter, Manual, Lithium-Ion Polymer Battery, 12 V Battery, 23.68 Ah Battery, 5 V, 12 V Input, 3 A Input, 1.5 A, 2 A Charging Current, 1000 A Peak Current, USB Charger, 2 to 3 hr Charge, USB-A Output, USB-C Input, USB-C Output, Wireless Charging Pad, 10 AWG Cable, 18 in Cable Length, Non-Sparking Cable Clamp, 4 Batteries, -4 to 122 deg F Operating Temperature, 3.43 in L x 1.42 in W x 6.98 in H","Battery Jump Starter, Manual, Lithium-Ion Polymer Battery, 23.68 Ah Battery Capacity, 5 V, 12 V Input, 1000 A Peak","Have you ever experienced the dread of a dead battery when you least expected it, leaving you stranded in the middle of nowhere, disconnected from help and safety. Never feel that dread again.","4-in-1 Device: Jump starter, patented 10W wireless charging.pad, USB charger, LED flashlight",Up to 25 jump starts on a single charge,3A USB-C input port fully charges the unit in 2-3 hours with an 18W charger (not included),"Fast 10-watt patented wireless charging for smartphones, wearables, and other devices",Pre-Boost technology delivers a breakthrough advantage by safely adding a pre-charge to deeply discharged batteries,Pre-Heating technology warms batteries in extreme cold allowing ideal starting conditions,"Built-in, three-mode LED light with flashlight, SOS, and strobe settings","Compact and lightweight, the SL1672 will fit in a glove box, center console, purse, or backpack","Safety features include reverse polarity, short circuit, high temperature, low temperature, high voltage, timeout, and overload protection",Water and dust resistant with an IP65 ingress protection rating,Non-sparking battery clamps,"Smart jump cable assembly with override button, fault LED, clamps reversed LED, and ready LED","10-gauge, 18-inch booster cables",Battery status LED indicators,"Four-cell lithium battery, 23.68 Wh",Self-Reliant Safety: Jump-start your vehicle independently without needing assistance,Backed by a 2-Year Warranty,,,,,,,,,Battery Jump Starter,Series,,,Automatic/Manual,Manual,,Battery Type,Lithium-Ion Polymer,,Battery Voltage,12,V,Battery Capacity,23.68,Ah,Input Voltage,"5 V, 12 V",,Input Current,3,A,Charging Current,"1.5 A, 2 A",,Peak Current,1000,A,Maintaining Current,,,Cold Cranking Amperage Rating,,,Charger Type,USB,,Charge Time,2 to 3,hr,Interface/Ports,"USB-A Output, USB-C Input, USB-C Output, Wireless Charging Pad",,Cable Gauge,10,AWG,Cable Length,18,in,Cable Clamp Type,Non-Sparking,,Number of Batteries,4,,Power Cord Length,,,Operating Temperature,-4 to 122,deg F,Material,,,Color,,,Dimensions,3.43 in L x 1.42 in W x 6.98 in H,,Additional Information,,,,,,,,,,,,,,,,,,,,,,,,,,,,,,,,,,,,,,,,,,,,,,,,,,,,,,,,,,,,,,,,,,,,,,,,,,,,,,,,,,,,,,,,,,,,,,,,,,,,Schumacher_SL1672.jpg,Schumacher_SL1672_1.jpg,,,,,,,,,Schumacher_SL1672_Instruction_Installation_Manual.pdf,,,,,,,,,,,,,,,,,Yes
https://www.southwire.com/electrical-components/steel-boxes-covers-accessories/4-square-industrial-surface-cover-1-2-raised-duplex-toggle/p/G1941,https://www.southwire.com/medias/10-Boxes-and-Covers-Section-Catalog-WEB.pdf?context=bWFzdGVyfHJvb3R8MjY1ODIyMDV8YXBwbGljYXRpb24vcGRmfGg2ZC9oZDQvOTE1NjA4ODg4OTM3NC8xMF9Cb3hlc19hbmRfQ292ZXJzX1NlY3Rpb25fQ2F0YWxvZ19XRUIucGRmfDkwYzdhYjEyNmIxNWQzNGRlMjBjZmFhYjk0Njk2ZmU5N2JkMzIxZDBjYzlhY2U5OGIzMjFkZTc4YzVlMmZjZWI,,,,,22098711,Electrical,Wire Devices,Wall Plates,508070,G1941-UPC,"G1941UPC 4"" Sq Cover Sw/Outlet",-- Unbranded --,-- No Unilog Brand --,Southwire,Southwire/g Turner (6603),"Southwire Company, LLC",Southwire®,,G1941-UPC,,Electrical>Boxes & Enclosures>Electrical Boxes & Covers>Electrical Box Covers,"Southwire, Industrial Surface Cover, G1941-UPC, Square, Steel, Galvanized","COVER SURF INDL SQ DX RCPT, TGL SW STL","Southwire® G1941-UPC Industrial Surface Cover, Square, Duplex Receptacle, Toggle Switch Cover, Steel, Galvanized","Southwire® Industrial Surface Cover, Duplex Receptacle, Toggle Switch Cover, Square Box, Steel, Galvanized, Silver, 4 in Length, 4 in Width, Additional Information: 1/2 in Raised","Industrial Surface Cover, Square, Duplex Receptacle, Toggle Switch Cover, Steel, Galvanized, 4 in L, 4 in W",,Crushed corner design allows use of standard box cover screws,Device mounting hardware included,Covers 4 in. square electrical boxes in industrial settings,"UL, CUL, and RoHS Compliant","UL, RoHS Compliant",,,,,,,,,,,,,,,,,cULus Listed|RoHS Compliant|UL Listed,,,Device Mounting Hardware,Industrial Surface Cover,Series,,,Cover Type,"Duplex Receptacle, Toggle Switch",,Box Type,Square,,Number of Gangs,,,Material,Steel,,Finish,Galvanized,,Color,Silver,,Length,4,in,Width,4,in,Thickness,,,Additional Information,1/2 in Raised,,,,,,,,,,,,,,,,,,,,,,,,,,,,,,,,,,,,,,,,,,,,,,,,,,,,,,,,,,,,,,,,,,,,,,,,,,,,,,,,,,,,,,,,,,,,,,,,,,,,,,,,,,,,,,,,,,,,,,,785592526410,,,,,,,,25/PK,,,,,,,,,,,Southwire_G1941_UPC.jpg,,,,,,,,,Southwire_G1941_UPC_Specification_Sheet.pdf,,,,,,,,,,,,,,,,,,Yes
https://www.southwire.com/electrical-components/steel-boxes-covers-accessories/4-square-industrial-surface-cover-1-2-raised-2-gfci/p/G1950,https://www.southwire.com/medias/10-Boxes-and-Covers-Section-Catalog-WEB.pdf?context=bWFzdGVyfHJvb3R8MjY1ODIyMDV8YXBwbGljYXRpb24vcGRmfGg2ZC9oZDQvOTE1NjA4ODg4OTM3NC8xMF9Cb3hlc19hbmRfQ292ZXJzX1NlY3Rpb25fQ2F0YWxvZ19XRUIucGRmfDkwYzdhYjEyNmIxNWQzNGRlMjBjZmFhYjk0Njk2ZmU5N2JkMzIxZDBjYzlhY2U5OGIzMjFkZTc4YzVlMmZjZWI,,,,,22098716,Electrical,Wire Devices,Electrical Boxes,533084,G1950-UPC,4x4 2G GFI Box Cover,-- Unbranded --,-- No Unilog Brand --,Southwire,Southwire/g Turner (6603),"Southwire Company, LLC",Southwire®,,G1950-UPC,,Electrical>Boxes & Enclosures>Electrical Boxes & Covers>Electrical Box Covers,"Southwire, Industrial Surface Cover, G1950-UPC, Square, Steel, Galvanized",COVER SURF INDL SQ GFCI RCPT STL GALV,"Southwire® G1950-UPC Industrial Surface Cover, Square, GFCI Receptacle Cover, Steel, Galvanized, 4 in L, 4 in W","Southwire® Industrial Surface Cover, GFCI Receptacle Cover, Square Box, Steel, Galvanized, Silver, 4 in Length, 4 in Width, Additional Information: (2) 1/2 in, (2) 3/4 in Bottom Knockout, (2) GFCI, 1/2 in Raised","Industrial Surface Cover, Square, GFCI Receptacle Cover, Steel, Galvanized, 4 in L, 4 in W",,Crushed corner design allows use of standard box cover screws,Device mounting hardware included,"UL, RoHS Compliant",,,,,,,,,,,,,,,,,,,UL Listed,,,Device Mounting Hardware,Industrial Surface Cover,Series,,,Cover Type,GFCI Receptacle,,Box Type,Square,,Number of Gangs,,,Material,Steel,,Finish,Galvanized,,Color,Silver,,Length,4,in,Width,4,in,Thickness,,,Additional Information,"(2) 1/2 in, (2) 3/4 in Bottom Knockout, (2) GFCI, 1/2 in Raised",,,,,,,,,,,,,,,,,,,,,,,,,,,,,,,,,,,,,,,,,,,,,,,,,,,,,,,,,,,,,,,,,,,,,,,,,,,,,,,,,,,,,,,,,,,,,,,,,,,,,,,,,,,,,,,,,,,,,,,785592526502,,,,,,,,25/PK,,,,,,,,,,,Southwire_G1950_UPC.jpg,,,,,,,,,Southwire_G1941_UPC_Specification_Sheet.pdf,,,,,,,,,,,,,,,,,,Yes
https://www.southwire.com/electrical-components/steel-boxes-covers-accessories/4-square-industrial-surface-cover-1-2-raised-duplex-gfci/p/G1951,,,,,,22098717,Electrical,Wire Devices,Electrical Boxes,533068,G1951-UPC,4x4 2G GFCI Duplex Box Cover,-- Unbranded --,-- No Unilog Brand --,Southwire,Southwire/g Turner (6603),"Southwire Company, LLC",Southwire®,,G1951-UPC,,Electrical>Boxes & Enclosures>Electrical Boxes & Covers>Electrical Box Covers,"Southwire, Industrial Surface Cover, G1951-UPC, Square, Steel, Galvanized","COVER SURF INDL SQ DX RCPT, GFCI RCPT","Southwire® G1951-UPC Industrial Surface Cover, Square, Duplex Receptacle, GFCI Receptacle Cover, Steel, Galvanized","Southwire® Industrial Surface Cover, Duplex Receptacle, GFCI Receptacle Cover, Square Box, Steel, Galvanized, Silver, 0.56 in Length, 4 in Width, Additional Information: 1/2 in, 3/4 in Knockout Size, 7 cc Capacity, 1/2 in Raised","Industrial Surface Cover, Square, Duplex Receptacle, GFCI Receptacle Cover, Steel, Galvanized, 0.56 in L, 4 in W",,Crushed corner design allows use of standard box cover screws,Device mounting hardware included,"UL, RoHS Compliant",,,,,,,,,,,,,,,,,,,RoHS Compliant|UL Listed,,,Mounting Hardware,Industrial Surface Cover,Series,,,Cover Type,"Duplex Receptacle, GFCI Receptacle",,Box Type,Square,,Number of Gangs,,,Material,Steel,,Finish,Galvanized,,Color,Silver,,Length,0.56,in,Width,4,in,Thickness,,,Additional Information,"1/2 in, 3/4 in Knockout Size, 7 cc Capacity, 1/2 in Raised",,,,,,,,,,,,,,,,,,,,,,,,,,,,,,,,,,,,,,,,,,,,,,,,,,,,,,,,,,,,,,,,,,,,,,,,,,,,,,,,,,,,,,,,,,,,,,,,,,,,,,,,,,,,,,,,,,,,,,,785592526519,,,,,,,,25/PK,,,,,,,,,,,Southwire_G1951_UPC.jpg,,,,,,,,,Southwire_G1941_UPC_Specification_Sheet.pdf,,,,,,,,,,,,,,,,,,Yes
https://www.satco.com/products/65-1222,,,,,,22011006,Electrical,Lights / Fans,Ceiling Lights,1515802,65-1222,65-1222 1' Led Lt Multi CCT,-- Unbranded --,-- No Unilog Brand --,-- No DIB Brand --,Satco Prod Inc (5573),"Satco Products, Inc",NUVO® by SATCO,,65-1222,,Electrical>Lamps & Lightings>Indoor Lighting>Accent & Display Lighting,"Satco Products, Inc NUVO by SATCO, Connectable Strip Light, 65-1222, 120V",LIGHT STP CONNECTABLE 10W 120V LED WHT,"NUVO® by SATCO 65-1222 Connectable Strip Light, 10 W Fixture, 120 V, LED Bulb, 800 to 1000 Lumens, White Lens","NUVO® by SATCO Connectable Strip Light, 10 W Fixture Wattage, 120 V, 0.09 A, 60 Hz, Utility Fixture Style, Linear Fixture, LED Bulb, 800 to 1000 Lumens, 2700 K, 3000 K, 3500 K, 4000 K, 5000 K, 90+ CRI, 110 deg Beam Angle, 50000 hr Average Life, Non-Dimmable, White Lens, Polycarbonate Lens, Steel Fixture, White Fixture, 1 ft L, Yes Bulb Included, Additional Information: Warm White to Natural Light Color","Connectable Strip Light, 10 W Fixture, 120 V, LED Bulb, 800 to 1000 Lumens, White Lens, Steel Fixture",,LED 1 Foot Connectable Strip Light,10 Watts,27K/30K/35K/40K/50K CCT Selectable,White Finish,120 Volt,,,,,,,,,,,,,,,,,cETLus Listed|FCC Approved|RoHS Compliant|Title 20 Exempt,"Prop65 Warning: This product can expose you to chemicals including Lead, which is known to the State of California to cause cancer and birth defects or other reproductive harm. For more information go to www.P65Warnings.ca.gov.",,,Connectable Strip Light,Collection,,,Fixture Wattage,10,W,Voltage Rating,120,V,Amperage Rating,0.09,A,Frequency Rating,60,Hz,Fixture Style,Utility,,Fixture Shape,Linear,,Bulb Type,LED,,Bulb Wattage,,,Bulb Base,,,Number of Bulbs,,,Lumens,800 to 1000,Lumens,Color Temperature,"2700 K, 3000 K, 3500 K, 4000 K, 5000 K",,Color Rendering Index (CRI),90+,,Beam Type,,,Beam Angle,110,deg,Average Life,50000,hr,Dimmable/Non-Dimmable,Non-Dimmable,,Lens Type,White,,Lens Material,Polycarbonate,,Fixture Material,Steel,,Fixture Finish,White,,Mounting Type,,,Enclosure Type,,,Dimensions,1 ft L,,Bulb Included,Yes,,Additional Information,Warm White to Natural Light Color,,,,,,,,,,,,,,,,,,,,,,,,,,,,,,,,,,,,,,,,,,,,,,,,,,,,,,,,,,,,,,,,,,,,,,,045923658457,,,,5 Year,,,,12/CS,13.19,in,6.69,in,7.87,in,10.81,lb,0.401,cu-in,NUVO_by_SATCO_65_1222.jpg,NUVO_by_SATCO_65_1222_1.jpg,NUVO_by_SATCO_65_1222_2.jpg,NUVO_by_SATCO_65_1222_3.jpg,NUVO_by_SATCO_65_1222_4.jpg,,,,,NUVO_by_SATCO_65_1222_Specification_Sheet.pdf,NUVO_by_SATCO_65_1222_Instruction_Installation_Manual.pdf,,,,,,,,,,,,,,,,,Yes
https://www.satco.com/products/65-1224,,,,,,22011008,Electrical,Lights / Fans,Ceiling Lights,562455,65-1224,65-1224 4' Led Strip Light,-- Unbranded --,-- No Unilog Brand --,Satco,Satco Prod Inc (5573),"Satco Products, Inc",NUVO® by SATCO,,65-1224,,Electrical>Lamps & Lightings>Indoor Lighting>Accent & Display Lighting,"Satco Products, Inc NUVO by SATCO, Connectable Strip Light, 65-1224, 120V",LIGHT STP CONNECTABLE 30W 120V LED WHT,"NUVO® by SATCO 65-1224 Connectable Strip Light, 30 W Fixture, 120 V, LED Bulb, 2700 to 3100 Lumens, White Lens","NUVO® by SATCO Connectable Strip Light, 30 W Fixture Wattage, 120 V, 0.25 A, 60 Hz, Utility Fixture Style, Linear Fixture, LED Bulb, 2700 to 3100 Lumens, 2700 K, 3000 K, 3500 K, 4000 K, 5000 K, 90+ CRI, 110 deg Beam Angle, 50000 hr Average Life, Non-Dimmable, White Lens, Polycarbonate Lens, Steel Fixture, White Fixture, 4 ft L, Yes Bulb Included, Additional Information: Warm White to Natural Light Color","Connectable Strip Light, 30 W Fixture, 120 V, LED Bulb, 2700 to 3100 Lumens, White Lens, Steel Fixture",,LED 4 Foot Connectable Strip Light,30 Watts,27K/30K/35K/40K/50K CCT Selectable,White Finish,120 Volt,,,,,,,,,,,,,,,,,cETLus Listed|FCC Approved|RoHS Compliant|Title 20 Exempt,"Prop65 Warning: This product can expose you to chemicals including Lead, which is known to the State of California to cause cancer and birth defects or other reproductive harm. For more information go to www.P65Warnings.ca.gov.",,,Connectable Strip Light,Collection,,,Fixture Wattage,30,W,Voltage Rating,120,V,Amperage Rating,0.25,A,Frequency Rating,60,Hz,Fixture Style,Utility,,Fixture Shape,Linear,,Bulb Type,LED,,Bulb Wattage,,,Bulb Base,,,Number of Bulbs,,,Lumens,2700 to 3100,Lumens,Color Temperature,"2700 K, 3000 K, 3500 K, 4000 K, 5000 K",,Color Rendering Index (CRI),90+,,Beam Type,,,Beam Angle,110,deg,Average Life,50000,hr,Dimmable/Non-Dimmable,Non-Dimmable,,Lens Type,White,,Lens Material,Polycarbonate,,Fixture Material,Steel,,Fixture Finish,White,,Mounting Type,,,Enclosure Type,,,Dimensions,4 ft L,,Bulb Included,Yes,,Additional Information,Warm White to Natural Light Color,,,,,,,,,,,,,,,,,,,,,,,,,,,,,,,,,,,,,,,,,,,,,,,,,,,,,,,,,,,,,,,,,,,,,,,045923659430,,,,5 Year,,,,12/CS,47.44,in,6.89,in,7.48,in,29.91,lb,1.414,cu-in,NUVO_by_SATCO_65_1224.jpg,NUVO_by_SATCO_65_1224_1.jpg,NUVO_by_SATCO_65_1224_2.jpg,NUVO_by_SATCO_65_1224_3.jpg,NUVO_by_SATCO_65_1224_4.jpg,,,,,NUVO_by_SATCO_65_1224_Specification_Sheet.pdf,NUVO_by_SATCO_65_1224_Instruction_Installation_Manual.pdf,,,,,,,,,,,,,,,,,Yes
https://www.kichler.com/products/indoor-lighting/bath-and-vanity-lights/linear-vanity-light-bars/laurene-vanity-light-55239cpzled,,,,,,25286473,Electrical,Lights / Fans,Kichler Wall,K55239CPZLED,55239CPZLED,55239CPZLED Kichler Wall Lt,-- Unbranded --,-- No Unilog Brand --,-- No DIB Brand --,Kichler Lighting (KICLI),The L.D. Kichler Co,Kichler®,,55239CPZLED,,Electrical>Lamps & Lightings>Indoor Lighting>Bath & Vanity Lights,"Kichler, Vanity Light, Laurene, 55239CPZLED, 35W Fixture, 108 to 132VAC",LIGHT VANITY 35W 108 TO 132VAC 1 3000K,"Kichler® Laurene 55239CPZLED Vanity Light, 35 W Fixture, 108 to 132 VAC, Integrated LED Bulb, 1-Bulb, 3000 K","Kichler® Vanity Light, Laurene Collection, 35 W Fixture Wattage, 108 to 132 VAC, Cylinder Fixture, Integrated LED Bulb, 1 Bulbs, 2450 Lumens, 3000 K, 90 CRI, Dimmable, Clear Lens, Glass Lens, Steel Fixture, Champagne Bronze Fixture, Horizontal, Vertical Mounting Orientation, Wall Mounting, 5 in H x 7-1/2 in W x 1-1/2 in D, 5 in H x 31 in W x 4-3/4 in D, Yes Bulb Included, Additional Information: 6 in L Lead Wire","Laurene Vanity Light, 35 W Fixture, 108 to 132 VAC, Integrated LED Bulb, 1-Bulb, 2450 Lumens, 3000 K","Say hello to a linear bath piece that meets the trending design of layered materials and metal finish accents, with the Laurene collection. Laurene's cylindrical clear outer glass provides striking visual interest and beautiful illumination. Its 3000K integrated LED light delivers a full room glow to brighten up any space. Plus, its available in a variety of sizes and finishes and can be installed vertically or horizontally--the choice is yours!","Designed to meet the trend of layered materials, Laurene works well in modern environments",Cylindrical shaped clear outer glass provides striking visual interest and beautiful illumination,"Champagne Bronze delivers a warm, muted brushed gold finish",Durable steel frame improves the fixture's stability,"Vertically mount flanking a vanity, fireplace, buffet, or in hallways; horizontally mount over a vanity mirror",Integrated LED source; dimmable when used with dimmer switch (sold separately),,,,,,,,,,,,,,,,,Prop65 Warning: This product can expose you to chemicals which are known to the State of California to cause cancer and birth defects or other reproductive harm. For more information go to www.P65Warnings.ca.gov.,,(1) Glass Shade and (1) Mounting Hardware Bag,Vanity Light,Collection,Laurene,,Fixture Wattage,35,W,Voltage Rating,108 to 132,VAC,Amperage Rating,,,Frequency Rating,,,Fixture Style,,,Fixture Shape,Cylinder,,Bulb Type,Integrated LED,,Bulb Wattage,,,Bulb Base,,,Number of Bulbs,1,,Lumens,2450,Lumens,Color Temperature,3000,K,Color Rendering Index (CRI),90,,Average Life,,,Dimmable/Non-Dimmable,Dimmable,,Lens Type,Clear,,Lens Material,Glass,,Fixture Material,Steel,,Fixture Finish,Champagne Bronze,,Mounting Orientation,"Horizontal, Vertical",,Mounting Type,Wall,,Backplate/Canopy Size,5 in H x 7-1/2 in W x 1-1/2 in D,,Enclosure Type,,,Dimensions,5 in H x 31 in W x 4-3/4 in D,,Bulb Included,Yes,,Additional Information,6 in L Lead Wire,,,,,,,,,,,,,,,,,,,,,,,,,,,,,,,,,,,,,,,,,,,,,,,,,,,,,,,,,,,,,,,,,,,,,,,783927055123,,,,,,,,,,,,,,,,,,,Kichler_55239CPZLED.jpg,Kichler_55239CPZLED_1.jpg,Kichler_55239CPZLED_2.jpg,Kichler_55239CPZLED_3.jpg,Kichler_55239CPZLED_4.jpg,,,,,Kichler_55239CPZLED_Specification_Sheet.pdf,Kichler_55239CPZLED_Instruction_Installation_Manual.pdf,,,,,,,,,,,,,,,,,Yes
https://www.satco.com/products/65-771R3,,,,,,22011075,Electrical,Lights / Fans,Ceiling Lights,1512222,65-771R3,65-771R3 Nuvo Highbay Light,-- Unbranded --,-- No Unilog Brand --,-- No DIB Brand --,Satco Prod Inc (5573),"Satco Products, Inc",NUVO® by SATCO,,65-771R3,,Electrical>Lamps & Lightings>Indoor Lighting>High Bay Fixtures,"Satco Products, Inc NUVO by SATCO, High Bay Fixture, 65-771R3, 120 to 347V",FIXTURE BAY HIGH 150/175/200W LED CLEAR,"NUVO® by SATCO 65-771R3 High Bay Fixture, 150/175/200 W Fixture, 120 to 347 V, LED Bulb, 22200 to 28800 Lumens","NUVO® by SATCO High Bay Fixture, 150/175/200 W Fixture Wattage, 120 to 347 V, 1.25 to 0.432/1.458 to 0.504/1.667 to 0.576 A, 50/60 Hz, Utility Fixture Style, Round Fixture, LED Bulb, 22200 to 28800 Lumens, 3000 K, 4000 K, 5000 K, 80+ CRI, 50000 hr Average Life, Dimmable, Clear Lens, Polycarbonate Lens, Aluminum Fixture, Black Fixture, IP65 Enclosure, 13.4 in Dia, Yes Bulb Included, Additional Information: Up to 20 ft H Mounting, Warm White to Natural Light Color, 72 in L Wire","High Bay Fixture, 150/175/200 W Fixture, 120 to 347 V, LED Bulb, 22200 to 28800 Lumens, 3000 K, 4000 K, 5000 K",,Wattage 150W/175W/200W and CCT Selectable 3K/4K/5K LED UFO High Bay,120-347 Volt,Black Finish,,,,,,,,,,,,,,,,,,,California Title 20 Exempt|cULus Listed|DLC ID S-PQ3SZK|FCC Approved|NSF Certified|RoHS Compliant,"Prop65 Warning: This product can expose you to chemicals including Lead, which is known to the State of California to cause cancer and birth defects or other reproductive harm. For more information go to www.P65Warnings.ca.gov.",,Locking Hanging Hook and 6 ft Whip,High Bay Fixture,Collection,,,Fixture Wattage,150/175/200,W,Voltage Rating,120 to 347,V,Amperage Rating,1.25 to 0.432/1.458 to 0.504/1.667 to 0.576,A,Frequency Rating,50/60,Hz,Fixture Style,Utility,,Fixture Shape,Round,,Bulb Type,LED,,Bulb Wattage,,,Bulb Base,,,Number of Bulbs,,,Lumens,22200 to 28800,Lumens,Color Temperature,"3000 K, 4000 K, 5000 K",,Color Rendering Index (CRI),80+,,Average Life,50000,hr,Dimmable/Non-Dimmable,Dimmable,,Lens Type,Clear,,Lens Material,Polycarbonate,,Fixture Material,Aluminum,,Fixture Finish,Black,,Mounting Type,,,Hanging Device Maximum Length,,,Enclosure Type,IP65,,Dimensions,13.4 in Dia,,Bulb Included,Yes,,Additional Information,"Up to 20 ft H Mounting, Warm White to Natural Light Color, 72 in L Wire",,,,,,,,,,,,,,,,,,,,,,,,,,,,,,,,,,,,,,,,,,,,,,,,,,,,,,,,,,,,,,,,,,,,,,,,,,045923651908,,,,5 Year,,,,1/CS,14.17,in,4.92,in,14.17,in,7.99,lb,0.571,cu-in,NUVO_by_SATCO_65_771R3.jpg,NUVO_by_SATCO_65_771R3_1.jpg,NUVO_by_SATCO_65_771R3_2.jpg,NUVO_by_SATCO_65_771R3_3.jpg,NUVO_by_SATCO_65_771R3_4.jpg,,,,,NUVO_by_SATCO_65_771R3_Specification_Sheet.pdf,NUVO_by_SATCO_65_771R3_Instruction_Installation_Manual.pdf,,,,,,,,,,,,,,,,,Yes
https://www.satco.com/products/62-1850,,,,,,22010643,Electrical,Lights / Fans,Ceiling Lights,1516790,62-1850,"62-1850 11"" Led Ceiling Light",-- Unbranded --,-- No Unilog Brand --,-- No DIB Brand --,Satco Prod Inc (5573),"Satco Products, Inc",NUVO® by SATCO,,62-1850,,Electrical>Lamps & Lightings>Indoor Lighting>Indoor Ceiling Fixtures,"Satco Products, Inc NUVO by SATCO, Cloud Fixture, 62-1850, 12.5W Fixture",FIXTURE CLOUD 12.5W 120V LED WHT STL WHT,"NUVO® by SATCO 62-1850 Cloud Fixture, 12.5 W Fixture, 120 V, LED Bulb, 1100 to 1180 Lumens, Steel Fixture","NUVO® by SATCO Cloud Fixture, 12.5 W Fixture Wattage, 120 V, 0.104 A, 60 Hz, Utility Fixture Style, Round Fixture, LED Bulb, 1100 to 1180 Lumens, 2700 K, 3000 K, 3500 K, 4000 K, 5000 K, 90+ CRI, 50000 hr Average Life, Dimmable, White Lens, PMMA Lens, Steel Fixture, White Fixture, Flush Mounting, 11 in Dia, Yes Bulb Included, Additional Information: 110 deg Beam Angle, Warm White to Natural Light Color","Cloud Fixture, 12.5 W Fixture, 120 V, LED Bulb, 1100 to 1180 Lumens, 2700 K, 3000 K, 3500 K, 4000 K, 5000 K",,11 Inch LED Cloud Fixture,12.5 Watts,27K/30K/35K/40K/50K CCT Selectable,Round Shape,White Finish,120 Volt,,,,,,,,,,,,,,,,California Title 20 Exempt|California T24 Exempt|cETLus Listed|FCC Approved|NEC Reg: 410.16 (A)(3) and 410.16 (C)(5)|RoHS Compliant,"Prop65 Warning: This product can expose you to chemicals including Lead, which is known to the State of California to cause cancer and birth defects or other reproductive harm. For more information go to www.P65Warnings.ca.gov.",,,Cloud Fixture,Collection,,,Fixture Wattage,12.5,W,Voltage Rating,120,V,Amperage Rating,0.104,A,Frequency Rating,60,Hz,Fixture Style,Utility,,Fixture Shape,Round,,Bulb Type,LED,,Bulb Wattage,,,Bulb Base,,,Number of Bulbs,,,Lumens,1100 to 1180,Lumens,Color Temperature,"2700 K, 3000 K, 3500 K, 4000 K, 5000 K",,Color Rendering Index (CRI),90+,,Average Life,50000,hr,Dimmable/Non-Dimmable,Dimmable,,Lens Type,White,,Lens Material,PMMA,,Fixture Material,Steel,,Fixture Finish,White,,Mounting Type,Flush,,Backplate/Canopy Size,,,Enclosure Type,,,Dimensions,11 in Dia,,Bulb Included,Yes,,Additional Information,"110 deg Beam Angle, Warm White to Natural Light Color",,,,,,,,,,,,,,,,,,,,,,,,,,,,,,,,,,,,,,,,,,,,,,,,,,,,,,,,,,,,,,,,,,,,,,,,,,045923622823,,,,5 Year,,,,6/CS,20.08,in,12.8,in,12.6,in,10.71,lb,1.874,cu-in,NUVO_by_SATCO_62_1850.jpg,NUVO_by_SATCO_62_1850_1.jpg,NUVO_by_SATCO_62_1850_2.jpg,NUVO_by_SATCO_62_1850_3.jpg,NUVO_by_SATCO_62_1850_4.jpg,,,,,NUVO_by_SATCO_62_1850_Specification_Sheet.pdf,NUVO_by_SATCO_62_1850_Instruction_Installation_Manual.pdf,,,,,,,,,,,,,,,,,Yes
https://www.satco.com/products/62-1852,,,,,,22010645,Electrical,Lights / Fans,Ceiling Lights,1516536,62-1852,"62-1852 14"" Satco Led Ceiling Lt",-- Unbranded --,-- No Unilog Brand --,-- No DIB Brand --,Satco Prod Inc (5573),"Satco Products, Inc",NUVO® by SATCO,,62-1852,,Electrical>Lamps & Lightings>Indoor Lighting>Indoor Ceiling Fixtures,"Satco Products, Inc NUVO by SATCO, Cloud Fixture, 62-1852, 15W Fixture, 120V",FIXTURE CLOUD 15W 120V LED WHT STL WHT,"NUVO® by SATCO 62-1852 Cloud Fixture, 15 W Fixture, 120 V, LED Bulb, 1340 to 1440 Lumens, Steel Fixture","NUVO® by SATCO Cloud Fixture, 15 W Fixture Wattage, 120 V, 0.125 A, 60 Hz, Utility Fixture Style, Round Fixture, LED Bulb, 1340 to 1440 Lumens, 2700 K, 3000 K, 3500 K, 4000 K, 5000 K, 90+ CRI, 50000 hr Average Life, Dimmable, White Lens, PMMA Lens, Steel Fixture, White Fixture, Flush Mounting, 13.98 in Dia, Yes Bulb Included, Additional Information: 110 deg Beam Angle, Warm White to Natural Light Color","Cloud Fixture, 15 W Fixture, 120 V, LED Bulb, 1340 to 1440 Lumens, 2700 K, 3000 K, 3500 K, 4000 K, 5000 K",,14 Inch LED Cloud Fixture,15 Watts,27K/30K/35K/40K/50K CCT Selectable,Round Shape,White Finish,120 Volt,,,,,,,,,,,,,,,,California Title 20 Exempt|California T24 Exempt|cETLus Listed|FCC Approved|NEC Reg: 410.16 (A)(3) and 410.16 (C)(5)|RoHS Compliant,"Prop65 Warning: This product can expose you to chemicals including Lead, which is known to the State of California to cause cancer and birth defects or other reproductive harm. For more information go to www.P65Warnings.ca.gov.",,,Cloud Fixture,Collection,,,Fixture Wattage,15,W,Voltage Rating,120,V,Amperage Rating,0.125,A,Frequency Rating,60,Hz,Fixture Style,Utility,,Fixture Shape,Round,,Bulb Type,LED,,Bulb Wattage,,,Bulb Base,,,Number of Bulbs,,,Lumens,1340 to 1440,Lumens,Color Temperature,"2700 K, 3000 K, 3500 K, 4000 K, 5000 K",,Color Rendering Index (CRI),90+,,Average Life,50000,hr,Dimmable/Non-Dimmable,Dimmable,,Lens Type,White,,Lens Material,PMMA,,Fixture Material,Steel,,Fixture Finish,White,,Mounting Type,Flush,,Backplate/Canopy Size,,,Enclosure Type,,,Dimensions,13.98 in Dia,,Bulb Included,Yes,,Additional Information,"110 deg Beam Angle, Warm White to Natural Light Color",,,,,,,,,,,,,,,,,,,,,,,,,,,,,,,,,,,,,,,,,,,,,,,,,,,,,,,,,,,,,,,,,,,,,,,,,,045923622847,,,,5 Year,,,,4/CS,15.55,in,15.75,in,14.17,in,10.49,lb,2.008,cu-in,NUVO_by_SATCO_62_1852.jpg,NUVO_by_SATCO_62_1852_1.jpg,NUVO_by_SATCO_62_1852_2.jpg,NUVO_by_SATCO_62_1852_3.jpg,NUVO_by_SATCO_62_1852_4.jpg,,,,,NUVO_by_SATCO_62_1852_Specification_Sheet.pdf,NUVO_by_SATCO_62_1852_Instruction_Installation_Manual.pdf,,,,,,,,,,,,,,,,,Yes
https://www.satco.com/products/62-1875,,,,,,22010659,Electrical,Lights / Fans,Ceiling Lights,1516653,62-1875,"62-1875 10"" Led Ceiling Lt Bn",-- Unbranded --,-- No Unilog Brand --,-- No DIB Brand --,Satco Prod Inc (5573),"Satco Products, Inc",NUVO® by SATCO,,62-1875,,Electrical>Lamps & Lightings>Indoor Lighting>Indoor Ceiling Fixtures,"Satco Products, Inc NUVO by SATCO, Fixture, Glamour, 62-1875, 18W Fixture",FIXTURE 18W 120V LED WHT STL BRUSHED NKL,"NUVO® by SATCO Glamour 62-1875 Fixture, 18 W Fixture, 120 V, LED Bulb, 2700 K, 3000 K, 3500 K, 4000 K, 5000 K","NUVO® by SATCO Fixture, Glamour Collection, 18 W Fixture Wattage, 120 V, 0.15 A, 60 Hz, Transitional Fixture Style, Round Fixture, LED Bulb, 968 Lumens, 991 Lumens, 1050 Lumens, 1091 Lumens, 1104 Lumens, 2700 K, 3000 K, 3500 K, 4000 K, 5000 K, 90+ CRI, 50000 hr Average Life, Dimmable, White Lens, Acrylic Lens, Steel Fixture, Brushed Nickel Fixture, Flush Mounting, 9.84 in Dia, Yes Bulb Included, Additional Information: Warm White to Natural Light Color, Flush-Mount","Glamour Fixture, 18 W Fixture, 120 V, LED Bulb, 968 Lumens, 991 Lumens, 1050 Lumens, 1091 Lumens, 1104 Lumens",,Glamour,LED 10 Inch Flush Mount,Brushed Nickel Finish,27K/3K/35K/4K/5K CCT Selectable,,,,,,,,,,,,,,,,,,California T24|cETLus Listed|FCC Approved|RoHS Compliant|Title 20 Exempt,"Prop65 Warning: This product can expose you to chemicals including Lead, which is known to the State of California to cause cancer and birth defects or other reproductive harm. For more information go to www.P65Warnings.ca.gov.",,,Fixture,Collection,Glamour,,Fixture Wattage,18,W,Voltage Rating,120,V,Amperage Rating,0.15,A,Frequency Rating,60,Hz,Fixture Style,Transitional,,Fixture Shape,Round,,Bulb Type,LED,,Bulb Wattage,,,Bulb Base,,,Number of Bulbs,,,Lumens,"968 Lumens, 991 Lumens, 1050 Lumens, 1091 Lumens, 1104 Lumens",,Color Temperature,"2700 K, 3000 K, 3500 K, 4000 K, 5000 K",,Color Rendering Index (CRI),90+,,Average Life,50000,hr,Dimmable/Non-Dimmable,Dimmable,,Lens Type,White,,Lens Material,Acrylic,,Fixture Material,Steel,,Fixture Finish,Brushed Nickel,,Mounting Type,Flush,,Backplate/Canopy Size,,,Enclosure Type,,,Dimensions,9.84 in Dia,,Bulb Included,Yes,,Additional Information,"Warm White to Natural Light Color, Flush-Mount",,,,,,,,,,,,,,,,,,,,,,,,,,,,,,,,,,,,,,,,,,,,,,,,,,,,,,,,,,,,,,,,,,,,,,,,,,045923406423,,,,5 Year,,,,6/CS,23.23,in,12.01,in,8.86,in,8.1,lb,1.430,cu-in,NUVO_by_SATCO_62_1875.jpg,NUVO_by_SATCO_62_1875_1.jpg,NUVO_by_SATCO_62_1875_2.jpg,NUVO_by_SATCO_62_1875_3.jpg,NUVO_by_SATCO_62_1875_4.jpg,,,,,NUVO_by_SATCO_62_1875_Specification_Sheet.pdf,NUVO_by_SATCO_62_1875_Instruction_Installation_Manual.pdf,,,,,,,,,,,,,,,,,Yes
https://www.satco.com/products/62-1876,,,,,,22010660,Electrical,Lights / Fans,Ceiling Lights,1516913,62-1876,"62-1876 13"" Satco Ceiling Light BN",-- Unbranded --,-- No Unilog Brand --,-- No DIB Brand --,Satco Prod Inc (5573),"Satco Products, Inc",NUVO® by SATCO,,62-1876,,Electrical>Lamps & Lightings>Indoor Lighting>Indoor Ceiling Fixtures,"Satco Products, Inc NUVO by SATCO, Fixture, Glamour, 62-1876, 25W Fixture",FIXTURE 25W 120V LED WHT STL BRUSHED NKL,"NUVO® by SATCO Glamour 62-1876 Fixture, 25 W Fixture, 120 V, LED Bulb, 2700 K, 3000 K, 3500 K, 4000 K, 5000 K","NUVO® by SATCO Fixture, Glamour Collection, 25 W Fixture Wattage, 120 V, 0.208 A, 60 Hz, Transitional Fixture Style, Round Fixture, LED Bulb, 1473 Lumens, 1539 Lumens, 1635 Lumens, 1653 Lumens, 1634 Lumens, 2700 K, 3000 K, 3500 K, 4000 K, 5000 K, 90+ CRI, 50000 hr Average Life, Dimmable, White Lens, Acrylic Lens, Steel Fixture, Brushed Nickel Fixture, Flush Mounting, 12.99 in Dia, Yes Bulb Included, Additional Information: Warm White to Natural Light Color, Flush-Mount","Glamour Fixture, 25 W Fixture, 120 V, LED Bulb, 1473 Lumens, 1539 Lumens, 1635 Lumens, 1653 Lumens, 1634 Lumens",,Glamour,LED 13 Inch Flush Mount,Brushed Nickel Finish,27K/3K/35K/4K/5K CCT Selectable,,,,,,,,,,,,,,,,,,California T24|cETLus Listed|FCC Approved|RoHS Compliant|Title 20 Exempt,"Prop65 Warning: This product can expose you to chemicals including Lead, which is known to the State of California to cause cancer and birth defects or other reproductive harm. For more information go to www.P65Warnings.ca.gov.",,,Fixture,Collection,Glamour,,Fixture Wattage,25,W,Voltage Rating,120,V,Amperage Rating,0.208,A,Frequency Rating,60,Hz,Fixture Style,Transitional,,Fixture Shape,Round,,Bulb Type,LED,,Bulb Wattage,,,Bulb Base,,,Number of Bulbs,,,Lumens,"1473 Lumens, 1539 Lumens, 1635 Lumens, 1653 Lumens, 1634 Lumens",,Color Temperature,"2700 K, 3000 K, 3500 K, 4000 K, 5000 K",,Color Rendering Index (CRI),90+,,Average Life,50000,hr,Dimmable/Non-Dimmable,Dimmable,,Lens Type,White,,Lens Material,Acrylic,,Fixture Material,Steel,,Fixture Finish,Brushed Nickel,,Mounting Type,Flush,,Backplate/Canopy Size,,,Enclosure Type,,,Dimensions,12.99 in Dia,,Bulb Included,Yes,,Additional Information,"Warm White to Natural Light Color, Flush-Mount",,,,,,,,,,,,,,,,,,,,,,,,,,,,,,,,,,,,,,,,,,,,,,,,,,,,,,,,,,,,,,,,,,,,,,,,,,045923406430,,,,5 Year,,,,6/CS,29.53,in,15.16,in,8.86,in,11.34,lb,2.295,cu-in,NUVO_by_SATCO_62_1876.jpg,NUVO_by_SATCO_62_1876_1.jpg,NUVO_by_SATCO_62_1876_2.jpg,NUVO_by_SATCO_62_1876_3.jpg,NUVO_by_SATCO_62_1876_4.jpg,,,,,NUVO_by_SATCO_62_1876_Specification_Sheet.pdf,NUVO_by_SATCO_62_1876_Instruction_Installation_Manual.pdf,,,,,,,,,,,,,,,,,Yes
https://www.satco.com/products/64-110,,,,,,22010954,Electrical,Lights / Fans,Rope Lights,1513437,64-110,64-110 Satco Tape Light 16',-- Unbranded --,-- No Unilog Brand --,-- No DIB Brand --,Satco Prod Inc (5573),"Satco Products, Inc",NUVO® by SATCO,,64-110,TAPE/RGBTW/IP20/PLUG/16',Electrical>Lamps & Lightings>Indoor Lighting>Indoor Strip & Tape Lighting,"Satco Products, Inc NUVO by SATCO, Tape Light, 64-110, 12W Fixture, 24V",LIGHT TAPE 12W 24V LED 1120LUMENS PLSTC,"NUVO® by SATCO 64-110 Tape Light, 12 W Fixture, 24 V, LED Bulb, 1120 Lumens, 2700 to 6500 K, Plastic Fixture","NUVO® by SATCO Tape Light, 12 W Fixture Wattage, 24 V, 0.1 A, 50/60 Hz, LED Bulb, Plug Bulb Base, 1120 Lumens, 2700 to 6500 K, 80+ CRI, 50000 hr Average Life, Dimmable, Plastic Fixture, White Fixture, IP20 Enclosure, 16 ft L, Yes Bulb Included, Additional Information: RGB and Tunable White Light Color","Tape Light, 12 W Fixture, 24 V, LED Bulb, 1120 Lumens, 2700 to 6500 K, Plastic Fixture, White Fixture",,Dimension Performer,Tape Light strip,16 ft.,RGB plus Tunable White,Plug connection,IR Remote Included,White Finish,,,,,,,,,,,,,,,cETLus Listed|FCC Approved|RoHS Compliant|Title 20 Exempt,"Prop65 Warning: This product can expose you to chemicals including Lead, which is known to the State of California to cause cancer and birth defects or other reproductive harm. For more information go to www.P65Warnings.ca.gov.",,"Plug-In Driver, Receiver, IR Remote and (1) 5 m Reel",Tape Light,Collection,,,Fixture Wattage,12,W,Voltage Rating,24,V,Amperage Rating,0.1,A,Frequency Rating,50/60,Hz,Bulb Type,LED,,Bulb Wattage,,,Bulb Base,Plug,,Number of Bulbs,,,Lumens,1120,Lumens,Color Temperature,2700 to 6500,K,Color Rendering Index (CRI),80+,,Beam Type,,,Beam Angle,,,Average Life,50000,hr,Dimmable/Non-Dimmable,Dimmable,,Fixture Material,Plastic,,Fixture Finish,White,,Mounting Type,,,Enclosure Type,IP20,,Dimensions,16 ft L,,Bulb Included,Yes,,Additional Information,RGB and Tunable White Light Color,,,,,,,,,,,,,,,,,,,,,,,,,,,,,,,,,,,,,,,,,,,,,,,,,,,,,,,,,,,,,,,,,,,,,,,,,,,,,,,,,,,045923640254,,,,1 Year,,,,12/CS,15.16,in,8.46,in,15.16,in,14.87,lb,1.125,cu-in,NUVO_by_SATCO_64_110.jpg,NUVO_by_SATCO_64_110_1.jpg,NUVO_by_SATCO_64_110_2.jpg,NUVO_by_SATCO_64_110_3.jpg,NUVO_by_SATCO_64_110_4.jpg,,,,,NUVO_by_SATCO_64_110_Specification_Sheet.pdf,NUVO_by_SATCO_64_110_Instruction_Installation_Manual.pdf,,,,,,,,,,,,,,,,,Yes
https://www.satco.com/search/65-572R1,,,,,,22011037,Electrical,Lights / Fans,Ceiling Lights,1500542,65-572R1,65572 Satco 2x4 Led Flat Panel,-- Unbranded --,-- No Unilog Brand --,-- No DIB Brand --,Satco Prod Inc (5573),"Satco Products, Inc",NUVO® by SATCO,,65-572R1,,Electrical>Lamps & Lightings>Indoor Lighting>Panel & Troffer Light Fixtures,"Satco Products, Inc NUVO by SATCO, Backlit Flat Panel, 65-572R1, 120 to 277V",PANEL FLAT BACKLIT 30/40/50W 120 TO 277V,"NUVO® by SATCO 65-572R1 Backlit Flat Panel, 30/40/50 W Fixture, 120 to 277 V, LED Bulb, 3300 to 5750 Lumens","NUVO® by SATCO Backlit Flat Panel, 30/40/50 W Fixture Wattage, 120 to 277 V, 0.25 to 0.108/0.333 to 0.144/0.417 to 0.181 A, 50/60 Hz, Utility Fixture Style, Rectangular Fixture, LED Bulb, 3300 to 5750 Lumens, 3500 K, 4000 K, 5000 K, 80+ CRI, 120 deg Beam Angle, 50000 hr Average Life, Dimmable, Frosted Lens, PMMA Lens, Aluminum/Steel Fixture, White Fixture, IP20 Enclosure, 2 ft L x 4 ft W, Yes Bulb Included, Additional Information: Warm to Cool White Light Color","Backlit Flat Panel, 30/40/50 W Fixture, 120 to 277 V, LED Bulb, 3300 to 5750 Lumens, 3500 K, 4000 K, 5000 K",,LED Backlit Flat Panel,2 ft. x 4 ft.,Wattage and CCT Selectable,120-277 Volt,ColorQuick Technology,PowerQuick Technology,White Finish,,,,,,,,,,,,,,,"California Title 20 Exempt|cETLus Listed|DLC ID S-BPMTYH, S-C51JHR|FCC Approved|NSF Certified|RoHS Compliant","Prop65 Warning: This product can expose you to chemicals including Lead, which is known to the State of California to cause cancer and birth defects or other reproductive harm. For more information go to www.P65Warnings.ca.gov.",,,Backlit Flat Panel,Collection,,,Fixture Wattage,30/40/50,W,Voltage Rating,120 to 277,V,Amperage Rating,0.25 to 0.108/0.333 to 0.144/0.417 to 0.181,A,Frequency Rating,50/60,Hz,Fixture Style,Utility,,Fixture Shape,Rectangular,,Bulb Type,LED,,Bulb Wattage,,,Bulb Base,,,Number of Bulbs,,,Lumens,3300 to 5750,Lumens,Color Temperature,"3500 K, 4000 K, 5000 K",,Color Rendering Index (CRI),80+,,Beam Type,,,Beam Angle,120,deg,Average Life,50000,hr,Dimmable/Non-Dimmable,Dimmable,,Lens Type,Frosted,,Lens Material,PMMA,,Fixture Material,Aluminum/Steel,,Fixture Finish,White,,Mounting Type,,,Enclosure Type,IP20,,Dimensions,2 ft L x 4 ft W,,Bulb Included,Yes,,Additional Information,Warm to Cool White Light Color,,,,,,,,,,,,,,,,,,,,,,,,,,,,,,,,,,,,,,,,,,,,,,,,,,,,,,,,,,,,,,,,,,,,,,,045923657085,,,,5 Year,,,,1/CS,49.02,in,25.2,in,2.56,in,12.75,lb,1.830,cu-in,NUVO_by_SATCO_65_572R1.jpg,NUVO_by_SATCO_65_572R1_1.jpg,NUVO_by_SATCO_65_572R1_2.jpg,NUVO_by_SATCO_65_572R1_3.jpg,NUVO_by_SATCO_65_572R1_4.jpg,,,,,NUVO_by_SATCO_65_572R1_Specification_Sheet.pdf,NUVO_by_SATCO_65_572R1_Instruction_Installation_Manual.pdf,,,,,,,,,,,,,,,,,Yes
https://www.satco.com/products/S11828,,,,,,15244817,Electrical,Lights / Fans,Recessed / Can Lights,1506839,S11828,"S11828 8"" Led Down Light",-- Unbranded --,-- No Unilog Brand --,-- No DIB Brand --,Satco Prod Inc (5573),"Satco Products, Inc",SATCO®,,S11828,24WLED/DW/EL/8/CCT-SEL/RND/RD,Electrical>Lamps & Lightings>Indoor Lighting>Recessed Lighting>Recessed Lighting Fixtures,"SATCO, Edge-Lit Direct Wire Downlight, S11828, 24W Fixture, 120V, LED Bulb",DOWNLIGHT W DIR EDGE-LIT 24W 120V LED AL,"SATCO® S11828 Edge-Lit Direct Wire Downlight, 24 W Fixture, 120 V, LED Bulb, 2000 Lumens, Aluminum Fixture","SATCO® Edge-Lit Direct Wire Downlight, 24 W Fixture Wattage, 120 V, 0.2 A, 60 Hz, Round Fixture Style, LED Bulb, 2000 Lumens, 2700 K, 3000 K, 3500 K, 4000 K, 5000 K, 90+ CRI, Dimmable, 8 in Ceiling Opening, Frosted Lens, PMMA Lens, Aluminum Fixture, White Fixture, IP20 Enclosure, 8.86 in Dia, Yes Bulb Included, Additional Information: Air-Tight, IC Rated, 108 deg Beam Angle, Warm to Cool White Light Color, Remote Driver","Edge-Lit Direct Wire Downlight, 24 W Fixture, 120 V, LED Bulb, 2000 Lumens, Aluminum Fixture, White Fixture",,24 Watt,LED Direct Wire Downlight,Edge-lit,8 inch,CCT Selectable,120 volt,Dimmable,Round,Remote Driver,,,,,,,,,,,,,California T24|cETLus Listed|FCC Approved|RoHS Compliant|Title 20 Exempt,"Prop65 Warning: This product can expose you to chemicals including Lead, which is known to the State of California to cause cancer and birth defects or other reproductive harm. For more information go to www.P65Warnings.ca.gov.",,,Edge-Lit Direct Wire Downlight,Collection,,,Fixture Wattage,24,W,Voltage Rating,120,V,Amperage Rating,0.2,A,Frequency Rating,60,Hz,Fixture Style,Round,,Number of Bulbs,,,Bulb Type,LED,,Bulb Wattage,,,Bulb Base,,,Lumens,2000,Lumens,Color Temperature,"2700 K, 3000 K, 3500 K, 4000 K, 5000 K",,Color Rendering Index (CRI),90+,,Dimmable/Non-Dimmable,Dimmable,,Recessed Trim Type,,,Ceiling Opening Size,8,in,Lens Type,Frosted,,Lens Material,PMMA,,Fixture Material,Aluminum,,Fixture Finish,White,,Mounting Type,,,Enclosure Type,IP20,,Dimensions,8.86 in Dia,,Bulb Included,Yes,,Additional Information,"Air-Tight, IC Rated, 108 deg Beam Angle, Warm to Cool White Light Color, Remote Driver",,,,,,,,,,,,,,,,,,,,,,,,,,,,,,,,,,,,,,,,,,,,,,,,,,,,,,,,,,,,,,,,,,,,,,,,,,,,,045923118289,,,,5 Year,,,,12/CS,12.28,in,10.39,in,19.41,in,22.05,lb,1.433,cu-in,SATCO_S11828.jpg,SATCO_S11828_1.jpg,SATCO_S11828_2.jpg,SATCO_S11828_3.jpg,SATCO_S11828_4.jpg,,,,,SATCO_S11828_Specification_Sheet.pdf,SATCO_S11828_Instruction_Installation_Manual.pdf,,,,,,,,,,,,,,,,,Yes
https://www.satco.com/products/S11860,,,,,,20618486,Electrical,Lights / Fans,Ceiling Lights,1517162,S11860,"S11860 6"" Downlight White 5 CCT",-- Unbranded --,-- No Unilog Brand --,-- No DIB Brand --,Satco Prod Inc (5573),"Satco Products, Inc",SATCO®,,S11860,15WLED/GBL/6/CCT/RND/WH,Electrical>Lamps & Lightings>Indoor Lighting>Recessed Lighting>Recessed Lighting Fixtures,"SATCO, Direct Wire Downlight, S11860, 15W Fixture, 120V, LED Bulb",DOWNLIGHT W DIR 15W 120V LED GMBL AL WHT,"SATCO® S11860 Direct Wire Downlight, 15 W Fixture, 120 V, LED Bulb, 1280 to 1400 Lumens, Gimbal Recessed Trim","SATCO® Direct Wire Downlight, 15 W Fixture Wattage, 120 V, 0.125 A, 60 Hz, Round Fixture Style, LED Bulb, 1280 to 1400 Lumens, 2700 K, 3000 K, 3500 K, 4000 K, 5000 K, 90+ CRI, Dimmable, Gimbal Recessed Trim, 6 in Ceiling Opening, Clear Lens, Plastic Lens, Aluminum Fixture, White Fixture, IP42 Enclosure, 7.48 in Dia, Yes Bulb Included, Additional Information: Air-Tight, IC Rated, 40 deg Beam Angle, Warm to Cool White Light Color, Remote Driver","Direct Wire Downlight, 15 W Fixture, 120 V, LED Bulb, 1280 to 1400 Lumens, Gimbal Recessed Trim, White Fixture",,15 Watt,CCT Selectable,LED Direct Wire Downlight,Gimbaled,6 Inch Round,Remote Driver,White,,,,,,,,,,,,,,,California T24|cETLus Listed|FCC Approved|RoHS Compliant|Title 20 Exempt,"Prop65 Warning: This product can expose you to chemicals including Lead, which is known to the State of California to cause cancer and birth defects or other reproductive harm. For more information go to www.P65Warnings.ca.gov.",,,Direct Wire Downlight,Collection,,,Fixture Wattage,15,W,Voltage Rating,120,V,Amperage Rating,0.125,A,Frequency Rating,60,Hz,Fixture Style,Round,,Number of Bulbs,,,Bulb Type,LED,,Bulb Wattage,,,Bulb Base,,,Lumens,1280 to 1400,Lumens,Color Temperature,"2700 K, 3000 K, 3500 K, 4000 K, 5000 K",,Color Rendering Index (CRI),90+,,Dimmable/Non-Dimmable,Dimmable,,Recessed Trim Type,Gimbal,,Ceiling Opening Size,6,in,Lens Type,Clear Lens,,Lens Material,Plastic,,Fixture Material,Aluminum,,Fixture Finish,White,,Mounting Type,,,Enclosure Type,IP42,,Dimensions,7.48 in Dia,,Bulb Included,Yes,,Additional Information,"Air-Tight, IC Rated, 40 deg Beam Angle, Warm to Cool White Light Color, Remote Driver",,,,,,,,,,,,,,,,,,,,,,,,,,,,,,,,,,,,,,,,,,,,,,,,,,,,,,,,,,,,,,,,,,,,,,,,,,,,,045923118609,,,,5 Year,,,,12/CS,16.85,in,17.09,in,12.99,in,13.92,lb,2.164,cu-in,SATCO_S11860.jpg,SATCO_S11860_1.jpg,SATCO_S11860_2.jpg,SATCO_S11860_3.jpg,SATCO_S11860_4.jpg,,,,,SATCO_S11860_Specification_Sheet.pdf,SATCO_S11860_Instruction_Installation_Manual.pdf,,,,,,,,,,,,,,,,,Yes
https://www.satco.com/products/S11646,,,,,,22011346,Electrical,Lights / Fans,Recessed / Can Lights,1510648,S11646,"S11646 6"" Downlight Wh",-- Unbranded --,-- No Unilog Brand --,-- No DIB Brand --,Satco Prod Inc (5573),"Satco Products, Inc",SATCO®,,S11646,12.5WLED/DLR/5-6/CCT-SEL/RD/WH,Electrical>Lamps & Lightings>Indoor Lighting>Recessed Lighting>Recessed Lighting Fixtures,"SATCO, High Lumen Retrofit Downlight, S11646, 12.5W Fixture, 120V",DOWNLIGHT RETROFIT LUMEN HIGH 12.5W 120V,"SATCO® S11646 High Lumen Retrofit Downlight, 12.5 W Fixture, 120 V, LED Bulb, 1100 Lumens, Steel Fixture","SATCO® High Lumen Retrofit Downlight, 12.5 W Fixture Wattage, 120 V, 0.104 A, 60 Hz, Round Fixture Style, LED Bulb, E26 Bulb Base, 1100 Lumens, 2700 K, 3000 K, 3500 K, 4000 K, 5000 K, 90+ CRI, Dimmable, 5 to 6 in Ceiling Opening, Matte Frosted Lens, Polycarbonate Lens, Steel Fixture, White Fixture, 7.36 in Dia, Yes Bulb Included, Additional Information: Air-Tight, IC Rated, 100 deg Beam Angle, Warm White to Natural Light Color","High Lumen Retrofit Downlight, 12.5 W Fixture, 120 V, LED Bulb, 1100 Lumens, Steel Fixture, White Fixture",,12.5 Watt LED High Lumen Downlight Retrofit,5-6 Inch,27K/30K/35K/40K/50K CCT Selectable,120 Volts,Dimmable,White Finish,,,,,,,,,,,,,,,,California Title 20 Exempt|California T24 Exempt|cRUus Listed|cULus Listed|ENERGY STAR 3845045|FCC Approved|RoHS Compliant,"Prop65 Warning: This product can expose you to chemicals including Lead, which is known to the State of California to cause cancer and birth defects or other reproductive harm. For more information go to www.P65Warnings.ca.gov.",,,High Lumen Retrofit Downlight,Collection,,,Fixture Wattage,12.5,W,Voltage Rating,120,V,Amperage Rating,0.104,A,Frequency Rating,60,Hz,Fixture Style,Round,,Number of Bulbs,,,Bulb Type,LED,,Bulb Wattage,,,Bulb Base,E26,,Lumens,1100,Lumens,Color Temperature,"2700 K, 3000 K, 3500 K, 4000 K, 5000 K",,Color Rendering Index (CRI),90+,,Dimmable/Non-Dimmable,Dimmable,,Recessed Trim Type,,,Ceiling Opening Size,5 to 6,in,Lens Type,Matte Frosted,,Lens Material,Polycarbonate,,Fixture Material,Steel,,Fixture Finish,White,,Mounting Type,,,Enclosure Type,,,Dimensions,7.36 in Dia,,Bulb Included,Yes,,Additional Information,"Air-Tight, IC Rated, 100 deg Beam Angle, Warm White to Natural Light Color",,,,,,,,,,,,,,,,,,,,,,,,,,,,,,,,,,,,,,,,,,,,,,,,,,,,,,,,,,,,,,,,,,,,,,,,,,,,,045923116469,,,,5 Year,,,,12/CS,25,in,8.86,in,11.81,in,10.69,lb,1.513,cu-in,SATCO_S11646.jpg,SATCO_S11646_1.jpg,SATCO_S11646_2.jpg,SATCO_S11646_3.jpg,SATCO_S11646_4.jpg,,,,,SATCO_S11646_Specification_Sheet.pdf,SATCO_S11646_Instruction_Installation_Manual.pdf,,,,,,,,,,,,,,,,,Yes
https://www.satco.com/products/S11801R1,,,,,,22011381,Electrical,Lights / Fans,Ceiling Lights,1516715,S11801R1,"S11801R1 6"" Led Downlight Wh",-- Unbranded --,-- No Unilog Brand --,-- No DIB Brand --,Satco Prod Inc (5573),"Satco Products, Inc",SATCO®,,S11801R1,9WLED/RDL/5-6/5CCT-SEL/RD,Electrical>Lamps & Lightings>Indoor Lighting>Recessed Lighting>Recessed Lighting Fixtures,"SATCO, Retrofit Downlight, S11801R1, 9W Fixture, 120V, LED Bulb",DOWNLIGHT RETROFIT 9W 120V LED 800LUMENS,"SATCO® S11801R1 Retrofit Downlight, 9 W Fixture, 120 V, LED Bulb, 800 Lumens, Steel Fixture, White Fixture","SATCO® Retrofit Downlight, 9 W Fixture Wattage, 120 V, 0.075 A, 60 Hz, Round Fixture Style, LED Bulb, E26 Bulb Base, 800 Lumens, 2700 K, 3000 K, 3500 K, 4000 K, 5000 K, 90+ CRI, Dimmable, 5 to 6 in Ceiling Opening, Frosted Lens, Polycarbonate Lens, Steel Fixture, White Fixture, 7.4 in Dia, Yes Bulb Included, Additional Information: Air-Tight, IC Rated, 90 deg Beam Angle, Warm White to Natural Light Color","Retrofit Downlight, 9 W Fixture, 120 V, LED Bulb, 800 Lumens, Steel Fixture, White Fixture",,9 Watt LED Downlight Retrofit,5-6 Inches,CCT Selectable,Round,White Finish,120 Volt,,,,,,,,,,,,,,,,California Title 20 Exempt|California T24 Exempt|cETLus Listed|ENERGY STAR 4587324|FCC Approved|RoHS Compliant,"Prop65 Warning: This product can expose you to chemicals including Lead, which is known to the State of California to cause cancer and birth defects or other reproductive harm. For more information go to www.P65Warnings.ca.gov.",,,Retrofit Downlight,Collection,,,Fixture Wattage,9,W,Voltage Rating,120,V,Amperage Rating,0.075,A,Frequency Rating,60,Hz,Fixture Style,Round,,Number of Bulbs,,,Bulb Type,LED,,Bulb Wattage,,,Bulb Base,E26,,Lumens,800,Lumens,Color Temperature,"2700 K, 3000 K, 3500 K, 4000 K, 5000 K",,Color Rendering Index (CRI),90+,,Dimmable/Non-Dimmable,Dimmable,,Recessed Trim Type,,,Ceiling Opening Size,5 to 6,in,Lens Type,Frosted,,Lens Material,Polycarbonate,,Fixture Material,Steel,,Fixture Finish,White,,Mounting Type,,,Enclosure Type,,,Dimensions,7.4 in Dia,,Bulb Included,Yes,,Additional Information,"Air-Tight, IC Rated, 90 deg Beam Angle, Warm White to Natural Light Color",,,,,,,,,,,,,,,,,,,,,,,,,,,,,,,,,,,,,,,,,,,,,,,,,,,,,,,,,,,,,,,,,,,,,,,,,,,,,045923947766,,,,5 Year,,,,8/CS,15.94,in,9.25,in,10.43,in,7.97,lb,0.89,cu-in,SATCO_S11801R1.jpg,SATCO_S11801R1_1.jpg,SATCO_S11801R1_2.jpg,SATCO_S11801R1_3.jpg,SATCO_S11801R1_4.jpg,,,,,SATCO_S11801R1_Specification_Sheet.pdf,SATCO_S11801R1_Instruction_Installation_Manual.pdf,,,,,,,,,,,,,,,,,Yes
https://www.satco.com/products/S11848,,,,,,22011396,Electrical,Lights / Fans,Ceiling Lights,1517084,S11848,"S11848 10"" Down Light Wh",-- Unbranded --,-- No Unilog Brand --,-- No DIB Brand --,Satco Prod Inc (5573),"Satco Products, Inc",SATCO®,,S11848,30WLED/DW/10/CCT/RND/FL/DD,Electrical>Lamps & Lightings>Indoor Lighting>Recessed Lighting>Recessed Lighting Fixtures,"SATCO, Direct Wire Downlight, S11848, 30W Fixture, 120 to 277V, LED Bulb",DOWNLIGHT W DIR 30W 120 TO 277V LED STL,"SATCO® S11848 Direct Wire Downlight, 30 W Fixture, 120 to 277 V, LED Bulb, 3000 Lumens, Flat Face Recessed Trim","SATCO® Direct Wire Downlight, 30 W Fixture Wattage, 120 to 277 V, 0.28 A, 50/60 Hz, Round Fixture Style, LED Bulb, 3000 Lumens, 2700 K, 3000 K, 3500 K, 4000 K, 5000 K, 90+ CRI, Dimmable, Flat Face Recessed Trim, 10 in Ceiling Opening, Matte Frosted Lens, Polycarbonate Lens, Steel Fixture, White Fixture, 10.94 in Dia, Yes Bulb Included, Additional Information: Air-Tight, IC Rated, 110 deg Beam Angle, Warm White to Natural Light Color, Remote Driver","Direct Wire Downlight, 30 W Fixture, 120 to 277 V, LED Bulb, 3000 Lumens, Flat Face Recessed Trim",,30 Watt,10 Inch LED Direct Wire Downlight,Remote Driver,CCT Selectable,Dual Dimming,Flat Face,Round,White Finish,,,,,,,,,,,,,,California Title 20 Exempt|California T24 Exempt|cETLus Listed|ENERGY STAR 3994414|FCC Approved|RoHS Compliant,"Prop65 Warning: This product can expose you to chemicals including Lead, which is known to the State of California to cause cancer and birth defects or other reproductive harm. For more information go to www.P65Warnings.ca.gov.",,,Direct Wire Downlight,Collection,,,Fixture Wattage,30,W,Voltage Rating,120 to 277,V,Amperage Rating,0.28,A,Frequency Rating,50/60,Hz,Fixture Style,Round,,Number of Bulbs,,,Bulb Type,LED,,Bulb Wattage,,,Bulb Base,,,Lumens,3000,Lumens,Color Temperature,"2700 K, 3000 K, 3500 K, 4000 K, 5000 K",,Color Rendering Index (CRI),90+,,Dimmable/Non-Dimmable,Dimmable,,Recessed Trim Type,Flat Face,,Ceiling Opening Size,10,in,Lens Type,Matte Frosted,,Lens Material,Polycarbonate,,Fixture Material,Steel,,Fixture Finish,White,,Mounting Type,,,Enclosure Type,,,Dimensions,10.94 in Dia,,Bulb Included,Yes,,Additional Information,"Air-Tight, IC Rated, 110 deg Beam Angle, Warm White to Natural Light Color, Remote Driver",,,,,,,,,,,,,,,,,,,,,,,,,,,,,,,,,,,,,,,,,,,,,,,,,,,,,,,,,,,,,,,,,,,,,,,,,,,,,045923118487,,,,5 Year,,,,12/CS,23.94,in,11.81,in,18.74,in,36.46,lb,3.066,cu-in,SATCO_S11848.jpg,SATCO_S11848_1.jpg,SATCO_S11848_2.jpg,SATCO_S11848_3.jpg,SATCO_S11848_4.jpg,,,,,SATCO_S11848_Specification_Sheet.pdf,SATCO_S11848_Instruction_Installation_Manual.pdf,,,,,,,,,,,,,,,,,Yes
https://www.satco.com/products/S11849,,,,,,22011397,Electrical,Lights / Fans,Ceiling Lights,1517083,S11849,"S11849 12"" Down Light Wh",-- Unbranded --,-- No Unilog Brand --,-- No DIB Brand --,Satco Prod Inc (5573),"Satco Products, Inc",SATCO®,,S11849,38WLED/DW/12/CCT/RND/FL/DD,Electrical>Lamps & Lightings>Indoor Lighting>Recessed Lighting>Recessed Lighting Fixtures,"SATCO, Direct Wire Downlight, S11849, 38W Fixture, 120 to 277V, LED Bulb",DOWNLIGHT W DIR 38W 120 TO 277V LED STL,"SATCO® S11849 Direct Wire Downlight, 38 W Fixture, 120 to 277 V, LED Bulb, 4000 Lumens, Flat Face Recessed Trim","SATCO® Direct Wire Downlight, 38 W Fixture Wattage, 120 to 277 V, 0.36 A, 50/60 Hz, Round Fixture Style, LED Bulb, 4000 Lumens, 2700 K, 3000 K, 3500 K, 4000 K, 5000 K, 90+ CRI, Dimmable, Flat Face Recessed Trim, 12 in Ceiling Opening, Matte Frosted Lens, Polycarbonate Lens, Steel Fixture, White Fixture, 13.03 in Dia, Yes Bulb Included, Additional Information: Air-Tight, IC Rated, 110 deg Beam Angle, Warm White to Natural Light Color, Remote Driver","Direct Wire Downlight, 38 W Fixture, 120 to 277 V, LED Bulb, 4000 Lumens, Flat Face Recessed Trim",,38 Watt,12 Inch LED Direct Wire Downlight,Remote Driver,CCT Selectable,Dual Dimming,Flat Face,Round,White Finish,,,,,,,,,,,,,,California Title 20 Exempt|California T24 Exempt|cETLus Listed|FCC Approved|RoHS Compliant,"Prop65 Warning: This product can expose you to chemicals including Lead, which is known to the State of California to cause cancer and birth defects or other reproductive harm. For more information go to www.P65Warnings.ca.gov.",,,Direct Wire Downlight,Collection,,,Fixture Wattage,38,W,Voltage Rating,120 to 277,V,Amperage Rating,0.36,A,Frequency Rating,50/60,Hz,Fixture Style,Round,,Number of Bulbs,,,Bulb Type,LED,,Bulb Wattage,,,Bulb Base,,,Lumens,4000,Lumens,Color Temperature,"2700 K, 3000 K, 3500 K, 4000 K, 5000 K",,Color Rendering Index (CRI),90+,,Dimmable/Non-Dimmable,Dimmable,,Recessed Trim Type,Flat Face,,Ceiling Opening Size,12,in,Lens Type,Matte Frosted,,Lens Material,Polycarbonate,,Fixture Material,Steel,,Fixture Finish,White,,Mounting Type,,,Enclosure Type,,,Dimensions,13.03 in Dia,,Bulb Included,Yes,,Additional Information,"Air-Tight, IC Rated, 110 deg Beam Angle, Warm White to Natural Light Color, Remote Driver",,,,,,,,,,,,,,,,,,,,,,,,,,,,,,,,,,,,,,,,,,,,,,,,,,,,,,,,,,,,,,,,,,,,,,,,,,,,,045923118494,,,,5 Year,,,,8/CS,24.8,in,13.86,in,14.17,in,29.13,lb,2.818,cu-in,SATCO_S11849.jpg,SATCO_S11849_1.jpg,SATCO_S11849_2.jpg,SATCO_S11849_3.jpg,SATCO_S11849_4.jpg,,,,,SATCO_S11849_Specification_Sheet.pdf,SATCO_S11849_Instruction_Installation_Manual.pdf,,,,,,,,,,,,,,,,,Yes
https://www.cooperlighting.com/global/brands/halo/11878886/hlb-slim-smooth-lens-canless-led-downlights/hlbsl609fs5,,,,,,22101572,Electrical,Lights / Fans,Recessed / Can Lights,514114,HLBSL609FS5,"HLBSL609FS5 6"" Down Light",-- Unbranded --,-- No Unilog Brand --,-- No DIB Brand --,Cooper Lighting (7638),Cooper Lighting LLC,HALO,,HLBSL609FS5,,Electrical>Lamps & Lightings>Indoor Lighting>Recessed Lighting>Recessed Lighting Fixtures,"Cooper Lighting LLC HALO, Canless Downlight, HLBSL609FS5, 120, LED Bulb",DOWNLIGHT CANLESS 10.8 TO 11.3W 120 LED,"HALO HLBSL609FS5 Canless Downlight With Remote Driver/Junction Box, 10.8 to 11.3 W Fixture, 120, LED Bulb","HALO Canless Downlight, 10.8 to 11.3 W Fixture Wattage, 120, 0.096 A, 60 Hz, Slim Canless Fixture Style, LED Bulb, 915 to 940 Lumens, 2700 K, 3000 K, 3500 K, 4000 K, 5000 K, 93 CRI, Dimmable, Slim Dead Front Recessed Trim, 4-1/4 in Ceiling Opening, Smooth Diffuse Lens, Polymer Lens, Plastic Fixture, Matte White Fixture, Ceiling, Recessed Mounting, IP44 Enclosure, 6.62 in Dia x 6.5 in H","Canless Downlight, 10.8 to 11.3 W Fixture, 120, LED Bulb, 915 to 940 Lumens, Slim Dead Front Recessed Trim",,"Round 6"" slim canless LED downlights","1/2-inch thin fixture installs virtually anywhere and mounts directly to the ceiling, no housing required",Lens & Trim: Slim polymer dead front trim with smooth diffuse lens,"Color Temperature (CCT): 5-color Field-SeleCCTable (27/30/35/40/5000K), 90 plus CRI",Brightness (Lumens): 900 lm (nominal),"Dimming: Dims to 10% (phase cut LE/TE), 120V input",Includes IC-rated fixture and remote driver / junction box (Does not include Slide-N-Side wire traps),"Accessories Include: New Construction Mounting Frames, Decorative Overlays, and Extension Cables (sold separately)",Wet location-listed: For all application including showers and covered outdoor spaces,"AIR-TITE, IC-Rated, and ENERGY STAR(R) certified","35,000 hrs of maintenance-free operation",5-year warranty,,,,,,,,,With Remote Driver/Junction Box,"ASTM-E283-04|cULus Listed|ENERGY STAR Certified|FCC 47CFR Part 15|IECC Compliant|IES LM-79-08|IES LM-80-08, TM-21-11 |RoHS Compliant",,Residential Applications,,Canless Downlight,Collection,,,Fixture Wattage,10.8 to 11.3,W,Voltage Rating,120,,Amperage Rating,0.096,A,Frequency Rating,60,Hz,Fixture Style,Slim Canless,,Number of Bulbs,,,Bulb Type,LED,,Bulb Wattage,,,Bulb Base,,,Lumens,915 to 940,Lumens,Color Temperature,"2700 K, 3000 K, 3500 K, 4000 K, 5000 K",,Color Rendering Index (CRI),93,,Dimmable/Non-Dimmable,Dimmable,,Recessed Trim Type,Slim Dead Front,,Ceiling Opening Size,4-1/4,in,Lens Type,Smooth Diffuse,,Lens Material,Polymer,,Fixture Material,Plastic,,Fixture Finish,Matte White,,Mounting Type,"Ceiling, Recessed",,Enclosure Type,IP44,,Dimensions,6.62 in Dia x 6.5 in H,,Bulb Included,,,Additional Information,,,,,,,,,,,,,,,,,,,,,,,,,,,,,,,,,,,,,,,,,,,,,,,,,,,,,,,,,,,,,,,,,,,,,,,,,,,,,,,,,,5 Year Limited,,,,,,,,,,,,,,,HALO_HLBSL609FS5.jpg,,,,,,,,,HALO_HLBSL609FS5_Specification_Sheet.pdf,HALO_HLBSL609FS5_Instruction_Installation_Manual.pdf,,,,,,,,,,,,,,,,,Yes
https://www.acuitybrands.com/products/detail/2305786/juno/semi-regressed-wafert-downlight/4in-6in-semi-regressed-canless-downlight,,,,,,25286133,Electrical,Lights / Fans,Ceiling Lights,1516539,WF4REGSWW590CRIMW,"WF4REGSWW590CRIMW 4"" Down Light",-- Unbranded --,-- No Unilog Brand --,-- No DIB Brand --,Lithonia Lighting (2776),Acuity Brands,Lithonia Lighting®,,WF4REGSWW590CRIMW,,Electrical>Lamps & Lightings>Indoor Lighting>Recessed Lighting>Recessed Lighting Fixtures,"Acuity Brands Lithonia Lighting, Semi-Regressed Wafer Downlight, 9W Fixture",DOWNLIGHT WAFER™ SEMI-REGRESSED 9W,"Lithonia Lighting® Contractor Select™ WF4REGSWW590CRIMW Semi-Regressed Wafer™ Downlight, 9 W Fixture, 120, LED Bulb","Lithonia Lighting® Semi-Regressed Wafer™ Downlight, Contractor Select™ Collection, 9 W Fixture Wattage, 120, 60 Hz, Canless, Wafer Fixture Style, LED Bulb, 650 Lumens, 2700 K, 3000 K, 3500 K, 4000 K, 5000 K, 90 CRI, Dimmable, Round Baffle Recessed Trim, 4-1/4 in Ceiling Opening, Regressed Lens, Polycarbonate Lens, Aluminum Fixture, Matte White Fixture, Recessed Mounting, 5 in Dia x 1.4 in H, Yes Bulb Included, Additional Information: 4 in Trim Size","Contractor Select™ Semi-Regressed Wafer™ Downlight, 9 W Fixture, 120, LED Bulb, 650 Lumens, Aluminum Fixture","The 4-inch and 6-inch Semi-Regressed Wafer™ Downlights feature a slim, canless design that installs directly into the ceiling eliminating the need for traditional recessed housings. Both the fixture and driver box are IC rated which allows them to be installed in direct contact with insulation, plus, they can fit into as little as 3"" of plenum. Our Semi-Regressed Wafer features a switch allowing you to choose from five (5) color temperature options during installation. Once installed, its' crisp, baffle trim provides 1/2"" regression that aids in reducing glare & shadows at the ceiling plane to create a comfortable, glare-free space. They are wet location listed & perfect for both renovation and new construction applications making them ideal for use in a breadth of indoor and outdoor residential, hospitality, light commercial and multifamily spaces.",Regressed lens and baffle trim designed to distribute precise even illumination for general purpose areas,Canless - no can required; equals easy to install and less labor,5 selectable color temperatures to choose with a switch ranging from warm (2700K) to daylight (5000K) allowing customization for endless applications,,,,,,,,,,,,,,,,,,,ASTM E283-2004|California Title 24 Part 6|cCSAus Certified|ENERGY STAR Certified|NOM Certified,,,,Semi-Regressed Wafer™ Downlight,Collection,Contractor Select™,,Fixture Wattage,9,W,Voltage Rating,120,,Amperage Rating,,,Frequency Rating,60,Hz,Fixture Style,"Canless, Wafer",,Number of Bulbs,,,Bulb Type,LED,,Bulb Wattage,,,Bulb Base,,,Lumens,650,Lumens,Color Temperature,"2700 K, 3000 K, 3500 K, 4000 K, 5000 K",,Color Rendering Index (CRI),90,,Dimmable/Non-Dimmable,Dimmable,,Recessed Trim Type,Round Baffle,,Ceiling Opening Size,4-1/4,in,Lens Type,Regressed,,Lens Material,Polycarbonate,,Fixture Material,Aluminum,,Fixture Finish,Matte White,,Mounting Type,Recessed,,Enclosure Type,,,Dimensions,5 in Dia x 1.4 in H,,Bulb Included,Yes,,Additional Information,4 in Trim Size,,,,,,,,,,,,,,,,,,,,,,,,,,,,,,,,,,,,,,,,,,,,,,,,,,,,,,,,,,,,,,,,,,,,,,,,,,,,,,,,,5 Year Limited,,,,,,,,,,,,,,,Lithonia_Lighting_WF4REGSWW590CRIMW.jpg,Lithonia_Lighting_WF4REGSWW590CRIMW_1.jpg,Lithonia_Lighting_WF4REGSWW590CRIMW_2.jpg,Lithonia_Lighting_WF4REGSWW590CRIMW_3.jpg,Lithonia_Lighting_WF4REGSWW590CRIMW_4.jpg,,,,,Lithonia_Lighting_WF4REGSWW590CRIMW_Specification_Sheet.pdf,Lithonia_Lighting_WF4REGSWW590CRIMW_Instruction_Installation_Manual.pdf,,,,,,,,,,,,,,,,,Yes
https://www.satco.com/products/62-1777,,,,,,22010601,Electrical,Lights / Fans,Ceiling Lights,1506508,62-1777,"62-1777 15"" Ceiling Lt Wh",-- Unbranded --,-- No Unilog Brand --,-- No DIB Brand --,Satco Prod Inc (5573),"Satco Products, Inc",NUVO® by SATCO,,62-1777,Blink Pro Plus,Electrical>Lamps & Lightings>Indoor Lighting>Surface-Mount Fixtures,"Satco Products, Inc NUVO by SATCO, Fixture, 62-1777, 29W Fixture, 120/277V",FIXTURE 29W 120/277V LED FROSTED AL WHT,"NUVO® by SATCO 62-1777 Fixture, 29 W Fixture, 120/277 V, LED Bulb, 2200 to 2320 Lumens, Frosted Lens","NUVO® by SATCO Fixture, 29 W Fixture Wattage, 120/277 V, 0.242/0.105 A, 60 Hz, Contemporary Fixture Style, Round Fixture, LED Bulb, 2200 to 2320 Lumens, 2700 K, 3000 K, 3500 K, 4000 K, 5000 K, 90+ CRI, 50000 hr Average Life, Dimmable, Frosted Lens, PMMA Lens, Aluminum Fixture, White Fixture, 15 in Dia, Yes Bulb Included, Additional Information: 110 deg Beam Angle, Warm White to Natural Light Color, Surface-Mount","Fixture, 29 W Fixture, 120/277 V, LED Bulb, 2200 to 2320 Lumens, 2700 K, 3000 K, 3500 K, 4000 K, 5000 K",,Blink Pro Plus,29 Watt,15 in.,Surface Mount LED,CCT Selectable,90 CRI,White Finish,120/277 Volt,Round Shape,,,,,,,,,,,,,California T24|cETLus Listed|FCC Approved|RoHS Compliant|Title 20 Exempt,"Prop65 Warning: This product can expose you to chemicals including Lead, which is known to the State of California to cause cancer and birth defects or other reproductive harm. For more information go to www.P65Warnings.ca.gov.",,,Fixture,Collection,,,Fixture Wattage,29,W,Voltage Rating,120/277,V,Amperage Rating,0.242/0.105,A,Frequency Rating,60,Hz,Fixture Style,Contemporary,,Fixture Shape,Round,,Bulb Type,LED,,Bulb Wattage,,,Bulb Base,,,Number of Bulbs,,,Lumens,2200 to 2320,Lumens,Color Temperature,"2700 K, 3000 K, 3500 K, 4000 K, 5000 K",,Color Rendering Index (CRI),90+,,Average Life,50000,hr,Dimmable/Non-Dimmable,Dimmable,,Lens Type,Frosted,,Lens Material,PMMA,,Fixture Material,Aluminum,,Fixture Finish,White,,Backplate/Canopy Size,,,Enclosure Type,,,Dimensions,15 in Dia,,Bulb Included,Yes,,Additional Information,"110 deg Beam Angle, Warm White to Natural Light Color, Surface-Mount",,,,,,,,,,,,,,,,,,,,,,,,,,,,,,,,,,,,,,,,,,,,,,,,,,,,,,,,,,,,,,,,,,,,,,,,,,,,,045923613067,,,,5 Year,,,,6/CS,15.75,in,15.94,in,8.27,in,29.78,lb,1.201,cu-in,NUVO_by_SATCO_62_1777.jpg,NUVO_by_SATCO_62_1777_1.jpg,NUVO_by_SATCO_62_1777_2.jpg,NUVO_by_SATCO_62_1777_3.jpg,NUVO_by_SATCO_62_1777_4.jpg,,,,,NUVO_by_SATCO_62_1777_Specification_Sheet.pdf,NUVO_by_SATCO_62_1777_Instruction_Installation_Manual.pdf,,,,,,,,,,,,,,,,,Yes
https://www.satco.com/products/62-1778,,,,,,22010602,Electrical,Lights / Fans,Ceiling Lights,1506510,62-1778,"62-1778 19"" Ceiling Lt Wh",-- Unbranded --,-- No Unilog Brand --,-- No DIB Brand --,Satco Prod Inc (5573),"Satco Products, Inc",NUVO® by SATCO,,62-1778,Blink Pro Plus,Electrical>Lamps & Lightings>Indoor Lighting>Surface-Mount Fixtures,"Satco Products, Inc NUVO by SATCO, Fixture, 62-1778, 34W Fixture, 120/277V",FIXTURE 34W 120/277V LED FROSTED AL WHT,"NUVO® by SATCO 62-1778 Fixture, 34 W Fixture, 120/277 V, LED Bulb, 2600 to 2740 Lumens, Frosted Lens","NUVO® by SATCO Fixture, 34 W Fixture Wattage, 120/277 V, 0.283/0.123 A, 60 Hz, Contemporary Fixture Style, Round Fixture, LED Bulb, 2600 to 2740 Lumens, 2700 K, 3000 K, 3500 K, 4000 K, 5000 K, 90+ CRI, 50000 hr Average Life, Dimmable, Frosted Lens, PMMA Lens, Aluminum Fixture, White Fixture, 19 in Dia, Yes Bulb Included, Additional Information: 110 deg Beam Angle, Warm White to Natural Light Color, Surface-Mount","Fixture, 34 W Fixture, 120/277 V, LED Bulb, 2600 to 2740 Lumens, 2700 K, 3000 K, 3500 K, 4000 K, 5000 K",,Blink Pro Plus,34 Watt,19 in.,Surface Mount LED,CCT Selectable,90 CRI,White Finish,120/277 Volt,Round Shape,,,,,,,,,,,,,California T24|cETLus Listed|FCC Approved|RoHS Compliant|Title 20 Exempt,"Prop65 Warning: This product can expose you to chemicals including Lead, which is known to the State of California to cause cancer and birth defects or other reproductive harm. For more information go to www.P65Warnings.ca.gov.",,,Fixture,Collection,,,Fixture Wattage,34,W,Voltage Rating,120/277,V,Amperage Rating,0.283/0.123,A,Frequency Rating,60,Hz,Fixture Style,Contemporary,,Fixture Shape,Round,,Bulb Type,LED,,Bulb Wattage,,,Bulb Base,,,Number of Bulbs,,,Lumens,2600 to 2740,Lumens,Color Temperature,"2700 K, 3000 K, 3500 K, 4000 K, 5000 K",,Color Rendering Index (CRI),90+,,Average Life,50000,hr,Dimmable/Non-Dimmable,Dimmable,,Lens Type,Frosted,,Lens Material,PMMA,,Fixture Material,Aluminum,,Fixture Finish,White,,Backplate/Canopy Size,,,Enclosure Type,,,Dimensions,19 in Dia,,Bulb Included,Yes,,Additional Information,"110 deg Beam Angle, Warm White to Natural Light Color, Surface-Mount",,,,,,,,,,,,,,,,,,,,,,,,,,,,,,,,,,,,,,,,,,,,,,,,,,,,,,,,,,,,,,,,,,,,,,,,,,,,,045923613074,,,,5 Year,,,,6/CS,19.88,in,20.87,in,8.27,in,39.37,lb,1.985,cu-in,NUVO_by_SATCO_62_1778.jpg,NUVO_by_SATCO_62_1778_1.jpg,NUVO_by_SATCO_62_1778_2.jpg,NUVO_by_SATCO_62_1778_3.jpg,NUVO_by_SATCO_62_1778_4.jpg,,,,,NUVO_by_SATCO_62_1778_Specification_Sheet.pdf,NUVO_by_SATCO_62_1778_Instruction_Installation_Manual.pdf,,,,,,,,,,,,,,,,,Yes
https://www.satco.com/products/62-1784,,,,,,22010608,Electrical,Lights / Fans,Rope Lights,1514983,62-1784,62-1784 24x24 Led Ceiling Lt,-- Unbranded --,-- No Unilog Brand --,-- No DIB Brand --,Satco Prod Inc (5573),"Satco Products, Inc",NUVO® by SATCO,,62-1784,Blink Pro Plus,Electrical>Lamps & Lightings>Indoor Lighting>Surface-Mount Fixtures,"Satco Products, Inc NUVO by SATCO, Fixture, 62-1784, 47W Fixture, 120/277V",FIXTURE 47W 120/277V LED FROSTED AL BK,"NUVO® by SATCO 62-1784 Fixture, 47 W Fixture, 120/277 V, LED Bulb, 3550 to 3900 Lumens, Frosted Lens","NUVO® by SATCO Fixture, 47 W Fixture Wattage, 120/277 V, 0.392/0.17 A, 60 Hz, Contemporary Fixture Style, Square Fixture, LED Bulb, 3550 to 3900 Lumens, 2700 K, 3000 K, 3500 K, 4000 K, 5000 K, 90+ CRI, 50000 hr Average Life, Dimmable, Frosted Lens, PMMA Lens, Aluminum Fixture, Black Fixture, 24 in L x 24 in W, Yes Bulb Included, Additional Information: 110 deg Beam Angle, Warm White to Natural Light Color, Surface-Mount","Fixture, 47 W Fixture, 120/277 V, LED Bulb, 3550 to 3900 Lumens, 2700 K, 3000 K, 3500 K, 4000 K, 5000 K",,Blink Pro Plus,47 Watt,24 in. x 24 in.,Surface Mount LED,CCT Selectable,90 CRI,Black Finish,120/277 Volt,Square Shape,,,,,,,,,,,,,California T24|cETLus Listed|FCC Approved|RoHS Compliant|Title 20 Exempt,"Prop65 Warning: This product can expose you to chemicals including Lead, which is known to the State of California to cause cancer and birth defects or other reproductive harm. For more information go to www.P65Warnings.ca.gov.",,,Fixture,Collection,,,Fixture Wattage,47,W,Voltage Rating,120/277,V,Amperage Rating,0.392/0.17,A,Frequency Rating,60,Hz,Fixture Style,Contemporary,,Fixture Shape,Square,,Bulb Type,LED,,Bulb Wattage,,,Bulb Base,,,Number of Bulbs,,,Lumens,3550 to 3900,Lumens,Color Temperature,"2700 K, 3000 K, 3500 K, 4000 K, 5000 K",,Color Rendering Index (CRI),90+,,Average Life,50000,hr,Dimmable/Non-Dimmable,Dimmable,,Lens Type,Frosted,,Lens Material,PMMA,,Fixture Material,Aluminum,,Fixture Finish,Black,,Backplate/Canopy Size,,,Enclosure Type,,,Dimensions,24 in L x 24 in W,,Bulb Included,Yes,,Additional Information,"110 deg Beam Angle, Warm White to Natural Light Color, Surface-Mount",,,,,,,,,,,,,,,,,,,,,,,,,,,,,,,,,,,,,,,,,,,,,,,,,,,,,,,,,,,,,,,,,,,,,,,,,,,,,045923613135,,,,5 Year,,,,3/CS,24.61,in,25.59,in,4.33,in,34.97,lb,1.578,cu-in,NUVO_by_SATCO_62_1784.jpg,NUVO_by_SATCO_62_1784_1.jpg,NUVO_by_SATCO_62_1784_2.jpg,NUVO_by_SATCO_62_1784_3.jpg,NUVO_by_SATCO_62_1784_4.jpg,,,,,NUVO_by_SATCO_62_1784_Specification_Sheet.pdf,NUVO_by_SATCO_62_1784_Instruction_Installation_Manual.pdf,,,,,,,,,,,,,,,,,Yes
https://www.satco.com/products/62-1787,,,,,,22010611,Electrical,Lights / Fans,Ceiling Lights,1506509,62-1787,"62-1787 15"" Ceiling Lt Bk",-- Unbranded --,-- No Unilog Brand --,-- No DIB Brand --,Satco Prod Inc (5573),"Satco Products, Inc",NUVO® by SATCO,,62-1787,Blink Pro Plus,Electrical>Lamps & Lightings>Indoor Lighting>Surface-Mount Fixtures,"Satco Products, Inc NUVO by SATCO, Fixture, 62-1787, 29.5W Fixture",FIXTURE 29.5W 120/277V LED FROSTED AL BK,"NUVO® by SATCO 62-1787 Fixture, 29.5 W Fixture, 120/277 V, LED Bulb, 2100 to 2220 Lumens, Frosted Lens","NUVO® by SATCO Fixture, 29.5 W Fixture Wattage, 120/277 V, 0.246/0.106 A, 60 Hz, Contemporary Fixture Style, Round Fixture, LED Bulb, 2100 to 2220 Lumens, 2700 K, 3000 K, 3500 K, 4000 K, 5000 K, 90+ CRI, 50000 hr Average Life, Dimmable, Frosted Lens, PMMA Lens, Aluminum Fixture, Black Fixture, 15 in Dia, Yes Bulb Included, Additional Information: 110 deg Beam Angle, Warm White to Natural Light Color, Surface-Mount","Fixture, 29.5 W Fixture, 120/277 V, LED Bulb, 2100 to 2220 Lumens, 2700 K, 3000 K, 3500 K, 4000 K, 5000 K",,Blink Pro Plus,29.5 Watt,15 in.,Surface Mount LED,CCT Selectable,90 CRI,Black Finish,120/277 Volt,Round Shape,,,,,,,,,,,,,California T24|cETLus Listed|FCC Approved|RoHS Compliant|Title 20 Exempt,"Prop65 Warning: This product can expose you to chemicals including Lead, which is known to the State of California to cause cancer and birth defects or other reproductive harm. For more information go to www.P65Warnings.ca.gov.",,,Fixture,Collection,,,Fixture Wattage,29.5,W,Voltage Rating,120/277,V,Amperage Rating,0.246/0.106,A,Frequency Rating,60,Hz,Fixture Style,Contemporary,,Fixture Shape,Round,,Bulb Type,LED,,Bulb Wattage,,,Bulb Base,,,Number of Bulbs,,,Lumens,2100 to 2220,Lumens,Color Temperature,"2700 K, 3000 K, 3500 K, 4000 K, 5000 K",,Color Rendering Index (CRI),90+,,Average Life,50000,hr,Dimmable/Non-Dimmable,Dimmable,,Lens Type,Frosted,,Lens Material,PMMA,,Fixture Material,Aluminum,,Fixture Finish,Black,,Backplate/Canopy Size,,,Enclosure Type,,,Dimensions,15 in Dia,,Bulb Included,Yes,,Additional Information,"110 deg Beam Angle, Warm White to Natural Light Color, Surface-Mount",,,,,,,,,,,,,,,,,,,,,,,,,,,,,,,,,,,,,,,,,,,,,,,,,,,,,,,,,,,,,,,,,,,,,,,,,,,,,045923613166,,,,5 Year,,,,6/CS,15.75,in,15.94,in,8.27,in,29.78,lb,1.201,cu-in,NUVO_by_SATCO_62_1787.jpg,NUVO_by_SATCO_62_1787_1.jpg,NUVO_by_SATCO_62_1787_2.jpg,NUVO_by_SATCO_62_1787_3.jpg,NUVO_by_SATCO_62_1787_4.jpg,,,,,NUVO_by_SATCO_62_1787_Specification_Sheet.pdf,NUVO_by_SATCO_62_1787_Instruction_Installation_Manual.pdf,,,,,,,,,,,,,,,,,Yes
https://www.satco.com/products/62-1788,,,,,,22010612,Electrical,Lights / Fans,Ceiling Lights,1506511,62-1788,"62-1788 19"" Ceiling Lt Bk",-- Unbranded --,-- No Unilog Brand --,-- No DIB Brand --,Satco Prod Inc (5573),"Satco Products, Inc",NUVO® by SATCO,,62-1788,Blink Pro Plus,Electrical>Lamps & Lightings>Indoor Lighting>Surface-Mount Fixtures,"Satco Products, Inc NUVO by SATCO, Fixture, 62-1788, 34W Fixture, 120/277V",FIXTURE 34W 120/277V LED FROSTED AL BK,"NUVO® by SATCO 62-1788 Fixture, 34 W Fixture, 120/277 V, LED Bulb, 2500 to 2640 Lumens, Frosted Lens","NUVO® by SATCO Fixture, 34 W Fixture Wattage, 120/277 V, 0.283/0.123 A, 60 Hz, Contemporary Fixture Style, Round Fixture, LED Bulb, 2500 to 2640 Lumens, 2700 K, 3000 K, 3500 K, 4000 K, 5000 K, 90+ CRI, 50000 hr Average Life, Dimmable, Frosted Lens, PMMA Lens, Aluminum Fixture, Black Fixture, 19 in Dia, Yes Bulb Included, Additional Information: 110 deg Beam Angle, Warm White to Natural Light Color, Surface-Mount","Fixture, 34 W Fixture, 120/277 V, LED Bulb, 2500 to 2640 Lumens, 2700 K, 3000 K, 3500 K, 4000 K, 5000 K",,Blink Pro Plus,34 Watt,19 in.,Surface Mount LED,CCT Selectable,90 CRI,Black Finish,120/277 Volt,Round Shape,,,,,,,,,,,,,California T24|cETLus Listed|FCC Approved|RoHS Compliant|Title 20 Exempt,"Prop65 Warning: This product can expose you to chemicals including Lead, which is known to the State of California to cause cancer and birth defects or other reproductive harm. For more information go to www.P65Warnings.ca.gov.",,,Fixture,Collection,,,Fixture Wattage,34,W,Voltage Rating,120/277,V,Amperage Rating,0.283/0.123,A,Frequency Rating,60,Hz,Fixture Style,Contemporary,,Fixture Shape,Round,,Bulb Type,LED,,Bulb Wattage,,,Bulb Base,,,Number of Bulbs,,,Lumens,2500 to 2640,Lumens,Color Temperature,"2700 K, 3000 K, 3500 K, 4000 K, 5000 K",,Color Rendering Index (CRI),90+,,Average Life,50000,hr,Dimmable/Non-Dimmable,Dimmable,,Lens Type,Frosted,,Lens Material,PMMA,,Fixture Material,Aluminum,,Fixture Finish,Black,,Backplate/Canopy Size,,,Enclosure Type,,,Dimensions,19 in Dia,,Bulb Included,Yes,,Additional Information,"110 deg Beam Angle, Warm White to Natural Light Color, Surface-Mount",,,,,,,,,,,,,,,,,,,,,,,,,,,,,,,,,,,,,,,,,,,,,,,,,,,,,,,,,,,,,,,,,,,,,,,,,,,,,045923613173,,,,5 Year,,,,6/CS,19.88,in,20.87,in,8.27,in,39.37,lb,1.985,cu-in,NUVO_by_SATCO_62_1788.jpg,NUVO_by_SATCO_62_1788_1.jpg,NUVO_by_SATCO_62_1788_2.jpg,NUVO_by_SATCO_62_1788_3.jpg,NUVO_by_SATCO_62_1788_4.jpg,,,,,NUVO_by_SATCO_62_1788_Specification_Sheet.pdf,NUVO_by_SATCO_62_1788_Instruction_Installation_Manual.pdf,,,,,,,,,,,,,,,,,Yes
https://www.kichler.com/products/indoor-lighting/wall-sconces/kavi-wall-sconce-55209ni,,,,,,25286467,Electrical,Lights / Fans,Kichler Wall,K55209NI,55209NI,55209NI Kichler Wall Sconce,-- Unbranded --,-- No Unilog Brand --,-- No DIB Brand --,Kichler Lighting (KICLI),The L.D. Kichler Co,Kichler®,,55209NI,,Electrical>Lamps & Lightings>Indoor Lighting>Wall Sconces,"Kichler, Wall Sconce, Kavi, 55209NI, 75W Fixture, 120V, T10 Bulb",SCONCE WALL 75W 120V T10 1 CLEAR GL STL,"Kichler® Kavi 55209NI Wall Sconce, 75 W Fixture, 120 V, T10 Bulb, 1-Bulb, Clear Glass Lens, Steel Fixture","Kichler® Wall Sconce, Kavi Collection, 75 W Fixture Wattage, 120 V, Modern Fixture Style, Cylinder Fixture, T10 Bulb, 75 W Bulb Wattage, E26 Medium Bulb Base, 1 Bulbs, Dimmable, Clear Glass Lens, Glass Lens, Steel Fixture, Brushed Nickel Fixture, Wall Mounting, 5 in W x 1 in D, 13 in H x 5 in W x 6 in D, No Bulb Included, Additional Information: 6 in L Lead Wire","Kavi Wall Sconce, 75 W Fixture, 120 V, T10 Bulb, 1-Bulb, Clear Glass Lens, Steel Fixture, Brushed Nickel Fixture","The Kavi 1-light wall sconce is as versatile as can be. This fixture features elegant, sleek curves and fluted fine socket detailing to complement any bath space. Its clear glass offers ample lighting to the entire room and its European flare makes it the ultimate addition to soft modern environments.","Kavi's elegant, sleek curves and fine socket detailing are the ultimate complement to soft modern environments",Its clear glass provides ample lighting to the entire room,"A warm-toned silver finish with a brushed texture, brushed nickel offers an interesting interaction of light and shadow",Durable steel frame improves the fixture's stability,"Great for a bathroom, powder room, kitchen, hallway, bedroom, or flanking a fireplace","Takes 1 Clear E26 up to 75W bulb or equivalent LED bulb (not included); dimmable when used with dimmer switch (sold separately); when using LED bulbs, see bulb manufacturer dimming specifications",Glass is removable for ease of cleaning,Must be installed horizontally; glass can be installed up or down,,,,,,,,,,,,,,,,,"(1) Glass Shade, (1) Mounting Hardware Bag and (1) Glass Mounting Tool",Wall Sconce,Collection,Kavi,,Fixture Wattage,75,W,Voltage Rating,120,V,Amperage Rating,,,Frequency Rating,,,Fixture Style,Modern,,Fixture Shape,Cylinder,,Bulb Type,T10,,Bulb Wattage,75,W,Bulb Base,E26 Medium,,Number of Bulbs,1,,Lumens,,,Color Temperature,,,Color Rendering Index (CRI),,,Average Life,,,Dimmable/Non-Dimmable,Dimmable,,Lens Type,Clear Glass,,Lens Material,Glass,,Fixture Material,Steel,,Fixture Finish,Brushed Nickel,,Mounting Type,Wall,,Backplate/Canopy Size,5 in W x 1 in D,,Enclosure Type,,,Dimensions,13 in H x 5 in W x 6 in D,,Bulb Included,No,,Additional Information,6 in L Lead Wire,,,,,,,,,,,,,,,,,,,,,,,,,,,,,,,,,,,,,,,,,,,,,,,,,,,,,,,,,,,,,,,,,,,,,,,,,,783927053839,,,,,,,,,,,,,,,,,,,Kichler_55209NI.jpg,Kichler_55209NI_1.jpg,Kichler_55209NI_2.jpg,Kichler_55209NI_3.jpg,Kichler_55209NI_4.jpg,,,,,Kichler_55209NI_Specification_Sheet.pdf,Kichler_55209NI_Instruction_Installation_Manual.pdf,,,,,,,,,,,,,,,,,Yes
https://www.satco.com/search/65-1210,,,,,,22010998,Electrical,Lights / Fans,Ceiling Lights,507584,65-1210,65-1210 2' LED Wrap Lt,-- Unbranded --,-- No Unilog Brand --,-- No DIB Brand --,Satco Prod Inc (5573),"Satco Products, Inc",NUVO® by SATCO,,65-1210,,Electrical>Lamps & Lightings>Indoor Lighting>Wraparound Lights,"Satco Products, Inc NUVO by SATCO, Wrap Fixture, 65-1210, 20W Fixture",FIXTURE WRAP 20W 120 TO 277V LED WHT STL,"NUVO® by SATCO 65-1210 Wrap Fixture, 20 W Fixture, 120 to 277 V, LED Bulb, 1600 to 1650 Lumens, White Lens","NUVO® by SATCO Wrap Fixture, 20 W Fixture Wattage, 120 to 277 V, 0.17 A, 50/60 Hz, Utility Fixture Style, Linear Fixture, LED Bulb, 1600 to 1650 Lumens, 2700 K, 3000 K, 3500 K, 4000 K, 5000 K, 90+ CRI, 50000 hr Average Life, Non-Dimmable, White Lens, Polycarbonate Lens, Steel Fixture, White Fixture, Ceiling Mounting, Yes Bulb Included, 2 ft L, Additional Information: 110 deg Beam Angle, Warm White to Natural Light Color","Wrap Fixture, 20 W Fixture, 120 to 277 V, LED Bulb, 1600 to 1650 Lumens, 2700 K, 3000 K, 3500 K, 4000 K, 5000 K",,LED 2 Foot Wrap,20 Watts,27K/30K/35K/40K/50K CCT Selectable,White Finish,120-277 Volt,,,,,,,,,,,,,,,,,ADA Compliant|California Title 20 Exempt|cETLus Listed|FCC Approved|NEC Reg: 410.16 (A)(3) and 410.16 (C)(5)|RoHS Compliant,"Prop65 Warning: This product can expose you to chemicals including Lead, which is known to the State of California to cause cancer and birth defects or other reproductive harm. For more information go to www.P65Warnings.ca.gov.",,,Wrap Fixture,Collection,,,Fixture Wattage,20,W,Voltage Rating,120 to 277,V,Amperage Rating,0.17,A,Frequency Rating,50/60,Hz,Fixture Style,Utility,,Fixture Shape,Linear,,Bulb Type,LED,,Bulb Wattage,,,Bulb Base,,,Number of Bulbs,,,Lumens,1600 to 1650,Lumens,Color Temperature,"2700 K, 3000 K, 3500 K, 4000 K, 5000 K",,Color Rendering Index (CRI),90+,,Average Life,50000,hr,Dimmable/Non-Dimmable,Non-Dimmable,,Lens Type,White,,Lens Material,Polycarbonate,,Fixture Material,Steel,,Fixture Finish,White,,Mounting Type,Ceiling,,Backplate/Canopy Size,,,Enclosure Type,,,Bulb Included,Yes,,Dimensions,2 ft L,,Additional Information,"110 deg Beam Angle, Warm White to Natural Light Color",,,,,,,,,,,,,,,,,,,,,,,,,,,,,,,,,,,,,,,,,,,,,,,,,,,,,,,,,,,,,,,,,,,,,,,,,,045923656408,,,,5 Year,,,,4/CS,25.39,in,6.3,in,11.81,in,11.32,lb,1.093,cu-in,NUVO_by_SATCO_65_1210.jpg,NUVO_by_SATCO_65_1210_1.jpg,NUVO_by_SATCO_65_1210_2.jpg,NUVO_by_SATCO_65_1210_3.jpg,NUVO_by_SATCO_65_1210_4.jpg,,,,,NUVO_by_SATCO_65_1210_Specification_Sheet.pdf,NUVO_by_SATCO_65_1210_Instruction_Installation_Manual.pdf,,,,,,,,,,,,,,,,,Yes
https://www.satco.com/products/65-1211,,,,,,22010999,Electrical,Lights / Fans,Ceiling Lights,529940,65-1211,65-1211 4' Led Wrap Light,-- Unbranded --,-- No Unilog Brand --,-- No DIB Brand --,Satco Prod Inc (5573),"Satco Products, Inc",NUVO® by SATCO,,65-1211,,Electrical>Lamps & Lightings>Indoor Lighting>Wraparound Lights,"Satco Products, Inc NUVO by SATCO, Wrap Fixture, 65-1211, 39W Fixture",FIXTURE WRAP 39W 120 TO 277V LED WHT STL,"NUVO® by SATCO 65-1211 Wrap Fixture, 39 W Fixture, 120 to 277 V, LED Bulb, 3200 to 3400 Lumens, White Lens","NUVO® by SATCO Wrap Fixture, 39 W Fixture Wattage, 120 to 277 V, 0.33 A, 50/60 Hz, Utility Fixture Style, Linear Fixture, LED Bulb, 3200 to 3400 Lumens, 2700 K, 3000 K, 3500 K, 4000 K, 5000 K, 90+ CRI, 50000 hr Average Life, Non-Dimmable, White Lens, Polycarbonate Lens, Steel Fixture, White Fixture, Ceiling Mounting, Yes Bulb Included, 4 ft L, Additional Information: 110 deg Beam Angle, Warm White to Natural Light Color","Wrap Fixture, 39 W Fixture, 120 to 277 V, LED Bulb, 3200 to 3400 Lumens, 2700 K, 3000 K, 3500 K, 4000 K, 5000 K",,LED 4 Foot Wrap,39 Watts,27K/30K/35K/40K/50K CCT Selectable,White Finish,120-277 Volt,,,,,,,,,,,,,,,,,ADA Compliant|California Title 20 Exempt|cETLus Listed|FCC Approved|NEC Reg: 410.16 (A)(3) and 410.16 (C)(5)|RoHS Compliant,"Prop65 Warning: This product can expose you to chemicals including Lead, which is known to the State of California to cause cancer and birth defects or other reproductive harm. For more information go to www.P65Warnings.ca.gov.",,,Wrap Fixture,Collection,,,Fixture Wattage,39,W,Voltage Rating,120 to 277,V,Amperage Rating,0.33,A,Frequency Rating,50/60,Hz,Fixture Style,Utility,,Fixture Shape,Linear,,Bulb Type,LED,,Bulb Wattage,,,Bulb Base,,,Number of Bulbs,,,Lumens,3200 to 3400,Lumens,Color Temperature,"2700 K, 3000 K, 3500 K, 4000 K, 5000 K",,Color Rendering Index (CRI),90+,,Average Life,50000,hr,Dimmable/Non-Dimmable,Non-Dimmable,,Lens Type,White,,Lens Material,Polycarbonate,,Fixture Material,Steel,,Fixture Finish,White,,Mounting Type,Ceiling,,Backplate/Canopy Size,,,Enclosure Type,,,Bulb Included,Yes,,Dimensions,4 ft L,,Additional Information,"110 deg Beam Angle, Warm White to Natural Light Color",,,,,,,,,,,,,,,,,,,,,,,,,,,,,,,,,,,,,,,,,,,,,,,,,,,,,,,,,,,,,,,,,,,,,,,,,,045923656644,,,,5 Year,,,,4/CS,48.23,in,6.3,in,11.81,in,19.87,lb,2.076,cu-in,NUVO_by_SATCO_65_1211.jpg,NUVO_by_SATCO_65_1211_1.jpg,NUVO_by_SATCO_65_1211_2.jpg,NUVO_by_SATCO_65_1211_3.jpg,NUVO_by_SATCO_65_1211_4.jpg,,,,,NUVO_by_SATCO_65_1211_Specification_Sheet.pdf,NUVO_by_SATCO_65_1211_Instruction_Installation_Manual.pdf,,,,,,,,,,,,,,,,,Yes
https://www.usa.lighting.philips.com/consumer/p/tubular-fluorescent/046677141462,,,,,,25284603,Electrical,120 Volt Bulbs / Ballasts,Fluorescent - Tube,505821,141465,"141465 15W Flor 18"" T12 27k",-- Unbranded --,-- No Unilog Brand --,Philips,Phillips Lighting (5831),Signify Holding,Philips,,141465,,Electrical>Lamps & Lightings>Light Bulbs>Fluorescent Light Bulbs,"Signify Holding Philips, Fluorescent Bulb, Retail Sales T12 Series, 141465",BULB FLUOR 15W 800LUMENS TUBE T12 3000K,"Philips Retail Sales T12 Series 141465 Fluorescent Bulb, 15 W, Tube, Medium Bi-Pin, Soft White, 3000 K, 800 Lumens","Philips Fluorescent Bulb, Retail Sales T12 Series, 15 W Wattage, 800 Lumens, Tube Bulb Shape, T12 Bulb Shape Code, 3000 K, Light Appearance: Soft White, Medium Bi-Pin Bulb Base, G13 Bulb Base Code, Soft White Bulb, 85 CRI, F15T12/SOFT WHITE/18 6PK Bulb Designation, 9000 hr Average Life, 18 in Length","Retail Sales T12 Series Fluorescent Bulb, 15 W, Tube, Medium Bi-Pin, Soft White, 3000 K, 800 Lumens","Philips Linear Fluorescent bulbs offer long life and energy savings in an environmentally responsible light bulb. They come in Soft and Cool white, Natural light and Daylight Deluxe colors to help create the mood you desire in the room.",15W,T12,Soft White,"Warm white light creates a comfortable, pleasant atmosphere",Lasts at least 9000 hours,Provides a comfortable and relaxing environment,,,,,,,,,,,,,,,,,,For indoor applications,,Fluorescent Bulb,Series,Retail Sales T12 Series,,Wattage,15,W,Lumens,800,Lumens,Bulb Shape,Tube,,Bulb Shape Code,T12,,Color Temperature,3000,K,Light Appearance,Soft White,,Bulb Base,Medium Bi-Pin,,Bulb Base Code,G13,,Bulb Finish,Soft White,,Voltage Rating,,,Color Rendering Index (CRI),85,,Bulb Designation,F15T12/SOFT WHITE/18 6PK,,Average Life,9000,hr,Beam Angle,,,Dimmable,,,Diameter,,,Length,18,in,Title 20 Compliant,,,Additional Information,,,,,,,,,,,,,,,,,,,,,,,,,,,,,,,,,,,,,,,,,,,,,,,,,,,,,,,,,,,,,,,,,,,,,,,,,,,,,,,,,,,,,,,,,,,,,046677141462,,,,,,,,6/BX,,,,,,,,,,,Philips_141465.jpg,,,,,,,,,Philips_141465_Specification_Sheet.pdf,,,,,,,,,,,,,,,,,,Yes
https://www.usa.lighting.philips.com/consumer/p/circline-fluorescent/046677391225,,,,,,25284605,Electrical,120 Volt Bulbs / Ballasts,Fluorescent - Tube,506063,391227,"391227 32W Led 12"" T9 30K",-- Unbranded --,-- No Unilog Brand --,Philips,Phillips Lighting (5831),Signify Holding,Philips,,391227,,Electrical>Lamps & Lightings>Light Bulbs>Fluorescent Light Bulbs,"Signify Holding Philips, Fluorescent Bulb, 391227, 32W, Circline, 4-Pin",BULB FLUOR 32W 1900LUMENS CIRCLINE T9,"Philips 391227 Fluorescent Bulb, 32 W, Circline, 4-Pin, Soft White, 3000 K, 1900 Lumens","Philips Fluorescent Bulb, 32 W Wattage, 1900 Lumens, Circline Bulb Shape, T9 Bulb Shape Code, 3000 K, Light Appearance: Soft White, 4-Pin Bulb Base, G10q Bulb Base Code, Soft White Bulb, 84 V, 85 CRI, FC12T9/SOFTWHITE/32W/12 12PK Bulb Designation, 13000 hr Average Life, 1-1/4 in Diameter, 12 in Length, Additional Information: Non-Dimmable","Fluorescent Bulb, 32 W, Circline, 4-Pin, Soft White, 3000 K, 1900 Lumens","Philips Linear Fluorescent bulbs offer long life and energy savings in an environmentally responsible light bulb. They come in Soft and Cool white, Natural light and Daylight Deluxe colors to help create the mood you desire in the room.",32W,T9,Soft White,"Warm white light creates a comfortable, pleasant atmosphere",Provides a comfortable and relaxing environment,Lasts at least 12000 hours,,,,,,,,,,,,,,,,,,For indoor applications,,Fluorescent Bulb,Series,,,Wattage,32,W,Lumens,1900,Lumens,Bulb Shape,Circline,,Bulb Shape Code,T9,,Color Temperature,3000,K,Light Appearance,Soft White,,Bulb Base,4-Pin,,Bulb Base Code,G10q,,Bulb Finish,Soft White,,Voltage Rating,84,V,Color Rendering Index (CRI),85,,Bulb Designation,FC12T9/SOFTWHITE/32W/12 12PK,,Average Life,13000,hr,Beam Angle,,,Dimmable,,,Diameter,1-1/4,in,Length,12,in,Title 20 Compliant,,,Additional Information,Non-Dimmable,,,,,,,,,,,,,,,,,,,,,,,,,,,,,,,,,,,,,,,,,,,,,,,,,,,,,,,,,,,,,,,,,,,,,,,,,,,,,,,,,,,,,,,,,,,,046677391225,,,,,,,,,,,,,,,,,,,Philips_391227.jpg,,,,,,,,,Philips_391227_Specification_Sheet.pdf,,,,,,,,,,,,,,,,,,Yes
https://www.usa.lighting.philips.com/consumer/p/circline-fluorescent/046677392222,,,,,,25284725,Electrical,120 Volt Bulbs / Ballasts,Fluorescent - Tube,523473,392225,"392225 22W Flor 8"" T9 30k",-- Unbranded --,-- No Unilog Brand --,Philips,Phillips Lighting (5831),Signify Holding,Philips,,392225,,Electrical>Lamps & Lightings>Light Bulbs>Fluorescent Light Bulbs,"Signify Holding Philips, Fluorescent Bulb, 392225, 22W, Circline, 4-Pin",BULB FLUOR 22W 1150LUMENS CIRCLINE CT29,"Philips 392225 Fluorescent Bulb, 22 W, Circline, 4-Pin, Soft White, 3000 K, 1150 Lumens","Philips Fluorescent Bulb, 22 W Wattage, 1150 Lumens, Circline Bulb Shape, CT29 Bulb Shape Code, 3000 K, Light Appearance: Soft White, 4-Pin Bulb Base, G10q Bulb Base Code, Soft White Bulb, 61 V, 80 CRI, 13000 hr Average Life, 3.5 cm Length, Additional Information: Non-Dimmable","Fluorescent Bulb, 22 W, Circline, 4-Pin, Soft White, 3000 K, 1150 Lumens","Philips Linear Fluorescent bulbs offer long life and energy savings in an environmentally responsible light bulb. They come in Soft and Cool white, Natural light and Daylight Deluxe colors to help create the mood you desire in the room.",22W,T9,Soft White,"Warm white light creates a comfortable, pleasant atmosphere",Provides a comfortable and relaxing environment,Lasts at least 12000 hours,,,,,,,,,,,,,,,,,,For indoor applications,,Fluorescent Bulb,Series,,,Wattage,22,W,Lumens,1150,Lumens,Bulb Shape,Circline,,Bulb Shape Code,CT29,,Color Temperature,3000,K,Light Appearance,Soft White,,Bulb Base,4-Pin,,Bulb Base Code,G10q,,Bulb Finish,Soft White,,Voltage Rating,61,V,Color Rendering Index (CRI),80,,Bulb Designation,,,Average Life,13000,hr,Beam Angle,,,Dimmable,,,Diameter,,,Length,3.5,cm,Title 20 Compliant,,,Additional Information,Non-Dimmable,,,,,,,,,,,,,,,,,,,,,,,,,,,,,,,,,,,,,,,,,,,,,,,,,,,,,,,,,,,,,,,,,,,,,,,,,,,,,,,,,,,,,,,,,,,,046677392222,,,,,,,,,,,,,,,,,,,Philips_392225.jpg,,,,,,,,,Philips_392225_Specification_Sheet.pdf,,,,,,,,,,,,,,,,,,Yes
https://www.satco.com/products/s3539,,,,,,15241822,Electrical,120 Volt Bulbs / Ballasts,Halogen,502381,S3539,S3539 20W Halogen Pin T4,-- Unbranded --,-- No Unilog Brand --,Satco,Satco Prod Inc (5573),"Satco Products, Inc",SATCO®,,S3539,,Electrical>Lamps & Lightings>Light Bulbs>Halogen Light Bulbs,"SATCO, Halogen Light Bulb, S3539, 20W, Linear, Bi-Pin, Clear, 2900K",BULB LT HALOGEN 20W 180LUMENS UN T4 G8,"SATCO® S3539 Halogen Light Bulb, 20 W, Linear, Bi-Pin, Clear, 2900 K, 180 Lumens, 360 deg Beam","SATCO® Halogen Light Bulb, 20 W Wattage, 180 Lumens, Linear Bulb Shape, T4 Bulb Shape Code, 2900 K, Light Appearance: Warm White, Bi-Pin Bulb Base, G8 Bulb Base Code, Clear Bulb, 120 V, 100 CRI, 20JCD G8 120V SHORT 35MM Bulb Designation, 2000 hr Average Life, 360 deg Beam Angle, Dimmable: Dimmable, 1/2 in Diameter, 1.81 in Length, Title 20 Compliant: Title 20 Compliant, Additional Information: CC-2V Filament","Halogen Light Bulb, 20 W, Linear, Bi-Pin, Clear, 2900 K, 180 Lumens, 360 deg Beam",,20 Watt,Halogen,T4,Clear,2000 Average rated hours,180 Lumens,Bi Pin G8 base,120 Volt,Carded,,,,,,,,,,,,,RoHS Compliant|Title 20 Exempt,"Prop65 Warning: This product can expose you to chemicals including Lead, which is known to the State of California to cause cancer and birth defects or other reproductive harm. For more information go to www.P65Warnings.ca.gov.",,,Halogen Light Bulb,Series,,,Wattage,20,W,Lumens,180,Lumens,Bulb Shape,Linear,,Bulb Shape Code,T4,,Color Temperature,2900,K,Light Appearance,Warm White,,Bulb Base,Bi-Pin,,Bulb Base Code,G8,,Bulb Finish,Clear,,Voltage Rating,120,V,Color Rendering Index (CRI),100,,Bulb Designation,20JCD G8 120V SHORT 35MM,,Average Life,2000,hr,Beam Angle,360,deg,Dimmable,Dimmable,,Diameter,1/2,in,Length,1.81,in,Title 20 Compliant,Title 20 Compliant,,Additional Information,CC-2V Filament,,,,,,,,,,,,,,,,,,,,,,,,,,,,,,,,,,,,,,,,,,,,,,,,,,,,,,,,,,,,,,,,,,,,,,,,,,,,,,,,,,,,,,,,,,,,045923035395,,,,,,,,12/PK,3.74,in,5.71,in,4.73,in,0.47,lb,0.058,cu-in,SATCO_S3539.jpg,SATCO_S3539_1.jpg,,,,,,,,SATCO_S3539_Specification_Sheet.pdf,,,,,,,,,,,,,,,,,,Yes
https://www.satco.com/products/S3496,,,,,,15247048,Electrical,120 Volt Bulbs / Ballasts,Halogen,533955,S3496,S3496 300W Halogen T3 Bulb,-- Unbranded --,-- No Unilog Brand --,Satco,Satco Prod Inc (5573),"Satco Products, Inc",SATCO®,,S3496,,Electrical>Lamps & Lightings>Light Bulbs>Halogen Light Bulbs,"SATCO, Halogen Light Bulb, S3496, 300W, Linear, Clear, 2900K, T3, Warm White",BULB LT HALOGEN 300W 5300LUMENS UN T3,"SATCO® S3496 Halogen Light Bulb, 300 W, Linear, Double Ended Recessed Single Contact, Clear, 2900 K, 5300 Lumens","SATCO® Halogen Light Bulb, 300 W Wattage, 5300 Lumens, Linear Bulb Shape, T3 Bulb Shape Code, 2900 K, Light Appearance: Warm White, Double Ended Recessed Single Contact Bulb Base, R7s Bulb Base Code, Clear Bulb, 120 V, 100 CRI, 300T3Q/CL/L 118MM CARDED 120V Bulb Designation, 1500 hr Average Life, 360 deg Beam Angle, 0.38 in Diameter, 4.69 in Length, Title 20 Compliant: Title 20 Compliant, Additional Information: C-8 Filament","Halogen Light Bulb, 300 W, Linear, Double Ended Recessed Single Contact, Clear, 2900 K, 5300 Lumens, 360 deg Beam",,300 Watt,Halogen,T3,Clear,1500 Average rated hours,5300 Lumens,Double Ended base,120 Volt,Carded,,,,,,,,,,,,,RoHS Compliant|Title 20 Exempt,"Prop65 Warning: This product can expose you to chemicals including Lead, which is known to the State of California to cause cancer and birth defects or other reproductive harm. For more information go to www.P65Warnings.ca.gov.",,,Halogen Light Bulb,Series,,,Wattage,300,W,Lumens,5300,Lumens,Bulb Shape,Linear,,Bulb Shape Code,T3,,Color Temperature,2900,K,Light Appearance,Warm White,,Bulb Base,Double Ended Recessed Single Contact,,Bulb Base Code,R7s,,Bulb Finish,Clear,,Voltage Rating,120,V,Color Rendering Index (CRI),100,,Bulb Designation,300T3Q/CL/L 118MM CARDED 120V,,Average Life,1500,hr,Beam Angle,360,deg,Dimmable,,,Diameter,0.38,in,Length,4.69,in,Title 20 Compliant,Title 20 Compliant,,Additional Information,C-8 Filament,,,,,,,,,,,,,,,,,,,,,,,,,,,,,,,,,,,,,,,,,,,,,,,,,,,,,,,,,,,,,,,,,,,,,,,,,,,,,,,,,,,,,,,,,,,,045923034961,,,,,,,,12/PK,3.74,in,7.68,in,4.53,in,0.72,lb,0.075,cu-in,SATCO_S3496.jpg,SATCO_S3496_1.jpg,,,,,,,,SATCO_S3496_Specification_Sheet.pdf,,,,,,,,,,,,,,,,,,Yes
https://www.satco.com/products/s3709,,,,,,15245157,Electrical,120 Volt Bulbs / Ballasts,Incandescent,505144,S3709,S3709 25W Incan 27K,-- Unbranded --,-- No Unilog Brand --,Satco,Satco Prod Inc (5573),"Satco Products, Inc",SATCO®,,S3709,,Electrical>Lamps & Lightings>Light Bulbs>Incandescent Light Bulbs,"SATCO, Incandescent Light Bulb, S3709, 25W, Tube, Intermediate, Clear",BULB LT INCAND 25W 180LUMENS TUBE T6.5,"SATCO® S3709 Incandescent Light Bulb, 25 W, Tube, Intermediate, Clear, 2700 K, 180 Lumens, 360 deg Beam","SATCO® Incandescent Light Bulb, 25 W Wattage, 180 Lumens, Tube Bulb Shape, T6.5 Bulb Shape Code, 2700 K, Light Appearance: Warm White, Intermediate Bulb Base, E17 Bulb Base Code, Clear Bulb, 130 V, 100 CRI, 25T6.5/CL/E17/130V CARDED Bulb Designation, 1500 hr Average Life, 360 deg Beam Angle, Dimmable: Dimmable, 0.81 in Diameter, 5.38 in Length, Additional Information: C-8 Filament","Incandescent Light Bulb, 25 W, Tube, Intermediate, Clear, 2700 K, 180 Lumens, 360 deg Beam",,25 Watt T6 1/2 Incandescent,Clear,1500 Average rated hours,180 Lumens,Intermediate base,130 Volt,Carded,,,,,,,,,,,,,,,RoHS Compliant|Title 20 Exempt,"Prop65 Warning: This product can expose you to chemicals including Lead, which is known to the State of California to cause cancer and birth defects or other reproductive harm. For more information go to www.P65Warnings.ca.gov.",,,Incandescent Light Bulb,Series,,,Wattage,25,W,Lumens,180,Lumens,Bulb Shape,Tube,,Bulb Shape Code,T6.5,,Color Temperature,2700,K,Light Appearance,Warm White,,Bulb Base,Intermediate,,Bulb Base Code,E17,,Bulb Finish,Clear,,Voltage Rating,130,V,Color Rendering Index (CRI),100,,Bulb Designation,25T6.5/CL/E17/130V CARDED,,Average Life,1500,hr,Beam Angle,360,deg,Dimmable,Dimmable,,Diameter,0.81,in,Length,5.38,in,Additional Information,C-8 Filament,,,,,,,,,,,,,,,,,,,,,,,,,,,,,,,,,,,,,,,,,,,,,,,,,,,,,,,,,,,,,,,,,,,,,,,,,,,,,,,,,,,,,,,,,,,,,,,045923037092,,,,,,,,10/PK,4.13,in,7.25,in,5.25,in,0.91,lb,0.091,cu-in,SATCO_S3709.jpg,SATCO_S3709_1.jpg,SATCO_S3709_2.jpg,,,,,,,SATCO_S3709_Specification_Sheet.pdf,,,,,,,,,,,,,,,,,,Yes
https://www.satco.com/products/s4720,,,,,,15245165,Electrical,120 Volt Bulbs / Ballasts,Incandescent,500425,S4720,S4720 25W Incan 27K,-- Unbranded --,-- No Unilog Brand --,Satco,Satco Prod Inc (5573),"Satco Products, Inc",SATCO®,,S4720,,Electrical>Lamps & Lightings>Light Bulbs>Incandescent Light Bulbs,"SATCO, Incandescent Light Bulb, S4720, 25W, Tube, Intermediate, Clear",BULB LT INCAND 25W 190LUMENS TUBE T8 E17,"SATCO® S4720 Incandescent Light Bulb, 25 W, Tube, Intermediate, Clear, 2700 K, 190 Lumens, 360 deg Beam","SATCO® Incandescent Light Bulb, 25 W Wattage, 190 Lumens, Tube Bulb Shape, T8 Bulb Shape Code, 2700 K, Light Appearance: Warm White, Intermediate Bulb Base, E17 Bulb Base Code, Clear Bulb, 130 V, 100 CRI, 25T8N CD/1 INT BASE CLEAR 130V Bulb Designation, 2500 hr Average Life, 360 deg Beam Angle, Dimmable: Dimmable, 1 in Diameter, 2.63 in Length, Additional Information: C-5A Filament","Incandescent Light Bulb, 25 W, Tube, Intermediate, Clear, 2700 K, 190 Lumens, 360 deg Beam",,25 Watt T8 Incandescent,Clear,2500 Average rated hours,190 Lumens,Intermediate base,130 Volt,Carded,,,,,,,,,,,,,,,RoHS Compliant|Title 20 Exempt,"Prop65 Warning: This product can expose you to chemicals including Lead, which is known to the State of California to cause cancer and birth defects or other reproductive harm. For more information go to www.P65Warnings.ca.gov.",,,Incandescent Light Bulb,Series,,,Wattage,25,W,Lumens,190,Lumens,Bulb Shape,Tube,,Bulb Shape Code,T8,,Color Temperature,2700,K,Light Appearance,Warm White,,Bulb Base,Intermediate,,Bulb Base Code,E17,,Bulb Finish,Clear,,Voltage Rating,130,V,Color Rendering Index (CRI),100,,Bulb Designation,25T8N CD/1 INT BASE CLEAR 130V,,Average Life,2500,hr,Beam Angle,360,deg,Dimmable,Dimmable,,Diameter,1,in,Length,2.63,in,Additional Information,C-5A Filament,,,,,,,,,,,,,,,,,,,,,,,,,,,,,,,,,,,,,,,,,,,,,,,,,,,,,,,,,,,,,,,,,,,,,,,,,,,,,,,,,,,,,,,,,,,,,,,045923047206,,,,,,,,12/PK,5.25,in,6,in,5.5,in,0.49,lb,0.100,cu-in,SATCO_S4720.jpg,SATCO_S4720_1.jpg,SATCO_S4720_2.jpg,,,,,,,SATCO_S4720_Specification_Sheet.pdf,,,,,,,,,,,,,,,,,,Yes
https://www.satco.com/products/s3720,,,,,,15251565,Electrical,120 Volt Bulbs / Ballasts,Incandescent,500434,S3720,S3720 40w Inc A15  Med 26k,-- Unbranded --,-- No Unilog Brand --,Satco,Satco Prod Inc (5573),"Satco Products, Inc",SATCO®,,S3720,,Electrical>Lamps & Lightings>Light Bulbs>Incandescent Light Bulbs,"SATCO, Incandescent Light Bulb, S3720, 40W, TypeA, Medium, Clear",BULB LT INCAND 40W TYPE A A15 2700K MDM,"SATCO® S3720 Incandescent Light Bulb, 40 W, Type A, Medium, Clear, 2700 K, 300 Lumens, 225 Lumens, 360 deg Beam","SATCO® Incandescent Light Bulb, 40 W Wattage, 300 Lumens, 225 Lumens, Type A Bulb Shape, A15 Bulb Shape Code, 2700 K, Light Appearance: Warm White, Medium Bulb Base, E26 Bulb Base Code, Clear Bulb, 130/120 V, 100 CRI, 40W A15 APPLIANCE CLR Bulb Designation, 2500 hr Average Life, 360 deg Beam Angle, Dimmable: Dimmable, 1.88 in Diameter, 3-1/2 in Length, Additional Information: C-9 Filament","Incandescent Light Bulb, 40 W, Type A, Medium, Clear, 2700 K, 300 Lumens, 225 Lumens, 360 deg Beam",,40 Watt A15 Incandescent,Clear,Appliance Lamp,2500 Average rated hours,300/225 Lumens,Medium base,130/120 Volt,Carded,,,,,,,,,,,,,,RoHS Compliant|Title 20 Exempt,"Prop65 Warning: This product can expose you to chemicals including Lead, which is known to the State of California to cause cancer and birth defects or other reproductive harm. For more information go to www.P65Warnings.ca.gov.",,,Incandescent Light Bulb,Series,,,Wattage,40,W,Lumens,"300 Lumens, 225 Lumens",,Bulb Shape,Type A,,Bulb Shape Code,A15,,Color Temperature,2700,K,Light Appearance,Warm White,,Bulb Base,Medium,,Bulb Base Code,E26,,Bulb Finish,Clear,,Voltage Rating,130/120,V,Color Rendering Index (CRI),100,,Bulb Designation,40W A15 APPLIANCE CLR,,Average Life,2500,hr,Beam Angle,360,deg,Dimmable,Dimmable,,Diameter,1.88,in,Length,3-1/2,in,Additional Information,C-9 Filament,,,,,,,,,,,,,,,,,,,,,,,,,,,,,,,,,,,,,,,,,,,,,,,,,,,,,,,,,,,,,,,,,,,,,,,,,,,,,,,,,,,,,,,,,,,,,,,045923037207,,,,,,,,20/PK,5.63,in,11.25,in,9.5,in,1.16,lb,0.348,cu-in,SATCO_S3720.jpg,SATCO_S3720_1.jpg,,,,,,,,SATCO_S3720_Specification_Sheet.pdf,,,,,,,,,,,,,,,,,,Yes
https://www.satco.com/products/S3702,,,,,,15251614,Electrical,120 Volt Bulbs / Ballasts,Incandescent,505199,S3702,S3702 40W Incan Med 27K,-- Unbranded --,-- No Unilog Brand --,Satco,Satco Prod Inc (5573),"Satco Products, Inc",SATCO®,,S3702,,Electrical>Lamps & Lightings>Light Bulbs>Incandescent Light Bulbs,"SATCO, Incandescent Light Bulb, S3702, 40W, Tube, Medium, Clear, 2700K",BULB LT INCAND 40W 280LUMENS TUBE T10,"SATCO® S3702 Incandescent Light Bulb, 40 W, Tube, Medium, Clear, 2700 K, 280 Lumens, 360 deg Beam","SATCO® Incandescent Light Bulb, 40 W Wattage, 280 Lumens, Tube Bulb Shape, T10 Bulb Shape Code, 2700 K, Light Appearance: Warm White, Medium Bulb Base, E26 Bulb Base Code, Clear Bulb, 120 V, 100 CRI, 40W T10 CLEAR CARDED MED BASE Bulb Designation, 2000 hr Average Life, 360 deg Beam Angle, Dimmable: Dimmable, 1-1/4 in Diameter, 5 in Length, Additional Information: C-5V Filament","Incandescent Light Bulb, 40 W, Tube, Medium, Clear, 2700 K, 280 Lumens, 360 deg Beam",,40 Watt T10 Incandescent,Clear,2000 Average rated hours,280 Lumens,Medium base,120 Volt,Carded,,,,,,,,,,,,,,,cCSAus Certified|RoHS Compliant|Title 20 Exempt,"Prop65 Warning: This product can expose you to chemicals including Lead, which is known to the State of California to cause cancer and birth defects or other reproductive harm. For more information go to www.P65Warnings.ca.gov.",,,Incandescent Light Bulb,Series,,,Wattage,40,W,Lumens,280,Lumens,Bulb Shape,Tube,,Bulb Shape Code,T10,,Color Temperature,2700,K,Light Appearance,Warm White,,Bulb Base,Medium,,Bulb Base Code,E26,,Bulb Finish,Clear,,Voltage Rating,120,V,Color Rendering Index (CRI),100,,Bulb Designation,40W T10 CLEAR CARDED MED BASE,,Average Life,2000,hr,Beam Angle,360,deg,Dimmable,Dimmable,,Diameter,1-1/4,in,Length,5,in,Additional Information,C-5V Filament,,,,,,,,,,,,,,,,,,,,,,,,,,,,,,,,,,,,,,,,,,,,,,,,,,,,,,,,,,,,,,,,,,,,,,,,,,,,,,,,,,,,,,,,,,,,,,,045923037023,,,,,,,,10/PK,4.25,in,7.88,in,7.38,in,1.31,lb,0.143,cu-in,SATCO_S3702.jpg,SATCO_S3702_1.jpg,SATCO_S3702_2.jpg,,,,,,,SATCO_S3702_Specification_Sheet.pdf,,,,,,,,,,,,,,,,,,Yes
https://www.satco.com/products/S3703,,,,,,15251615,Electrical,120 Volt Bulbs / Ballasts,Incandescent,502799,S3703,S3703 40W Incan Med 27K,-- Unbranded --,-- No Unilog Brand --,Satco,Satco Prod Inc (5573),"Satco Products, Inc",SATCO®,,S3703,,Electrical>Lamps & Lightings>Light Bulbs>Incandescent Light Bulbs,"SATCO, Incandescent Light Bulb, S3703, 40W, Tube, Medium, Frosted",BULB LT INCAND 40W 280LUMENS TUBE T10,"SATCO® S3703 Incandescent Light Bulb, 40 W, Tube, Medium, Frosted, 2700 K, 280 Lumens, 360 deg Beam","SATCO® Incandescent Light Bulb, 40 W Wattage, 280 Lumens, Tube Bulb Shape, T10 Bulb Shape Code, 2700 K, Light Appearance: Warm White, Medium Bulb Base, E26 Bulb Base Code, Frosted Bulb, 120 V, 100 CRI, 40W T10 STD FROST CARDED Bulb Designation, 2000 hr Average Life, 360 deg Beam Angle, Dimmable: Dimmable, 1-1/4 in Diameter, 5 in Length, Additional Information: C-5V Filament","Incandescent Light Bulb, 40 W, Tube, Medium, Frosted, 2700 K, 280 Lumens, 360 deg Beam",,40 Watt T10 Incandescent,Frost,2000 Average rated hours,280 Lumens,Medium base,120 Volt,Carded,,,,,,,,,,,,,,,cCSAus Certified|RoHS Compliant|Title 20 Exempt,"Prop65 Warning: This product can expose you to chemicals including Lead, which is known to the State of California to cause cancer and birth defects or other reproductive harm. For more information go to www.P65Warnings.ca.gov.",,,Incandescent Light Bulb,Series,,,Wattage,40,W,Lumens,280,Lumens,Bulb Shape,Tube,,Bulb Shape Code,T10,,Color Temperature,2700,K,Light Appearance,Warm White,,Bulb Base,Medium,,Bulb Base Code,E26,,Bulb Finish,Frosted,,Voltage Rating,120,V,Color Rendering Index (CRI),100,,Bulb Designation,40W T10 STD FROST CARDED,,Average Life,2000,hr,Beam Angle,360,deg,Dimmable,Dimmable,,Diameter,1-1/4,in,Length,5,in,Additional Information,C-5V Filament,,,,,,,,,,,,,,,,,,,,,,,,,,,,,,,,,,,,,,,,,,,,,,,,,,,,,,,,,,,,,,,,,,,,,,,,,,,,,,,,,,,,,,,,,,,,,,,045923037030,,,,,,,,10/PK,4.25,in,7.88,in,7.38,in,1.31,lb,0.143,cu-in,SATCO_S3703.jpg,SATCO_S3703_1.jpg,SATCO_S3703_2.jpg,,,,,,,SATCO_S3703_Specification_Sheet.pdf,,,,,,,,,,,,,,,,,,Yes
https://www.satco.com/products/s3797,,,,,,15253651,Electrical,120 Volt Bulbs / Ballasts,Incandescent,515703,S3797,S3797 4W Incan Cand 27K 2pk,-- Unbranded --,-- No Unilog Brand --,Satco,Satco Prod Inc (5573),"Satco Products, Inc",SATCO®,,S3797,,Electrical>Lamps & Lightings>Light Bulbs>Incandescent Light Bulbs,"SATCO, Incandescent Light Bulb, S3797, 4W, Type C, Candelabra, Clear",BULB LT INCAND 4W 16LUMENS TYPE C C7 E12,"SATCO® S3797 Incandescent Light Bulb, 4 W, Type C, Candelabra, Clear, 2700 K, 16 Lumens, 360 deg Beam","SATCO® Incandescent Light Bulb, 4 W Wattage, 16 Lumens, Type C Bulb Shape, C7 Bulb Shape Code, 2700 K, Light Appearance: Warm White, Candelabra Bulb Base, E12 Bulb Base Code, Clear Bulb, 120 V, 100 CRI, 4C7 CAND CL Bulb Designation, 3000 hr Average Life, 360 deg Beam Angle, Dimmable: Dimmable, 0.88 in Diameter, 2.13 in Length, Additional Information: C-7A Filament","Incandescent Light Bulb, 4 W, Type C, Candelabra, Clear, 2700 K, 16 Lumens, 360 deg Beam",,4 Watt C7 Incandescent,Clear,3000 Average rated hours,16 Lumens,Candelabra base,120 Volt,2-Card,,,,,,,,,,,,,,,RoHS Compliant|Title 20 Exempt,"Prop65 Warning: This product can expose you to chemicals including Lead, which is known to the State of California to cause cancer and birth defects or other reproductive harm. For more information go to www.P65Warnings.ca.gov.",,,Incandescent Light Bulb,Series,,,Wattage,4,W,Lumens,16,Lumens,Bulb Shape,Type C,,Bulb Shape Code,C7,,Color Temperature,2700,K,Light Appearance,Warm White,,Bulb Base,Candelabra,,Bulb Base Code,E12,,Bulb Finish,Clear,,Voltage Rating,120,V,Color Rendering Index (CRI),100,,Bulb Designation,4C7 CAND CL,,Average Life,3000,hr,Beam Angle,360,deg,Dimmable,Dimmable,,Diameter,0.88,in,Length,2.13,in,Additional Information,C-7A Filament,,,,,,,,,,,,,,,,,,,,,,,,,,,,,,,,,,,,,,,,,,,,,,,,,,,,,,,,,,,,,,,,,,,,,,,,,,,,,,,,,,,,,,,,,,,,,,,045923037979,,,,,,,,20/PK,3.38,in,10.38,in,5.88,in,0.82,lb,0.119,cu-in,SATCO_S3797.jpg,SATCO_S3797_1.jpg,SATCO_S3797_2.jpg,,,,,,,SATCO_S3797_Specification_Sheet.pdf,,,,,,,,,,,,,,,,,,Yes
https://www.satco.com/products/s4724,,,,,,15253652,Electrical,120 Volt Bulbs / Ballasts,Incandescent,528528,S4724,S4724 4W Incan Cand 27K 4pk,-- Unbranded --,-- No Unilog Brand --,Satco,Satco Prod Inc (5573),"Satco Products, Inc",SATCO®,,S4724,,Electrical>Lamps & Lightings>Light Bulbs>Incandescent Light Bulbs,"SATCO, Incandescent Light Bulb, S4724, 4W, Type C, Candelabra, Clear",BULB LT INCAND 4W 16LUMENS TYPE C C7 E12,"SATCO® S4724 Incandescent Light Bulb, 4 W, Type C, Candelabra, Clear, 2700 K, 16 Lumens, 360 deg Beam","SATCO® Incandescent Light Bulb, 4 W Wattage, 16 Lumens, Type C Bulb Shape, C7 Bulb Shape Code, 2700 K, Light Appearance: Warm White, Candelabra Bulb Base, E12 Bulb Base Code, Clear Bulb, 120 V, 100 CRI, 4C7 CAND CLEAR 120V 4/CD Bulb Designation, 3000 hr Average Life, 360 deg Beam Angle, Dimmable: Dimmable, 0.88 in Diameter, 2.13 in Length, Additional Information: C-7A Filament","Incandescent Light Bulb, 4 W, Type C, Candelabra, Clear, 2700 K, 16 Lumens, 360 deg Beam",,4 Watt C7 Incandescent,Clear,3000 Average rated hours,16 Lumens,Candelabra base,120 Volt,4-Card,,,,,,,,,,,,,,,RoHS Compliant|Title 20 Exempt,"Prop65 Warning: This product can expose you to chemicals including Lead, which is known to the State of California to cause cancer and birth defects or other reproductive harm. For more information go to www.P65Warnings.ca.gov.",,,Incandescent Light Bulb,Series,,,Wattage,4,W,Lumens,16,Lumens,Bulb Shape,Type C,,Bulb Shape Code,C7,,Color Temperature,2700,K,Light Appearance,Warm White,,Bulb Base,Candelabra,,Bulb Base Code,E12,,Bulb Finish,Clear,,Voltage Rating,120,V,Color Rendering Index (CRI),100,,Bulb Designation,4C7 CAND CLEAR 120V 4/CD,,Average Life,3000,hr,Beam Angle,360,deg,Dimmable,Dimmable,,Diameter,0.88,in,Length,2.13,in,Additional Information,C-7A Filament,,,,,,,,,,,,,,,,,,,,,,,,,,,,,,,,,,,,,,,,,,,,,,,,,,,,,,,,,,,,,,,,,,,,,,,,,,,,,,,,,,,,,,,,,,,,,,,045923047244,,,,,,,,12/PK,4.13,in,9.38,in,6.75,in,0.37,lb,0.151,cu-in,SATCO_S4724.jpg,SATCO_S4724_1.jpg,SATCO_S4724_2.jpg,,,,,,,SATCO_S4724_Specification_Sheet.pdf,,,,,,,,,,,,,,,,,,Yes
https://www.satco.com/products/s4717,,,,,,15257810,Electrical,120 Volt Bulbs / Ballasts,Incandescent,532037,S4717,S4717 6W Incan Cand 27k 2pk,-- Unbranded --,-- No Unilog Brand --,Satco,Satco Prod Inc (5573),"Satco Products, Inc",SATCO®,,S4717,,Electrical>Lamps & Lightings>Light Bulbs>Incandescent Light Bulbs,"SATCO, Incandescent Light Bulb, S4717, 6W, Type S, Candelabra, Clear",BULB LT INCAND 6W 30LUMENS TYPE S S6 E12,"SATCO® S4717 Incandescent Light Bulb, 6 W, Type S, Candelabra, Clear, 2700 K, 30 Lumens, 360 deg Beam","SATCO® Incandescent Light Bulb, 6 W Wattage, 30 Lumens, Type S Bulb Shape, S6 Bulb Shape Code, 2700 K, Light Appearance: Warm White, Candelabra Bulb Base, E12 Bulb Base Code, Clear Bulb, 130 V, 100 CRI, 6S6 CAND CLEAR 130V 2/CD Bulb Designation, 2500 hr Average Life, 360 deg Beam Angle, Dimmable: Dimmable, 3/4 in Diameter, 1.88 in Length, Additional Information: C-7A Filament","Incandescent Light Bulb, 6 W, Type S, Candelabra, Clear, 2700 K, 30 Lumens, 360 deg Beam",,6 Watt S6 Incandescent,Clear,2500 Average rated hours,30 Lumens,Candelabra base,130 Volt,2-Card,,,,,,,,,,,,,,,RoHS Compliant|Title 20 Exempt,"Prop65 Warning: This product can expose you to chemicals including Lead, which is known to the State of California to cause cancer and birth defects or other reproductive harm. For more information go to www.P65Warnings.ca.gov.",,,Incandescent Light Bulb,Series,,,Wattage,6,W,Lumens,30,Lumens,Bulb Shape,Type S,,Bulb Shape Code,S6,,Color Temperature,2700,K,Light Appearance,Warm White,,Bulb Base,Candelabra,,Bulb Base Code,E12,,Bulb Finish,Clear,,Voltage Rating,130,V,Color Rendering Index (CRI),100,,Bulb Designation,6S6 CAND CLEAR 130V 2/CD,,Average Life,2500,hr,Beam Angle,360,deg,Dimmable,Dimmable,,Diameter,3/4,in,Length,1.88,in,Additional Information,C-7A Filament,,,,,,,,,,,,,,,,,,,,,,,,,,,,,,,,,,,,,,,,,,,,,,,,,,,,,,,,,,,,,,,,,,,,,,,,,,,,,,,,,,,,,,,,,,,,,,,045923047176,,,,,,,,12/PK,3.5,in,6.38,in,5.88,in,0.48,lb,0.076,cu-in,SATCO_S4717.jpg,SATCO_S4717_1.jpg,,,,,,,,SATCO_S4717_Specification_Sheet.pdf,,,,,,,,,,,,,,,,,,Yes
https://www.satco.com/products/s3794,,,,,,15257856,Electrical,120 Volt Bulbs / Ballasts,Incandescent,504895,S3794,S3794 7W Incan Med 27K,-- Unbranded --,-- No Unilog Brand --,Satco,Satco Prod Inc (5573),"Satco Products, Inc",SATCO®,,S3794,,Electrical>Lamps & Lightings>Light Bulbs>Incandescent Light Bulbs,"SATCO, Incandescent Light Bulb, S3794, 7.5W, Type S, Medium, Clear",BULB LT INCAND 7.5W 40LUMENS TYPE S S11,"SATCO® S3794 Incandescent Light Bulb, 7.5 W, Type S, Medium, Clear, 2700 K, 40 Lumens, 360 deg Beam","SATCO® Incandescent Light Bulb, 7.5 W Wattage, 40 Lumens, Type S Bulb Shape, S11 Bulb Shape Code, 2700 K, Light Appearance: Warm White, Medium Bulb Base, E26 Bulb Base Code, Clear Bulb, 120 V, 100 CRI, 7 1/2W S11 STD CLR Bulb Designation, 2500 hr Average Life, 360 deg Beam Angle, Dimmable: Dimmable, 1.38 in Diameter, 2-1/4 in Length, Additional Information: C-7A Filament","Incandescent Light Bulb, 7.5 W, Type S, Medium, Clear, 2700 K, 40 Lumens, 360 deg Beam",,7.5 Watt S11 Incandescent,Clear,2500 Average rated hours,40 Lumens,Medium base,120 Volt,Carded,,,,,,,,,,,,,,,cCSAus Certified|RoHS Compliant|Title 20 Exempt,"Prop65 Warning: This product can expose you to chemicals including Lead, which is known to the State of California to cause cancer and birth defects or other reproductive harm. For more information go to www.P65Warnings.ca.gov.",,,Incandescent Light Bulb,Series,,,Wattage,7.5,W,Lumens,40,Lumens,Bulb Shape,Type S,,Bulb Shape Code,S11,,Color Temperature,2700,K,Light Appearance,Warm White,,Bulb Base,Medium,,Bulb Base Code,E26,,Bulb Finish,Clear,,Voltage Rating,120,V,Color Rendering Index (CRI),100,,Bulb Designation,7 1/2W S11 STD CLR,,Average Life,2500,hr,Beam Angle,360,deg,Dimmable,Dimmable,,Diameter,1.38,in,Length,2-1/4,in,Additional Information,C-7A Filament,,,,,,,,,,,,,,,,,,,,,,,,,,,,,,,,,,,,,,,,,,,,,,,,,,,,,,,,,,,,,,,,,,,,,,,,,,,,,,,,,,,,,,,,,,,,,,,045923037948,,,,,,,,20/PK,5.38,in,10.5,in,6.25,in,0.74,lb,0.204,cu-in,SATCO_S3794.jpg,SATCO_S3794_1.jpg,,,,,,,,SATCO_S3794_Specification_Sheet.pdf,,,,,,,,,,,,,,,,,,Yes
https://www.satco.com/products/s3795,,,,,,15257863,Electrical,120 Volt Bulbs / Ballasts,Incandescent,504902,S3795,S3795 7W Incan Med 27K,-- Unbranded --,-- No Unilog Brand --,Satco,Satco Prod Inc (5573),"Satco Products, Inc",SATCO®,,S3795,,Electrical>Lamps & Lightings>Light Bulbs>Incandescent Light Bulbs,"SATCO, Incandescent Light Bulb, S3795, 7.5W, Type S, Medium, Gloss White",BULB LT INCAND 7.5W 20LUMENS TYPE S S11,"SATCO® S3795 Incandescent Light Bulb, 7.5 W, Type S, Medium, Gloss White, 2700 K, 20 Lumens, 360 deg Beam","SATCO® Incandescent Light Bulb, 7.5 W Wattage, 20 Lumens, Type S Bulb Shape, S11 Bulb Shape Code, 2700 K, Light Appearance: Warm White, Medium Bulb Base, E26 Bulb Base Code, Gloss White Bulb, 120 V, 100 CRI, 7 1/2W S11 STD WHT Bulb Designation, 2500 hr Average Life, 360 deg Beam Angle, Dimmable: Dimmable, 1.38 in Diameter, 2-1/4 in Length, Additional Information: C-7A Filament","Incandescent Light Bulb, 7.5 W, Type S, Medium, Gloss White, 2700 K, 20 Lumens, 360 deg Beam",,7.5 Watt S11 Incandescent,Gloss White,2500 Average rated hours,20 Lumens,Medium base,120 Volt,Carded,,,,,,,,,,,,,,,cCSAus Certified|RoHS Compliant|Title 20 Exempt,"Prop65 Warning: This product can expose you to chemicals including Lead, which is known to the State of California to cause cancer and birth defects or other reproductive harm. For more information go to www.P65Warnings.ca.gov.",,,Incandescent Light Bulb,Series,,,Wattage,7.5,W,Lumens,20,Lumens,Bulb Shape,Type S,,Bulb Shape Code,S11,,Color Temperature,2700,K,Light Appearance,Warm White,,Bulb Base,Medium,,Bulb Base Code,E26,,Bulb Finish,Gloss White,,Voltage Rating,120,V,Color Rendering Index (CRI),100,,Bulb Designation,7 1/2W S11 STD WHT,,Average Life,2500,hr,Beam Angle,360,deg,Dimmable,Dimmable,,Diameter,1.38,in,Length,2-1/4,in,Additional Information,C-7A Filament,,,,,,,,,,,,,,,,,,,,,,,,,,,,,,,,,,,,,,,,,,,,,,,,,,,,,,,,,,,,,,,,,,,,,,,,,,,,,,,,,,,,,,,,,,,,,,,045923037955,,,,,,,,20/PK,5.38,in,10.5,in,6.25,in,0.74,lb,0.204,cu-in,SATCO_S3795.jpg,SATCO_S3795_1.jpg,SATCO_S3795_2.jpg,,,,,,,SATCO_S3795_Specification_Sheet.pdf,,,,,,,,,,,,,,,,,,Yes
https://www.satco.com/products/s4726,,,,,,15258616,Electrical,120 Volt Bulbs / Ballasts,Incandescent,528560,S4726,S4726 7W Incan Cand 27K 4pk,-- Unbranded --,-- No Unilog Brand --,Satco,Satco Prod Inc (5573),"Satco Products, Inc",SATCO®,,S4726,,Electrical>Lamps & Lightings>Light Bulbs>Incandescent Light Bulbs,"SATCO, Incandescent Light Bulb, S4726, 7W, Type C, Candelabra, White",BULB LT INCAND 7W 28LUMENS TYPE C C7 E12,"SATCO® S4726 Incandescent Light Bulb, 7 W, Type C, Candelabra, White, 2700 K, 28 Lumens, 360 deg Beam","SATCO® Incandescent Light Bulb, 7 W Wattage, 28 Lumens, Type C Bulb Shape, C7 Bulb Shape Code, 2700 K, Light Appearance: Warm White, Candelabra Bulb Base, E12 Bulb Base Code, White Bulb, 120 V, 100 CRI, 7C7/W CAND WHITE 120V CD/4 Bulb Designation, 3000 hr Average Life, 360 deg Beam Angle, Dimmable: Dimmable, 0.88 in Diameter, 2.13 in Length, Additional Information: C-7A Filament","Incandescent Light Bulb, 7 W, Type C, Candelabra, White, 2700 K, 28 Lumens, 360 deg Beam",,7 Watt C7 Incandescent,White,3000 Average rated hours,28 Lumens,Candelabra base,120 Volt,4-Card,,,,,,,,,,,,,,,RoHS Compliant|Title 20 Exempt,"Prop65 Warning: This product can expose you to chemicals including Lead, which is known to the State of California to cause cancer and birth defects or other reproductive harm. For more information go to www.P65Warnings.ca.gov.",,,Incandescent Light Bulb,Series,,,Wattage,7,W,Lumens,28,Lumens,Bulb Shape,Type C,,Bulb Shape Code,C7,,Color Temperature,2700,K,Light Appearance,Warm White,,Bulb Base,Candelabra,,Bulb Base Code,E12,,Bulb Finish,White,,Voltage Rating,120,V,Color Rendering Index (CRI),100,,Bulb Designation,7C7/W CAND WHITE 120V CD/4,,Average Life,3000,hr,Beam Angle,360,deg,Dimmable,Dimmable,,Diameter,0.88,in,Length,2.13,in,Additional Information,C-7A Filament,,,,,,,,,,,,,,,,,,,,,,,,,,,,,,,,,,,,,,,,,,,,,,,,,,,,,,,,,,,,,,,,,,,,,,,,,,,,,,,,,,,,,,,,,,,,,,,045923047268,,,,,,,,12/PK,4.13,in,9.38,in,6.75,in,1.01,lb,0.151,cu-in,SATCO_S4726.jpg,SATCO_S4726_1.jpg,,,,,,,,SATCO_S4726_Specification_Sheet.pdf,,,,,,,,,,,,,,,,,,Yes
https://www.satco.com/products/S21354,,,,,,18942116,Electrical,120 Volt Bulbs / Ballasts,LED,1503926,S21354,S21354 8W Led T9 Med 27k,-- Unbranded --,-- No Unilog Brand --,-- No DIB Brand --,Satco Prod Inc (5573),"Satco Products, Inc",SATCO®,,S21354,,Electrical>Lamps & Lightings>Light Bulbs>LED Light Bulbs,"SATCO, LED Filament Bulb, S21354, 8W, Tube, Medium, Clear, 2700K",BULB FIL LED 800LUMENS 8W TUBE T9 2700K,"SATCO® S21354 LED Filament Bulb, 8 W, Tube, Medium, Clear, 2700 K, 800 Lumens, 300 deg Beam","SATCO® LED Filament Bulb, 8 W Wattage, 800 Lumens Lumens, Tube Bulb Shape, T9 Bulb Shape Code, 2700 K, Light Appearance: Warm White, Medium Bulb Base, E26 Bulb Base Code, Clear Bulb, 120 V, 90+ CRI, 8T9/LED/CL/927/120V/E26 Bulb Designation, 15000 hr Average Life, 300 deg Beam Angle, Incandescent Wattage Equivalent: 60 W, Dimmable: Dimmable, 1.18 in Diameter, 7.2 in Length, Title 20 Compliant: Title 20 Compliant","LED Filament Bulb, 8 W, Tube, Medium, Clear, 2700 K, 800 Lumens, 300 deg Beam",,8 Watt T9 LED Filament,Clear,Medium base,90 CRI,2700K,120 Volt,,,,,,,,,,,,,,,,cULus Listed|FCC Approved|RoHS Compliant,,For indoor and outdoor applications,,LED Filament Bulb,Series,,,Wattage,8,W,Lumens,800,Lumens,Bulb Shape,Tube,,Bulb Shape Code,T9,,Color Temperature,2700,K,Light Appearance,Warm White,,Bulb Base,Medium,,Bulb Base Code,E26,,Bulb Finish,Clear,,Voltage Rating,120,V,Color Rendering Index (CRI),90+,,Bulb Designation,8T9/LED/CL/927/120V/E26,,Average Life,15000,hr,Beam Angle,300,deg,Incandescent Wattage Equivalent,60,W,Halogen Wattage Equivalent,,,Fluorescent Wattage Equivalent,,,HID Wattage Equivalent,,,Dimmable,Dimmable,,Smart Compatible With,,,Diameter,1.18,in,Length,7.2,in,Energy Star Certified,,,Title 20 Compliant,Title 20 Compliant,,Title 24 Compliant,,,Additional Information,,,,,,,,,,,,,,,,,,,,,,,,,,,,,,,,,,,,,,,,,,,,,,,,,,,,,,,,,,,,,,,,,,,,,,,,045923206610,,,,2 Year,,,,24/CS,17.09,in,5.59,in,7.44,in,4.84,lb,0.411,cu-in,SATCO_S21354.jpg,SATCO_S21354_1.jpg,SATCO_S21354_2.jpg,SATCO_S21354_3.jpg,SATCO_S21354_4.jpg,,,,,SATCO_S21354_Specification_Sheet.pdf,,,,,,,,,,,,,,,,,,Yes
https://www.satco.com/products/S21363,,,,,,18942125,Electrical,120 Volt Bulbs / Ballasts,LED,1508175,S21363,S21363 8W Led Edison ST19 27K,-- Unbranded --,-- No Unilog Brand --,-- No DIB Brand --,Satco Prod Inc (5573),"Satco Products, Inc",SATCO®,,S21363,,Electrical>Lamps & Lightings>Light Bulbs>LED Light Bulbs,"SATCO, LED Filament Bulb, S21363, 8W, Type ST, Medium, Clear, 2700K",BULB FIL LED 800LUMENS 8W TYPE ST ST19,"SATCO® S21363 LED Filament Bulb, 8 W, Type ST, Medium, Clear, 2700 K, 800 Lumens, 300 deg Beam","SATCO® LED Filament Bulb, 8 W Wattage, 800 Lumens Lumens, Type ST Bulb Shape, ST19 Bulb Shape Code, 2700 K, Light Appearance: Warm White, Medium Bulb Base, E26 Bulb Base Code, Clear Bulb, 120 V, 90+ CRI, 8ST19/CL/LED/927/E26 Bulb Designation, 15000 hr Average Life, 300 deg Beam Angle, Incandescent Wattage Equivalent: 60 W, Dimmable: Dimmable, 2.28 in Diameter, 5.43 in Length, Title 20 Compliant: Title 20 Compliant","LED Filament Bulb, 8 W, Type ST, Medium, Clear, 2700 K, 800 Lumens, 300 deg Beam",,8 Watt ST19 LED Filament,Clear,Medium base,90 CRI,2700K,120 Volt,,,,,,,,,,,,,,,,cULus Listed|FCC Approved|RoHS Compliant,,For indoor and outdoor applications,,LED Filament Bulb,Series,,,Wattage,8,W,Lumens,800,Lumens,Bulb Shape,Type ST,,Bulb Shape Code,ST19,,Color Temperature,2700,K,Light Appearance,Warm White,,Bulb Base,Medium,,Bulb Base Code,E26,,Bulb Finish,Clear,,Voltage Rating,120,V,Color Rendering Index (CRI),90+,,Bulb Designation,8ST19/CL/LED/927/E26,,Average Life,15000,hr,Beam Angle,300,deg,Incandescent Wattage Equivalent,60,W,Halogen Wattage Equivalent,,,Fluorescent Wattage Equivalent,,,HID Wattage Equivalent,,,Dimmable,Dimmable,,Smart Compatible With,,,Diameter,2.28,in,Length,5.43,in,Energy Star Certified,,,Title 20 Compliant,Title 20 Compliant,,Title 24 Compliant,,,Additional Information,,,,,,,,,,,,,,,,,,,,,,,,,,,,,,,,,,,,,,,,,,,,,,,,,,,,,,,,,,,,,,,,,,,,,,,,045923206702,,,,2 Year,,,,24/CS,16.3,in,6.69,in,11.06,in,5.18,lb,0.698,cu-in,SATCO_S21363.jpg,SATCO_S21363_1.jpg,SATCO_S21363_2.jpg,SATCO_S21363_3.jpg,SATCO_S21363_4.jpg,,,,,SATCO_S21363_Specification_Sheet.pdf,,,,,,,,,,,,,,,,,,Yes
https://www.satco.com/products/S11445,,,,,,20618375,Electrical,120 Volt Bulbs / Ballasts,LED,1503212,S11445,S11445 12W Led Med 30k Motion,-- Unbranded --,-- No Unilog Brand --,-- No DIB Brand --,Satco Prod Inc (5573),"Satco Products, Inc",SATCO®,,S11445,,Electrical>Lamps & Lightings>Light Bulbs>LED Light Bulbs,"SATCO, LED Bulb, S11445, 12W, TypeA, Medium, Frosted, 3000K, A19, Soft White",BULB LED 1050LUMENS 12W TYPE A A19 3000K,"SATCO® S11445 LED Bulb, 12 W, Type A, Medium, Frosted, 3000 K, 1050 Lumens, 230 deg Beam","SATCO® LED Bulb, 12 W Wattage, 1050 Lumens Lumens, Type A Bulb Shape, A19 Bulb Shape Code, 3000 K, Light Appearance: Soft White, Medium Bulb Base, E26 Bulb Base Code, Frosted Bulb, 120 V, 90+ CRI, 12A19/PIR/930/120V/ND Bulb Designation, 15000 hr Average Life, 230 deg Beam Angle, Incandescent Wattage Equivalent: 75 W, 2.36 in Diameter, 5.11 in Length, Title 20 Compliant: Title 20 Compliant, Additional Information: Frosted Lens","LED Bulb, 12 W, Type A, Medium, Frosted, 3000 K, 1050 Lumens, 230 deg Beam",,12 Watt A19 LED,White,3000K,1050 Lumens,120 Volt,PIR Sensor,Non-Dimmable,,,,,,,,,,,,,,,cULus Listed|FCC Approved|RoHS Compliant,,For indoor and outdoor applications,,LED Bulb,Series,,,Wattage,12,W,Lumens,1050,Lumens,Bulb Shape,Type A,,Bulb Shape Code,A19,,Color Temperature,3000,K,Light Appearance,Soft White,,Bulb Base,Medium,,Bulb Base Code,E26,,Bulb Finish,Frosted,,Voltage Rating,120,V,Color Rendering Index (CRI),90+,,Bulb Designation,12A19/PIR/930/120V/ND,,Average Life,15000,hr,Beam Angle,230,deg,Incandescent Wattage Equivalent,75,W,Halogen Wattage Equivalent,,,Fluorescent Wattage Equivalent,,,HID Wattage Equivalent,,,Dimmable,,,Smart Compatible With,,,Diameter,2.36,in,Length,5.11,in,Energy Star Certified,,,Title 20 Compliant,Title 20 Compliant,,Title 24 Compliant,,,Additional Information,Frosted Lens,,,,,,,,,,,,,,,,,,,,,,,,,,,,,,,,,,,,,,,,,,,,,,,,,,,,,,,,,,,,,,,,,,,,,,,045923114458,,,,2 Year,,,,24/CS,21.89,in,7.48,in,8.46,in,9.88,lb,0.801,cu-in,SATCO_S11445.jpg,SATCO_S11445_1.jpg,SATCO_S11445_2.jpg,SATCO_S11445_3.jpg,SATCO_S11445_4.jpg,,,,,SATCO_S11445_Specification_Sheet.pdf,,,,,,,,,,,,,,,,,,Yes
https://www.usa.lighting.philips.com/consumer/p/led-bulb-45w-r20-e26/046677576493,,,,,,25284618,Electrical,120 Volt Bulbs / Ballasts,LED,507441,576496,576496 45W Led R20 Med 27k,-- Unbranded --,-- No Unilog Brand --,Philips,Phillips Lighting (5831),Signify Holding,Philips,,576496,,Electrical>Lamps & Lightings>Light Bulbs>LED Light Bulbs,"Signify Holding Philips, LED Bulb, 576496, 5.5W, Type R, Medium, Frosted",BULB LED 450LUMENS 5.5W TYPE R R20 MDM,"Philips 576496 LED Bulb, 5.5 W, Type R, Medium, Frosted, 2200 to 2700 K, 450 Lumens, 110 deg Beam","Philips LED Bulb, 5.5 W Wattage, 450 Lumens Lumens, Type R Bulb Shape, R20 Bulb Shape Code, 2200 to 2700 K, Light Appearance: Warm Glow, Medium Bulb Base, E26 Bulb Base Code, Frosted Bulb, 120 V, 95 CRI, 5.5R20/PER/UD/27/P/E26/WG/T20 4/1PF Bulb Designation, 15000 hr Average Life, 110 deg Beam Angle, Dimmable: Dimmable, 2-1/2 in Diameter, 3-15/16 in Length, Title 20 Compliant: Title 20 Compliant, Additional Information: 0.7 Power Factor, 45 W Equivalent Wattage, Plastic Bulb Material","LED Bulb, 5.5 W, Type R, Medium, Frosted, 2200 to 2700 K, 450 Lumens, 110 deg Beam","Philips LEDs with a dimmable warm glow effect, enables light levels to dim to the warm tones of traditional bulbs. You can change the ambience from functional lighting to an inviting and cozy atmosphere.",Dimmable,Designed for the comfort of your eyes,,,,,,,,,,,,,,,,,,,,,,,,LED Bulb,Series,,,Wattage,5.5,W,Lumens,450,Lumens,Bulb Shape,Type R,,Bulb Shape Code,R20,,Color Temperature,2200 to 2700,K,Light Appearance,Warm Glow,,Bulb Base,Medium,,Bulb Base Code,E26,,Bulb Finish,Frosted,,Voltage Rating,120,V,Color Rendering Index (CRI),95,,Bulb Designation,5.5R20/PER/UD/27/P/E26/WG/T20 4/1PF,,Average Life,15000,hr,Beam Angle,110,deg,Incandescent Wattage Equivalent,,,Halogen Wattage Equivalent,,,Fluorescent Wattage Equivalent,,,HID Wattage Equivalent,,,Dimmable,Dimmable,,Smart Compatible With,,,Diameter,2-1/2,in,Length,3-15/16,in,Energy Star Certified,,,Title 20 Compliant,Title 20 Compliant,,Title 24 Compliant,,,Additional Information,"0.7 Power Factor, 45 W Equivalent Wattage, Plastic Bulb Material",,,,,,,,,,,,,,,,,,,,,,,,,,,,,,,,,,,,,,,,,,,,,,,,,,,,,,,,,,,,,,,,,,,,,,,046677576493,,,,,,,,,,,,,,,,,,,Philips_576496.jpg,,,,,,,,,Philips_576496_Specification_Sheet.pdf,,,,,,,,,,,,,,,,,,Yes
https://www.usa.lighting.philips.com/consumer/p/led-bulb-150w-a21-e26/046677571498,https://www.signify.com/content/dam/signify/en-us/portfolio/stockready/SGn-2308BR%20Stock%20Ready%20Philips%20brochure%202024%20Q4.pdf,,,,,25284660,Electrical,120 Volt Bulbs / Ballasts,LED,513574,571497,571497 150W Led Med 27k,-- Unbranded --,-- No Unilog Brand --,Philips,Phillips Lighting (5831),Signify Holding,Philips,,571497,,Electrical>Lamps & Lightings>Light Bulbs>LED Light Bulbs,"Signify Holding Philips, LED Bulb, 571497, 29W, TypeA, Medium, Frosted",BULB LED 2610LUMENS 29W TYPE A A21 MDM,"Philips 571497 LED Bulb, 29 W, Type A, Medium, Frosted, 2200 to 2700 K, 2610 Lumens, 250 deg Beam","Philips LED Bulb, 29 W Wattage, 2610 Lumens Lumens, Type A Bulb Shape, A21 Bulb Shape Code, 2200 to 2700 K, Light Appearance: Warm Glow, Medium Bulb Base, E26 Bulb Base Code, Frosted Bulb, 120 V, 80 CRI, 29A21/PER/827/FR/P/E26/WG/HO 4/1PF Bulb Designation, 15000 hr Average Life, 250 deg Beam Angle, Dimmable: Dimmable, 3-1/16 in Diameter, 5-7/16 in Length, Energy Star Certified: Energy Star Certified, Additional Information: 0.7 Power Factor, 150 W Equivalent Wattage, Plastic Bulb Material","LED Bulb, 29 W, Type A, Medium, Frosted, 2200 to 2700 K, 2610 Lumens, 250 deg Beam","Philips LEDs with a dimmable warm glow effect, enables light levels to dim to the warm tones of traditional bulbs. You can change the ambience from functional lighting to an inviting and cozy atmosphere.",Similar shape and size as standard incandescent bulb,Long life bulbs - Lasts up to 15 years,Saves up to 80% Energy,Dims to a warm glow,Dimmable,Designed for the comfort of your eyes,,,,,,,,,,,,,,,,,,,,LED Bulb,Series,,,Wattage,29,W,Lumens,2610,Lumens,Bulb Shape,Type A,,Bulb Shape Code,A21,,Color Temperature,2200 to 2700,K,Light Appearance,Warm Glow,,Bulb Base,Medium,,Bulb Base Code,E26,,Bulb Finish,Frosted,,Voltage Rating,120,V,Color Rendering Index (CRI),80,,Bulb Designation,29A21/PER/827/FR/P/E26/WG/HO 4/1PF,,Average Life,15000,hr,Beam Angle,250,deg,Incandescent Wattage Equivalent,,,Halogen Wattage Equivalent,,,Fluorescent Wattage Equivalent,,,HID Wattage Equivalent,,,Dimmable,Dimmable,,Smart Compatible With,,,Diameter,3-1/16,in,Length,5-7/16,in,Energy Star Certified,Energy Star Certified,,Title 20 Compliant,,,Title 24 Compliant,,,Additional Information,"0.7 Power Factor, 150 W Equivalent Wattage, Plastic Bulb Material",,,,,,,,,,,,,,,,,,,,,,,,,,,,,,,,,,,,,,,,,,,,,,,,,,,,,,,,,,,,,,,,,,,,,,,046677571498,,,,,,,,,,,,,,,,,,,Philips_571497.jpg,,,,,,,,,Philips_571497_Specification_Sheet.pdf,,,,,,,,,,,,,,,,,,Yes
https://www.usa.lighting.philips.com/consumer/p/led-filament-bulb-clear-75w-st19-e26-x2/046677574000,,,,,,25284673,Electrical,120 Volt Bulbs / Ballasts,LED,514694,574004,574004 75W Led ST19 27k 2pk,-- Unbranded --,-- No Unilog Brand --,Philips,Phillips Lighting (5831),Signify Holding,Philips,,574004,,Electrical>Lamps & Lightings>Light Bulbs>LED Light Bulbs,"Signify Holding Philips, LED Filament Bulb, 574004, 8W, Tube, Medium",BULB FIL LED 800LUMENS 8W TUBE T19 MDM,"Philips 574004 LED Filament Bulb, 8 W, Tube, Medium, Clear, 2200 to 2700 K, 800 Lumens, 300 deg Beam","Philips LED Filament Bulb, 8 W Wattage, 800 Lumens Lumens, Tube Bulb Shape, T19 Bulb Shape Code, 2200 to 2700 K, Light Appearance: Warm White, Medium Bulb Base, E26 Bulb Base Code, Clear Bulb, 120 V, 90 CRI, 8ST19/VIN/927-922/CL/G/E26/WGD 4/2PF T20 Bulb Designation, 15000 hr Average Life, 300 deg Beam Angle, Dimmable: Dimmable, 2-9/16 in Diameter, 5-7/16 in Length, Title 20 Compliant: Title 20 Compliant, Additional Information: 0.7 Power Factor, 75 W Equivalent Wattage","LED Filament Bulb, 8 W, Tube, Medium, Clear, 2200 to 2700 K, 800 Lumens, 300 deg Beam","State-of-the-art LED light bulb providing a general lighting solution for daily indoor activities. You will save on energy costs immediately and reduce the frequency of bulb replacements, without compromising on the quality of your lighting.",True incandescent-like warm white light,Classic glass LED,,,,,,,,,,,,,,,,,,,,,,,,LED Filament Bulb,Series,,,Wattage,8,W,Lumens,800,Lumens,Bulb Shape,Tube,,Bulb Shape Code,T19,,Color Temperature,2200 to 2700,K,Light Appearance,Warm White,,Bulb Base,Medium,,Bulb Base Code,E26,,Bulb Finish,Clear,,Voltage Rating,120,V,Color Rendering Index (CRI),90,,Bulb Designation,8ST19/VIN/927-922/CL/G/E26/WGD 4/2PF T20,,Average Life,15000,hr,Beam Angle,300,deg,Incandescent Wattage Equivalent,,,Halogen Wattage Equivalent,,,Fluorescent Wattage Equivalent,,,HID Wattage Equivalent,,,Dimmable,Dimmable,,Smart Compatible With,,,Diameter,2-9/16,in,Length,5-7/16,in,Energy Star Certified,,,Title 20 Compliant,Title 20 Compliant,,Title 24 Compliant,,,Additional Information,"0.7 Power Factor, 75 W Equivalent Wattage",,,,,,,,,,,,,,,,,,,,,,,,,,,,,,,,,,,,,,,,,,,,,,,,,,,,,,,,,,,,,,,,,,,,,,,046677574000,,,,,,,,,,,,,,,,,,,Philips_574004.jpg,,,,,,,,,Philips_574004_Specification_Sheet.pdf,,,,,,,,,,,,,,,,,,Yes
https://www.usa.lighting.philips.com/consumer/p/led-filament-bulb-clear-75w-st19-e26-x2/046677574017,,,,,,25284675,Electrical,120 Volt Bulbs / Ballasts,LED,514767,574012,574012 75W Led ST19 50k 2pk,-- Unbranded --,-- No Unilog Brand --,Philips,Phillips Lighting (5831),Signify Holding,Philips,,574012,,Electrical>Lamps & Lightings>Light Bulbs>LED Light Bulbs,"Signify Holding Philips, LED Filament Bulb, 574012, 8.8W, Tube, Medium",BULB FIL LED 800LUMENS 8.8W TUBE T19 MDM,"Philips 574012 LED Filament Bulb, 8.8 W, Tube, Medium, Clear, 5000 K, 800 Lumens, 300 deg Beam","Philips LED Filament Bulb, 8.8 W Wattage, 800 Lumens Lumens, Tube Bulb Shape, T19 Bulb Shape Code, 5000 K, Light Appearance: Natural Light, Medium Bulb Base, E26 Bulb Base Code, Clear Bulb, 120 V, 90 CRI, 8.8ST19/VIN/950/CL/G/E26/DIM 4/2PF T20 Bulb Designation, 15000 hr Average Life, 300 deg Beam Angle, Dimmable: Dimmable, 2-9/16 in Diameter, 5-7/16 in Length, Title 20 Compliant: Title 20 Compliant, Additional Information: 0.7 Power Factor, 75 W Equivalent Wattage","LED Filament Bulb, 8.8 W, Tube, Medium, Clear, 5000 K, 800 Lumens, 300 deg Beam","State-of-the-art LED light bulb providing a general lighting solution for daily indoor activities. You will save on energy costs immediately and reduce the frequency of bulb replacements, without compromising on the quality of your lighting.",Natural day light,Classic glass LED,,,,,,,,,,,,,,,,,,,,,,,,LED Filament Bulb,Series,,,Wattage,8.8,W,Lumens,800,Lumens,Bulb Shape,Tube,,Bulb Shape Code,T19,,Color Temperature,5000,K,Light Appearance,Natural Light,,Bulb Base,Medium,,Bulb Base Code,E26,,Bulb Finish,Clear,,Voltage Rating,120,V,Color Rendering Index (CRI),90,,Bulb Designation,8.8ST19/VIN/950/CL/G/E26/DIM 4/2PF T20,,Average Life,15000,hr,Beam Angle,300,deg,Incandescent Wattage Equivalent,,,Halogen Wattage Equivalent,,,Fluorescent Wattage Equivalent,,,HID Wattage Equivalent,,,Dimmable,Dimmable,,Smart Compatible With,,,Diameter,2-9/16,in,Length,5-7/16,in,Energy Star Certified,,,Title 20 Compliant,Title 20 Compliant,,Title 24 Compliant,,,Additional Information,"0.7 Power Factor, 75 W Equivalent Wattage",,,,,,,,,,,,,,,,,,,,,,,,,,,,,,,,,,,,,,,,,,,,,,,,,,,,,,,,,,,,,,,,,,,,,,,046677574017,,,,,,,,,,,,,,,,,,,Philips_574004.jpg,,,,,,,,,Philips_574012_Specification_Sheet.pdf,,,,,,,,,,,,,,,,,,Yes
https://www.usa.lighting.philips.com/consumer/p/led-filament-bulb-amber-75w-st19-e26-x4/046677573973,,,,,,25284680,Electrical,120 Volt Bulbs / Ballasts,LED,515279,573971,573971 75W Led ST19 20k 4pk,-- Unbranded --,-- No Unilog Brand --,Philips,Phillips Lighting (5831),Signify Holding,Philips,,573971,,Electrical>Lamps & Lightings>Light Bulbs>LED Light Bulbs,"Signify Holding Philips, LED Filament Bulb, 573971, 8.8W, Tube, Medium",BULB FIL LED 700LUMENS 8.8W TUBE T19 AMB,"Philips 573971 LED Filament Bulb, 8.8 W, Tube, Medium, Clear, 2000 K, 700 Lumens, 300 deg Beam","Philips LED Filament Bulb, 8.8 W Wattage, 700 Lumens Lumens, Tube Bulb Shape, T19 Bulb Shape Code, 2000 K, Light Appearance: Amber, Medium Bulb Base, E26 Bulb Base Code, Clear Bulb, 120 V, 80 CRI, 8.8ST19/VIN/820/Amber/G/E26/DIM 4/4PFT20 Bulb Designation, 15000 hr Average Life, 300 deg Beam Angle, Dimmable: Dimmable, 2-9/16 in Diameter, 5-7/16 in Length, Title 20 Compliant: Title 20 Compliant, Additional Information: 0.7 Power Factor, 75 W Equivalent Wattage","LED Filament Bulb, 8.8 W, Tube, Medium, Clear, 2000 K, 700 Lumens, 300 deg Beam","State-of-the-art LED light bulb providing a general lighting solution for daily indoor activities. You will save on energy costs immediately and reduce the frequency of bulb replacements, without compromising on the quality of your lighting.",Amber light,Vintage style LED,,,,,,,,,,,,,,,,,,,,,,,,LED Filament Bulb,Series,,,Wattage,8.8,W,Lumens,700,Lumens,Bulb Shape,Tube,,Bulb Shape Code,T19,,Color Temperature,2000,K,Light Appearance,Amber,,Bulb Base,Medium,,Bulb Base Code,E26,,Bulb Finish,Clear,,Voltage Rating,120,V,Color Rendering Index (CRI),80,,Bulb Designation,8.8ST19/VIN/820/Amber/G/E26/DIM 4/4PFT20,,Average Life,15000,hr,Beam Angle,300,deg,Incandescent Wattage Equivalent,,,Halogen Wattage Equivalent,,,Fluorescent Wattage Equivalent,,,HID Wattage Equivalent,,,Dimmable,Dimmable,,Smart Compatible With,,,Diameter,2-9/16,in,Length,5-7/16,in,Energy Star Certified,,,Title 20 Compliant,Title 20 Compliant,,Title 24 Compliant,,,Additional Information,"0.7 Power Factor, 75 W Equivalent Wattage",,,,,,,,,,,,,,,,,,,,,,,,,,,,,,,,,,,,,,,,,,,,,,,,,,,,,,,,,,,,,,,,,,,,,,,046677573973,,,,,,,,,,,,,,,,,,,Philips_573971.jpg,,,,,,,,,Philips_573971_Specification_Sheet.pdf,,,,,,,,,,,,,,,,,,Yes
https://www.usa.lighting.philips.com/consumer/p/led-filament-bulb-clear-40w-st19-e26-x4/046677573980,,,,,,25284683,Electrical,120 Volt Bulbs / Ballasts,LED,516052,573989,573989 40W Led Med 27K 4pk,-- Unbranded --,-- No Unilog Brand --,Philips,Phillips Lighting (5831),Signify Holding,Philips,,573989,,Electrical>Lamps & Lightings>Light Bulbs>LED Light Bulbs,"Signify Holding Philips, LED Filament Bulb, 573989, 4.4W, Tube, Medium",BULB FIL LED 400LUMENS 4.4W TUBE T19 MDM,"Philips 573989 LED Filament Bulb, 4.4 W, Tube, Medium, Clear, 2700 K, 400 Lumens, 300 deg Beam","Philips LED Filament Bulb, 4.4 W Wattage, 400 Lumens Lumens, Tube Bulb Shape, T19 Bulb Shape Code, 2700 K, Light Appearance: Warm White, Medium Bulb Base, E26 Bulb Base Code, Clear Bulb, 120 V, 90 CRI, 4.4ST19/VIN/927/CL/G/E26/DIM 4/4PF T20 Bulb Designation, 15000 hr Average Life, 300 deg Beam Angle, Dimmable: Dimmable, 2-9/16 in Diameter, 5-7/16 in Length, Title 20 Compliant: Title 20 Compliant, Additional Information: 0.7 Power Factor, 40 W Equivalent Wattage","LED Filament Bulb, 4.4 W, Tube, Medium, Clear, 2700 K, 400 Lumens, 300 deg Beam","State-of-the-art LED light bulb providing a general lighting solution for daily indoor activities. You will save on energy costs immediately and reduce the frequency of bulb replacements, without compromising on the quality of your lighting.",True incandescent-like warm white light,Classic glass LED,,,,,,,,,,,,,,,,,,,,,,,,LED Filament Bulb,Series,,,Wattage,4.4,W,Lumens,400,Lumens,Bulb Shape,Tube,,Bulb Shape Code,T19,,Color Temperature,2700,K,Light Appearance,Warm White,,Bulb Base,Medium,,Bulb Base Code,E26,,Bulb Finish,Clear,,Voltage Rating,120,V,Color Rendering Index (CRI),90,,Bulb Designation,4.4ST19/VIN/927/CL/G/E26/DIM 4/4PF T20,,Average Life,15000,hr,Beam Angle,300,deg,Incandescent Wattage Equivalent,,,Halogen Wattage Equivalent,,,Fluorescent Wattage Equivalent,,,HID Wattage Equivalent,,,Dimmable,Dimmable,,Smart Compatible With,,,Diameter,2-9/16,in,Length,5-7/16,in,Energy Star Certified,,,Title 20 Compliant,Title 20 Compliant,,Title 24 Compliant,,,Additional Information,"0.7 Power Factor, 40 W Equivalent Wattage",,,,,,,,,,,,,,,,,,,,,,,,,,,,,,,,,,,,,,,,,,,,,,,,,,,,,,,,,,,,,,,,,,,,,,,046677573980,,,,,,,,,,,,,,,,,,,Philips_573989.jpg,,,,,,,,,Philips_573989_Specification_Sheet.pdf,,,,,,,,,,,,,,,,,,Yes
https://www.usa.lighting.philips.com/consumer/p/led-bulb-65w-br30-e26-x3/046677576769,,,,,,25284700,Electrical,120 Volt Bulbs / Ballasts,LED,519432,576769,576769 65W Led BR30 Med 27k,-- Unbranded --,-- No Unilog Brand --,Philips,Phillips Lighting (5831),Signify Holding,Philips,,576769,,Electrical>Lamps & Lightings>Light Bulbs>LED Light Bulbs,"Signify Holding Philips, LED Bulb, 576769, 7.5W, Type BR, Medium",BULB LED 650LUMENS 7.5W TYPE BR BR30 MDM,"Philips 576769 LED Bulb, 7.5 W, Type BR, Medium, Frosted, 2200 to 2700 K, 650 Lumens, 110 deg Beam","Philips LED Bulb, 7.5 W Wattage, 650 Lumens Lumens, Type BR Bulb Shape, BR30 Bulb Shape Code, 2200 to 2700 K, Light Appearance: Warm Glow, Medium Bulb Base, E26 Bulb Base Code, Frosted Bulb, 120 V, 95 CRI, 7.5BR30/PER/UD/27/P/E26/WG/T20 3/3CT Bulb Designation, 15000 hr Average Life, 110 deg Beam Angle, Dimmable: Dimmable, 3-3/4 in Diameter, 5-1/8 in Length, Title 20 Compliant: Title 20 Compliant, Additional Information: 0.7 Power Factor, 65 W Equivalent Wattage, Plastic Bulb Material","LED Bulb, 7.5 W, Type BR, Medium, Frosted, 2200 to 2700 K, 650 Lumens, 110 deg Beam","Philips LEDs with a dimmable warm glow effect, enables light levels to dim to the warm tones of traditional bulbs. You can change the ambience from functional lighting to an inviting and cozy atmosphere.",Dimmable,Designed for the comfort of your eyes,,,,,,,,,,,,,,,,,,,,,,,,LED Bulb,Series,,,Wattage,7.5,W,Lumens,650,Lumens,Bulb Shape,Type BR,,Bulb Shape Code,BR30,,Color Temperature,2200 to 2700,K,Light Appearance,Warm Glow,,Bulb Base,Medium,,Bulb Base Code,E26,,Bulb Finish,Frosted,,Voltage Rating,120,V,Color Rendering Index (CRI),95,,Bulb Designation,7.5BR30/PER/UD/27/P/E26/WG/T20 3/3CT,,Average Life,15000,hr,Beam Angle,110,deg,Incandescent Wattage Equivalent,,,Halogen Wattage Equivalent,,,Fluorescent Wattage Equivalent,,,HID Wattage Equivalent,,,Dimmable,Dimmable,,Smart Compatible With,,,Diameter,3-3/4,in,Length,5-1/8,in,Energy Star Certified,,,Title 20 Compliant,Title 20 Compliant,,Title 24 Compliant,,,Additional Information,"0.7 Power Factor, 65 W Equivalent Wattage, Plastic Bulb Material",,,,,,,,,,,,,,,,,,,,,,,,,,,,,,,,,,,,,,,,,,,,,,,,,,,,,,,,,,,,,,,,,,,,,,,046677576769,,,,,,,,,,,,,,,,,,,Philips_576520.jpg,,,,,,,,,Philips_576769_Specification_Sheet.pdf,,,,,,,,,,,,,,,,,,Yes
https://www.usa.lighting.philips.com/consumer/p/led-filament-bulb-clear-40w-st19-e26-x4/046677573997,,,,,,25284702,Electrical,120 Volt Bulbs / Ballasts,LED,519609,573997,573997 40W Led Med 50k 4pk,-- Unbranded --,-- No Unilog Brand --,Philips,Phillips Lighting (5831),Signify Holding,Philips,,573997,,Electrical>Lamps & Lightings>Light Bulbs>LED Light Bulbs,"Signify Holding Philips, LED Filament Bulb, 573997, 4.4W, Tube, Medium",BULB FIL LED 400LUMENS 4.4W TUBE T19 MDM,"Philips 573997 LED Filament Bulb, 4.4 W, Tube, Medium, Clear, 5000 K, 400 Lumens, 300 deg Beam","Philips LED Filament Bulb, 4.4 W Wattage, 400 Lumens Lumens, Tube Bulb Shape, T19 Bulb Shape Code, 5000 K, Light Appearance: Natural Light, Medium Bulb Base, E26 Bulb Base Code, Clear Bulb, 120 V, 90 CRI, 4.4ST19/VIN/950/CL/G/E26/DIM 4/4PF T20 Bulb Designation, 15000 hr Average Life, 300 deg Beam Angle, Dimmable: Dimmable, 2-9/16 in Diameter, 5-7/16 in Length, Title 20 Compliant: Title 20 Compliant, Additional Information: 0.7 Power Factor, 40 W Equivalent Wattage","LED Filament Bulb, 4.4 W, Tube, Medium, Clear, 5000 K, 400 Lumens, 300 deg Beam","State-of-the-art LED light bulb providing a general lighting solution for daily indoor activities. You will save on energy costs immediately and reduce the frequency of bulb replacements, without compromising on the quality of your lighting.",Natural day light,Classic glass LED,,,,,,,,,,,,,,,,,,,,,,,,LED Filament Bulb,Series,,,Wattage,4.4,W,Lumens,400,Lumens,Bulb Shape,Tube,,Bulb Shape Code,T19,,Color Temperature,5000,K,Light Appearance,Natural Light,,Bulb Base,Medium,,Bulb Base Code,E26,,Bulb Finish,Clear,,Voltage Rating,120,V,Color Rendering Index (CRI),90,,Bulb Designation,4.4ST19/VIN/950/CL/G/E26/DIM 4/4PF T20,,Average Life,15000,hr,Beam Angle,300,deg,Incandescent Wattage Equivalent,,,Halogen Wattage Equivalent,,,Fluorescent Wattage Equivalent,,,HID Wattage Equivalent,,,Dimmable,Dimmable,,Smart Compatible With,,,Diameter,2-9/16,in,Length,5-7/16,in,Energy Star Certified,,,Title 20 Compliant,Title 20 Compliant,,Title 24 Compliant,,,Additional Information,"0.7 Power Factor, 40 W Equivalent Wattage",,,,,,,,,,,,,,,,,,,,,,,,,,,,,,,,,,,,,,,,,,,,,,,,,,,,,,,,,,,,,,,,,,,,,,,046677573997,,,,,,,,,,,,,,,,,,,Philips_573989.jpg,,,,,,,,,Philips_573997_Specification_Sheet.pdf,,,,,,,,,,,,,,,,,,Yes
https://www.usa.lighting.philips.com/consumer/p/led-bulb-100w-br30-e26/046677571467,https://www.signify.com/content/dam/signify/en-us/portfolio/stockready/SGn-2308BR%20Stock%20Ready%20Philips%20brochure%202024%20Q4.pdf,,,,,25284704,Electrical,120 Volt Bulbs / Ballasts,LED,519846,571463,571463 100W Led BR30 Med 50k,-- Unbranded --,-- No Unilog Brand --,Philips,Phillips Lighting (5831),Signify Holding,Philips,,571463,,Electrical>Lamps & Lightings>Light Bulbs>LED Light Bulbs,"Signify Holding Philips, LED Bulb, 571463, 15W, Type BR, Medium, Frosted",BULB LED 1400LUMENS 15W TYPE BR BR30 MDM,"Philips 571463 LED Bulb, 15 W, Type BR, Medium, Frosted, 5000 K, 1400 Lumens, 110 deg Beam","Philips LED Bulb, 15 W Wattage, 1400 Lumens Lumens, Type BR Bulb Shape, BR30 Bulb Shape Code, 5000 K, Medium Bulb Base, E26 Bulb Base Code, Frosted Bulb, 120 V, 90 CRI, 15BR30/PER/950/P/E26/D/HO/T20 4/1PF Bulb Designation, 15000 hr Average Life, 110 deg Beam Angle, Dimmable: Dimmable, 3-3/4 in Diameter, 5-1/8 in Length, Energy Star Certified: Energy Star Certified, Title 20 Compliant: Title 20 Compliant, Additional Information: 0.7 Power Factor, 65 W Equivalent Wattage, Plastic Bulb Material","LED Bulb, 15 W, Type BR, Medium, Frosted, 5000 K, 1400 Lumens, 110 deg Beam",Familiar shapes you know and love. They use around 80% less energy than traditional light bubls and last ten times longer.,Dimmable,Designed for the comfort of your eyes,,,,,,,,,,,,,,,,,,,,RoHS Compliant,,,,LED Bulb,Series,,,Wattage,15,W,Lumens,1400,Lumens,Bulb Shape,Type BR,,Bulb Shape Code,BR30,,Color Temperature,5000,K,Light Appearance,,,Bulb Base,Medium,,Bulb Base Code,E26,,Bulb Finish,Frosted,,Voltage Rating,120,V,Color Rendering Index (CRI),90,,Bulb Designation,15BR30/PER/950/P/E26/D/HO/T20 4/1PF,,Average Life,15000,hr,Beam Angle,110,deg,Incandescent Wattage Equivalent,,,Halogen Wattage Equivalent,,,Fluorescent Wattage Equivalent,,,HID Wattage Equivalent,,,Dimmable,Dimmable,,Smart Compatible With,,,Diameter,3-3/4,in,Length,5-1/8,in,Energy Star Certified,Energy Star Certified,,Title 20 Compliant,Title 20 Compliant,,Title 24 Compliant,,,Additional Information,"0.7 Power Factor, 65 W Equivalent Wattage, Plastic Bulb Material",,,,,,,,,,,,,,,,,,,,,,,,,,,,,,,,,,,,,,,,,,,,,,,,,,,,,,,,,,,,,,,,,,,,,,,046677571467,,,,,,,,,,,,,,,,,,,Philips_576520.jpg,,,,,,,,,Philips_571463_Specification_Sheet.pdf,,,,,,,,,,,,,,,,,,Yes
https://www.usa.lighting.philips.com/consumer/p/led-bulb-65w-br40-e26/046677576516,,,,,,25284708,Electrical,120 Volt Bulbs / Ballasts,LED,520341,576512,576512 65W Led BR40 Med 27k,-- Unbranded --,-- No Unilog Brand --,Philips,Phillips Lighting (5831),Signify Holding,Philips,,576512,,Electrical>Lamps & Lightings>Light Bulbs>LED Light Bulbs,"Signify Holding Philips, LED Bulb, 576512, 10W, Type BR, Medium, Frosted",BULB LED 800LUMENS 10W TYPE BR BR40 MDM,"Philips 576512 LED Bulb, 10 W, Type BR, Medium, Frosted, 2200 to 2700 K, 800 Lumens, 110 deg Beam","Philips LED Bulb, 10 W Wattage, 800 Lumens Lumens, Type BR Bulb Shape, BR40 Bulb Shape Code, 2200 to 2700 K, Light Appearance: Warm Glow, Medium Bulb Base, E26 Bulb Base Code, Frosted Bulb, 120 V, 95 CRI, 10BR40/PER/UD/27/P/E26/WG/T20 4/1PF Bulb Designation, 15000 hr Average Life, 110 deg Beam Angle, Dimmable: Dimmable, 4-15/16 in Diameter, 6-3/8 in Length, Title 20 Compliant: Title 20 Compliant, Additional Information: 0.7 Power Factor, 65 W Equivalent Wattage, Plastic Bulb Material","LED Bulb, 10 W, Type BR, Medium, Frosted, 2200 to 2700 K, 800 Lumens, 110 deg Beam","Philips LEDs with a dimmable warm glow effect, enables light levels to dim to the warm tones of traditional bulbs. You can change the ambience from functional lighting to an inviting and cozy atmosphere.",Dimmable,Designed for the comfort of your eyes,,,,,,,,,,,,,,,,,,,,,,,,LED Bulb,Series,,,Wattage,10,W,Lumens,800,Lumens,Bulb Shape,Type BR,,Bulb Shape Code,BR40,,Color Temperature,2200 to 2700,K,Light Appearance,Warm Glow,,Bulb Base,Medium,,Bulb Base Code,E26,,Bulb Finish,Frosted,,Voltage Rating,120,V,Color Rendering Index (CRI),95,,Bulb Designation,10BR40/PER/UD/27/P/E26/WG/T20 4/1PF,,Average Life,15000,hr,Beam Angle,110,deg,Incandescent Wattage Equivalent,,,Halogen Wattage Equivalent,,,Fluorescent Wattage Equivalent,,,HID Wattage Equivalent,,,Dimmable,Dimmable,,Smart Compatible With,,,Diameter,4-15/16,in,Length,6-3/8,in,Energy Star Certified,,,Title 20 Compliant,Title 20 Compliant,,Title 24 Compliant,,,Additional Information,"0.7 Power Factor, 65 W Equivalent Wattage, Plastic Bulb Material",,,,,,,,,,,,,,,,,,,,,,,,,,,,,,,,,,,,,,,,,,,,,,,,,,,,,,,,,,,,,,,,,,,,,,,046677576516,,,,,,,,,,,,,,,,,,,Philips_576512.jpg,,,,,,,,,Philips_576512_Specification_Sheet.pdf,,,,,,,,,,,,,,,,,,Yes
https://www.usa.lighting.philips.com/consumer/p/led-filament-bulb-frosted-60w-a19-e26-x2/046677573430,https://www.signify.com/content/dam/signify/en-us/portfolio/stockready/SGn-2308BR%20Stock%20Ready%20Philips%20brochure%202024%20Q4.pdf,,,,,25284755,Electrical,120 Volt Bulbs / Ballasts,LED,529782,573436,573436 60W Led A19 Med 27k 2pk,-- Unbranded --,-- No Unilog Brand --,Philips,Phillips Lighting (5831),Signify Holding,Philips,,573436,,Electrical>Lamps & Lightings>Light Bulbs>LED Light Bulbs,"Signify Holding Philips, LED Filament Bulb, 573436, 8W, TypeA, Medium",BULB FIL LED 800LUMENS 8W TYPE A A19 MDM,"Philips 573436 LED Filament Bulb, 8 W, Type A, Medium, Frosted, 2200 to 2700 K, 800 Lumens, 300 deg Beam","Philips LED Filament Bulb, 8 W Wattage, 800 Lumens Lumens, Type A Bulb Shape, A19 Bulb Shape Code, 2200 to 2700 K, Light Appearance: Warm White, Medium Bulb Base, E26 Bulb Base Code, Frosted Bulb, 120 V, 95 CRI, 8A19/PER/UD/FR/G/E26/WGD 4/2PFT20 Bulb Designation, 15000 hr Average Life, 300 deg Beam Angle, Dimmable: Dimmable, 1/4 in Diameter, 7/16 in Length, Energy Star Certified: Energy Star Certified, Title 20 Compliant: Title 20 Compliant, Additional Information: 0.7 Power Factor, 60 W Equivalent Wattage, Glass Bulb","LED Filament Bulb, 8 W, Type A, Medium, Frosted, 2200 to 2700 K, 800 Lumens, 300 deg Beam","Philips LED light bulbs provide a beautiful, warm white light, an exceptionally long life, and immediate, significant energy savings. With a pure and elegant design, this bulb is the perfect replacement for your clear incandescent bulbs.",Designed for the comfort of your eyes,Long life bulbs - Lasts up to 15 years,Dims to a warm glow,Light that shows true colors,Classic glass LED,,,,,,,,,,,,,,,,,,,,,LED Filament Bulb,Series,,,Wattage,8,W,Lumens,800,Lumens,Bulb Shape,Type A,,Bulb Shape Code,A19,,Color Temperature,2200 to 2700,K,Light Appearance,Warm White,,Bulb Base,Medium,,Bulb Base Code,E26,,Bulb Finish,Frosted,,Voltage Rating,120,V,Color Rendering Index (CRI),95,,Bulb Designation,8A19/PER/UD/FR/G/E26/WGD 4/2PFT20,,Average Life,15000,hr,Beam Angle,300,deg,Incandescent Wattage Equivalent,,,Halogen Wattage Equivalent,,,Fluorescent Wattage Equivalent,,,HID Wattage Equivalent,,,Dimmable,Dimmable,,Smart Compatible With,,,Diameter,1/4,in,Length,7/16,in,Energy Star Certified,Energy Star Certified,,Title 20 Compliant,Title 20 Compliant,,Title 24 Compliant,,,Additional Information,"0.7 Power Factor, 60 W Equivalent Wattage, Glass Bulb",,,,,,,,,,,,,,,,,,,,,,,,,,,,,,,,,,,,,,,,,,,,,,,,,,,,,,,,,,,,,,,,,,,,,,,046677573430,,,,,,,,,,,,,,,,,,,Philips_573436.jpg,,,,,,,,,Philips_573436_Specification_Sheet.pdf,,,,,,,,,,,,,,,,,,Yes
https://www.usa.lighting.philips.com/consumer/p/led-filament-bulb-clear-40w-a19-e26-x2/046677573454,https://www.assets.signify.com/is/content/Signify/US.en_US.046677573454,https://www.signify.com/content/dam/signify/en-us/portfolio/stockready/SGn-2308BR%20Stock%20Ready%20Philips%20brochure%202024%20Q4.pdf,,,,25284763,Electrical,120 Volt Bulbs / Ballasts,LED,530493,573451,573451 40W Led Med 27k 2pk,-- Unbranded --,-- No Unilog Brand --,Philips,Phillips Lighting (5831),Signify Holding,Philips,,573451,,Electrical>Lamps & Lightings>Light Bulbs>LED Light Bulbs,"Signify Holding Philips, LED Filament Bulb, 573451, 5W, TypeA, Medium",BULB FIL LED 450LUMENS 5W TYPE A A19 MDM,"Philips 573451 LED Filament Bulb, 5 W, Type A, Medium, Clear, 2200 to 2700 K, 450 Lumens, 300 deg Beam","Philips LED Filament Bulb, 5 W Wattage, 450 Lumens Lumens, Type A Bulb Shape, A19 Bulb Shape Code, 2200 to 2700 K, Light Appearance: Warm White, Medium Bulb Base, E26 Bulb Base Code, Clear Bulb, 120 V, 95 CRI, 5A19/PER/UD/CL/G/E26/WGD 4/2PFT20 Bulb Designation, 15000 hr Average Life, 300 deg Beam Angle, Dimmable: Dimmable, 1/4 in Diameter, 7/16 in Length, Energy Star Certified: Energy Star Certified, Title 20 Compliant: Title 20 Compliant, Additional Information: 0.7 Power Factor, 40 W Equivalent Wattage, Glass Bulb Material","LED Filament Bulb, 5 W, Type A, Medium, Clear, 2200 to 2700 K, 450 Lumens, 300 deg Beam","Philips LED light bulbs provide a beautiful, warm white light, an exceptionally long life, and immediate, significant energy savings. With a pure and elegant design, this bulb is the perfect replacement for your clear incandescent bulbs.",Designed for the comfort of your eyes,Long life bulbs - Lasts up to 15 years,Dims to a warm glow,Light that shows true colors,Classic glass LED,,,,,,,,,,,,,,,,,,,,,LED Filament Bulb,Series,,,Wattage,5,W,Lumens,450,Lumens,Bulb Shape,Type A,,Bulb Shape Code,A19,,Color Temperature,2200 to 2700,K,Light Appearance,Warm White,,Bulb Base,Medium,,Bulb Base Code,E26,,Bulb Finish,Clear,,Voltage Rating,120,V,Color Rendering Index (CRI),95,,Bulb Designation,5A19/PER/UD/CL/G/E26/WGD 4/2PFT20,,Average Life,15000,hr,Beam Angle,300,deg,Incandescent Wattage Equivalent,,,Halogen Wattage Equivalent,,,Fluorescent Wattage Equivalent,,,HID Wattage Equivalent,,,Dimmable,Dimmable,,Smart Compatible With,,,Diameter,1/4,in,Length,7/16,in,Energy Star Certified,Energy Star Certified,,Title 20 Compliant,Title 20 Compliant,,Title 24 Compliant,,,Additional Information,"0.7 Power Factor, 40 W Equivalent Wattage, Glass Bulb Material",,,,,,,,,,,,,,,,,,,,,,,,,,,,,,,,,,,,,,,,,,,,,,,,,,,,,,,,,,,,,,,,,,,,,,,046677573454,,,,,,,,,,,,,,,,,,,Philips_573451.jpg,,,,,,,,,Philips_573451_Specification_Sheet.pdf,,,,,,,,,,,,,,,,,,Yes
https://www.usa.lighting.philips.com/consumer/p/led-filament-bulb-frosted-60w-g25-e26-x2/046677575212,https://www.assets.signify.com/is/content/Signify/US.en_US.046677575212,https://www.signify.com/content/dam/signify/en-us/portfolio/stockready/SGn-2308BR%20Stock%20Ready%20Philips%20brochure%202024%20Q4.pdf,,,,25284779,Electrical,120 Volt Bulbs / Ballasts,LED,532596,575217,575217 60W Led Med 50k 2pk,-- Unbranded --,-- No Unilog Brand --,Philips,Phillips Lighting (5831),Signify Holding,Philips,,575217,,Electrical>Lamps & Lightings>Light Bulbs>LED Light Bulbs,"Signify Holding Philips, LED Filament Bulb, 575217, 5W, Globe, Medium",BULB FIL LED 500LUMENS 5W GLOBE G25 MDM,"Philips 575217 LED Filament Bulb, 5 W, Globe, Medium, Frosted, 5000 K, 500 Lumens, 300 deg Beam","Philips LED Filament Bulb, 5 W Wattage, 500 Lumens Lumens, Globe Bulb Shape, G25 Bulb Shape Code, 5000 K, Medium Bulb Base, E26 Bulb Base Code, Frosted Bulb, 120 V, 95 CRI, 5G25/PER/UD50/E26/FR/G/D 4/2PFT20 Bulb Designation, 15000 hr Average Life, 300 deg Beam Angle, Dimmable: Dimmable, 3-3/16 in Diameter, 4-11/16 in Length, Energy Star Certified: Energy Star Certified, Title 20 Compliant: Title 20 Compliant, Additional Information: 0.7 Power Factor, 60 W Equivalent Wattage, Glass Bulb Material","LED Filament Bulb, 5 W, Globe, Medium, Frosted, 5000 K, 500 Lumens, 300 deg Beam","State-of-the-art LED light bulb providing a general lighting solution for daily indoor activities. You will save on energy costs immediately and reduce the frequency of bulb replacements, without compromising on the quality of your lighting.",Designed for the comfort of your eyes,Long life bulbs - Lasts up to 15 years,,,,,,,,,,,,,,,,,,,,RoHS Compliant,,,,LED Filament Bulb,Series,,,Wattage,5,W,Lumens,500,Lumens,Bulb Shape,Globe,,Bulb Shape Code,G25,,Color Temperature,5000,K,Light Appearance,,,Bulb Base,Medium,,Bulb Base Code,E26,,Bulb Finish,Frosted,,Voltage Rating,120,V,Color Rendering Index (CRI),95,,Bulb Designation,5G25/PER/UD50/E26/FR/G/D 4/2PFT20,,Average Life,15000,hr,Beam Angle,300,deg,Incandescent Wattage Equivalent,,,Halogen Wattage Equivalent,,,Fluorescent Wattage Equivalent,,,HID Wattage Equivalent,,,Dimmable,Dimmable,,Smart Compatible With,,,Diameter,3-3/16,in,Length,4-11/16,in,Energy Star Certified,Energy Star Certified,,Title 20 Compliant,Title 20 Compliant,,Title 24 Compliant,,,Additional Information,"0.7 Power Factor, 60 W Equivalent Wattage, Glass Bulb Material",,,,,,,,,,,,,,,,,,,,,,,,,,,,,,,,,,,,,,,,,,,,,,,,,,,,,,,,,,,,,,,,,,,,,,,046677575212,,,,,,,,,,,,,,,,,,,Philips_575217.jpg,,,,,,,,,Philips_575217_Specification_Sheet.pdf,,,,,,,,,,,,,,,,,,Yes
https://www.usa.lighting.philips.com/consumer/p/led-bulb-100w-br30-e26/046677571474,https://www.signify.com/content/dam/signify/en-us/portfolio/stockready/SGn-2308BR%20Stock%20Ready%20Philips%20brochure%202024%20Q4.pdf,,,,,25284781,Electrical,120 Volt Bulbs / Ballasts,LED,532775,571471,571471 100W Led BR30 Med 27k,-- Unbranded --,-- No Unilog Brand --,Philips,Phillips Lighting (5831),Signify Holding,Philips,,571471,,Electrical>Lamps & Lightings>Light Bulbs>LED Light Bulbs,"Signify Holding Philips, LED Bulb, 571471, 15W, Type BR, Medium, Frosted",BULB LED 1400LUMENS 15W TYPE BR BR30 MDM,"Philips 571471 LED Bulb, 15 W, Type BR, Medium, Frosted, 2200 to 2700 K, 1400 Lumens, 110 deg Beam","Philips LED Bulb, 15 W Wattage, 1400 Lumens Lumens, Type BR Bulb Shape, BR30 Bulb Shape Code, 2200 to 2700 K, Medium Bulb Base, E26 Bulb Base Code, Frosted Bulb, 120 V, 90 CRI, 15BR30/PER/927/P/E26/WG/HO/T20 4/1PF Bulb Designation, 15000 hr Average Life, 110 deg Beam Angle, Dimmable: Dimmable, 3-3/4 in Diameter, 5-1/8 in Length, Energy Star Certified: Energy Star Certified, Title 20 Compliant: Title 20 Compliant, Additional Information: 0.7 Power Factor, 100 W Equivalent Wattage, Plastic Bulb Material","LED Bulb, 15 W, Type BR, Medium, Frosted, 2200 to 2700 K, 1400 Lumens, 110 deg Beam","Philips LEDs with a dimmable warm glow effect, enables light levels to dim to the warm tones of traditional bulbs. You can change the ambience from functional lighting to an inviting and cozy atmosphere.",Dimmable,Designed for the comfort of your eyes,,,,,,,,,,,,,,,,,,,,RoHS Compliant,,,,LED Bulb,Series,,,Wattage,15,W,Lumens,1400,Lumens,Bulb Shape,Type BR,,Bulb Shape Code,BR30,,Color Temperature,2200 to 2700,K,Light Appearance,,,Bulb Base,Medium,,Bulb Base Code,E26,,Bulb Finish,Frosted,,Voltage Rating,120,V,Color Rendering Index (CRI),90,,Bulb Designation,15BR30/PER/927/P/E26/WG/HO/T20 4/1PF,,Average Life,15000,hr,Beam Angle,110,deg,Incandescent Wattage Equivalent,,,Halogen Wattage Equivalent,,,Fluorescent Wattage Equivalent,,,HID Wattage Equivalent,,,Dimmable,Dimmable,,Smart Compatible With,,,Diameter,3-3/4,in,Length,5-1/8,in,Energy Star Certified,Energy Star Certified,,Title 20 Compliant,Title 20 Compliant,,Title 24 Compliant,,,Additional Information,"0.7 Power Factor, 100 W Equivalent Wattage, Plastic Bulb Material",,,,,,,,,,,,,,,,,,,,,,,,,,,,,,,,,,,,,,,,,,,,,,,,,,,,,,,,,,,,,,,,,,,,,,,046677571474,,,,,,,,,,,,,,,,,,,Philips_576520.jpg,,,,,,,,,Philips_571471_Specification_Sheet.pdf,,,,,,,,,,,,,,,,,,Yes
https://www.usa.lighting.philips.com/consumer/p/led-filament-candle-clear-60w-b11-e26-x3/046677573379,https://www.assets.signify.com/is/content/Signify/US.en_US.046677573379,https://www.signify.com/content/dam/signify/en-us/portfolio/stockready/SGn-2308BR%20Stock%20Ready%20Philips%20brochure%202024%20Q4.pdf,,,,25284790,Electrical,120 Volt Bulbs / Ballasts,LED,533881,573378,573378 60W Led Med 27k 3pk,-- Unbranded --,-- No Unilog Brand --,Philips,Phillips Lighting (5831),Signify Holding,Philips,,573378,,Electrical>Lamps & Lightings>Light Bulbs>LED Light Bulbs,"Signify Holding Philips, LED Filament Bulb, 573378, 5W, TypeB, Medium",BULB FIL LED 500LUMENS 5W TYPE B B11 MDM,"Philips 573378 LED Filament Bulb, 5 W, Type B, Medium, Clear, 2200 to 2700 K, 500 Lumens, 300 deg Beam","Philips LED Filament Bulb, 5 W Wattage, 500 Lumens Lumens, Type B Bulb Shape, B11 Bulb Shape Code, 2200 to 2700 K, Light Appearance: Warm Glow, Medium Bulb Base, E26 Bulb Base Code, Clear Bulb, 120 V, 95 CRI, 5B11/PER/UD/CL/G/E26/WGD 6/3PF T20 Bulb Designation, 15000 hr Average Life, 300 deg Beam Angle, Dimmable: Dimmable, 1-3/8 in Diameter, 3-9/16 in Length, Energy Star Certified: Energy Star Certified, Title 20 Compliant: Title 20 Compliant, Additional Information: 0.7 Power Factor, 60 W Equivalent Wattage, Glass Bulb Material","LED Filament Bulb, 5 W, Type B, Medium, Clear, 2200 to 2700 K, 500 Lumens, 300 deg Beam","State-of-the-art LED light bulb providing a general lighting solution for daily indoor activities. You will save on energy costs immediately and reduce the frequency of bulb replacements, without compromising on the quality of your lighting.",Designed for the comfort of your eyes,Long life bulbs - Lasts up to 15 years,,,,,,,,,,,,,,,,,,,,RoHS Compliant,,,,LED Filament Bulb,Series,,,Wattage,5,W,Lumens,500,Lumens,Bulb Shape,Type B,,Bulb Shape Code,B11,,Color Temperature,2200 to 2700,K,Light Appearance,Warm Glow,,Bulb Base,Medium,,Bulb Base Code,E26,,Bulb Finish,Clear,,Voltage Rating,120,V,Color Rendering Index (CRI),95,,Bulb Designation,5B11/PER/UD/CL/G/E26/WGD 6/3PF T20,,Average Life,15000,hr,Beam Angle,300,deg,Incandescent Wattage Equivalent,,,Halogen Wattage Equivalent,,,Fluorescent Wattage Equivalent,,,HID Wattage Equivalent,,,Dimmable,Dimmable,,Smart Compatible With,,,Diameter,1-3/8,in,Length,3-9/16,in,Energy Star Certified,Energy Star Certified,,Title 20 Compliant,Title 20 Compliant,,Title 24 Compliant,,,Additional Information,"0.7 Power Factor, 60 W Equivalent Wattage, Glass Bulb Material",,,,,,,,,,,,,,,,,,,,,,,,,,,,,,,,,,,,,,,,,,,,,,,,,,,,,,,,,,,,,,,,,,,,,,,046677573379,,,,,,,,,,,,,,,,,,,Philips_573378.jpg,,,,,,,,,Philips_573378_Specification_Sheet.pdf,,,,,,,,,,,,,,,,,,Yes
https://www.usa.lighting.philips.com/consumer/p/led-filament-bulb-clear-40w-a15-e26-x2/046677564384,,,,,,25284819,Electrical,120 Volt Bulbs / Ballasts,LED,537825,564385,564385 40w Led Med 27k 2pk,-- Unbranded --,-- No Unilog Brand --,Philips,Phillips Lighting (5831),Signify Holding,Philips,,564385,,Electrical>Lamps & Lightings>Light Bulbs>LED Light Bulbs,"Signify Holding Philips, LED Bulb, 564385, 5W, TypeA, Medium, Clear",BULB LED 450LUMENS 5W TYPE A A15 MDM E26,"Philips 564385 LED Bulb, 5 W, Type A, Medium, Clear, 2200 to 2700 K, 450 Lumens, 300 deg Beam","Philips LED Bulb, 5 W Wattage, 450 Lumens Lumens, Type A Bulb Shape, A15 Bulb Shape Code, 2200 to 2700 K, Light Appearance: Warm Glow, Medium Bulb Base, E26 Bulb Base Code, Clear Bulb, 120 V, 95 CRI, 5A15/PER/UD/CL/G/E26/WGD 6/2PF T20 Bulb Designation, 15000 hr Average Life, 300 deg Beam Angle, Incandescent Wattage Equivalent: 40 W, Dimmable: Dimmable, 1-7/8 in Diameter, 3-5/16 in Length, Title 20 Compliant: Title 20 Compliant","LED Bulb, 5 W, Type A, Medium, Clear, 2200 to 2700 K, 450 Lumens, 300 deg Beam","State-of-the-art LED light bulb providing a general lighting solution for daily indoor activities. You will save on energy costs immediately and reduce the frequency of bulb replacements, without compromising on the quality of your lighting.",Long life bulbs - Lasts up to 15 years,Designed for the comfort of your eyes,,,,,,,,,,,,,,,,,,,,,,,,LED Bulb,Series,,,Wattage,5,W,Lumens,450,Lumens,Bulb Shape,Type A,,Bulb Shape Code,A15,,Color Temperature,2200 to 2700,K,Light Appearance,Warm Glow,,Bulb Base,Medium,,Bulb Base Code,E26,,Bulb Finish,Clear,,Voltage Rating,120,V,Color Rendering Index (CRI),95,,Bulb Designation,5A15/PER/UD/CL/G/E26/WGD 6/2PF T20,,Average Life,15000,hr,Beam Angle,300,deg,Incandescent Wattage Equivalent,40,W,Halogen Wattage Equivalent,,,Fluorescent Wattage Equivalent,,,HID Wattage Equivalent,,,Dimmable,Dimmable,,Smart Compatible With,,,Diameter,1-7/8,in,Length,3-5/16,in,Energy Star Certified,,,Title 20 Compliant,Title 20 Compliant,,Title 24 Compliant,,,Additional Information,,,,,,,,,,,,,,,,,,,,,,,,,,,,,,,,,,,,,,,,,,,,,,,,,,,,,,,,,,,,,,,,,,,,,,,,046677564384,,,,,,,,2/PK,,,,,,,,,,,Philips_564385.jpg,,,,,,,,,Philips_564385_Specification_Sheet.pdf,,,,,,,,,,,,,,,,,,Yes
https://www.usa.lighting.philips.com/consumer/p/led-filament-bulb-clear-40w-a15-e12-x2/046677564452,,,,,,25284832,Electrical,120 Volt Bulbs / Ballasts,LED,538989,564450,564450 40W Led Cand 27k 2pk,-- Unbranded --,-- No Unilog Brand --,Philips,Phillips Lighting (5831),Signify Holding,Philips,,564450,,Electrical>Lamps & Lightings>Light Bulbs>LED Light Bulbs,"Signify Holding Philips, LED Bulb, 564450, 5W, TypeA, Candelabra, Clear",BULB LED 450LUMENS 5W TYPE A A15 E12,"Philips 564450 LED Bulb, 5 W, Type A, Candelabra, Clear, 2200 to 2700 K, 450 Lumens, 300 deg Beam","Philips LED Bulb, 5 W Wattage, 450 Lumens Lumens, Type A Bulb Shape, A15 Bulb Shape Code, 2200 to 2700 K, Light Appearance: Warm Glow, Candelabra Bulb Base, E12 Bulb Base Code, Clear Bulb, 120 V, 95 CRI, 5A15/PER/UD/CL/G/E12/WGD 6/2PF T20 Bulb Designation, 15000 hr Average Life, 300 deg Beam Angle, Incandescent Wattage Equivalent: 40 W, Dimmable: Dimmable, 1-7/8 in Diameter, 3-7/16 in Length, Title 20 Compliant: Title 20 Compliant","LED Bulb, 5 W, Type A, Candelabra, Clear, 2200 to 2700 K, 450 Lumens, 300 deg Beam","State-of-the-art LED light bulb providing a general lighting solution for daily indoor activities. You will save on energy costs immediately and reduce the frequency of bulb replacements, without compromising on the quality of your lighting.",Long life bulbs - Lasts up to 15 years,Designed for the comfort of your eyes,,,,,,,,,,,,,,,,,,,,,,,,LED Bulb,Series,,,Wattage,5,W,Lumens,450,Lumens,Bulb Shape,Type A,,Bulb Shape Code,A15,,Color Temperature,2200 to 2700,K,Light Appearance,Warm Glow,,Bulb Base,Candelabra,,Bulb Base Code,E12,,Bulb Finish,Clear,,Voltage Rating,120,V,Color Rendering Index (CRI),95,,Bulb Designation,5A15/PER/UD/CL/G/E12/WGD 6/2PF T20,,Average Life,15000,hr,Beam Angle,300,deg,Incandescent Wattage Equivalent,40,W,Halogen Wattage Equivalent,,,Fluorescent Wattage Equivalent,,,HID Wattage Equivalent,,,Dimmable,Dimmable,,Smart Compatible With,,,Diameter,1-7/8,in,Length,3-7/16,in,Energy Star Certified,,,Title 20 Compliant,Title 20 Compliant,,Title 24 Compliant,,,Additional Information,,,,,,,,,,,,,,,,,,,,,,,,,,,,,,,,,,,,,,,,,,,,,,,,,,,,,,,,,,,,,,,,,,,,,,,,046677564452,,,,,,,,2/PK,,,,,,,,,,,Philips_564450.jpg,,,,,,,,,Philips_564450_Specification_Sheet.pdf,,,,,,,,,,,,,,,,,,Yes
https://www.usa.lighting.philips.com/consumer/p/led-filament-bulb-frosted-40w-a19-e26-x2/046677573416,,,,,,25284847,Electrical,120 Volt Bulbs / Ballasts,LED,541473,573410,573410 40W Led A19 Med 27k 2pk,-- Unbranded --,-- No Unilog Brand --,Philips,Phillips Lighting (5831),Signify Holding,Philips,,573410,,Electrical>Lamps & Lightings>Light Bulbs>LED Light Bulbs,"Signify Holding Philips, LED Filament Bulb, 573410, 5W, TypeA, Medium",BULB FIL LED 450LUMENS 5W TYPE A A19 MDM,"Philips 573410 LED Filament Bulb, 5 W, Type A, Medium, Frosted, 2200 to 2700 K, 450 Lumens, 300 deg Beam","Philips LED Filament Bulb, 5 W Wattage, 450 Lumens Lumens, Type A Bulb Shape, A19 Bulb Shape Code, 2200 to 2700 K, Light Appearance: Warm White, Medium Bulb Base, E26 Bulb Base Code, Frosted Bulb, 120 V, 95 CRI, 5A19/PER/UD/FR/G/E26/WGD 4/2PF T20 Bulb Designation, 15000 hr Average Life, 300 deg Beam Angle, Dimmable: Dimmable, 1/4 in Diameter, 7/16 in Length, Title 20 Compliant: Title 20 Compliant, Additional Information: 0.7 Power Factor, 40 W Equivalent Wattage, Glass Bulb Material","LED Filament Bulb, 5 W, Type A, Medium, Frosted, 2200 to 2700 K, 450 Lumens, 300 deg Beam","Philips LED light bulbs provide a beautiful, warm white light, an exceptionally long life, and immediate, significant energy savings. With a pure and elegant design, this bulb is the perfect replacement for your clear incandescent bulbs.",Designed for the comfort of your eyes,Long life bulbs - Lasts up to 15 years,Dims to a warm glow,Light that shows true colors,Classic glass LED,,,,,,,,,,,,,,,,,,,,,LED Filament Bulb,Series,,,Wattage,5,W,Lumens,450,Lumens,Bulb Shape,Type A,,Bulb Shape Code,A19,,Color Temperature,2200 to 2700,K,Light Appearance,Warm White,,Bulb Base,Medium,,Bulb Base Code,E26,,Bulb Finish,Frosted,,Voltage Rating,120,V,Color Rendering Index (CRI),95,,Bulb Designation,5A19/PER/UD/FR/G/E26/WGD 4/2PF T20,,Average Life,15000,hr,Beam Angle,300,deg,Incandescent Wattage Equivalent,,,Halogen Wattage Equivalent,,,Fluorescent Wattage Equivalent,,,HID Wattage Equivalent,,,Dimmable,Dimmable,,Smart Compatible With,,,Diameter,1/4,in,Length,7/16,in,Energy Star Certified,,,Title 20 Compliant,Title 20 Compliant,,Title 24 Compliant,,,Additional Information,"0.7 Power Factor, 40 W Equivalent Wattage, Glass Bulb Material",,,,,,,,,,,,,,,,,,,,,,,,,,,,,,,,,,,,,,,,,,,,,,,,,,,,,,,,,,,,,,,,,,,,,,,046677573416,,,,,,,,,,,,,,,,,,,Philips_573436.jpg,,,,,,,,,Philips_573410_Specification_Sheet.pdf,,,,,,,,,,,,,,,,,,Yes
https://www.usa.lighting.philips.com/consumer/p/led-filament-candle-clear-40w-b11-e26-x3/046677574390,https://www.assets.signify.com/is/content/Signify/US.en_US.046677574390,,,,,25284857,Electrical,120 Volt Bulbs / Ballasts,LED,542536,574392,574392 40W Led B11 Med 27k 3pk,-- Unbranded --,-- No Unilog Brand --,Philips,Phillips Lighting (5831),Signify Holding,Philips,,574392,,Electrical>Lamps & Lightings>Light Bulbs>LED Light Bulbs,"Signify Holding Philips, LED Filament Candle, 574392, 3.5W, TypeB, Medium",CANDLE FIL LED 300LUMENS 3.5W TYPE B B11,"Philips 574392 LED Filament Candle, 3.5 W, Type B, Medium, Clear, 2200 to 2700 K, 300 Lumens, 300 deg Beam","Philips LED Filament Candle, 3.5 W Wattage, 300 Lumens Lumens, Type B Bulb Shape, B11 Bulb Shape Code, 2200 to 2700 K, Light Appearance: Warm Glow, Medium Bulb Base, E26 Bulb Base Code, Clear Bulb, 120 V, 95 CRI, 3.5B11/PER/UD/CL/G/E26/WGD 6/3PF T20 Bulb Designation, 15000 hr Average Life, 300 deg Beam Angle, Dimmable: Dimmable, 1-3/8 in Diameter, 3-9/16 in Length, Energy Star Certified: Energy Star Certified, Title 20 Compliant: Title 20 Compliant, Additional Information: 0.7 Power Factor, 40 W Equivalent Wattage, Glass Bulb Material","LED Filament Candle, 3.5 W, Type B, Medium, Clear, 2200 to 2700 K, 300 Lumens, 300 deg Beam","State-of-the-art LED light bulb providing a general lighting solution for daily indoor activities. You will save on energy costs immediately and reduce the frequency of bulb replacements, without compromising on the quality of your lighting.",Designed for the comfort of your eyes,Long life bulbs - Lasts up to 15 years,,,,,,,,,,,,,,,,,,,,RoHS Compliant,,,,LED Filament Candle,Series,,,Wattage,3.5,W,Lumens,300,Lumens,Bulb Shape,Type B,,Bulb Shape Code,B11,,Color Temperature,2200 to 2700,K,Light Appearance,Warm Glow,,Bulb Base,Medium,,Bulb Base Code,E26,,Bulb Finish,Clear,,Voltage Rating,120,V,Color Rendering Index (CRI),95,,Bulb Designation,3.5B11/PER/UD/CL/G/E26/WGD 6/3PF T20,,Average Life,15000,hr,Beam Angle,300,deg,Incandescent Wattage Equivalent,,,Halogen Wattage Equivalent,,,Fluorescent Wattage Equivalent,,,HID Wattage Equivalent,,,Dimmable,Dimmable,,Smart Compatible With,,,Diameter,1-3/8,in,Length,3-9/16,in,Energy Star Certified,Energy Star Certified,,Title 20 Compliant,Title 20 Compliant,,Title 24 Compliant,,,Additional Information,"0.7 Power Factor, 40 W Equivalent Wattage, Glass Bulb Material",,,,,,,,,,,,,,,,,,,,,,,,,,,,,,,,,,,,,,,,,,,,,,,,,,,,,,,,,,,,,,,,,,,,,,,046677574390,,,,,,,,,,,,,,,,,,,Philips_574392.jpg,,,,,,,,,Philips_574392_Specification_Sheet.pdf,,,,,,,,,,,,,,,,,,Yes
https://policesecurity.com/products/800-lumen-headlamp,,,,,,22059489,Electrical,Batteries / Flashlights,Headlights,562393,97708,97708 Police 800L Headlight,-- Unbranded --,-- No Unilog Brand --,Police Security,Police Security (9470),Police Security Flashlights,Police Security®,,97708,,Electrical>Lamps & Lightings>Portable & Temporary Lightings>Headlamps,"Police Security, Headlamp, 97708, LED Lamp, 80m Beam Distance, AAA Battery",HEADLAMP LED 80M AAA 3 TWIST TO FOC,"Police Security® 97708 Headlamp, LED Lamp, 80 m Beam Distance, AAA Battery, 3-Battery","Police Security® Headlamp, AAA Battery, Alkaline, Lithium Polymer Battery, LED Lamp, 200 Lumens Low Rechargeable, 800 Lumens High Rechargeable, 100 Lumens Low Alkaline, 410 Lumens High Alkaline Lumens, Twist to Focus Beam, 80 m Beam Distance, ABS/Polycarbonate Body, Latex/Polyester Strap, 3 Batteries, 4 hr Low Rechargeable, 2.5 hr High Rechargeable, 13 hr Low Alkaline, 3 hr High Alkaline Battery Life, 4 hr Low Rechargeable, 2.5 hr High Rechargeable, 13 hr Low Alkaline, 3 hr High Alkaline Run Time, 100000 hr Lamp Life, 2.44 in Height, Additional Information: Built-in Rechargeable Battery","Headlamp, LED Lamp, 80 m Beam Distance, AAA Battery, 3-Battery","Police Security's Twin Power® 800 Lumen Headlamp is a groundbreaking, patented technology that redefines traditional Dual Power functionality. Simply toggle between alkaline and rechargeable battery sources with the touch of a button, ensuring uninterrupted illumination whenever you need it. The built in rechargeable battery is housed in the head of the headlamp and the rear battery cartridge holds 3AAA batteries. With this innovative design, you'll never face the dilemma of drained power. Twist focus and comfort adjust straps make this headlamp versatile for a variety of hands-free uses.",Innovative Dual Power System for Maximum Reliability,Seamlessly switch between rechargeable and alkaline power sources,"Built-in rechargeable battery in the headlamp for quick, easy charging",Rear battery cartridge holds 3 AAA batteries for backup power,"Ultra-Bright, Adjustable LED Beam",800 lumens of powerful illumination for dark environments,80-meter beam distance for long-range visibility,Designed for Comfort & Hands-Free Use,Adjustable comfort straps for extended wear,Lightweight & balanced design to reduce strain,Long-Lasting Performance for Extended Use,17-hour maximum runtime for all-night visibility,Rechargeable & AAA-powered options to avoid downtime,,,,,,,,,,,,USB Type-C Charger Cable,Headlamp,Series,,,Battery Size,AAA,,Battery Type,"Alkaline, Lithium Polymer",,Battery Capacity,,,Lamp Type,LED,,Lumens,"200 Lumens Low Rechargeable, 800 Lumens High Rechargeable, 100 Lumens Low Alkaline, 410 Lumens High Alkaline",,Beam Type,Twist to Focus,,Beam Distance,80,m,Body Material,ABS/Polycarbonate,,Body Color,,,Strap Material,Latex/Polyester,,Number of Batteries,3,,Battery Life,"4 hr Low Rechargeable, 2.5 hr High Rechargeable, 13 hr Low Alkaline, 3 hr High Alkaline",,Run Time,"4 hr Low Rechargeable, 2.5 hr High Rechargeable, 13 hr Low Alkaline, 3 hr High Alkaline",,Lamp Life,100000,hr,Width,,,Height,2.44,in,Depth,,,Additional Information,Built-in Rechargeable Battery,,,,,,,,,,,,,,,,,,,,,,,,,,,,,,,,,,,,,,,,,,,,,,,,,,,,,,,,,,,,,,,,,,,,,,,,,,,,,,,,,,,,,,,,,,,,,,,,,,,Limited Lifetime,,,,,,,,,,,,,,,Police_Security_97708.jpg,Police_Security_97708_1.jpg,Police_Security_97708_2.jpg,Police_Security_97708_3.jpg,Police_Security_97708_4.jpg,,,,,Police_Security_97708_Specification_Sheet.pdf,,,,,,,,,,,,,,,,,,Yes
https://www.southwire.com/wire-cable/building-wire/seu-aluminum-service-entrance/p/13093005,,,,,,25284879,Electrical,Cords / Wire,Wire,546414-LF,13093005,4/0 Aluminum Entrance Cable (Linear Foot),-- Unbranded --,-- No Unilog Brand --,-- No DIB Brand --,Southwire/g Turner (6603),"Southwire Company, LLC",Southwire®,,13093005,,Electrical>Wires & Cables>Building Wires>Service Entrance & Underground Cables,"Southwire, Entrance Cable, 13093005, 600V, 3-Conductor, 4/0AWG Conductor",CABLE ENTR 600V 3 STRD 4/0AWG 250FT 205A,"Southwire® 13093005 Entrance Cable, 600 V, 3-Conductor, Stranded Conductor, 4/0 AWG Conductor, 250 ft L","Southwire® Entrance Cable, 600 V, 205 A, 3 Conductors, Stranded Conductor, 4/0 AWG Conductor, Material Standard: ASTM B800, ASTM B801, Aluminum Alloy Conductor, Stranded, 30 mil Jacket Thickness, 19 Strands, 0.08 Ohm/1000 ft Resistance, PVC/XLPE Insulation, PVC Jacket, Gray Jacket, 90 deg C, Reel Package, 0.896 x 1.493 in Outside Diameter, 250 ft Length, Additional Information: 600 V Voltage Rating, Gray PVC Jacket, 55 mil THK Insulation, 30 mil THK Jacket","Entrance Cable, 600 V, 3-Conductor, Stranded Conductor, 4/0 AWG Conductor, 250 ft L","Southwire Type SEU, service entrance cable is primarily used to convey power from the service drop to the meter base and from the meter base to the distribution panelboard; however, the cable may be used in all applications where Type SE cable is permitted. SEU may be used in wet or dry locations at temperatures not to exceed 90 deg C. Voltage rating is 600 volts. SE cables are not permitted underground, with or without a raceway, per NEC 338.12(A)(2).",Class B compact stranded bare aluminum Alumaflex®per ASTM B800 and ASTM B801,All phases and neutral are insulated with Cross Linked Polyethylene (XLPE) Type XHHW-2 or Polyvinyl Chloride with Nylon Sheath THHN,Helically applied bare aluminum,Reinforcement binder,"Gray Polyvinyl Chloride PVC jacket, Sunlight resistant",,,,,,,,,,,,,,,,,ASTM Specified|Federal Specification A-A-59544|NEC Certified|UL Listed,,,,Entrance Cable,Series,,,Voltage Rating,600,V,Amperage Rating,205,A,Frequency Rating,,,Number of Conductors,3,,Conductor Type,Stranded,,Conductor Size,4/0,AWG,Material Standard,"ASTM B800, ASTM B801",,Conductor Material,Aluminum Alloy,,Solid/Stranded,Stranded,,Insulation Thickness,,,Jacket Thickness,30,mil,End Type,,,Strands,19,,Resistance,0.08,Ohm/1000 ft,Insulation Material,PVC/XLPE,,Jacket Material,PVC,,Insulation Color,,,Jacket Color,Gray,,Temperature Rating,90,deg C,Package Type,Reel,,Outside Diameter,0.896 x 1.493,in,Length,250,ft,Additional Information,"600 V Voltage Rating, Gray PVC Jacket, 55 mil THK Insulation, 30 mil THK Jacket",,,,,,,,,,,,,,,,,,,,,,,,,,,,,,,,,,,,,,,,,,,,,,,,,,,,,,,,,,,,,,,,,,,,,,,,,,,,,,,,,,,,,,,,,,,,,,,,,,,Southwire_13093005.jpg,,,,,,,,Southwire_13093005_Catalog.pdf,Southwire_13093005_Specification_Sheet.pdf,,,,,,,,,,,,,,,,,,Yes
https://www.southwire.com/wire-cable/low-voltage-cable/category-5e-cmr/p/962631606,,,,,,16864596,Electrical,Cords / Wire,Wire,558370-LF,96263-46-06,96263-46-06 CAT5E Wire (Linear Foot),-- Unbranded --,-- No Unilog Brand --,-- No DIB Brand --,Woods Wire Southwire (7579),"Southwire Company, LLC",Southwire®,,96263-46-06,,Electrical>Wires & Cables>Copper Data Cables,"Southwire, Low Voltage Wire Cable, 13163 Series, 96263-46-06, Cat 5e, Solid",CABLE W VOLTAGE LOW CAT 5E 8 24AWG SOL,"Southwire® 13163 Series 96263-46-06 Low Voltage Wire Cable, Cat 5e, 8-Conductor, 24 AWG Conductor, Solid, 1000 ft L","Southwire® Low Voltage Wire Cable, 13163 Series, Cable Category: Cat 5e, 8 Conductors, Solid, Twisted Conductor, 24 AWG Conductor, Bare Copper Conductor, Solid, 0.193 in Outside Diameter, 18 mil Jacket Thickness, 1000 ft Length, 24 Strands, Plenum/Non-Plenum: Non-Plenum, Shielded/Unshielded: Unshielded, <9.38 Ohm/100 m Resistance, 65.3 dB/100 m at 1 MHz, 56.3 dB/100 m at 4 MHz, 51.8 dB/100 m at 8 MHz, 50.3 dB/100 m at 10 MHz Attenuation, 2.5 kV Dielectric Strength, Mutual Capacitance: <5.6 nF/100 m, 100 Ohm Impedance, 350 MHz Bandwidth, 350 MHz, PVC Insulation, PVC Jacket, Blue Jacket, 75 deg C, Pull Out Box, Reel In a Box Package","13163 Series Low Voltage Wire Cable, Cat 5e, 8-Conductor, 24 AWG Conductor, Solid, Bare Copper Conductor, 1000 ft L","Southwire Cat 5e unshielded twisted pair cable is a high performance data communication cable. This ethernet cable is designed for indoor network installations TYPE CMR. It may be used in Ethernet Networking system, Video MPEG4 / M-JPEG / Digital / Analog / Baseband / Broadband and other Multimedia Voice applications.",Rip cord for ease of jacket removal,,,,,,,,,,,,,,,,,,,,,ASTM Specified|Federal Specification A-A-59544|NEC Certified|IEC 61156-5 Ed. 2.0|IEEE 802.3|UL 1666|UL 444 Listed,,,,Low Voltage Wire Cable,Series,13163 Series,,Cable Category,Cat 5e,,Voltage Rating,,,Amperage Rating,,,Number of Conductors,8,,Conductor Type,"Solid, Twisted",,Conductor Size,24,AWG,Material Standard,,,Conductor Material,Bare Copper,,Solid/Stranded,Solid,,Outside Diameter,0.193,in,Insulation Thickness,,,Jacket Thickness,18,mil,Cross Sectional Area,,,Length,1000,ft,End Type,,,Strands,24,,Plenum/Non-Plenum,Non-Plenum,,Shielded/Unshielded,Unshielded,,Resistance,<9.38,Ohm/100 m,Attenuation,"65.3 dB/100 m at 1 MHz, 56.3 dB/100 m at 4 MHz, 51.8 dB/100 m at 8 MHz, 50.3 dB/100 m at 10 MHz",,Dielectric Strength,2.5,kV,Bend Radius,,,Mutual Capacitance,<5.6 nF/100 m,,Impedance,100,Ohm,Bandwidth,350,MHz,Frequency Rating,350,MHz,Pulling Force,,,Insulation Material,PVC,,Jacket Material,PVC,,Insulation Color,,,Jacket Color,Blue,,Temperature Rating,75,deg C,Package Type,"Pull Out Box, Reel In a Box",,Additional Information,,,,,,,,,,,,,,,,,,,,,,,,,,,,,,,,,,,,,,,,,,,,,,,,,,,,,,,,,,,,,,,,,,,Southwire_96263_46_06.jpg,,,,,,,,,Southwire_96263_46_06_Specification_Sheet.pdf,,,,,,,,,,,,,,,,,,Yes
https://leviton.com/products/gfnt1,,,,,,22113861,Electrical,Wire Devices,Receptacles,501463,R00-GFNT1-00K,R00GFNT100K 15A Outlet Br,-- Unbranded --,-- No Unilog Brand --,Leviton,Leviton Mfg Co (4927),Leviton,Leviton®,,R00-GFNT1-00K,,Electrical>Wiring Devices>GFCI & AFCI Devices>GFCI & AFCI Receptacles,"Leviton, GFCI Outlet, R00-GFNT1-00K, 125V, 15A, 2-Pole, 3-Wire",OUTLET GFCI 125V 15A 2 3 BR GFNT1 60HZ,"Leviton® R00-GFNT1-00K GFCI Outlet, 125 V, 15 A, 2-Pole, 3-Wire, Brown, NEMA 5-15R","Leviton® GFCI Outlet, Model: GFNT1, 125 V, 15 A, 60 Hz, 1 hp, 10 kA Interrupt Rating, 10 kA Short Circuit, 2 Poles, 3 Wires, 14 to 10 AWG, 12 to 10 AWG Wire, Self-Grounding Grounding, NEMA Rating: NEMA 5-15R, 1250 VAC Dielectric Strength, LED Indicator, Back Wired, Side Wired Terminal, Connection Type: Back Wired, Side Wired, Thermoplastic Body, Brass Contact, Brown, -35 to 66 deg C, 1.68 in Length, 1.31 in Width, 4.19 in Height, Additional Information: 14-18 lb Torque Range","GFCI Outlet, 125 V, 15 A, 2-Pole, 3-Wire, Brown, NEMA 5-15R",,SAFE - Delivers continuous ground fault protection,SELF TESTING - Automatically self-tests to ensure it can respond to ground fault,"SIMPLE - Status indicator light provides simple, intuitive feedback",COMPATIBLE - Device designed to improve immunity for reduced HF nuisance tripping,Provides continuous ground fault protection - detects and trips on actual ground fault even when self-test is being conducted,"On initial power up, tests the GFCI within 3 seconds",Auto-monitoring exceeds the UL requirement,Auto adapts and shifts to more frequent testing if potential problem is detected,"Status Indicator Light provides simple, intuitive feedback on power and protection status as well as indication of line/load reversal",Patented Lockout Action prevents reset if GFCI is damaged and cannot respond to a ground fault,Electronics are designed to minimize any false triggers,"Reduced depth makes it easier to install in any electrical box, even shallow ones",Terminals allow for easy wiring options - back and side wire capable,External back wire clamps provide visual indication of proper wire seating,Withstands high torque and resists wire pullout,Standard brass self-grounding clip,Trip threshold meets or exceeds UL requirements for tripping time,Improved immunity to high-frequency noise reduces nuisance tripping,Advanced electronics design provides superior resistance to electrical surges and over-voltages,Compatible with all Decora devices and wallplates; available in select Decora colors,,CSA C22.2 No. 42|CSA C22.2 No. 144|Federal Specification WC-596|NEMA WD-1|NEMA WD-6|UL 943/498,,,,GFCI Outlet,Series,,,Model,GFNT1,,Voltage Rating,125,V,Amperage Rating,15,A,Frequency Rating,60,Hz,Phase,,,Power Rating,1,hp,Interrupt Rating,10,kA,Short Circuit Rating,10,kA,Number of Poles,2,,Number of Wires,3,,Wire Size,"14 to 10 AWG, 12 to 10 AWG",,Cord Diameter,,,Grounding,Self-Grounding,,Enclosure Type,,,NEMA Rating,NEMA 5-15R,,IP Rating,,,Dielectric Strength,1250,VAC,Indicator Type,LED,,Mounting Type,,,Terminal Type,"Back Wired, Side Wired",,Connection Type,"Back Wired, Side Wired",,Body Material,Thermoplastic,,Contact Material,Brass,,Color,Brown,,Temperature Rating,-35 to 66,deg C,Length,1.68,in,Width,1.31,in,Height,4.19,in,Additional Information,14-18 lb Torque Range,,,,,,,,,,,,,,,,,,,,,,,,,,,,,,,,,,,,,,,,,,,,,,,,,,,,,,,,,,,,,,,,,,2 Year,,,,,,,,,,,,,,,Leviton_R00_GFNT1_00K.jpg,Leviton_R00_GFNT1_00K_1.jpg,Leviton_R00_GFNT1_00K_2.jpg,Leviton_R00_GFNT1_00K_3.jpg,Leviton_R00_GFNT1_00K_4.jpg,,,,Leviton_R00_GFNT1_00K_Catalog.pdf,Leviton_R00_GFNT1_00K_Specification_Sheet.pdf,Leviton_R00_GFNT1_00K_Instruction_Installation_Manual.pdf,,,Leviton_R00_GFNT1_00K_Line_Drawing.pdf,,,,,,,,,,,,,,Yes
https://leviton.com/products/gfwt1-w,,,,,,25284558,Electrical,Wire Devices,Receptacles,501513,R92-GFWT1-0KW,R92GFWT10KW 15A GFCI Outlet Wh,-- Unbranded --,-- No Unilog Brand --,Leviton,Leviton Mfg Co (4927),Leviton,Leviton®,,R92-GFWT1-0KW,,Electrical>Wiring Devices>GFCI & AFCI Devices>GFCI & AFCI Receptacles,"Leviton, Slim GFCI Weather-Resistant Outlet, R92-GFWT1-0KW, 125V, 15A",OUTLET WR GFCI SLIM 125V 15A 2 3 WHT 1HP,"Leviton® R92-GFWT1-0KW Slim GFCI Weather-Resistant Outlet, 125 V, 15 A, 2-Pole, 3-Wire, White, NEMA 5-15R","Leviton® Slim GFCI Weather-Resistant Outlet, Model: GFWT1-W, 125 V, 15 A, 60 Hz, 1 hp, 10 kA Interrupt Rating, 10 kA Short Circuit, 2 Poles, 3 Wires, 14 to 10 AWG, 12 to 10 AWG Wire, Grounding, NEMA Rating: NEMA 5-15R, 1250 VAC Dielectric Strength, LED Indicator, Flush Mounting, Back Wired, Side Wired Terminal, Connection Type: Back Wired, Side Wired, Thermoplastic Body, Brass Contact, White, -35 to 66 deg C, 1.68 in Length, 1.31 in Width, 4.19 in Height, Additional Information: 14-18 lb Torque Range","Slim GFCI Weather-Resistant Outlet, 125 V, 15 A, 2-Pole, 3-Wire, White, NEMA 5-15R","Peace of mind, all the time. The SmartlockPro Self-Test GFCI tests itself even if you forget. Designed to meet the latest UL standard for auto-monitoring (self-test) our complete line of self-test GFCIs periodically conduct an automatic internal test to confirm that it can respond to a ground fault. With the slimmest profile on the market, the device allows for fast and easy installation, while Leviton's patented reset lockout mechanism prevents reset of the GFCI if it is not wired or operating correctly. The SmartlockPro Self-Test GFCI is the smart choice in ground fault circuit interrupter protection.",Provides continuous ground fault protection - detects and trips on actual ground fault even when self-test is being conducted,"On initial power up, tests the GFCI within 3 seconds",Auto-monitoring exceeds the UL requirement,Auto adapts and shifts to more frequent testing if potential problem is detected,"Status Indicator Light provides simple, intuitive feedback on power and protection status as well as indication of line/load reversal",Patented Lockout Action prevents reset if GFCI is damaged and cannot respond to a ground fault,Electronics are designed to minimize any false triggers,"Reduced depth makes it easier to install in any electrical box, even shallow ones",Terminals allow for easy wiring options - back and side wire capable,External back wire clamps provide visual indication of proper wire seating,Withstands high torque and resists wire pullout,Standard brass self-grounding clip,Trip threshold meets or exceeds UL requirements for tripping time,Improved immunity to high-frequency noise reduces nuisance tripping,Advanced electronics design provides superior resistance to electrical surges and over-voltages,Compatible with all Decora devices and wallplates; available in select Decora colors,,,,,,CSA C22.2 No. 42|CSA C22.2 No. 144|Federal Specification WC-596|NEMA WD-1|NEMA WD-6|UL 943/498,,,,Slim GFCI Weather-Resistant Outlet,Series,,,Model,GFWT1-W,,Voltage Rating,125,V,Amperage Rating,15,A,Frequency Rating,60,Hz,Phase,,,Power Rating,1,hp,Interrupt Rating,10,kA,Short Circuit Rating,10,kA,Number of Poles,2,,Number of Wires,3,,Wire Size,"14 to 10 AWG, 12 to 10 AWG",,Cord Diameter,,,Grounding,Grounding,,Enclosure Type,,,NEMA Rating,NEMA 5-15R,,IP Rating,,,Dielectric Strength,1250,VAC,Indicator Type,LED,,Mounting Type,Flush,,Terminal Type,"Back Wired, Side Wired",,Connection Type,"Back Wired, Side Wired",,Body Material,Thermoplastic,,Contact Material,Brass,,Color,White,,Temperature Rating,-35 to 66,deg C,Length,1.68,in,Width,1.31,in,Height,4.19,in,Additional Information,14-18 lb Torque Range,,,,,,,,,,,,,,,,,,,,,,,,,,,,,,,,,,,,,,,,,,,,,,,,,,,,,,,,,,,,,,,,,,2 Year,,,,,,,,,,,,,,,Leviton_R92_GFWT1_0KW.jpg,Leviton_R92_GFWT1_0KW_1.jpg,Leviton_R92_GFWT1_0KW_2.jpg,Leviton_R92_GFWT1_0KW_3.jpg,Leviton_R92_GFWT1_0KW_4.jpg,,,,Leviton_R00_GFNT1_00K_Catalog.pdf,Leviton_R00_GFNT1_00K_Specification_Sheet.pdf,Leviton_R92_GFWT1_0KW_Instruction_Installation_Manual.pdf,,,,,,,,,,,,,,,,,Yes
https://leviton.com/products/agtr1-w,,,,,,25284794,Electrical,Wire Devices,Receptacles,534069,R12-AGTR1-0KW,R12AGTR10KW 15A GFCI Outler Wh,-- Unbranded --,-- No Unilog Brand --,Leviton,Leviton Mfg Co (4927),Leviton,Leviton®,,R12-AGTR1-0KW,,Electrical>Wiring Devices>GFCI & AFCI Devices>GFCI & AFCI Receptacles,"Leviton, Dual-Function AFCI/GFCI Outlet, SmartlockPro Series, R12-AGTR1-0KW",OUTLET AFCI/GFCI DUAL-FCTN 125V 15A,"Leviton® SmartlockPro Series R12-AGTR1-0KW Dual-Function AFCI/GFCI Outlet, 125 V, 15 A, 2-Pole, 3-Wire, White","Leviton® Dual-Function AFCI/GFCI Outlet, SmartlockPro Series, Model: AGTR1-W, 125 V, 15 A, 60 Hz, 1 hp, 10 kA Interrupt Rating, 10 kA Short Circuit, 2 Poles, 3 Wires, 12 to 10 AWG, 14 to 10 AWG Wire, 12 to 10 AWG, 14 to 10 AWG Cord Diameter, Self-Grounding Grounding, NEMA Rating: NEMA 5-15R, 1250 VAC Dielectric Strength, LED Indicator, Back Wired, Side Wired Terminal, Connection Type: Back Wired, Side Wired, Thermoplastic Body, Brass Contact, White, -35 to 66 deg C, 1.35 in Length, 1.74 in Width, 4.19 in Height, Additional Information: 14-18 lb Torque Range","SmartlockPro Series Dual-Function AFCI/GFCI Outlet, 125 V, 15 A, 2-Pole, 3-Wire, White, NEMA 5-15R","The SmartlockPro® Dual Function AFCI/GFCI Receptacle offers protection both from electrical fires that could result from arc-faults and from electrical shock due to ground faults in one smart device. Through advanced technology, the SmartlockPro Dual Function AFCI/GFCI Receptacle helps protect home and family by working to detect arc-fault and ground fault hazards and, if detected, quickly cuts off power to help avoid a potential fire or shock occurrence. The SmartlockPro Dual Function AFCI/GFCI Receptacle offers a National Electrical Code® (NEC®) compliant option for AFCI/GFCI protection in residential kitchens and laundry areas for new construction, modifications/extensions and replacement receptacles. It is also ideal as a replacement for ungrounded receptacles, satisfying NEC requirements for both AFCI and GFCI protection.",Trip threshold meets or exceeds UL requirements for tripping time on ground faults and on both series and parallel arcs for optimal safety,Engineered to meet the latest UL standard for auto-monitoring (self-test); periodically conducts an automatic internal test to confirm that GFCI protected power is available,"On initial power up, tests the GFCI circuit within 3 seconds",Patented Lockout Action prevents reset if the device is damaged,"Status Indicator Light provides simple, intuitive feedback on power and protection status as well as indication of line/load reversal for at-a-glance analysis",TEST and RESET buttons are readily accessible on the face of the device,Improved immunity to high frequency noise reduces nuisance tripping,Superior resistance to electrical surges and over-voltages enhancing reliability,Patented bridge contact design provides individual sets of contacts for receptacle face and downstream receptacles; no power will be delivered to receptacle face if improperly wired (line-load reversed),One-piece T-design trip latch mechanism provides efficient operation,Impact-resistant thermoplastic cover and body for durability,Expanded wiring options with nine back-wire holes (two for each line and load connection plus one for ground with an internal clamp) for easy installation,Compatible with all Decora® devices and wallplates for multi-gang installation option; available in select popular colors,,,,,,,,,CSA C22.2 No. 42|CSA C22.2 No. 144|Federal Specification WC-596|NEMA WD-1|NEMA WD-6|UL 943/498,,,,Dual-Function AFCI/GFCI Outlet,Series,SmartlockPro Series,,Model,AGTR1-W,,Voltage Rating,125,V,Amperage Rating,15,A,Frequency Rating,60,Hz,Phase,,,Power Rating,1,hp,Interrupt Rating,10,kA,Short Circuit Rating,10,kA,Number of Poles,2,,Number of Wires,3,,Wire Size,"12 to 10 AWG, 14 to 10 AWG",,Cord Diameter,"12 to 10 AWG, 14 to 10 AWG",,Grounding,Self-Grounding,,Enclosure Type,,,NEMA Rating,NEMA 5-15R,,IP Rating,,,Dielectric Strength,1250,VAC,Indicator Type,LED,,Mounting Type,,,Terminal Type,"Back Wired, Side Wired",,Connection Type,"Back Wired, Side Wired",,Body Material,Thermoplastic,,Contact Material,Brass,,Color,White,,Temperature Rating,-35 to 66,deg C,Length,1.35,in,Width,1.74,in,Height,4.19,in,Additional Information,14-18 lb Torque Range,,,,,,,,,,,,,,,,,,,,,,,,,,,,,,,,,,,,,,,,,,,,,,,,,,,,,,,,,,,,,,,,,,2 Year,,,,,,,,,,,,,,,Leviton_R12_AGTR1_0KW.jpg,Leviton_R12_AGTR1_0KW_1.jpg,Leviton_R12_AGTR1_0KW_2.jpg,Leviton_R12_AGTR1_0KW_3.jpg,Leviton_R12_AGTR1_0KW_4.jpg,,,,Leviton_R12_AGTR1_0KW_Catalog.pdf,Leviton_R12_AGTR1_0KW_Specification_Sheet.pdf,Leviton_R12_AGTR1_0KW_Instruction_Installation_Manual.pdf,,,,,,,,,,,,,,,,,Yes
https://leviton.com/products/gfta1-w,,,,,,25284849,Electrical,Wire Devices,Receptacles,541634,R62-GFTA1-0KW,R92GFTA10KW 15A GFCI Outlet Wh,-- Unbranded --,-- No Unilog Brand --,Leviton,Leviton Mfg Co (4927),Leviton,Leviton®,,R62-GFTA1-0KW,,Electrical>Wiring Devices>GFCI & AFCI Devices>GFCI & AFCI Receptacles,"Leviton, Tamper-Resistant GFCI Outlet, R62-GFTA1-0KW, 125V, 15A, 2-Pole",OUTLET GFCI TAMPER-RESISTANT 125V 15A,"Leviton® R62-GFTA1-0KW Tamper-Resistant GFCI Outlet, 125 V, 15 A, 2-Pole, 3-Wire, White, NEMA 5-15R","Leviton® Tamper-Resistant GFCI Outlet, Model: GFTA1-W, 125 V, 15 A, 60 Hz, 1 hp, 10 kA Interrupt Rating, 10 kA Short Circuit, 2 Poles, 3 Wires, 14 to 10 AWG, 12 to 10 AWG Wire, Self-Grounding Grounding, NEMA Rating: NEMA 5-15R, 1250 VAC Dielectric Strength, Audible, LED Indicator, Back Wired, Side Wired Terminal, Connection Type: Back Wired, Side Wired, Thermoplastic Body, Brass Contact, White, -35 to 66 deg C, 1.68 in Length, 1.31 in Width, 4.19 in Height, Additional Information: Residential/Commercial Grade, 14-18 lb Torque Range","Tamper-Resistant GFCI Outlet, 125 V, 15 A, 2-Pole, 3-Wire, White, NEMA 5-15R",,SELF-TESTING - Automatically self-tests to ensure it can respond to ground fault,ALARM - Audible alarm sounds when the GFCI trips,"SIMPLE - Status indicator light provides simple, intuitive feedback",COMPATIBLE - Device designed to improve immunity for reduced HF nuisance tripping,"Audible alarm sounds when the GFCI trips, providing an alert that power has been disconnected from load(s) plugged into or fed from the GFCI",Provides continuous ground fault protection - detects and trips on actual ground fault even when self-test is being conducted,"On initial power up, tests the GFCI within 3 seconds",Auto-monitoring exceeds the UL requirement,Auto adapts and shifts to more frequent testing if potential problem is detected,"Status Indicator Light provides simple, intuitive feedback on power and protection status as well as indication of line/load reversal",Patented Lockout Action prevents reset if GFCI is damaged and cannot respond to a ground fault,Electronics are designed to minimize any false triggers,"Reduced depth makes it easier to install in any electrical box, even shallow ones",Terminals allow for easy wiring options - back and side wire capable,External back wire clamps provide visual indication of proper wire seating,Withstands high torque and resists wire pullout,Standard brass self-grounding clip,Trip threshold meets or exceeds UL requirements for tripping time,Improved immunity to high-frequency noise reduces nuisance tripping,Advanced electronics design provides superior resistance to electrical surges and over-voltages,,CSA C22.2 No. 42|CSA C22.2 No. 144|Federal Specification WC-596|NEMA WD-1|NEMA WD-6|UL 943/498,,,,Tamper-Resistant GFCI Outlet,Series,,,Model,GFTA1-W,,Voltage Rating,125,V,Amperage Rating,15,A,Frequency Rating,60,Hz,Phase,,,Power Rating,1,hp,Interrupt Rating,10,kA,Short Circuit Rating,10,kA,Number of Poles,2,,Number of Wires,3,,Wire Size,"14 to 10 AWG, 12 to 10 AWG",,Cord Diameter,,,Grounding,Self-Grounding,,Enclosure Type,,,NEMA Rating,NEMA 5-15R,,IP Rating,,,Dielectric Strength,1250,VAC,Indicator Type,"Audible, LED",,Mounting Type,,,Terminal Type,"Back Wired, Side Wired",,Connection Type,"Back Wired, Side Wired",,Body Material,Thermoplastic,,Contact Material,Brass,,Color,White,,Temperature Rating,-35 to 66,deg C,Length,1.68,in,Width,1.31,in,Height,4.19,in,Additional Information,"Residential/Commercial Grade, 14-18 lb Torque Range",,,,,,,,,,,,,,,,,,,,,,,,,,,,,,,,,,,,,,,,,,,,,,,,,,,,,,,,,,,,,,,,,,2 Year,,,,,,,,,,,,,,,Leviton_R12_AGTR1_0KW.jpg,Leviton_R12_AGTR1_0KW_1.jpg,Leviton_R12_AGTR1_0KW_2.jpg,Leviton_R12_AGTR1_0KW_3.jpg,Leviton_R12_AGTR1_0KW_4.jpg,,,,Leviton_R00_GFNT1_00K_Catalog.pdf,Leviton_R00_GFNT1_00K_Specification_Sheet.pdf,Leviton_R62_GFTA1_0KW_Instruction_Installation_Manual.pdf,,,,,,,,,,,,,,,,,Yes
https://leviton.com/products/guac1-w,https://leviton.com/content/dam/leviton/residential/product_documents/dimensional_drawing/guac-dimensional-drawing.pdf,https://leviton.com/content/dam/leviton/residential/product_documents/instruction_sheet/GFCIs-LED-Indicator-Light-Diagnosis-Instruction-Sheet.pdf,,,,25284837,Electrical,Wire Devices,Receptacles,539721,R02-GUAC1-0BW,R02GUAC10BW 15A/USB Outlet Wh,-- Unbranded --,-- No Unilog Brand --,Leviton,Leviton Mfg Co (4927),Leviton,Leviton®,,R02-GUAC1-0BW,GUAC1-W,Electrical>Wiring Devices>Straight Blade Devices>Receptacles & USB Ports,"Leviton, USB In-Wall Charger Outlet, SmartlockPro Series, R02-GUAC1-0BW, 15A",OUTLET CHARGER IN-WALL USB 15A 1 2 WHT,"Leviton® SmartlockPro Series R02-GUAC1-0BW USB In-Wall Charger Outlet, 125 VAC, 5 VDC, 15 A, 1-Outlet, 2-USB Port","Leviton® USB In-Wall Charger Outlet, SmartlockPro Series, Model: GUAC1-W, 125 VAC, 5 VDC, 15 A, 1 hp, 2 Poles, 1 Outlets, NEMA 5-15R Outlet, 2 USB Ports, Type A, Type C USB, 4.8 A, 5 V USB Charging Capacity, Green/Red Status LED Indicators, 5 Conductors, 12 AWG Conductor, Lead Wire Terminal, Self-Grounding Grounding, 1250 VAC Dielectric Strength, Commercial, Residential Grade, NEMA Rating: NEMA 5-15R, Brass Contact, Thermoplastic Housing, White Housing, Wall Mounting, -10 to 40 deg C, Additional Information: Tamper-Resistant","SmartlockPro Series USB In-Wall Charger Outlet, 125 VAC, 5 VDC, 15 A, 1-Outlet, NEMA 5-15R Outlet, 2-USB Port",,"SAFE - Delivers continuous ground fault protection, automatically self-tests to ensure it can respond to a ground fault",FAST CHARGING - Smart chip technology provides over 2X the charging power of other GFCI USB outlets for a faster charge,CODE REQUIRED - Fulfill NEC® requirements anywhere GFCI protection is needed,"SIMPLE - Status indicator light provides simple, intuitive feedback",INSTALL - Requires extra deep wallbox for installation,,,,,,,,,,,,,,,,,,,,,USB In-Wall Charger Outlet,Series,SmartlockPro Series,,Model,GUAC1-W,,Voltage Rating,"125 VAC, 5 VDC",,Amperage Rating,15,A,HP Rating,1,hp,Frequency Rating,,,Number of Poles,2,,Phase,,,Number of Gangs,,,Number of Outlets,1,,Outlet Type,NEMA 5-15R,,Number of USB Ports,2,,USB Type,"Type A, Type C",,USB Charging Capacity,"4.8 A, 5 V",,Type of Indicators,Green/Red Status LED,,Construction,,,Number of Conductors,5,,Conductor Size,12,AWG,Terminal Type,Lead Wire,,Grounding,Self-Grounding,,Short Circuit Rating,,,Dielectric Strength,1250,VAC,Grade,"Commercial, Residential",,NEMA Rating,NEMA 5-15R,,IP Rating,,,Contact Material,Brass,,Housing Material,Thermoplastic,,Housing Color,White,,Mounting Type,Wall,,Temperature Rating,-10 to 40,deg C,Length,,,Width,,,Height,,,Additional Information,Tamper-Resistant,,,,,,,,,,,,,,,,,,,,,,,,,,,,,,,,,,,,,,,,,,,,,,,,,,,,,,,,,,,,,,,,,,,,,Leviton_R02_GUAC1_0BW.jpg,Leviton_R02_GUAC1_0BW_1.jpg,Leviton_R02_GUAC1_0BW_2.jpg,Leviton_R02_GUAC1_0BW_3.jpg,Leviton_R02_GUAC1_0BW_4.jpg,,,,Leviton_R02_T5633_0BW_Catalog.pdf,Leviton_R02_GUAC1_0BW_Specification_Sheet.pdf,Leviton_R02_GUAC1_0BW_Instruction_Installation_Manual.pdf,,,Leviton_R02_GUAC1_0BW_Line_Drawing.pdf,,,,,,,,,,,,,,Yes
https://xoappliance.com/xo_products/xou2470bcgs/,,,,,,25286183,Appliances,Large Appliances,Refrigerators - Electric,1516774,XOU2470BCGS,XOU2470BCGS Tall Beverage Center SS,-- Unbranded --,-- No Unilog Brand --,-- No DIB Brand --,Appliance Dealers Cooperative (APPDE),XO Ventilation,XO,,XOU2470BCGS,,Food Preparation Equipment & Supplies>Bar Supplies>Beverage & Wine Coolers>Beverage Coolers,"XO, Tall Beverage Center, XOU2470BCGS, 15cu-ft Capacity, Stainless Steel",CENTER BVGE TALL 15CU-FT GL/SST SST 120V,"XO XOU2470BCGS Tall Beverage Center, 15 cu-ft Capacity, Glass/Stainless Steel, Stainless Steel","XO Tall Beverage Center, 15 cu-ft Capacity, R-600A Refrigerant, 120 V, 2.5 A, 60 Hz, 2 Shelves, Reversible Door, 1 Doors, 60 to 90 deg F, Glass/Stainless Steel, Stainless Steel, Stainless Steel, 69 7/16 in Height, 23-7/16 in Width, 26-11/16 in Depth, Additional Information: Built-in, Commercial Grade Indoor, Outdoor","Tall Beverage Center, 15 cu-ft Capacity, Glass/Stainless Steel, Stainless Steel","The XO Tall Beverage Column Refrigerator is a standout product for those who want to keep their drinks at 34 deg for an especially frosty refreshment. Its massive 15 cubic foot interior can store all of your favorite beverages, while adjustable shelves make organization a breeze. And for those who want to expand their collection, the XO Tall Beverage Column Refrigerator pairs perfectly with our tall 24"" Wine Column, allowing you to have a complete beverage storage and serving solution. With these two appliances, serving perfectly chilled beverages to guests has never been easier.",Maximum Temperature: 50 deg F,Minimum Temperature: 34 deg F,Stainless Steel and Glass,Wine Racks Fully Extend While Loaded,Tri-Color Cool Running Interior LEDs Illuminate and Save Energy,"Intuitive Digital Controls Easily Adjust Temperature, Lights And Operating Mode",Secure Door Lock Stop Uninvited Guests,Designer Handle Included,Bottom Storage (18-750ml Bottles + Cans),Field Reversible Door,Designed for residential or commercial settings,,,,,,,,,,,CSA Certified,,,,Tall Beverage Center,Series,,,Model,,,Capacity,15,cu-ft,Refrigerant Type,R-600A,,Compressor Location,,,HP Rating,,,Voltage Rating,120,V,Amperage Rating,2.5,A,Frequency Rating,60,Hz,Phase,,,Number of Sections,,,Number of Shelves,2,,Door Type,Reversible,,Number of Doors,1,,Temperature Rating,60 to 90,deg F,Caster Type,,,Material,Glass/Stainless Steel,,Finish,Stainless Steel,,Color,Stainless Steel,,Height,69 7/16,in,Width,23-7/16,in,Depth,26-11/16,in,Additional Information,"Built-in, Commercial Grade Indoor, Outdoor",,,,,,,,,,,,,,,,,,,,,,,,,,,,,,,,,,,,,,,,,,,,,,,,,,,,,,,,,,,,,,,,,,,,,,,,,,,,,,,,,,,,,,,2 Year Labor and Parts,,,,,,,,,,,,,,,XO_XOU2470BCGS.jpg,XO_XOU2470BCGS_1.jpg,XO_XOU2470BCGS_2.jpg,XO_XOU2470BCGS_3.jpg,XO_XOU2470BCGS_4.jpg,,,,XO_XOU2470BCGS_Catalog.pdf,XO_XOU2470BCGS_Specification_Sheet.pdf,XO_XOU2470BCGS_Instruction_Installation_Manual.pdf,,,,,,,,,,,,,,,,,Yes
https://xoappliance.com/xo_products/xou24wdzgbr/,,,,,,25286185,Appliances,Large Appliances,Refrigerators - Electric,1516776,XOU24WDZGBR,XOU24WDZGBR Beverage Center Bk,-- Unbranded --,-- No Unilog Brand --,-- No DIB Brand --,Appliance Dealers Cooperative (APPDE),XO Ventilation,XO,,XOU24WDZGBR,,Food Preparation Equipment & Supplies>Bar Supplies>Beverage & Wine Coolers>Wine Coolers,"XO, Dual Zone Wine Cooler, XOU24WDZGBR, 750mL Capacity, Black",COOLER WINE ZONE DUAL 750ML GL/SST BK,"XO XOU24WDZGBR Dual Zone Wine Cooler, 750 mL Capacity, Glass/Stainless Steel, Black","XO Dual Zone Wine Cooler, 750 mL Capacity, R-600A Refrigerant, 115 V, 1.2 A, 60 Hz, 2 Sections, 5 Shelves, Non-Reversible Door, 60 to 90 deg F, Glass/Stainless Steel, Black, Black, 34-1/8 in Height, 23-7/8 in Width, 23-1/4 in Depth, Additional Information: Open Door Alarm, Sabbath Mode","Dual Zone Wine Cooler, 750 mL Capacity, Glass/Stainless Steel, Black",Red and white wines require different environments. XO's Dual Zone wine cooler enables you to store and serve your favorite vintages from the same cabinet at just the right temperature. The upper racks will hold up to 16 bottles chilled between 41′ to 50′ F while the lower zone will hold up to another 30 bottles between 50′ and 64′ F.,Telescoping racks fully extend while loaded,"Have wine ready to serve at one temperature, while providing an ideal storage temperature for the rest",Tri-Color LED Lighting,Flush Undercounter Installation design,Flat Handle Design,Independent intuitive electronic controls,Secure Lock,X-Active circulation ensures uniform temperature,Low E-Glass blocks damaging UV light,Quiet Operation 39 dBA,Designed for residential or commercial settings,,,,,,,,,,,CSA Certified,,,,Dual Zone Wine Cooler,Series,,,Model,,,Capacity,750,mL,Refrigerant Type,R-600A,,Compressor Location,,,HP Rating,,,Voltage Rating,115,V,Amperage Rating,1.2,A,Frequency Rating,60,Hz,Phase,,,Number of Sections,2,,Number of Shelves,5,,Door Type,Non-Reversible,,Number of Doors,,,Temperature Rating,60 to 90,deg F,Caster Type,,,Material,Glass/Stainless Steel,,Finish,Black,,Color,Black,,Height,34-1/8,in,Width,23-7/8,in,Depth,23-1/4,in,Additional Information,"Open Door Alarm, Sabbath Mode",,,,,,,,,,,,,,,,,,,,,,,,,,,,,,,,,,,,,,,,,,,,,,,,,,,,,,,,,,,,,,,,,,,,,,,,,,,,,,,,,,,,,,,,,,,,,,,,,,,,,,XO_XOU24WDZGBR.jpg,XO_XOU24WDZGBR_1.jpg,XO_XOU24WDZGBR_2.jpg,XO_XOU24WDZGBR_3.jpg,,,,,,XO_XOU24WDZGBR_Specification_Sheet.pdf,,XO_XOU24WDZGBR_Service_Manual.pdf,,,,,,,,,,,,,,,,Yes
https://www.beko.com/us-en/products/microwaves/built-in-microwave-950-w-44-l-wosp30100ss,,,,,,25285207,Appliances,Large Appliances,Ranges - Electric,1507404,WOSP30100SS,WOSP30100SS Beko Wall Oven SS,-- Unbranded --,-- No Unilog Brand --,-- No DIB Brand --,Appliance Dealers Cooperative (APPDE),Beko,beko,,WOSP30100SS,,Food Preparation Equipment & Supplies>Food Equipment>Cooking Equipment>Built-In Microwaves,"beko, Built-In Microwave, WOSP30100SS, 4-Stage Cooking Stages, LED Display",MICROWAVE BLTLN 4-STG LED SST W BK 15A,"beko WOSP30100SS Built-In Microwave, 4-Stage Cooking Stages, LED Display, Programmable: Yes, 950 W, 1600 W","beko Built-In Microwave, 1.6 cu-ft Capacity, 220 to 240 V, 15 A, 60 Hz, 950 W, 1600 W, 10 Power Levels, 99 min, 99 sec Maximum Cooking Time, Programmable: Yes, 4-Stage Cooking Stages, LED Display, Electronic, Touch Control, Yes See-Through Door, 2 Racks, Stainless Steel with Black, 9-7/16 in Interior Width, 16-15/16 in Interior Depth, 17-1/16 in Interior Height, 29-3/4 in Exterior Width, 22-1/4 in Exterior Depth, 17-7/8 in Exterior Height, Additional Information: NEMA 6-20 Plug Type, 82-5/8 in L Power Cord","Built-In Microwave, 4-Stage Cooking Stages, LED Display, Programmable: Yes, Stainless Steel with Black, 950 W, 1600 W",,"Cook with Microwave only, Convection only or a combination of both. When combined, you get speed cooking with oven-quality results. Speed Bake and Speed Roast combines microwave assist for speed cooking",Eliminate the need to set the cooking time and power level. Beko's automatic sensor programs simplify cooking for the best results,"When recipes call for different power levels at different intervals, you can program the microwave to automatically cook through two stages","If you still don't believe that microwaves can do more than just reheat leftovers, meet Microwave Grilling. Microwave Grilling lets you add that delicious crispy, brown finish to your favourite fish, chicken, meat or veg dishes. Now you can get that fresh grill flavour with a microwave.","Make your microwave look like it naturally belongs there. The microwave trim kit allows for a seamless, built-in look",,,,,,,,,,,,,,,,,,,,,Built-In Microwave,Series,,,Model,,,Capacity,1.6,cu-ft,Voltage Rating,220 to 240,V,Amperage Rating,15,A,Frequency Rating,60,Hz,Phase,,,Power Rating,"950 W, 1600 W",,HP Rating,,,Number of Power Levels,10,,Maximum Cooking Time,"99 min, 99 sec",,Programmable,Yes,,Cooking Stages,4-Stage,,Display Type,LED,,Control Type,"Electronic, Touch",,See-Through Door,Yes,,Number of Racks,2,,Interior Light Type,,,Temperature Rating,,,Material,,,Color,Stainless Steel with Black,,Interior Width,9-7/16,in,Interior Depth,16-15/16,in,Interior Height,17-1/16,in,Exterior Width,29-3/4,in,Exterior Depth,22-1/4,in,Exterior Height,17-7/8,in,Additional Information,"NEMA 6-20 Plug Type, 82-5/8 in L Power Cord",,,,,,,,,,,,,,,,,,,,,,,,,,,,,,,,,,,,,,,,,,,,,,,,,,,,,,,,,,,,,,,,,,,,,,,,2 Year,,,,,27.6,in,21.7,in,26.4,in,92.6,lb,,,beko_WOSP30100SS.jpg,beko_WOSP30100SS_1.jpg,beko_WOSP30100SS_2.jpg,,,,,,,beko_WOSP30100SS_Specification_Sheet.pdf,,,beko_WOSP30100SS_Owners_User_Manual.pdf,,,,,,,,,,,,,,,Yes
https://www.geappliances.com/appliance/GE-Profile-30-Built-In-Touch-Control-Electric-Cooktop-PEP9030DTBB,,,,,,20138597,Appliances,Large Appliances,Ranges - Electric,1516047,PEP9030DTBB,"PEP9030DTBB 30"" GE Cooktop Bk",-- Unbranded --,-- No Unilog Brand --,-- No DIB Brand --,Appliance Dealers Cooperative (APPDE),Haier,Profile™,,PEP9030DTBB,,Food Preparation Equipment & Supplies>Food Equipment>Cooking Equipment>Electric Cooktops,"Haier Profile, Built-In Cooktop, PEP9030DTBB, 29-3/4in OAW, 21.38in OAD",COOKTOP BLTLN 29-3/4IN CERAMIC GL 5 2 BK,"Profile™ PEP9030DTBB Built-In Cooktop, 29-3/4 in OAW, 21.38 in OAD, 5-Burner, Electronic, Glide Touch Control, Black","Profile™ Built-In Cooktop, Ceramic Glass Cooktop Surface, 29-3/4 in Cooktop Width, 21-3/8 in Cooktop Depth, 5 Burners, 5 Ribbon, Smoothtop Burner, 2 -Controls, Electronic, Glide Touch Control, 100 to 500 deg F, 208/240 V, 40 A, 60 Hz, Ceramic Glass, Black, 28-1/2 in Cutout Width, 5.56 in Cutout Height, 29-3/4 in Overall Width, 3-1/4 in Overall Height, 21.38 in Overall Depth, Additional Information: Frameless, Radiant Smoothtop, Built-in Wi-Fi Connectivity, Front Center Control Location, Electric Fuel Type, 5-Elements","Built-In Cooktop, 29-3/4 in OAW, 21.38 in OAD, 5-Burner, Electronic, Glide Touch Control, 208/240 V, Black",,"This cooktop has a 3,000W tri-ring element and a 2,400W dual-ring element that allow for different pan sizes to be used for rapid boiling","Set your burner to an exact degree, not just high, medium or low, with Precision Temperature Control. Using a smart pan, the cooktop maintains a specific temperature - from 100 to 500 degrees. Perfect for sauces, candies and frying",Choose from 11 different heat settings with one easy swipe for total heat control,A smooth glass surface and glide touch controls makes cleaning up messes simpler than ever on this easy clean electric cooktop,Easily pair with this smart cooktop to ensure you get the perfect cooking results. (Accessories sold separately),"This smart cooktop features Built-In WiFi so you can monitor your burners and view power levels, precision temperature, or on/off",Connect and control two cooktop burners as one to create a bigger cooking surface for pans such as griddles,Synchronize your cooktop and GE Profile over-the-range microwave or hood so that your fan and lights automatically come on when a burner is activated with Chef Connect,"This electric cooktop's 7"" element features a range of heat - from a dedicated ""Keep Warm"" setting to the power to boil water",Protect against unintentionally turning your cooktop on with a safety control lock setting,A quick glance is all it takes to know when elements are hot on the electric cooktop with hot surface indicator lights,,,,,,,,,,,ADA Compliant,Prop65 Warning: This product can expose you to chemicals which are known to the State of California to cause cancer and birth defects or other reproductive harm. For more information go to www.P65Warnings.ca.gov.,,,Built-In Cooktop,Series,,,Model,,,BTU Rating,,,Cooktop Surface Type,Ceramic Glass,,Cooktop Width,29-3/4,in,Cooktop Depth,21-3/8,in,Number of Burners,5,,Burner Type,"5 Ribbon, Smoothtop",,Number of Controls,2,,Control Type,"Electronic, Glide Touch",,Ignition Type,,,Temperature Rating,100 to 500,deg F,Voltage Rating,208/240,V,Amperage Rating,40,A,Frequency Rating,60,Hz,Phase,,,Power Rating,,,Material,Ceramic Glass,,Color,Black,,Cutout Width,28-1/2,in,Cutout Height,5.56,in,Overall Width,29-3/4,in,Overall Height,3-1/4,in,Overall Depth,21.38,in,Additional Information,"Frameless, Radiant Smoothtop, Built-in Wi-Fi Connectivity, Front Center Control Location, Electric Fuel Type, 5-Elements",,,,,,,,,,,,,,,,,,,,,,,,,,,,,,,,,,,,,,,,,,,,,,,,,,,,,,,,,,,,,,,,,,,,,,,,,,,,,,,,,1 Year Limited,,,,,,,,,,,40,lb,,,Profile_PEP9030DTBB.jpg,Profile_PEP9030DTBB_1.jpg,Profile_PEP9030DTBB_2.jpg,Profile_PEP9030DTBB_3.jpg,Profile_PEP9030DTBB_4.jpg,,,,,Profile_PEP9030DTBB_Specification_Sheet.pdf,Profile_PEP9030DTBB_Instruction_Installation_Manual.pdf,,Profile_PEP9030DTBB_Owners_User_Manual.pdf,,,,,,,,,,,https://www.youtube.com/watch?v=HuU-UhVFT14,https://www.youtube.com/watch?v=eDj3B1-mzg8,,,Yes
https://www.cafeappliances.com/appliance/CAFE-Series-ENERGY-STAR-30-Built-In-Touch-Control-Induction-Cooktop-CHP90301TBB,,,,,,20137987,Appliances,Large Appliances,Ranges - Electric,1515791,CHP90301TBB,CHP90301TBB Café Cooktop Bk,-- Unbranded --,-- No Unilog Brand --,-- No DIB Brand --,Appliance Dealers Cooperative (APPDE),Haier,CAFE™,,CHP90301TBB,,Food Preparation Equipment & Supplies>Food Equipment>Cooking Equipment>Induction Cooktops,"Haier CAFE, Built-In Induction Cooktop, CHP90301TBB, 208/240V, Electric Fuel",COOKTOP IND BLTLN CERAMIC GL 208/240V,"CAFE™ CHP90301TBB Built-In Induction Cooktop, 208/240 V, Electronic, Glide Touch Control, Electric Fuel, 4-Element","CAFE™ Built-In Induction Cooktop, Ceramic Glass Cooktop Surface, 4 Induction Elements Burner, 208/240 V, 40 A, 60 Hz, 6.9 kW at 208 V, 7.7 kW at 240 V, Electronic, Glide Touch Control, Front Center Control Location, Electric Fuel, 100 to 500 deg F, 29-7/8 in Cooktop Width, 21-1/2 in Cooktop Depth, 4 Elements, 2 -Controls, Ceramic Glass, Black, 28-1/2 in Cutout Width, 4-5/8 in Cutout Height, 29-7/8 in Overall Width, 3-1/4 in Overall Height, 21-1/2 in Overall Depth, Additional Information: Frameless","Built-In Induction Cooktop, 208/240 V, Electronic, Glide Touch Control, Electric Fuel, 4-Element, Ceramic Glass","This seamless cooktop will delight your family, your guests and, most of all, you. Four induction cooking elements cook every dish to perfection by delivering rapid, accurate heat, for the most efficient heating possible. A convenient rapid boil feature boils water 1.5x faster than other cooktops while a safe surface feature keeps you worry-free by automatically switching off when cookware is removed. Plus, a beautiful white LED digital display allows for effortless control of 19 different heat settings, and induction heating technology ensures burners quickly adjust and respond to every touch. Precision Temperature Control lets you use smart pans to dial into the exact temperatures needed to take your results to the next level, like you do in your oven. Not to mention the easy clean, smooth glass surface, which adds a sleek touch while containing spills with beveled edges.",19 different heat settings and controls illuminated with white LED lights use induction technology to ensure burners quickly adjust and respond.,A smooth glass surface with glide touch controls and induction technology that ensures spills won't burn makes this an easy clean cooktop,"Boil water faster thanks to induction elements that immediately heat your pan, not the cooktop surface","Set your burner to an exact degree, not just high, medium or low, with Precision Temperature Control. Using a smart pan, the cooktop maintains a specific temperature - from 100 to 500 degrees. Perfect for sauces, candies and frying",Easily pair with this smart cooktop to ensure you get the perfect cooking results,"Stay free from worry with this induction cooktop that automatically detects your cookware, so when it's removed the burner automatically switches off",,,,,,,,,,,,,,,,ADA Compliant|ENERGY STAR Certified,Prop65 Warning: This product can expose you to chemicals which are known to the State of California to cause cancer and reproductive harm. For more information go to www.P65Warnings.ca.gov.,,,Built-In Induction Cooktop,Series,,,Cooktop Surface Type,Ceramic Glass,,Burner Type,4 Induction Elements,,BTU Rating,,,Voltage Rating,208/240,V,Amperage Rating,40,A,Frequency Rating,60,Hz,Phase,,,Power Rating,"6.9 kW at 208 V, 7.7 kW at 240 V",,Control Type,"Electronic, Glide Touch",,Control Location,Front Center,,Ignition Type,,,Fuel Type,Electric,,Installation Type,,,Temperature Rating,100 to 500,deg F,Cooktop Width,29-7/8,in,Cooktop Depth,21-1/2,in,Number of Burners,,,Number of Elements,4,,Number of Controls,2,,Material,Ceramic Glass,,Color,Black,,Cutout Width,28-1/2,in,Cutout Height,4-5/8,in,Overall Width,29-7/8,in,Overall Height,3-1/4,in,Overall Depth,21-1/2,in,Additional Information,Frameless,,,,,,,,,,,,,,,,,,,,,,,,,,,,,,,,,,,,,,,,,,,,,,,,,,,,,,,,,,,,,,,,,,,,,,,,1 Year Limited,,,,,,,,,,,48,lb,,,CAFE_CHP90301TBB.jpg,CAFE_CHP90301TBB_1.jpg,CAFE_CHP90301TBB_2.jpg,CAFE_CHP90301TBB_3.jpg,CAFE_CHP90301TBB_4.jpg,,,,,,,,,,,,,,,,,,,https://www.youtube.com/watch?v=45wCb8L3ISU,https://www.youtube.com/watch?v=NbJrWSIrNCc,US,,Yes
https://truepositiontools.com/wp-content/uploads/2020/03/True-Position-Tools-Brochure-2020.pdf?srsltid=AfmBOoro_6er7byAU0QHpOcUz8HF2ZapX4ZpoDIgYaoMJ0rh-6R-ebJq,,,,,,21280034,Tools,Hand Tools,Templates - Jigs,71433,TP-1935,TP-1935 Hole Drilling System,-- Unbranded --,-- No Unilog Brand --,-- No DIB Brand --,-,True Position Tools,True Position Tools®,,TP-1935,,Hardware & Fasteners>Cabinet & Drawer Hardware>Cabinet Hardware>Cabinet Hardware Installation Templates,"True Position Tools, Cabinet Hardware and Drilling Jig, TP-1935, Anodized",JIG HDW AND DRILLING CABINET 9-1/2IN 2IN,"True Position Tools® TP-1935 Cabinet Hardware and Drilling Jig, Anodized Aluminum/Stainless Steel/Steel, Anodized","True Position Tools® Cabinet Hardware and Drilling Jig, 9-1/2 in Length, 12-1/2 in Width, 2 in Height, Anodized Aluminum/Stainless Steel/Steel, Black, Anodized, For Use With: Cabinet Doors, Drawers, Shaker Drawer Fronts, Additional Information: 38 in Center-to-Center W Handle, Infinite Centering with Center Mark, 42 in Centering (with End Stop), 16 in H Drawer Front Centering, 1/2 in Minimum Door Panel, 1/4 in Minimum Placement From Edge, 25-Hole Shelf Pin Pattern","Cabinet Hardware and Drilling Jig, Anodized Aluminum/Stainless Steel/Steel, Anodized","TP-1935 expands the innovation of the Original Cabinet Jig by addressing virtually every handle size available (up to 38"" pulls and 42"" wide drawers), plus the ability to install shelf pins. A must-have tool for any professional hardware installation, it includes the following items: TP-1934 Original Cabinet Jig, TP-2312 Extension Set, and TP-ERA Extended Ruler.",,,,,,,,,,,,,,,,,,,,,,,,"For door hardware, drawer front hardware, 32 mm hinge plates, hardware up to 38 in center-center, portable shelf pin holes",TP-2312 Extension Set,Cabinet Hardware and Drilling Jig,Series,,,Style,,,Length,9-1/2,in,Width,12-1/2,in,Height,2,in,Material,Anodized Aluminum/Stainless Steel/Steel,,Color,Black,,Finish,Anodized,,Suitable For Use With,"Cabinet Doors, Drawers, Shaker Drawer Fronts",,Additional Information,"38 in Center-to-Center W Handle, Infinite Centering with Center Mark, 42 in Centering (with End Stop), 16 in H Drawer Front Centering, 1/2 in Minimum Door Panel, 1/4 in Minimum Placement From Edge, 25-Hole Shelf Pin Pattern",,,,,,,,,,,,,,,,,,,,,,,,,,,,,,,,,,,,,,,,,,,,,,,,,,,,,,,,,,,,,,,,,,,,,,,,,,,,,,,,,,,,,,,,,,,,,,,,,,,,,,,,,,,,,,,,,,,,,,,,,,,,,,Lifetime,,,,,,,,,,,,,,,True_Position_Tools_TP_1935.jpg,,,,,,,,True_Position_Tools_TP_1935_Catalog.pdf,,,,,,,,,,,,,,,,,,,Yes
https://www.barretteoutdoorliving.com/product/gravity-latches-self-latching,,,,,,25285374,Lumber and Building Materials,Deck Railing /Columns /Lattice,RDI Finyl Line Vinyl Railing,1509088,73002252,Black Gate Gravity Latch RDI,-- Unbranded --,-- No Unilog Brand --,-- No DIB Brand --,-,Oldcastle APG,Barrette Outdoor Living®,,73002252,,"Lawn, Garden & Patio>Fencing>Gate Openers & Hardware>Gate Latches & Slide Bolts","Oldcastle APG Barrette Outdoor Living, Gravity Latch, 73002252, 4-9/16in W",LATCH G 4-9/16IN 2-5/16IN SELF-LATCHING,"Barrette Outdoor Living® 73002252 Gravity Latch, 4-9/16 in W, 2-5/16 in H, Self-Latching Style, Steel","Barrette Outdoor Living® Gravity Latch, Self-Latching Style, 1 in Bolt Length, Steel, Black, 6 Mounting Holes, Through-Bolt Mounting, 4-9/16 in Width, 2-5/16 in Height, 2-1/4 in Depth, Additional Information: 1-1/2 in Gate Post Size","Gravity Latch, 4-9/16 in W, 2-5/16 in H, Self-Latching Style, Steel, Through-Bolt Mounting","Self-latching and easy to install, Gravity Latches use a simple latch and striker system and accept a padlock for additional security.",,,,,,,,,,,,,,,,,,,,,,,,,(1) Striker and (6) 1 in Square/Phillips Combo Screws,Gravity Latch,Series,,,Style,Self-Latching,,Bolt Head Diameter,,,Bolt Length,1,in,Throw Size,,,Material,Steel,,Finish,,,Color,Black,,Number of Mounting Holes,6,,Mounting Type,Through-Bolt,,Width,4-9/16,in,Height,2-5/16,in,Depth,2-1/4,in,Additional Information,1-1/2 in Gate Post Size,,,,,,,,,,,,,,,,,,,,,,,,,,,,,,,,,,,,,,,,,,,,,,,,,,,,,,,,,,,,,,,,,,,,,,,,,,,,,,,,,,,,,,,,,,,,,,,,,,,,,,,,,,,,,,,,,,Limited Lifetime,,,,,,,,,,,,,,,Barrette_Outdoor_Living_73002252.jpg,Barrette_Outdoor_Living_73002252_1.jpg,,,,,,Barrette_Outdoor_Living_73002252_Warranty_Information.pdf,,Barrette_Outdoor_Living_73002252_Specification_Sheet.pdf,Barrette_Outdoor_Living_73002252_Instruction_Installation_Manual.pdf,,,,,,,,,,,,,,,,,Yes
https://edgeeyewear.com/products/brazeau-z87-polarized-safety-glasses?_pos=1&_sid=df31e2fc8&_ss=r,https://edge-dealer.com/products/brazeau-whsl?_pos=1&_sid=7279ce51a&_ss=r&variant=44217852264693,,,,,24592215,Tools,Safety Equipment,Glasses-Goggles-Face Shields,1509093,XB11PCVS,XB11PCVS Edge Safety Glasses - Photochromic Lense,-- Unbranded --,-- No Unilog Brand --,-- No DIB Brand --,Edge Eyewear Inc (EDGSA),Wolf Peak International,EDGE®,,XB11PCVS,,Safety>Eye Protection>Safety Glasses,"Wolf Peak International EDGE, Safety Glass, Brazeau Series, XB11PCVS",GLASS SAF A-FOG SCRATCH-RESISTANT 65MM,"EDGE® Brazeau Series XB11PCVS Safety Glass, Anti-Fog, Scratch-Resistant Lens, Vapor Shield Photochromic Lens","EDGE® Safety Glass, Brazeau Series, Anti-Fog, Scratch-Resistant Lens, Vapor Shield Lens Coating, Vapor Shield Photochromic Lens, Polycarbonate Lens, 65 mm Lens, Wraparound Frame, Matte Black Frame, Nylon Frame, 44 mm Frame, Edge-Flex Temple, UV Protection Rating: 99.9 %, 14 mm Bridge","Brazeau Series Safety Glass, Anti-Fog, Scratch-Resistant Lens, Vapor Shield Photochromic Lens, Vapor Shield Lens","Whether you're swinging your hammer or fly rod, the Brazeau's ANSI Z87+ safety rating, wraparound design and sleek brow guards keep the sun out and impact protection high. The Edge Brazeau features a durable frame and scratch-resistant lenses. Plus, they block 99.9% of UVA, UVB and UVC radiation-while keeping glare to a minimum with its wraparound design. Plus, the Brazeau even comes available with our photochromic transition lenses that automatically adjust from a lighter tint to a darker tint for varying light conditions. If you're on the hunt for safety glasses that are as stylish as functional, stop your search now. The Brazeau has been a crowd favorite among the Edge community for years. Snag yours today and find out why.",An integrated brow guard helps keep airborne debris and sunlight away. This design feature offers more protection from impacts and glare than other styles,"Whether you're on the job or off the clock, our integrated brow guard offers extra peace of mind","With a wraparound frame design, this style provides unmatched peripheral impact protection and blocks glare","Built for all-day comfort, they meet ANSI Z87+ compliance standards, delivering the coverage and safety you can count on","Thermoplastic rubber (TPR) nose pads provide anti-slip performance, unrivaled comfort and a secure fit","Plus, TPR becomes tacky when exposed to moisture, so there's no more worrying about losing your glasses when things get sweat",,,,,,,,,,,,,,,,ANSI Z87.1+ Compliant,,Thermoplastic Rubber,,Safety Glass,Series,Brazeau Series,,Gender,,,Size,,,Lens Type,"Anti-Fog, Scratch-Resistant",,Lens Coating,Vapor Shield,,Lens Color,Vapor Shield Photochromic,,Lens Material,Polycarbonate,,Lens Size,65,mm,Frame Shape,Wraparound,,Frame Color,Matte Black,,Frame Material,Nylon,,Frame Size,44,mm,Temple Type,Edge-Flex,,Temple Color,,,Temple Material,,,UV Protection Rating,99.9,%,Bridge Size,14,mm,Additional Information,,,,,,,,,,,,,,,,,,,,,,,,,,,,,,,,,,,,,,,,,,,,,,,,,,,,,,,,,,,,,,,,,,,,,,,,,,,,,,,,,,,,,,,,,,,,,,,,,,,,,,,,,,,,,,,,,,,,,,EDGE_XB11PCVS.jpg,EDGE_XB11PCVS_1.jpg,EDGE_XB11PCVS_2.jpg,EDGE_XB11PCVS_3.jpg,EDGE_XB11PCVS_4.jpg,,,,,,,,,,,,,,,,,,,,,,,Yes
https://edgeeyewear.com/products/tacana?variant=41690242121783,https://edge-dealer.com/products/tacana?variant=46712303026421,,,,,25286024,Tools,Safety Equipment,Glasses-Goggles-Face Shields,1515816,TC126VS,TC126VS Edge Safety Glasses - Tacana Black Frame,-- Unbranded --,-- No Unilog Brand --,-- No DIB Brand --,Edge Eyewear Inc (EDGSA),Wolf Peak International,EDGE®,,TC126VS,,Safety>Eye Protection>Safety Glasses,"Wolf Peak International EDGE, Safety Glass, Tacana Series, TC126VS, Smoke Lens",GLASS SAF A-FOG SMK VAPOR SH ZORGE STYLE,"EDGE® Tacana Series TC126VS Safety Glass, Anti-Fog Lens, Smoke Lens, Vapor Shield Lens, Zorge Style Frame","EDGE® Safety Glass, Tacana Series, Anti-Fog Lens, Vapor Shield Lens Coating, Smoke Lens, Polycarbonate Lens, Zorge Style Frame, Black Frame, Nylon Frame, 47 mm H x 149 mm W Frame, Anti-Slip Temple, Black Temple, Thermoplastic Rubber Temple, 14 mm Bridge","Tacana Series Safety Glass, Anti-Fog Lens, Smoke Lens, Vapor Shield Lens, Zorge Style Frame, Black Frame","Built on the same foundation of affordability, function and performance as our popular Zorge frame style, the Tacana represents an evolution of safety eyewear. An integrated thermoplastic rubber (TPR) brow guard, adjustable nosepiece and removable snap-in leash offer functionality that defies the price. Compliance with ANSI Z87+ and CSA Z94.3 safety standards provides peace of mind in every environment and every job site. And our Vapor Shield anti-fog technology guarantees a clear view in even the hottest, most humid or fog-prone conditions. The Tacana makes an impact in the world of high-impact eyewear. Experience more performance for less.","Thermoplastic rubber (TPR) details on the temples and nosepiece limit slipping while improving overall comfort. Whether you're on the job or off, experience slip-free performance and peace of mind knowing your eye protection is secure","Our standard anti-fog technology performs in even the coldest, hottest or most humid environments","Unlike other anti-fogs, Vapor Shield is infused into the lens, ensuring a long-lasting and durable solution to stop the buildup of fog-causing water vapor",A durable frame constructed from a nylon composite combines lightweight performance with the signature impact resistance Edge is known for,You've never had a pair of ANSI Z87+ rated safety glasses that felt so good to wear during your demanding days,,,,,,,,,,,,,,,,,ANSI Z87.1+ Specified|CSA Z94.3 Specified,,,,Safety Glass,Series,Tacana Series,,Gender,,,Size,,,Lens Type,Anti-Fog,,Lens Coating,Vapor Shield,,Lens Color,Smoke,,Lens Material,Polycarbonate,,Lens Size,,,Frame Shape,Zorge Style,,Frame Color,Black,,Frame Material,Nylon,,Frame Size,47 mm H x 149 mm W,,Temple Type,Anti-Slip,,Temple Color,Black,,Temple Material,Thermoplastic Rubber,,UV Protection Rating,,,Bridge Size,14,mm,Additional Information,,,,,,,,,,,,,,,,,,,,,,,,,,,,,,,,,,,,,,,,,,,,,,,,,,,,,,,,,,,,,,,,,,,,,,,,,,,,,,,,,,,,,,,,,,,,,,,,,,,,,,,,,,,,,,,,,,,,,,EDGE_TC126VS.jpg,,,,,,,,,,,,,,,,,,,,,,,,,,,Yes
https://edgeeyewear.com/products/makalu-1?variant=41432697602103,https://edge-dealer.com/products/makalu?variant=46292839235829,,,,,25286025,Tools,Safety Equipment,Glasses-Goggles-Face Shields,1515817,MK113MPAP,MK113MPAP Edge Safety Glasses - Makalu Black Frame Polarized,-- Unbranded --,-- No Unilog Brand --,-- No DIB Brand --,Edge Eyewear Inc (EDGSA),Wolf Peak International,EDGE®,,MK113MPAP,,Safety>Eye Protection>Safety Glasses,"Wolf Peak International EDGE, Safety Glass, Makalu Series, MK113MPAP",GLASS SAF POLARIZED AP+ BL MIR SH STYLE,"EDGE® Makalu Series MK113MPAP Safety Glass, Polarized Lens, AP+ Blue Lens, Mirror Lens, Shield Style Frame","EDGE® Safety Glass, Makalu Series, Polarized Lens, Mirror Lens Coating, AP+ Blue Lens, Polycarbonate Lens, 148 mm Lens, Shield Style Frame, Matte Black Frame, Nylon Frame, 52 mm Frame, Edge-Flex Temple, Thermoplastic Rubber Temple, 16 mm Bridge","Makalu Series Safety Glass, Polarized Lens, AP+ Blue Lens, Mirror Lens, Shield Style Frame, Matte Black Frame","The Makalu sits at the intersection of lightweight, sporty sunglasses and ANSI Z87.1+ compliant safety glasses. These shield-style safety glasses feature a 7-base design for maximum field of vision. And with an integrated brow guard, Edge-Flex™ temples and an adjustable nosepiece, the Makalu prioritizes protection and custom-like comfort. The Makalu's nylon frames and impact-rated polycarbonate lenses promise durability and secure ANSI Z87.1+ and CSA Z94.3 standards compliance. Plus, the adjustable nosepiece is UPLC compatible, for the addition of prescription lens inserts. Find our Rx inserts for the Makalu here. The Edge Makalu is a sure choice for anyone looking for lightweight, compliant and comfortable safety glasses.","Compatible with UPLC Rx inserts for a prescription carrier to be added to the inside of the frame for a secure fit, sure vision and ultimate protection. There's no need to sacrifice protection for prescription eyewear needs","By replacing half of the rigid temple material with soft, flexible thermoplastic rubber (TPR), Edge-Flex™ frames gently hug the sides of the head. The result. A custom-like fit that reduces pressure and eliminates annoying pinching behind the ears",An integrated brow guard helps keep airborne debris and sunlight away. This design feature offers more protection from impacts and glare than other styles,"Whether you're on the job or off the clock, our integrated brow guard offers extra peace of mind",,,,,,,,,,,,,,,,,,ANSI Z87.1+ Compliant,,,,Safety Glass,Series,Makalu Series,,Gender,,,Size,,,Lens Type,Polarized,,Lens Coating,Mirror,,Lens Color,AP+ Blue,,Lens Material,Polycarbonate,,Lens Size,148,mm,Frame Shape,Shield Style,,Frame Color,Matte Black,,Frame Material,Nylon,,Frame Size,52,mm,Temple Type,Edge-Flex,,Temple Color,,,Temple Material,Thermoplastic Rubber,,UV Protection Rating,,,Bridge Size,16,mm,Additional Information,,,,,,,,,,,,,,,,,,,,,,,,,,,,,,,,,,,,,,,,,,,,,,,,,,,,,,,,,,,,,,,,,,,,,,,,,,,,,,,,,,,,,,,,,,,,,,,,,,,,,,,,,,,,,,,,,,,,,,EDGE_MK113MPAP.jpg,,,,,,,,,EDGE_MK113MPAP_Specification_Sheet.pdf,,,,,,,,,,,,,,,,,,Yes
https://edgeeyewear.com/products/lassen?variant=41432679284791,https://edge-dealer.com/pages/product-info-pages/lassen,,,,,25286026,Tools,Safety Equipment,Glasses-Goggles-Face Shields,1515818,LS117MPAP,LS117MPAP Edge Safety Glasses - Lassen Black Frame Polarized,-- Unbranded --,-- No Unilog Brand --,-- No DIB Brand --,Edge Eyewear Inc (EDGSA),Wolf Peak International,EDGE®,,LS117MPAP,,Safety>Eye Protection>Safety Glasses,"Wolf Peak International EDGE, Safety Glass, Lassen Series, LS117MPAP",GLASS SAF POLARIZED AP+ GRN MIR WAYFARER,"EDGE® Lassen Series LS117MPAP Safety Glass, Polarized Lens, AP+ Green Lens, Mirror Lens, Wayfarer Frame","EDGE® Safety Glass, Lassen Series, Polarized Lens, Mirror Lens Coating, AP+ Green Lens, Polycarbonate Lens, Wayfarer Frame, Matte Black Frame, Nylon Frame, 146 mm Frame, Edge-Flex Temple, Matte Black Temple, Thermoplastic Rubber Temple, 20 mm Bridge","Lassen Series Safety Glass, Polarized Lens, AP+ Green Lens, Mirror Lens, Wayfarer Frame, Matte Black Frame","As dependably rugged as you, the Lassen features impact-rated polycarbonate lenses and durable nylon frames for long-lasting performance. Compliant with both ANSI Z87.1+ and CSA Z94.3 protective standards, the Lassen sports a distinctive Wayfarer style that suggests ""everyday sunglasses"" more than ""safety glasses."" The Lassen's thermoplastic rubber (TPR) temples and nosepieces provide non-slip grip and improve comfort for all-day wearability. For safety glasses with comfort-improving features, a lightweight design and ultimate style, the Lassen is a safe choice.","By replacing half of the rigid temple material with soft, flexible thermoplastic rubber (TPR), Edge-Flex™ frames gently hug the sides of the head. The result. A custom-like fit that reduces pressure and eliminates annoying pinching behind the ears",Thermoplastic rubber (TPR) details on the temples and nosepiece limit slipping while improving overall comfort,"Whether you're on the job or off, experience slip-free performance and peace of mind knowing your eye protection is secure",A durable frame constructed from a nylon composite combines lightweight performance with the signature impact resistance Edge is known for,You've never had a pair of ANSI Z87+ rated safety glasses that felt so good to wear during your demanding days,,,,,,,,,,,,,,,,,ANSI Z87.1+ Compliant,,,,Safety Glass,Series,Lassen Series,,Gender,,,Size,,,Lens Type,Polarized,,Lens Coating,Mirror,,Lens Color,AP+ Green,,Lens Material,Polycarbonate,,Lens Size,,,Frame Shape,Wayfarer,,Frame Color,Matte Black,,Frame Material,Nylon,,Frame Size,146,mm,Temple Type,Edge-Flex,,Temple Color,Matte Black,,Temple Material,Thermoplastic Rubber,,UV Protection Rating,,,Bridge Size,20,mm,Additional Information,,,,,,,,,,,,,,,,,,,,,,,,,,,,,,,,,,,,,,,,,,,,,,,,,,,,,,,,,,,,,,,,,,,,,,,,,,,,,,,,,,,,,,,,,,,,,,,,,,,,,,,,,,,,,,,,,,,,,,EDGE_LS117MPAP.jpg,,,,,,,,,EDGE_LS117MPAP_Specification_Sheet.pdf,,,,,,,,,,,,,,,,,,Yes
https://efirex.com/product/e-firex-fire-extinguisher-9-liter/,,,,,,25285943,Electrical,Home Security,Fire Extinguishers,1515190,FE-EFX-9L,FEEFX9L Lith Fire Extinguisher,-- Unbranded --,-- No Unilog Brand --,-- No DIB Brand --,Ohio Firewatch Protection Inc (HOLFS),E-FireX,E-FireX,,FE-EFX-9L,,Safety>Fire Protection>Fire Extinguishers & Accessories>Fire Extinguishers,"E-FireX, Fire Extinguisher, FE-EFX-9L, 9gal Capacity, 2-A Fire",EXTINGUISHER FIRE 9GAL 2-A 2-A:D:C 50S,"E-FireX FE-EFX-9L Fire Extinguisher, 9 gal Capacity, Water-Based Suspended Encapsulator Agent Extinguish Agent","E-FireX Fire Extinguisher, Fire Rating: 2-A, 9 gal Capacity, Water-Based Suspended Encapsulator Agent Extinguish Agent, 100 psi Operating Pressure, 50 s Discharge Time, Rechargeable, Fire Class: 2-A:D:C, 55 ft Range Maximum, Wall Mounting, Stainless Steel Cylinder, Positive On-Off Operation, Squeeze Grip Valve, Brass Valve, Black, 40 to 120 deg F, 25-1/2 in Height, 9 in Width","Fire Extinguisher, 9 gal Capacity, Water-Based Suspended Encapsulator Agent Extinguish Agent, 2-A Fire, 50 s Discharge","With our advanced encapsulator agent technology, you can now protect your personal space, home power wall, electric vehicle, RV, and all your Lithium battery powered recreational equipment with unparalleled effectiveness. Simple to use, fast-acting, and versatile, it's the essential Lithium battery fire extinguisher for your modern lifestyle.",Meets or exceeds UL and ULC requirements,Water-Based Suspended Encapsulator Agent,"Squeeze grip, positive on-off operation",Stainless steel shell,Rechargeable Compliance Unit,Easy service construction,,,,,,,,,,,,,,,,,,,,Fire Extinguisher,Series,,,Fire Rating,2-A,,Capacity,9,gal,Extinguish Agent Type,Water-Based Suspended Encapsulator Agent,,Operating Pressure,100,psi,Discharge Time,50,s,Rechargeable/Non-Rechargeable,Rechargeable,,Fire Class,2-A:D:C,,Range Maximum,55,ft,Mounting Type,Wall,,Cylinder Material,Stainless Steel,,Handle Material,,,Valve Type,"Positive On-Off Operation, Squeeze Grip",,Valve Material,Brass,,Color,Black,,Finish,,,Temperature Rating,40 to 120,deg F,Diameter,,,Height,25-1/2,in,Width,9,in,Domestic/Import,,,Additional Information,,,,,,,,,,,,,,,,,,,,,,,,,,,,,,,,,,,,,,,,,,,,,,,,,,,,,,,,,,,,,,,,,,,,,,,,,,,,,,,,,,,,,,,,,,,,,,,,,,,,,,,,,,E_FireX_FE_EFX_9L.jpg,,,,,,,,,E_FireX_FE_EFX_9L_Specification_Sheet.pdf,,,,,,,,,,,,,,,,,,Yes
https://www.dewalt.com/en-us/product/dw08802cg/green-cross-line-laser-level,,,,,,16094905,Tools,Construction Tools Non Power,Laser Measure - Scanners,317449,DW08802CG,DW08802CG Dewalt Laser Green - Self-Level Cross Line,-- Unbranded --,-- No Unilog Brand --,DEWALT,Black & Decker/dewlt (2585),Stanley Black & Decker,DeWALT®,,DW08802CG,,Test & Measurement>Measuring & Layout Tools>Levels>Rotary & Straight Line Laser Levels,"Stanley Black & Decker DeWALT, Cross Line Laser Level, DW08802CG, Green Laser",LEVEL LASER L CROSS 55FT 30FT +/- 4DEG,"DeWALT® DW08802CG Cross Line Laser Level, 55 ft Working Range with Detector, 30 ft Working Range without Detector","DeWALT® Cross Line Laser Level, Model: DW08802CG, 55 ft Working Range with Detector, 30 ft Working Range without Detector, 1/4 in at 30 ft Accuracy, +/- 4 deg Leveling, Cross-Line Laser Projection, Self-Leveling Leveling, 1/4-20 Thread, IP Rating: IP54, (2) AA Alkaline Batteries, 2 Lines, Plastic/Rubber, Green Laser, 8.7 in L x 3.8 in W x 7 in H, 14 to 104 deg F","Cross Line Laser Level, 55 ft Working Range with Detector, 30 ft Working Range without Detector, +/- 4 deg Leveling",The DEWALT® green cross line laser level is great for various applications from framing a house or remodeling jobs. The locking pendulum and overmold housing allows for drop protection which is a major concern on most jobsites. The magnetic bracket and hang hole allow for various mounting options.,Green beam for visibility,55ft range,"1/4 "" accuracy at 30ft",IP54 rating,1 meter drop rating,Magnetic bracket and hang hole for various mounting options,"1/4 "" thread for tripod attachment",Locking pendulum for drop pendulum,Overmold housing for drop protection,,,,,,,,,,,,,,,,,Cross Line Laser Level,Model,DW08802CG,,Size,,,Working Range with Detector,55,ft,Working Range without Detector,30,ft,Accuracy,1/4 in at 30 ft,,Leveling Range,+/- 4,deg,Laser Projection,Cross-Line,,Leveling Type,Self-Leveling,,Thread Size,1/4-20,,IP Rating,IP54,,Power Source,(2) AA Alkaline Batteries,,Number of Lines,2,,Number of Beams,,,Material,Plastic/Rubber,,Finish,,,Laser Color,Green,,Dimensions,8.7 in L x 3.8 in W x 7 in H,,Temperature Rating,14 to 104,deg F,Additional Information,,,,,,,,,,,,,,,,,,,,,,,,,,,,,,,,,,,,,,,,,,,,,,,,,,,,,,,,,,,,,,,,,,,,,,,,,,,,,,,,,,,,,,,,,,,,,,,,,,,,"3 Year Limited, 1 Year Free Service",,,,,,,,,,,,,,,DeWALT_DW08802CG.jpg,DeWALT_DW08802CG_1.jpg,DeWALT_DW08802CG_2.jpg,DeWALT_DW08802CG_3.jpg,DeWALT_DW08802CG_4.jpg,,,,,,DeWALT_DW08802CG_Instruction_Installation_Manual.pdf,,,,,,,,,,,,,,,CN,,Yes
https://www.dewalt.com/en-us/product/dw088cg/green-cross-line-laser,,,,,,16096062,Tools,Construction Tools Non Power,Laser Measure - Scanners,331553,DW088CG,DW088CG Dewalt Laser - Green Cross Line,-- Unbranded --,-- No Unilog Brand --,DEWALT,Black & Decker/dewlt (2585),Stanley Black & Decker,DeWALT®,,DW088CG,,Test & Measurement>Measuring & Layout Tools>Levels>Rotary & Straight Line Laser Levels,"Stanley Black & Decker DeWALT, Cross Line Laser, DW088CG, +/- 4deg Leveling",LASER L CROSS 165FT 100FT +/- 4DEG H V,"DeWALT® DW088CG Cross Line Laser, 165 ft Working Range with Detector, 100 ft Working Range without Detector","DeWALT® Cross Line Laser, Model: DW088CG, 165 ft Working Range with Detector, 100 ft Working Range without Detector, +/-1/8 in at 30 ft Accuracy, +/- 4 deg Leveling, Horizontal, Vertical Laser Projection, Self-Leveling Leveling, 1/4-20 Thread, IP Rating: IP54, (2) AA Alkaline Batteries, 2 Lines, 2 Beams, Green Laser, 8.6 in L x 8.9 in W x 3.98 in H, 14 to 122 deg F","Cross Line Laser, 165 ft Working Range with Detector, 100 ft Working Range without Detector, +/- 4 deg Leveling","This green cross line laser projects bright crossing horizontal and vertical lines for various leveling and layout applications. It is built tough with an over molded housing and can withstand up to a 1 meter drop. When used with a detector, this laser can achieve up to a 165 ft. range. Detector sold separately.",Green beam laser for enhanced visibility and range,"Durable, over molded housing with a 1 meter drop rating",Patented integrated magnetic bracket,Full time pulse mode,Water and debris resistant with an IP54 rating,"Can achieve up to a 165 ft. Range when used with detector (dw0892g), sold separately",+/- 1/8 in. Accuracy at 30 ft.,100 ft. Visible range,1/4 in. - 20 thread mount for use with a tripod (sold separately),,,,,,,,,,,,,,,,(3) AA Batteries and (1) Ceiling Bracket,Cross Line Laser,Model,DW088CG,,Size,,,Working Range with Detector,165,ft,Working Range without Detector,100,ft,Accuracy,+/-1/8 in at 30 ft,,Leveling Range,+/- 4,deg,Laser Projection,"Horizontal, Vertical",,Leveling Type,Self-Leveling,,Thread Size,1/4-20,,IP Rating,IP54,,Power Source,(2) AA Alkaline Batteries,,Number of Lines,2,,Number of Beams,2,,Material,,,Finish,,,Laser Color,Green,,Dimensions,8.6 in L x 8.9 in W x 3.98 in H,,Temperature Rating,14 to 122,deg F,Additional Information,,,,,,,,,,,,,,,,,,,,,,,,,,,,,,,,,,,,,,,,,,,,,,,,,,,,,,,,,,,,,,,,,,,,,,,,,,,,,,,,,,,,,,,,,,,,,,,,,,,,"3 Year Limited, 1 Year Free Service",,,,,,,,,,,,,,,DeWALT_DW088CG.jpg,DeWALT_DW088CG_1.jpg,DeWALT_DW088CG_2.jpg,DeWALT_DW088CG_3.jpg,DeWALT_DW088CG_4.jpg,,,,,,DeWALT_DW088CG_Instruction_Installation_Manual.pdf,DeWALT_DW088CG_Service_Manual.pdf,,,,,,,,,,,,,,VN,,Yes
https://www.dewalt.com/en-us/product/dw089cg/3-line-green-laser-level,,,,,,16096263,Tools,Construction Tools Non Power,Laser Measure - Scanners,348410,DW089CG,DW089CG Dewalt Laser Level - 3 Line 30ft Range,-- Unbranded --,-- No Unilog Brand --,DEWALT,Black & Decker/dewlt (2585),Stanley Black & Decker,DeWALT®,,DW089CG,,Test & Measurement>Measuring & Layout Tools>Levels>Rotary & Straight Line Laser Levels,"Stanley Black & Decker DeWALT, Green Laser Level, DW089CG, +/- 4deg Leveling",LEVEL LASER GRN 30FT +/- 4DEG H V GRN,"DeWALT® DW089CG Green Laser Level, 30 ft Working Range with Detector, +/- 4 deg Leveling, Green Laser","DeWALT® Green Laser Level, Model: DW089CG, 30 ft Working Range with Detector, +/-3.2 mm at 9.1 m Accuracy, +/- 4 deg Leveling, Horizontal, Vertical Laser Projection, Self-Leveling Leveling, 1/4-20 Thread, IP Rating: IP54, (2) AA Alkaline Batteries, 3 Lines, 3 Beams, Green Laser, 11 in L x 9.7 in W x 4.5 in H, 14 to 113 deg F","Green Laser Level, 30 ft Working Range with Detector, +/- 4 deg Leveling, Horizontal, Vertical Laser Projection","This 3 Line Green Laser Level features a green beam for clear visibility on the jobsite. This laser features a second plumb line that forms a 90-degree intersecting line on the floor and ceiling, great for installing lighting or cabinetry. A built-in magnetic pivot bracket mounts easily on metal surfaces for added convenience. This laser also features a micro adjust knob for precise alignment of 90-degree intersecting lines over greater distances.",Green beam laser for clear visibility,3-beam line laser to aid in 90-degree layout,Built-in magnetic pivot bracket mounts easily on metal surfaces,"Accurate to +/- 1/8 "" at 30' for level applications",Micro adjust knob for precise alignment of 90-degree intersecting lines over greater distances,,,,,,,,,,,,,,,,,,,,"(1) Ceiling Bracket, (1) Blow Mold Case and (1) AA Battery",Green Laser Level,Model,DW089CG,,Size,,,Working Range with Detector,30,ft,Working Range without Detector,,,Accuracy,+/-3.2 mm at 9.1 m,,Leveling Range,+/- 4,deg,Laser Projection,"Horizontal, Vertical",,Leveling Type,Self-Leveling,,Thread Size,1/4-20,,IP Rating,IP54,,Power Source,(2) AA Alkaline Batteries,,Number of Lines,3,,Number of Beams,3,,Material,,,Finish,,,Laser Color,Green,,Dimensions,11 in L x 9.7 in W x 4.5 in H,,Temperature Rating,14 to 113,deg F,Additional Information,,,,,,,,,,,,,,,,,,,,,,,,,,,,,,,,,,,,,,,,,,,,,,,,,,,,,,,,,,,,,,,,,,,,,,,,,,,,,,,,,,,,,,,,,,,,,,,,,,,,"3 Year Limited, 1 Year Free Service",,,,,,,,,,,,,,,DeWALT_DW089CG.jpg,DeWALT_DW089CG_1.jpg,DeWALT_DW089CG_2.jpg,DeWALT_DW089CG_3.jpg,DeWALT_DW089CG_4.jpg,,,,,,,DeWALT_DW089CG_Service_Manual.pdf,,,,,,,,,,,,,,CN,,Yes
https://www.dewalt.com/en-us/product/dcle34520gb/20v-max-cordless-5-spot-green-line-laser-tool-only,,,,,,17460053,Tools,Construction Tools Non Power,Laser Measure - Scanners,376885,DCLE34520GB,DCLE34520GB Dewalt Laser 20V - Cross Line 5 Spot (Bare),-- Unbranded --,-- No Unilog Brand --,DEWALT,Black & Decker/dewlt (2585),Stanley Black & Decker,DeWALT®,,DCLE34520GB,,Test & Measurement>Measuring & Layout Tools>Levels>Rotary & Straight Line Laser Levels,"Stanley Black & Decker DeWALT, Cordless 5-Spot Green Line Laser, DCLE34520GB",LASER L GRN 5-SPOT CORDLESS 330FT 280FT,"DeWALT® DCLE34520GB Cordless 5-Spot Green Line Laser, 330 ft Working Range with Detector, +/- 4 deg Leveling","DeWALT® Cordless 5-Spot Green Line Laser, Model: DCLE34520GB, 330 ft Working Range with Detector, 280 ft Working Range without Detector, +/-1/8 in at 30 ft Accuracy, +/- 4 deg Leveling, Horizontal, Vertical Laser Projection, Self-Leveling Leveling, 1/4-20, 5/8-11 Thread, IP Rating: IP54, 2 Ah Batteries, 2 Lines, Green Laser, 17 in L x 13.6 in W x 6.9 in H, 39.2 to 104 deg F","Cordless 5-Spot Green Line Laser, 330 ft Working Range with Detector, 280 ft Working Range without Detector","Tackle professional-level projects with the 20V MAX* cordless 5-spot green line laser that easily integrates with the tools you already have. Now offered as a part of the 20V MAX* cordless platform, this laser delivers reliable performance without the inconvenience of power cords, featuring a sturdy magnetic mount, flexible rotating head, fine adjust knob for control, and locking pendulum for enhanced usability. Get more done with this laser which keeps a charge for up to 17 hours when equipped with the 20V MAX* 2ah battery (sold separately). This kit includes the 5-spot green line laser, ceiling/wall bracket, and laser target in a DEWALT® TSTAK® case. Battery & charger sold separately",Range - 280 ft. Visibile and 330 ft. MAX detector range,Accurate readings - accurate within 1/8 in. At 30 ft. To achieve plum lines,20V MAX* compatible - providing operation with the popular DEWALT® batteries,12V MAX compatible - using 12V MAX batteries,Precise positioning - fine adjustment knob,Line control - individual laser line and laser spot ON/OFF providing control of lines/spots and extending run times when possible,Jobsite durability - powerful magnetic mount supports system with up to 8ah sized batteries,Extended runtime - 24 hours of run time on single 20V MAX* 2ah battery and longer run times with larger capacity batteries,,,,,,,,,,,,,,,,,"(5) Spot Green Line Lasers, (1) Drop Ceiling Bracket, (1) Target Card and (1) TSTAK® Case",Cordless 5-Spot Green Line Laser,Model,DCLE34520GB,,Size,,,Working Range with Detector,330,ft,Working Range without Detector,280,ft,Accuracy,+/-1/8 in at 30 ft,,Leveling Range,+/- 4,deg,Laser Projection,"Horizontal, Vertical",,Leveling Type,Self-Leveling,,Thread Size,"1/4-20, 5/8-11",,IP Rating,IP54,,Power Source,2 Ah Batteries,,Number of Lines,2,,Number of Beams,,,Material,,,Finish,,,Laser Color,Green,,Dimensions,17 in L x 13.6 in W x 6.9 in H,,Temperature Rating,39.2 to 104,deg F,Additional Information,,,,,,,,,,,,,,,,,,,,,,,,,,,,,,,,,,,,,,,,,,,,,,,,,,,,,,,,,,,,,,,,,,,,,,,,,,,,,,,,,,,,,,,,,,,,,,,,,,,,"3 Year Limited, 1 Year Free Service",,,,,,,,,,,,,,,DeWALT_DCLE34520GB.jpg,DeWALT_DCLE34520GB_1.jpg,DeWALT_DCLE34520GB_2.jpg,DeWALT_DCLE34520GB_3.jpg,DeWALT_DCLE34520GB_4.jpg,,,,,,DeWALT_DCLE34520GB_Instruction_Installation_Manual.pdf,,,,,,,,,,,,,,,CN,,Yes
https://www.dewalt.com/en-us/product/dcle34031b/20v-3-x-360-line-laser-tool-only,,,,,,24297715,Tools,Construction Tools Non Power,Laser Measure - Scanners,391371,DCLE34031B,DCLE34031B Dewalt Line Laser - 20V Self-Leveling (Bare),-- Unbranded --,-- No Unilog Brand --,DEWALT,Black & Decker/dewlt (2585),Stanley Black & Decker,DeWALT®,,DCLE34031B,,Test & Measurement>Measuring & Layout Tools>Levels>Rotary & Straight Line Laser Levels,"Stanley Black & Decker DeWALT, 3x360 Line Laser, DCLE34031B, +/- 4deg Leveling",LASER L 3X360 330FT 130FT +/- 4DEG H V,"DeWALT® DCLE34031B 3x360 Line Laser, 330 ft Working Range with Detector, 130 ft Working Range without Detector","DeWALT® 3x360 Line Laser, Model: DCLE34031B, 330 ft Working Range with Detector, 130 ft Working Range without Detector, +/-1/8 in at 30 ft Accuracy, +/- 4 deg Leveling, Horizontal, Vertical Laser Projection, Self-Leveling Leveling, 1/4-20, 5/8-11 Thread, IP Rating: IP54, 20 V Battery, 3 Lines, 3 Beams, Green Laser, 14 in L x 10.9 in W x 5.5 in H","3x360 Line Laser, 330 ft Working Range with Detector, 130 ft Working Range without Detector, +/- 4 deg Leveling","The DEWALT® 20V MAX* 3x360 Green Line Laser fits in smaller applications while still delivering a long-reaching range. With a powerful magnetic connection, this laser will integrate with our current tools and offers up to 11 hours of operation.** Battery & Charger Sold Separately",With 1 green vertical line and 2 green horizontal lines,130' visibility 330' MAX detector distance,20V MAX* platform - from family of over 300 tools,Accurate at 1/8 in at 30 ft,3x360 deg self-levelling lines,11 hours of operation w/ 2ah battery - not included,Drop protection and water resistance (IP54),With 1 green vertical line and 2 greens horizontal line,Last mode memory for quick start up,Pendulum lock to prevent damage to internal components,,,,,,,,,,,,,,,"(1) Trade Versatile Bracket, (1) Target Card, (1) User Manual, (1) Carrying Case and (1) Laser",3x360 Line Laser,Model,DCLE34031B,,Size,,,Working Range with Detector,330,ft,Working Range without Detector,130,ft,Accuracy,+/-1/8 in at 30 ft,,Leveling Range,+/- 4,deg,Laser Projection,"Horizontal, Vertical",,Leveling Type,Self-Leveling,,Thread Size,"1/4-20, 5/8-11",,IP Rating,IP54,,Power Source,20 V Battery,,Number of Lines,3,,Number of Beams,3,,Material,,,Finish,,,Laser Color,Green,,Dimensions,14 in L x 10.9 in W x 5.5 in H,,Temperature Rating,,,Additional Information,,,,,,,,,,,,,,,,,,,,,,,,,,,,,,,,,,,,,,,,,,,,,,,,,,,,,,,,,,,,,,,,,,,,,,,,,,,,,,,,,,,,,,,,,,,,,,,,,,,,1 Year Limited,,,,,,,,,,,,,,,DeWALT_DCLE34031B.jpg,DeWALT_DCLE34031B_1.jpg,DeWALT_DCLE34031B_2.jpg,DeWALT_DCLE34031B_3.jpg,DeWALT_DCLE34031B_4.jpg,,,,,,DeWALT_DCLE34031B_Instruction_Installation_Manual.pdf,,,,,,,,,,,,,,,VN,,Yes
https://www.dewalt.com/en-us/product/dw0822cg/green-cross-line-plumb-spot-laser,,,,,,24297717,Tools,Construction Tools Non Power,Laser Measure - Scanners,331832,DW0822CG,DW0822CG Dewalt Cross Line - Plumb Spots Laser-Green,-- Unbranded --,-- No Unilog Brand --,DEWALT,Black & Decker/dewlt (2585),Stanley Black & Decker,DeWALT®,,DW0822CG,,Test & Measurement>Measuring & Layout Tools>Levels>Rotary & Straight Line Laser Levels,"Stanley Black & Decker DeWALT, Cross Line and Plumb Spot Laser, DW0822CG",LASER SPOT L AND PLUMB CROSS 230FT 100FT,"DeWALT® DW0822CG Cross Line and Plumb Spot Laser, 230 ft Working Range with Detector, +/- 4 deg Leveling, Green Laser","DeWALT® Cross Line and Plumb Spot Laser, Model: DW0822CG, 230 ft Working Range with Detector, 100 ft Working Range without Detector, +/-3.2 mm at 9.1 m Accuracy, +/- 4 deg Leveling, Horizontal, Vertical Laser Projection, Self-Leveling Leveling, 1/4-20, 5/8-11 Thread, IP Rating: IP54, (2) AA Alkaline Batteries, 3 Lines, Green Laser, 8.9 in L x 8.6 in W x 4.3 in H, 20 to 115 deg F","Cross Line and Plumb Spot Laser, 230 ft Working Range with Detector, 100 ft Working Range without Detector, Green Laser",The cross line and plumb spot laser features an integrated magnetic pivoting base with quarter-inch thread front and rear mounted magnets allowing flush attachment to metal track and steel.,Green cross line 100' visibility range and 165' w/detector (dw0892g),"1/8 "" accuracy at 30'",Constructed with overmolded housing and IP54 water/debris resistance for dependable outdoor use,Batteries included (3 AA),"Integrated magnetic pivoting base with 1/4 "" -20 and 5/8 "" - 11 thread tripod mount, front and rear mounted magnets allow flush attachment to metal track and steel studs/beams",Locking pendulum helps prevent damage to internal components,,,,,,,,,,,,,,,,,,,"(1) Cross and Spot Line Laser, (1) Bracket/Tripod Mount and (3) AA Batteries",Cross Line and Plumb Spot Laser,Model,DW0822CG,,Size,,,Working Range with Detector,230,ft,Working Range without Detector,100,ft,Accuracy,+/-3.2 mm at 9.1 m,,Leveling Range,+/- 4,deg,Laser Projection,"Horizontal, Vertical",,Leveling Type,Self-Leveling,,Thread Size,"1/4-20, 5/8-11",,IP Rating,IP54,,Power Source,(2) AA Alkaline Batteries,,Number of Lines,3,,Number of Beams,,,Material,,,Finish,,,Laser Color,Green,,Dimensions,8.9 in L x 8.6 in W x 4.3 in H,,Temperature Rating,20 to 115,deg F,Additional Information,,,,,,,,,,,,,,,,,,,,,,,,,,,,,,,,,,,,,,,,,,,,,,,,,,,,,,,,,,,,,,,,,,,,,,,,,,,,,,,,,,,,,,,,,,,,,,,,,,,,3 Year Limited,,,,,,,,,,,,,,,DeWALT_DW0822CG.jpg,DeWALT_DW0822CG_1.jpg,DeWALT_DW0822CG_2.jpg,,,,,,,,DeWALT_DW0822CG_Instruction_Installation_Manual.pdf,,,,,,,,,,,,,,,CN,,Yes
https://www.ustape.com/product/stringliner-pro-masons-line-reels-1-2-lb-nylon-500-540/,https://www.ustape.com/wp-content/uploads/2021_USTape_catalog_lr.pdf?srsltid=AfmBOopXGtwM2ZdSlfJM8Bee_k-uat-IbLm-bggTzOlTrnv3No6zx_iT,,,,,21154848,Tools,Construction Tools Non Power,String,1513535,25459,25459 Mason Line Brd Orange - 500',-- Unbranded --,-- No Unilog Brand --,-- No DIB Brand --,U S Tape Company (6694),U.S. Tape Company,Stringliner®,,25459,,Test & Measurement>Measuring & Layout Tools>Marking & Layout Tools>Mason's Lines,"U.S. Tape Company Stringliner, Braided Mason Line Reel, 25459, #18 Dia",REEL L MASON BRD #18 500FT POL THN 165LB,"Stringliner® 25459 Braided Mason Line Reel, #18 Dia, 500 ft L, Polyethylene","Stringliner® Braided Mason Line Reel, #18 Diameter, 500 ft Length, 165 lb Breaking Strength, Polyethylene, Fluorescent Orange, Additional Information: 1/2 lb Weight","Braided Mason Line Reel, #18 Dia, 500 ft L, Polyethylene","Stringliner PRO Mason's Line Reels are made of durable polyethylene, with a patented handle that allows you to quickly change rolls. You can rewind using the hand crank, or auto-rewind using a power screwdriver inserted into the slot in the bottom of the handle. The Pro Reel fits all Stringliner rolls from 4 to 6"" long.",Available in 1/2 lb. 500' braided and 540' twisted #18 Nylon twine in a variety of colors.,,,,,,,,,,,,,,,,,,,,,,,,,Braided Mason Line Reel,Series,,,Diameter,#18,,Length,500,ft,Breaking Strength,165,lb,Material,Polyethylene,,Color,Fluorescent Orange,,Additional Information,1/2 lb Weight,,,,,,,,,,,,,,,,,,,,,,,,,,,,,,,,,,,,,,,,,,,,,,,,,,,,,,,,,,,,,,,,,,,,,,,,,,,,,,,,,,,,,,,,,,,,,,,,,,,,,,,,,,,,,,,,,,,,,,,,,,,,,,,,,,,,,,,,,,,,,,,,,,,,,,Stringliner_25459.jpg,,,,,,,,Stringliner_25459_Catalog.pdf,,,,,,,,,,,,,,,,,,,Yes
https://www.ustape.com/product/stringliner-masons-line-replacement-rolls-1-2-lb/,https://www.ustape.com/wp-content/uploads/2021_USTape_catalog_lr.pdf?srsltid=AfmBOopXGtwM2ZdSlfJM8Bee_k-uat-IbLm-bggTzOlTrnv3No6zx_iT,,,,,22052548,Tools,Construction Tools Non Power,String,1513538,35459,35459 Mason Line Brd Orange - 500' Replacement,-- Unbranded --,-- No Unilog Brand --,-- No DIB Brand --,U S Tape Company (6694),U.S. Tape Company,Stringliner®,,35459,,Test & Measurement>Measuring & Layout Tools>Marking & Layout Tools>Mason's Lines,"U.S. Tape Company Stringliner, Braided Mason Line Roll, 35459, #18 Dia",ROLL L MASON BRD #18 500FT NYL FLUOR ORN,"Stringliner® 35459 Braided Mason Line Roll, #18 Dia, 500 ft L, Nylon","Stringliner® Braided Mason Line Roll, #18 Diameter, 500 ft Length, 165 lb Breaking Strength, Nylon, Fluorescent Orange, Additional Information: 1/2 lb Weight","Braided Mason Line Roll, #18 Dia, 500 ft L, Nylon","Stringliner Mason's Line is durable #18 nylon in either twisted or braided varieties in a wide range of bright, solid colors. We also offer ""Bonded"" replacement line in braided, mixed color combinations. ""Bonded"" line has an additional coating which makes the twine stiffer and more abrasion resistant. It won't fray as easily when cut and it's easier to knot.",The 1/2 lb. replacement rolls are available in 500' braided and 540' twisted lengths.,,,,,,,,,,,,,,,,,,,,,,,,,Braided Mason Line Roll,Series,,,Diameter,#18,,Length,500,ft,Breaking Strength,165,lb,Material,Nylon,,Color,Fluorescent Orange,,Additional Information,1/2 lb Weight,,,,,,,,,,,,,,,,,,,,,,,,,,,,,,,,,,,,,,,,,,,,,,,,,,,,,,,,,,,,,,,,,,,,,,,,,,,,,,,,,,,,,,,,,,,,,,,,,,,,,,,,,,,,,,,,,,,,,,,,,,,,,,,,,,,,,,,,,,,,,,,,,,,,,,Stringliner_35459.jpg,,,,,,,,Stringliner_25459_Catalog.pdf,,,,,,,,,,,,,,,,,,,Yes
https://www.ustape.com/product/stringliner-pro-masons-line-reels-1-lb-nylon-1000-1080/,https://www.ustape.com/wp-content/uploads/2021_USTape_catalog_lr.pdf?srsltid=AfmBOopXGtwM2ZdSlfJM8Bee_k-uat-IbLm-bggTzOlTrnv3No6zx_iT,,,,,24063853,Tools,Construction Tools Non Power,String,1513545,25759,25759 Mason Line Brd Orange - 1000',-- Unbranded --,-- No Unilog Brand --,-- No DIB Brand --,U S Tape Company (6694),U.S. Tape Company,Stringliner®,,25759,,Test & Measurement>Measuring & Layout Tools>Marking & Layout Tools>Mason's Lines,"U.S. Tape Company Stringliner, Braided Mason Line Reel, 25759, #18 Dia",REEL L MASON BRD #18 1000FT POL THN,"Stringliner® 25759 Braided Mason Line Reel, #18 Dia, 1000 ft L, Polyethylene","Stringliner® Braided Mason Line Reel, #18 Diameter, 1000 ft Length, 165 lb Breaking Strength, Polyethylene, Fluorescent Orange, Additional Information: 1 lb Weight","Braided Mason Line Reel, #18 Dia, 1000 ft L, Polyethylene","Stringliner PRO Mason's Line Reels are made of durable polyethylene, with a patented handle that allows you to quickly change rolls. You can rewind using the hand crank, or auto-rewind using a power screwdriver inserted into the slot in the bottom of the handle. The Pro Reel fits all Stringliner rolls from 4 to 6"" long.",Available in 1 lb. 1000' braided and 1080' twisted #18 Nylon twine in a variety of colors.,,,,,,,,,,,,,,,,,,,,,,,,,Braided Mason Line Reel,Series,,,Diameter,#18,,Length,1000,ft,Breaking Strength,165,lb,Material,Polyethylene,,Color,Fluorescent Orange,,Additional Information,1 lb Weight,,,,,,,,,,,,,,,,,,,,,,,,,,,,,,,,,,,,,,,,,,,,,,,,,,,,,,,,,,,,,,,,,,,,,,,,,,,,,,,,,,,,,,,,,,,,,,,,,,,,,,,,,,,,,,,,,,,,,,,,,,,,,,,,,,,,,,,,,,,,,,,,,,,,,,Stringliner_25759.jpg,,,,,,,,Stringliner_25459_Catalog.pdf,,,,,,,,,,,,,,,,,,,Yes
https://www.ustape.com/product/stringliner-masons-line-replacement-rolls-1-4-lb/,https://www.ustape.com/wp-content/uploads/2021_USTape_catalog_lr.pdf?srsltid=AfmBOopXGtwM2ZdSlfJM8Bee_k-uat-IbLm-bggTzOlTrnv3No6zx_iT,,,,,25285755,Tools,Construction Tools Non Power,String,1513531,35112,35112 Mason Line Twist Yellow - 270',-- Unbranded --,-- No Unilog Brand --,-- No DIB Brand --,U S Tape Company (6694),U.S. Tape Company,Stringliner®,,35112,,Test & Measurement>Measuring & Layout Tools>Marking & Layout Tools>Mason's Lines,"U.S. Tape Company Stringliner, Twisted Mason Line Roll, 35112, #18 Dia",ROLL L MASON TW #18 270FT NYL FLUOR YEL,"Stringliner® 35112 Twisted Mason Line Roll, #18 Dia, 270 ft L, Nylon","Stringliner® Twisted Mason Line Roll, #18 Diameter, 270 ft Length, 165 lb Breaking Strength, Nylon, Fluorescent Yellow, Additional Information: 1/4 lb Weight","Twisted Mason Line Roll, #18 Dia, 270 ft L, Nylon","Stringliner Mason's Line is durable #18 nylon in either twisted or braided varieties in a wide range of bright, solid colors. We also offer ""Bonded"" replacement line in braided, mixed color combinations. ""Bonded"" line has an additional coating which makes the twine stiffer and more abrasion resistant. It won't fray as easily when cut and it's easier to knot.",The 1/4 lb. replacement rolls are available in 250' braided and 270' twisted lengths,,,,,,,,,,,,,,,,,,,,,,,,,Twisted Mason Line Roll,Series,,,Diameter,#18,,Length,270,ft,Breaking Strength,165,lb,Material,Nylon,,Color,Fluorescent Yellow,,Additional Information,1/4 lb Weight,,,,,,,,,,,,,,,,,,,,,,,,,,,,,,,,,,,,,,,,,,,,,,,,,,,,,,,,,,,,,,,,,,,,,,,,,,,,,,,,,,,,,,,,,,,,,,,,,,,,,,,,,,,,,,,,,,,,,,,,,,,,,,,,,,,,,,,,,,,,,,,,,,,,,,Stringliner_35112.jpg,,,,,,,,Stringliner_25459_Catalog.pdf,,,,,,,,,,,,,,,,,,,Yes
https://www.ustape.com/product/stringliner-masons-line-replacement-rolls-1-4-lb/,https://www.ustape.com/wp-content/uploads/2021_USTape_catalog_lr.pdf?srsltid=AfmBOopXGtwM2ZdSlfJM8Bee_k-uat-IbLm-bggTzOlTrnv3No6zx_iT,,,,,25285756,Tools,Construction Tools Non Power,String,1513532,35115,35115 Mason Line Twist Green - 270',-- Unbranded --,-- No Unilog Brand --,-- No DIB Brand --,U S Tape Company (6694),U.S. Tape Company,Stringliner®,,35115,,Test & Measurement>Measuring & Layout Tools>Marking & Layout Tools>Mason's Lines,"U.S. Tape Company Stringliner, Twisted Mason Line Roll, 35115, #18 Dia",ROLL L MASON TW #18 270FT NYL FLUOR GRN,"Stringliner® 35115 Twisted Mason Line Roll, #18 Dia, 270 ft L, Nylon","Stringliner® Twisted Mason Line Roll, #18 Diameter, 270 ft Length, 165 lb Breaking Strength, Nylon, Fluorescent Green, Additional Information: 1/4 lb Weight","Twisted Mason Line Roll, #18 Dia, 270 ft L, Nylon","Stringliner Mason's Line is durable #18 nylon in either twisted or braided varieties in a wide range of bright, solid colors. We also offer ""Bonded"" replacement line in braided, mixed color combinations. ""Bonded"" line has an additional coating which makes the twine stiffer and more abrasion resistant. It won't fray as easily when cut and it's easier to knot.",The 1/4 lb. replacement rolls are available in 250' braided and 270' twisted lengths.,,,,,,,,,,,,,,,,,,,,,,,,,Twisted Mason Line Roll,Series,,,Diameter,#18,,Length,270,ft,Breaking Strength,165,lb,Material,Nylon,,Color,Fluorescent Green,,Additional Information,1/4 lb Weight,,,,,,,,,,,,,,,,,,,,,,,,,,,,,,,,,,,,,,,,,,,,,,,,,,,,,,,,,,,,,,,,,,,,,,,,,,,,,,,,,,,,,,,,,,,,,,,,,,,,,,,,,,,,,,,,,,,,,,,,,,,,,,,,,,,,,,,,,,,,,,,,,,,,,,Stringliner_35115.jpg,,,,,,,,Stringliner_25459_Catalog.pdf,,,,,,,,,,,,,,,,,,,Yes
https://www.ustape.com/product/stringliner-pro-masons-line-reels-1-4-lb-250-270/,https://www.ustape.com/wp-content/uploads/2021_USTape_catalog_lr.pdf?srsltid=AfmBOopXGtwM2ZdSlfJM8Bee_k-uat-IbLm-bggTzOlTrnv3No6zx_iT,,,,,25285757,Tools,Construction Tools Non Power,String,1513534,25168,25168 Mason Line Brd Green - 250',CENTURY COMPONENTS,-- No Unilog Brand --,-- No DIB Brand --,U S Tape Company (6694),U.S. Tape Company,Stringliner®,,25168,,Test & Measurement>Measuring & Layout Tools>Marking & Layout Tools>Mason's Lines,"U.S. Tape Company Stringliner, Braided Mason Line Reel, 25168, #18 Dia",REEL L MASON BRD #18 250FT POL THN 165LB,"Stringliner® 25168 Braided Mason Line Reel, #18 Dia, 250 ft L, Polyethylene","Stringliner® Braided Mason Line Reel, #18 Diameter, 250 ft Length, 165 lb Breaking Strength, Polyethylene, Fluorescent Green, Additional Information: 1/4 lb Weight","Braided Mason Line Reel, #18 Dia, 250 ft L, Polyethylene","Stringliner PRO Mason's Line Reels are made of durable polyethylene, with a patented handle that allows you to quickly change rolls. You can rewind using the hand crank, or auto-rewind using a power screwdriver inserted into the slot in the bottom of the handle. The Pro Reel fits all Stringliner rolls from 4 to 6"" long.",Available in 1/4 lb. 250' braided and 270' twisted #18 Nylon twine in a variety of colors.,,,,,,,,,,,,,,,,,,,,,,,,,Braided Mason Line Reel,Series,,,Diameter,#18,,Length,250,ft,Breaking Strength,165,lb,Material,Polyethylene,,Color,Fluorescent Green,,Additional Information,1/4 lb Weight,,,,,,,,,,,,,,,,,,,,,,,,,,,,,,,,,,,,,,,,,,,,,,,,,,,,,,,,,,,,,,,,,,,,,,,,,,,,,,,,,,,,,,,,,,,,,,,,,,,,,,,,,,,,,,,,,,,,,,,,,,,,,,,,,,,,,,,,,,,,,,,,,,,,,,Stringliner_25168.jpg,,,,,,,,Stringliner_25459_Catalog.pdf,,,,,,,,,,,,,,,,,,,Yes
https://www.ustape.com/product/stringliner-masons-line-replacement-rolls-1-2-lb/,https://www.ustape.com/wp-content/uploads/2021_USTape_catalog_lr.pdf?srsltid=AfmBOopXGtwM2ZdSlfJM8Bee_k-uat-IbLm-bggTzOlTrnv3No6zx_iT,,,,,25285758,Tools,Construction Tools Non Power,String,1513539,35468,35468 Mason Line Brd Green - 500' Replacement,-- Unbranded --,-- No Unilog Brand --,-- No DIB Brand --,U S Tape Company (6694),U.S. Tape Company,Stringliner®,,35468,,Test & Measurement>Measuring & Layout Tools>Marking & Layout Tools>Mason's Lines,"U.S. Tape Company Stringliner, Braided Mason Line Roll, 35468, #18 Dia",ROLL L MASON BRD #18 500FT NYL FLUOR GRN,"Stringliner® 35468 Braided Mason Line Roll, #18 Dia, 500 ft L, Nylon","Stringliner® Braided Mason Line Roll, #18 Diameter, 500 ft Length, 165 lb Breaking Strength, Nylon, Fluorescent Green, Additional Information: 1/2 lb Weight","Braided Mason Line Roll, #18 Dia, 500 ft L, Nylon","Stringliner Mason's Line is durable #18 nylon in either twisted or braided varieties in a wide range of bright, solid colors. We also offer ""Bonded"" replacement line in braided, mixed color combinations. ""Bonded"" line has an additional coating which makes the twine stiffer and more abrasion resistant. It won't fray as easily when cut and it's easier to knot.",The 1/2 lb. replacement rolls are available in 500' braided and 540' twisted lengths.,,,,,,,,,,,,,,,,,,,,,,,,,Braided Mason Line Roll,Series,,,Diameter,#18,,Length,500,ft,Breaking Strength,165,lb,Material,Nylon,,Color,Fluorescent Green,,Additional Information,1/2 lb Weight,,,,,,,,,,,,,,,,,,,,,,,,,,,,,,,,,,,,,,,,,,,,,,,,,,,,,,,,,,,,,,,,,,,,,,,,,,,,,,,,,,,,,,,,,,,,,,,,,,,,,,,,,,,,,,,,,,,,,,,,,,,,,,,,,,,,,,,,,,,,,,,,,,,,,,Stringliner_35468.jpg,,,,,,,,Stringliner_25459_Catalog.pdf,,,,,,,,,,,,,,,,,,,Yes
https://www.ustape.com/product/stringliner-masons-line-replacement-rolls-1-2-lb/,https://www.ustape.com/wp-content/uploads/2021_USTape_catalog_lr.pdf?srsltid=AfmBOopXGtwM2ZdSlfJM8Bee_k-uat-IbLm-bggTzOlTrnv3No6zx_iT,,,,,25285760,Tools,Construction Tools Non Power,String,1513541,35494,35494 Mason Line Brd Blk/Yellw - 500' Replacement,-- Unbranded --,-- No Unilog Brand --,-- No DIB Brand --,U S Tape Company (6694),U.S. Tape Company,Stringliner®,,35494,,Test & Measurement>Measuring & Layout Tools>Marking & Layout Tools>Mason's Lines,"U.S. Tape Company Stringliner, Braided Mason Line Roll, 35494, #18 Dia",ROLL L MASON BRD #18 500FT NYL 165LB,"Stringliner® 35494 Braided Mason Line Roll, #18 Dia, 500 ft L, Nylon","Stringliner® Braided Mason Line Roll, #18 Diameter, 500 ft Length, 165 lb Breaking Strength, Nylon, Black/Fluorescent Yellow, Additional Information: 1/2 lb Weight","Braided Mason Line Roll, #18 Dia, 500 ft L, Nylon","Stringliner Mason's Line is durable #18 nylon in either twisted or braided varieties in a wide range of bright, solid colors. We also offer ""Bonded"" replacement line in braided, mixed color combinations. ""Bonded"" line has an additional coating which makes the twine stiffer and more abrasion resistant. It won't fray as easily when cut and it's easier to knot.",The 1/2 lb. replacement rolls are available in 500' braided and 540' twisted lengths.,,,,,,,,,,,,,,,,,,,,,,,,,Braided Mason Line Roll,Series,,,Diameter,#18,,Length,500,ft,Breaking Strength,165,lb,Material,Nylon,,Color,Black/Fluorescent Yellow,,Additional Information,1/2 lb Weight,,,,,,,,,,,,,,,,,,,,,,,,,,,,,,,,,,,,,,,,,,,,,,,,,,,,,,,,,,,,,,,,,,,,,,,,,,,,,,,,,,,,,,,,,,,,,,,,,,,,,,,,,,,,,,,,,,,,,,,,,,,,,,,,,,,,,,,,,,,,,,,,,,,,,,Stringliner_35494.jpg,,,,,,,,Stringliner_25459_Catalog.pdf,,,,,,,,,,,,,,,,,,,Yes
https://www.wera.de/en/tools/950-9-hex-plus-multicolour-2-l-key-set-metric-blacklaser,,,,,,21280085,Tools,Hand Tools,Tool - Socket - Sets,1508429,133164,133164 950/9 Hex Plus Spks - Multicolor,-- Unbranded --,-- No Unilog Brand --,-- No DIB Brand --,Wera Tools NA Inc (WERTO),Wera,Wera,,133164,,"Tools & Equipment>Hand Tools>Hex, Torx & Spline Keys>Hex Key Sets","Wera, L-Key Set, 950/9, 133164, System of Measurement: Metric, L Key",SET L-KEY METRIC L PLSTC BLACKLASER,"Wera 950/9 133164 L-Key Set, System of Measurement: Metric, L Key, Plastic, BlackLaser, 9-Piece","Wera L-Key Set, Model: 950/9, Ball, Hex Tip, 1.5 mm, 2 mm, 2.5 mm, 3 mm, 4 mm, 5 mm, 6 mm, 8 mm, 10 mm Tip, System of Measurement: Metric, L Key, 50 to 125 mm Long Leg Length, 9 Piece, For Use With: Hexagon Socket Screws, Plastic, BlackLaser","L-Key Set, System of Measurement: Metric, L Key, 1.5 mm, 2 mm, 2.5 mm, 3 mm, 4 mm, 5 mm, 6 mm, 8 mm, 10 mm Tip","High quality L-key set for hexagonal socket screws in a practical clip fastener out of wear-resistant material, enabling secure storage of the L-keys as well as simple removal. L-keys with Hex-Plus profile: offers a larger contact surface within the screw head. This reduces the notching effects to a minimum and almost completely eliminates the risk of destroying the screw recess. The ball-end on the long arm allows for reliable working even in difficult installation situations. The BlackLaser surface treatment provides outstanding surface protection, even against corrosion, and a long service life. The tools are quickly to hand thanks to the laser-engraved and thereby wear-resistant size markings on the L-keys.",L-keys for hexagonal socket screws,Hex-Plus allows socket head screws to live longer,L-keys are quickly to hand thanks to their size markings,Wear-resistant size marking,Wear-resistant clip material for enhanced durability,,,,,,,,,,,,,,,,,,,,"(1) 05022678001 1.5 x 50 mm Hex Key, (1) 05022670001 2 x 56 mm Hex Key, (1) 05022671001 2.5 x 63 mm Hex Key, (1) 05022672001 3 x 71 mm Hex Key, (1) 05022673001 4 x 80 mm Hex Key, (1) 05022674001 5 x 90 mm Hex Key, (1) 05022675001 6 x 100 mm Hex Key, (1) 05022676001 8 x 112 mm Hex Key and (1) 05022677001 10 x 125 mm Hex Key",L-Key Set,Series,,,Model,950/9,,Tip Type,"Ball, Hex",,Tip Size,"1.5 mm, 2 mm, 2.5 mm, 3 mm, 4 mm, 5 mm, 6 mm, 8 mm, 10 mm",,System of Measurement,Metric,,Key Shape,L,,Short Leg Length,,,Long Leg Length,50 to 125,mm,Working Angle,,,Number of Pieces,9,,Suitable For Use With,Hexagon Socket Screws,,Material,Plastic,,Finish,BlackLaser,,Additional Information,,,,,,,,,,,,,,,,,,,,,,,,,,,,,,,,,,,,,,,,,,,,,,,,,,,,,,,,,,,,,,,,,,,,,,,,,,,,,,,,,,,,,,,,,,,,,,,,,,,,,,,,,,,,,,,,,,,,,,,,,,,,,,,,,,Wera_133164.jpg,Wera_133164_1.jpg,,,,,,,,,,,,,,,,,,,,,,https://www.youtube.com/watch?v=ODDS07HlGqc,,CZ,,Yes
https://www.malcotools.com/product/offset-cut-avs-mini-snip-left-cut-avm6-ev/,https://cdn.amplifi.pattern.com/9ae8974f-80a1-45c5-a7cb-0b344f476126,,,,,25286353,Tools,Hand Tools,Tin Snips,1517666,AVM6EV,AVM6 EV Mini Snip Red,-- Unbranded --,-- No Unilog Brand --,-- No DIB Brand --,Malco Prod (2370),Aspen Pumps Group Limited,Malco®,,AVM6EV-RED,,Tools & Equipment>Hand Tools>Snips & Shears>Snips,"Aspen Pumps Group Limited Malco, Mini Snip, AVM6EV-RED, Left, Offset Cut","SNIP MINI AVN OFS, SERRATED LEFT, OFS R","Malco® AVM6EV-RED Mini Snip, Offset, Serrated Blade, Left, Offset Cut, 3/4 in L Cut, Steel Blade, Red Handle","Malco® Mini Snip, Aviation Snip, Left, Offset Cut, 0.71 mm Galvanized Steel, 0.61 mm Cold Rolled Steel Maximum Sheet Thickness, 24 ga Maximum Sheet Gauge, 3/4 in Length of Cut, Offset, Serrated Blade, Steel Blade, Non-Slip, Self Opening Latch, Torsion Spring Actuated Handle, Hardened Steel Handle, Red Handle, 7-1/8 in Overall Length, Cut Materials: Cold Rolled Steel, Galvanized Steel, Additional Information: Precision Ground Serrations","Mini Snip, Offset, Serrated Blade, Left, Offset Cut, 3/4 in L Cut, Steel Blade, Red Handle, 7-1/8 in OAL","With an overall length of only 7-1/8 inches (181 mm), the AVs® Mini easily goes to work in tight or awkward spaces where full-size aviation snips are challenged. A 3/4-inch (19 mm) length of cut provides the optimum speed for confined cutting applications where this small, maneuverable snip excels. Forged steel jaws with precision-ground serrations on the lower blade produce a sharply defined edge for cutting accuracy and control. The AVs® Mini AVM6EV left cutting offset design provides superior material flow in 24-gauge (0.61 mm) cold rolled and (0.71 mm) galvanized steel for making sharp square cuts, tight 5-inch (125 mm) diameter circles and straight-line cuts, even on curved surfaces. Soft, non-slip grip contours and an easily accessible handle opening compliment the natural power stroke of any size hand. The torsion-spring-actuated, hardened steel-core handles will not pinch, or collapse and a self-opening handle latch will not catch on material or accidentally close. AVM6 EV Mini Aviation Snips have a red-colored grip with left cutting capabilities. Malco AV Aviation Snips. Precision snips designed for today's Professional Tradesman.",Maneuverable compact length,Sharply defined cut,Comfortably fits any size hand,"Spring-actuated, handles will not collapse",Self-opening latch will not accidentally catch or close,,,,,,,,,,,,,,,,,,Prop65 Warning: This product can expose you to chemicals which are known to the State of California to cause cancer and reproductive harm. For more information go to www.P65Warnings.ca.gov.,,,Mini Snip,Series,,,Snip Type,Aviation,,Cut Type,"Left, Offset",,Maximum Sheet Thickness,"0.71 mm Galvanized Steel, 0.61 mm Cold Rolled Steel",,Maximum Sheet Gauge,24,ga,Length of Cut,3/4,in,Blade Type,"Offset, Serrated",,Blade Material,Steel,,Blade Finish,,,Handle Type,"Non-Slip, Self Opening Latch, Torsion Spring Actuated",,Handle Material,Hardened Steel,,Handle Color,Red,,Overall Length,7-1/8,in,Cut Materials,"Cold Rolled Steel, Galvanized Steel",,Additional Information,Precision Ground Serrations,,,,,,,,,,,,,,,,,,,,,,,,,,,,,,,,,,,,,,,,,,,,,,,,,,,,,,,,,,,,,,,,,,,,,,,,,,,,,,,,,,,,,,,,,,,,,,,,,,,,,,,,,,,,,,,Limited Lifetime,,,,,,,,,,,,,,,Malco_AVM6EV_RED.jpg,Malco_AVM6EV_RED_1.jpg,Malco_AVM6EV_RED_2.jpg,Malco_AVM6EV_RED_3.jpg,Malco_AVM6EV_RED_4.jpg,,,Malco_AVM6EV_RED_Warranty_Information.pdf,,,,,,,,,,,,,,,,,,,,Yes
https://www.malcotools.com/product/offset-cut-avs-mini-snip-right-cut-avm7-ev/,https://cdn.amplifi.pattern.com/9ae8974f-80a1-45c5-a7cb-0b344f476126,,,,,25286354,Tools,Hand Tools,Tin Snips,1517667,AVM6EV,AVM7 EV Mini Snip Green,-- Unbranded --,-- No Unilog Brand --,-- No DIB Brand --,Malco Prod (2370),Aspen Pumps Group Limited,Malco®,,AVM7EV-GREEN,,Tools & Equipment>Hand Tools>Snips & Shears>Snips,"Aspen Pumps Group Limited Malco, Mini Snip, AVM7EV-GREEN, Right, Offset Cut","SNIP MINI AVN OFS, SERRATED R, OFS 3/4IN","Malco® AVM7EV-GREEN Mini Snip, Offset, Serrated Blade, Right, Offset Cut, 3/4 in L Cut, Steel Blade, Green Handle","Malco® Mini Snip, Aviation Snip, Right, Offset Cut, 0.71 mm Galvanized Steel, 0.61 mm Cold Rolled Steel Maximum Sheet Thickness, 24 ga Maximum Sheet Gauge, 3/4 in Length of Cut, Offset, Serrated Blade, Steel Blade, Non-Slip, Self Opening Latch, Torsion Spring Actuated Handle, Hardened Steel Handle, Green Handle, 7-1/8 in Overall Length, Cut Materials: Cold Rolled Steel, Galvanized Steel, Additional Information: Precision Ground Serrations","Mini Snip, Offset, Serrated Blade, Right, Offset Cut, 3/4 in L Cut, Steel Blade, Green Handle, 7-1/8 in OAL","With an overall length of only 7-1/8 inches (181 mm), the AVs® Mini easily goes to work in tight or awkward spaces where full-size aviation snips are challenged. A 3/4-inch (19 mm) length of cut provides the optimum speed for confined cutting applications where this small, maneuverable snip excels. Forged steel jaws with precision-ground serrations on the lower blade produce a sharply defined edge for cutting accuracy and control. The AVs® Mini AVM6EV left cutting offset design provides superior material flow in 24-gauge (0.61 mm) cold rolled and (0.71 mm) galvanized steel for making sharp square cuts, tight 5-inch (125 mm) diameter circles and straight-line cuts, even on curved surfaces. Soft, non-slip grip contours and an easily accessible handle opening compliment the natural power stroke of any size hand. The torsion-spring-actuated, hardened steel-core handles will not pinch, or collapse and a self-opening handle latch will not catch on material or accidentally close. AVM6 EV Mini Aviation Snips have a red-colored grip with left cutting capabilities. Malco AV Aviation Snips. Precision snips designed for today's Professional Tradesman.",Maneuverable compact length,Sharply defined cut,Comfortably fits any size hand,"Spring-actuated, handles will not collapse",Self-opening latch will not accidentally catch or close,,,,,,,,,,,,,,,,,,Prop65 Warning: This product can expose you to chemicals which are known to the State of California to cause cancer and reproductive harm. For more information go to www.P65Warnings.ca.gov.,,,Mini Snip,Series,,,Snip Type,Aviation,,Cut Type,"Right, Offset",,Maximum Sheet Thickness,"0.71 mm Galvanized Steel, 0.61 mm Cold Rolled Steel",,Maximum Sheet Gauge,24,ga,Length of Cut,3/4,in,Blade Type,"Offset, Serrated",,Blade Material,Steel,,Blade Finish,,,Handle Type,"Non-Slip, Self Opening Latch, Torsion Spring Actuated",,Handle Material,Hardened Steel,,Handle Color,Green,,Overall Length,7-1/8,in,Cut Materials,"Cold Rolled Steel, Galvanized Steel",,Additional Information,Precision Ground Serrations,,,,,,,,,,,,,,,,,,,,,,,,,,,,,,,,,,,,,,,,,,,,,,,,,,,,,,,,,,,,,,,,,,,,,,,,,,,,,,,,,,,,,,,,,,,,,,,,,,,,,,,,,,,,,,,Limited Lifetime,,,,,,,,,,,,,,,Malco_AVM7EV_GREEN.jpg,Malco_AVM7EV_GREEN_1.jpg,,,,,,Malco_AVM6EV_RED_Warranty_Information.pdf,,,,,,,,,,,,,,,,,,,,Yes
https://www.milwaukeetool.com/products/details/m18-brushless-precision-blower/0887-20,,,,,,22023259,Tools,Cordless Power Tools,Outdoor,350799,0887-20,0887-20 Milw M18 Brushless Precision Blower,-- Unbranded --,-- No Unilog Brand --,-- No DIB Brand --,Milwaukee Accessory (4031),Milwaukee Tool,Milwaukee®,,0887-20,,Tools & Equipment>Power Tools>Cordless Tools>Cordless Blowers,"Milwaukee, Brushless Precision Blower, M18 Series, 0887-20, Tool/Kit: Kit",BLOWER PRCN BRUSHLESS KIT 18V 39CFM 5AH,"Milwaukee® M18™ Series 0887-20 Brushless Precision Blower, Tool/Kit: Kit, 18 V, 39 cfm Air Flow, 5 Ah, 570 mph Speed","Milwaukee® Brushless Precision Blower, M18™ Series, Kit, 39 cfm Air Flow Capacity, 30 min Run Time, 18 V, M18™ REDLITHIUM™ XC5.0 Battery, 5 Ah Battery, 570 mph, Variable Speed Setting, Black/Gray Housing, Lock-On, Trigger Switch, Comfort Grip Handle, 7 in Overall Length, 3-3/4 in Overall Width, 9 in Overall Depth, Additional Information: Brushless Motor","M18™ Series Brushless Precision Blower, Tool/Kit: Kit, 18 V, 39 cfm Air Flow, M18™ REDLITHIUM™ XC5.0 Battery, 5 Ah","Our M18™ Brushless Precision Blower delivers the Fastest Air Speed for Stubborn Debris, commonly found in hard-to-reach or hard-to-clean places. Equipped with 3 distinct power modes and a variable speed trigger, this high-speed blower offers ultimate control of air performance. On MAX POWER MODE, the Brushless Motor delivers 570 MPH and up to 39 CFM, providing the power to clear stubborn jobsite debris effectively. With an M18™ REDLITHIUM™ XC5.0 battery pack in MAX RUN-TIME MODE, this blower delivers over 30 minutes of run-time, ideal for common job site tasks. With a unique form factor, this handheld, compact blower is only 7"" long and 2 lbs, ergonomically designed for convenient cleanup in various environments. Equipped with an integrated LED light to illuminate work surfaces, this tool provides greater visibility when cleaning dimly lit spaces. The tool has a trigger lock-on switch to reduce user fatigue in extended cleanup applications. There are (3) kitted interchangeable nozzles for added versatility: a short 6mm nozzle, a long 10mm, and an inflator nozzle. All nozzles are made of a durable rubber material designed for cleaning in sensitive applications and are easily interchangeable with a quarter-turn design. The kitted nozzle holder has magnets, hang holes, and a lanyard loop for convenient and versatile storage. This tool also includes a removable Inlet Filter (49-90-1949), which is critical for containing debris and tool longevity.",Fastest Air Speed for Stubborn Debris,Brushless Motor delivers 570 MPH Air Speed and 39 CFM,3-Power Modes & Variable Speed Trigger for ultimate control of air performance,Over 30 minutes on MAX RUN-TIME MODE with the M18™ REDLITHIUM™ XC5.0 Battery Pack,"Compact size, at 7"" in length, ideal for cleaning in hard-to-reach places","Lightweight, ergonomic design at only 2lbs",Integrated LED light provides greater visibility,Trigger lock-on switch reduces user fatigue,"3 Interchangeable Nozzles; short 6mm, long 10mm and inflator nozzle",Easy quarter-turn design on nozzles and filter,"Nozzle holder has versatile storage with magnets, hang holes, and a lanyard loop",Removeable Inlet Filter (49-90-1949) for dust management,5 Year Tool Warranty,,,,,,,,,,,,"(1) 0887-20 M18™ Brushless Precision Blower, (1) 49-90-1949 Inlet Filter, (1) 6 mm Nozzle, (1) 10 mm Nozzle, (1) Inflator Nozzle and (1) Nozzle Holder",Brushless Precision Blower,Series,M18™ Series,,Tool/Kit,Kit,,Air Flow Capacity,39,cfm,Run Time,30,min,Charge Time,,,Voltage Rating,18,V,Battery Type,M18™ REDLITHIUM™ XC5.0,,Battery Capacity,5,Ah,Speed Rating,570,mph,Speed Setting,Variable,,Housing Material,,,Housing Color,Black/Gray,,Switch Type,"Lock-On, Trigger",,Handle Type,Comfort Grip,,Handle Material,,,Handle Color,,,Sound Level,,,Overall Length,7,in,Overall Width,3-3/4,in,Overall Depth,9,in,Additional Information,Brushless Motor,,,,,,,,,,,,,,,,,,,,,,,,,,,,,,,,,,,,,,,,,,,,,,,,,,,,,,,,,,,,,,,,,,,,,,,,,,,,,,,,,,,,,,,,,,,,,5 Year,,,,,,,,,,,,,,,Milwaukee_0887_20.jpg,Milwaukee_0887_20_1.jpg,Milwaukee_0887_20_2.jpg,Milwaukee_0887_20_3.jpg,Milwaukee_0887_20_4.jpg,,,,,,,,,,,,,,,,,,,,,,,Yes
https://www.mirka.com/en-us/p/ABRANET--100-152-152--GRIP-NET/?variant=25422,,,,,,24319722,Tools,Sandpaper,Sheets,1509708,9A-219-180,9A-219-180 Abranet 4x6x6,-- Unbranded --,-- No Unilog Brand --,-- No DIB Brand --,Mirka Abrasives Inc (MIRUS),Mirka Ltd,MIRKA,,9A-219-180,,Tools & Equipment>Power Tools>Oscillating Tools>Oscillating Tool Sandpaper & Sanding Pads,"MIRKA, Sanding Pad, Abranet Series, 9A-219-180, 152mm L, 100mm W, 180 Grit",PAD SANDING 152MM 100MM 180 AL OXD LT BR,"MIRKA Abranet Series 9A-219-180 Sanding Pad, 152 mm L, 100 mm W, 180 Grit, Aluminum Oxide Abrasive","MIRKA Sanding Pad, Abranet Series, 152 mm Length, 100 mm Width, 180 Grit, Very Fine Grit Grade, Aluminum Oxide Abrasive, Polyamide Net Backing, Resin On Resin Bond, Cut Materials: Ash, Beech, Birch, Body Filler, Brass, Bronze, Carbon Steel, Cast Iron, Chipboard, Copper Alloys, Dupont™ Corian®, Filler, Hardwood, HDF, Karonia Mistral, Lacquers, LG Hi-macs®, Mahogany, MDF, Melamine, Mild Steel, Non-Ferrous Metal, Oak, Paint Sanding, Paint Stripping, Pine, Plaster, Plastic, Primer, Removal, Resinous Wood, Samsung™ Staron®, Soft, Solid Surface, Stainless Steel, Steel, Teak, Veneer, Light Brown, Additional Information: Closed Coating","Abranet Series Sanding Pad, 152 mm L, 100 mm W, 180 Grit, Aluminum Oxide Abrasive","Abranet's true dust-free sanding characteristics result in a cleaner work environment, as well as a better surface finish. Multifunctional and classic, Abranet is perfect for sanding putty, primers, lacquers, composite materials, and a wide range of materials for industrial use. Abranet combines higher performance and a longer lifespan than traditional abrasives, making it a cost-effective solution. Designed for dry sanding by machine or by hand.",,,,,,,,,,,,,,,,,,,,,,,,,,Sanding Pad,Series,Abranet Series,,Length,152,mm,Width,100,mm,Grit Size,180,,Grit Grade,Very Fine,,Abrasive Material,Aluminum Oxide,,Backing Material,Polyamide Net,,Backing Weight,,,Bond Type,Resin On Resin,,Cut Materials,"Ash, Beech, Birch, Body Filler, Brass, Bronze, Carbon Steel, Cast Iron, Chipboard, Copper Alloys, Dupont™ Corian®, Filler, Hardwood, HDF, Karonia Mistral, Lacquers, LG Hi-macs®, Mahogany, MDF, Melamine, Mild Steel, Non-Ferrous Metal, Oak, Paint Sanding, Paint Stripping, Pine, Plaster, Plastic, Primer, Removal, Resinous Wood, Samsung™ Staron®, Soft, Solid Surface, Stainless Steel, Steel, Teak, Veneer",,Color,Light Brown,,Number of Sheets,,,Additional Information,Closed Coating,,,,,,,,,,,,,,,,,,,,,,,,,,,,,,,,,,,,,,,,,,,,,,,,,,,,,,,,,,,,,,,,,,,,,,,,,,,,,,,,,,,,,,,,,,,,,,,,,,,,,,,,,,,,,,,,,,,,,,,,,50/PK,,,,,,,,,,,MIRKA_9A_219_180.jpg,MIRKA_9A_219_180_1.jpg,MIRKA_9A_219_180_2.jpg,MIRKA_9A_219_180_3.jpg,MIRKA_9A_219_180_4.jpg,,,,,MIRKA_9A_219_180_Specification_Sheet.pdf,,,,,,,,,,,,,,,,,,Yes
https://www.mirka.com/en-us/p/ABRANET--100-152-152--GRIP-NET/?variant=25424,,,,,,25285421,Tools,Sandpaper,Sheets,1509710,9A-219-120RP,9A-219-120RP Abranet 4x6x6,-- Unbranded --,-- No Unilog Brand --,-- No DIB Brand --,Mirka Abrasives Inc (MIRUS),Mirka Ltd,MIRKA,,9A-219-120RP,,Tools & Equipment>Power Tools>Oscillating Tools>Oscillating Tool Sandpaper & Sanding Pads,"MIRKA, Sanding Pad, Abranet Series, 9A-219-120RP, 152mm L, 100mm W",PAD SANDING 152MM 100MM 120 AL OXD LT BR,"MIRKA Abranet Series 9A-219-120RP Sanding Pad, 152 mm L, 100 mm W, 120 Grit, Aluminum Oxide Abrasive","MIRKA Sanding Pad, Abranet Series, 152 mm Length, 100 mm Width, 120 Grit, Aluminum Oxide Abrasive, Polyamide Net Backing, Resin On Resin Bond, Cut Materials: Ash, Beech, Birch, Body Filler, Brass, Bronze, Carbon Steel, Cast Iron, Chipboard, Copper Alloys, Dupont™ Corian®, Filler, Hardwood, HDF, Karonia Mistral, Lacquers, LG Hi-macs®, Mahogany, MDF, Melamine, Mild Steel, Non-Ferrous Metal, Oak, Paint Sanding, Paint Stripping, Pine, Plaster, Plastic, Primer, Removal, Resinous Wood, Samsung™ Staron®, Soft, Solid Surface, Stainless Steel, Steel, Teak, Veneer, Light Brown, Additional Information: Closed Coating","Abranet Series Sanding Pad, 152 mm L, 100 mm W, 120 Grit, Aluminum Oxide Abrasive","Abranet's true dust-free sanding characteristics result in a cleaner work environment, as well as a better surface finish. Multifunctional and classic, Abranet is perfect for sanding putty, primers, lacquers, composite materials, and a wide range of materials for industrial use. Abranet combines higher performance and a longer lifespan than traditional abrasives, making it a cost-effective solution. Designed for dry sanding by machine or by hand.",,,,,,,,,,,,,,,,,,,,,,,,,,Sanding Pad,Series,Abranet Series,,Length,152,mm,Width,100,mm,Grit Size,120,,Grit Grade,,,Abrasive Material,Aluminum Oxide,,Backing Material,Polyamide Net,,Backing Weight,,,Bond Type,Resin On Resin,,Cut Materials,"Ash, Beech, Birch, Body Filler, Brass, Bronze, Carbon Steel, Cast Iron, Chipboard, Copper Alloys, Dupont™ Corian®, Filler, Hardwood, HDF, Karonia Mistral, Lacquers, LG Hi-macs®, Mahogany, MDF, Melamine, Mild Steel, Non-Ferrous Metal, Oak, Paint Sanding, Paint Stripping, Pine, Plaster, Plastic, Primer, Removal, Resinous Wood, Samsung™ Staron®, Soft, Solid Surface, Stainless Steel, Steel, Teak, Veneer",,Color,Light Brown,,Number of Sheets,,,Additional Information,Closed Coating,,,,,,,,,,,,,,,,,,,,,,,,,,,,,,,,,,,,,,,,,,,,,,,,,,,,,,,,,,,,,,,,,,,,,,,,,,,,,,,,,,,,,,,,,,,,,,,,,,,,,,,,,,,,,,,,,,,,,,,,,10/PK,,,,,,,,,,,MIRKA_9A_219_120RP.jpg,MIRKA_9A_219_120RP_1.jpg,MIRKA_9A_219_120RP_2.jpg,MIRKA_9A_219_180_3.jpg,MIRKA_9A_219_180_4.jpg,,,,,MIRKA_9A_219_180_Specification_Sheet.pdf,,,,,,,,,,,,,,,,,,Yes
https://www.dewalt.com/en-us/product/dcd803b/20v-max-atomic-multi-head-drilldriver-tool-only,,,,,,22093625,Tools,Cordless Power Tools,Drills - Drivers,1517672,DCD803B,DCD803B Dewalt Multi-Head Drill Driver,-- Unbranded --,-- No Unilog Brand --,-- No DIB Brand --,Black & Decker/dewlt (2585),Stanley Black & Decker,DeWALT®,,DCD803B,,Tools & Equipment>Power Tools>Power Drills>Cordless Drills,"Stanley Black & Decker DeWALT, Multi-Head Drill/Driver, MAX Atomic Series",DRILL/DRIVER MULTI-H TOOL 1/2IN 20V MET,"DeWALT® MAX Atomic™ Series DCD803B Multi-Head Drill/Driver, Tool/Kit: Tool, 1/2 in Chuck, Quick-Release Chuck, 20 V","DeWALT® Multi-Head Drill/Driver, MAX Atomic™ Series, Tool, 1/2 in Chuck, Quick-Release Chuck, Metal Chuck, 20 V, MAX Atomic™ Battery, Variable Speed Setting, Black/Yellow Housing, Trigger Switch, Main Handle, Black/Yellow Handle, 11.06 in Overall Length, 6.13 in Overall Width, 5.6 in Overall Depth, Additional Information: Brushless Motor","MAX Atomic™ Series Multi-Head Drill/Driver, Tool/Kit: Tool, 1/2 in Chuck, Quick-Release Chuck, 20 V, 11.06 in OAL","Take on a variety of applications in hard-to-reach spaces with the ATOMIC™ 20V MAX* brushless cordless multi-head drill/driver (battery and charger sold separately). With 4 versatile attachments including a 1/2 in. (13mm) metal chuck attachment, a 1/4 in. Hex right angle attachment, a 1/4 in. Hex quick release offset attachment, and a 1/4 in. Hex quick release attachment, this compact tool features a drop-in load mechanism that allows users to efficiently connect attachments to complete a variety of applications.","Versatile capabilities - take on a variety of applications with the included 1/2 in. (13mm) metal chuck attachment, 1/4 in. Hex right angle attachment, 1/4 in. Hex quick release offset attachment, and a 1/4 in. Hex quick release attachment",Reach tough areas - access hard-to-reach spaces with included attachments that can be individually used (one at a time) on the right angle attachment,Quick connection - switch between applications quickly and easily with included attachments,Security collar - check if the attachment has been securely attached to your drill with the yellow collar around the chuck,Help maximize organization - mount the organizer to the wall using the keyholes or use the belt hooks provided to hang the tool or hold up to 4 attachment heads,Power and performance - complete tough applications in tight spaces with up to 15% more power,Competitive advantage - get up to 128% more power vs. Milwaukee,,,,,,,,,,,,,,,,,,"(1) DCD803 ATOMIC 20V MAX Multi-Head Drill/Driver, (1) 1/2 in Metal Chuck Attachment, (1) 1/4 in Hex Right Angle Attachment, (1) 1/4 in Hex Quick Release Offset Attachment, (1) 1/4 in Hex Quick Release Attachment, (1) Organizer and (2) Belt Hooks",Multi-Head Drill/Driver,Series,MAX Atomic™ Series,,Tool/Kit,Tool,,Torque Rating,,,Chuck Size,1/2,in,Chuck Type,Quick-Release,,Chuck Material,Metal,,Voltage Rating,20,V,Battery Type,MAX Atomic™,,Battery Capacity,,,Speed Rating,,,Speed Setting,Variable,,Housing Material,,,Housing Color,Black/Yellow,,Switch Type,Trigger,,Handle Type,Main,,Handle Material,,,Handle Color,Black/Yellow,,Sound Level,,,Overall Length,11.06,in,Overall Width,6.13,in,Overall Depth,5.6,in,Additional Information,Brushless Motor,,,,,,,,,,,,,,,,,,,,,,,,,,,,,,,,,,,,,,,,,,,,,,,,,,,,,,,,,,,,,,,,,,,,,,,,,,,,,,,,,,,,,,885911959919,,,,3 Year Limited,,,,,,,,,,,,,,,DeWALT_DCD803B.jpg,DeWALT_DCD803B_1.jpg,DeWALT_DCD803B_2.jpg,DeWALT_DCD803B_3.jpg,DeWALT_DCD803B_4.jpg,,,,,,DeWALT_DCD803B_Instruction_Installation_Manual.pdf,,,,,,,,,,,,,,,,,Yes
https://www.dewalt.com/en-us/product/dcf860b/20v-max-xr-brushless-cordless-3-speed-high-torque-14-impact-driver-tool-only,,,,,,22093659,Tools,Cordless Power Tools,Drills - Drivers,1510678,DCF860B,DCF860B Dewalt 20V Impact - Driver Drill,-- Unbranded --,-- No Unilog Brand --,-- No DIB Brand --,Black & Decker/dewlt (2585),Stanley Black & Decker,DeWALT®,,DCF860B,,Tools & Equipment>Power Tools>Power Drills>Cordless Drills,"Stanley Black & Decker DeWALT, Cordless High Torque Impact Driver, DCF860B",DRIVER IMP TRQ HIGH CORDLESS TOOL 1/4IN,"DeWALT® MAX XR® Series DCF860B Cordless High Torque Impact Driver, Tool/Kit: Tool, 2500 in-lb, 1/4 in Chuck, 20 V","DeWALT® Cordless High Torque Impact Driver, MAX XR® Series, Tool, 2500 in-lb Torque, 1/4 in Chuck, Quick-Connect Hex Chuck, 20 V, MAX XR® Lithium-Ion Battery, 0 to 3800 rpm, 3 Speed Setting, Black/Yellow Housing, Trigger Switch, Main Handle, 5.63 in Overall Length, 3.38 in Overall Width, 8.38 in Overall Depth, Additional Information: 4500 bpm No Load Speed, Brushless Motor","MAX XR® Series Cordless High Torque Impact Driver, Tool/Kit: Tool, 2500 in-lb, 1/4 in Chuck, Quick-Connect Hex Chuck","This 20V MAX* XR® 3-speed high torque impact driver is engineered for the demands of the PRO with a MAX torque of 2,500 in-lbs., making it our highest torque impact driver . Maximize productivity with up to 63% faster driving, a no-load speed of 0-3,800 RPM, 9 built-in LEDs, and 3-speed mode select to power through tough jobs. Battery and charger sold separately.",Our highest torque impact driver - take on tough jobs with up to 66% more torque,"Fast, efficient performance - work efficiently with up to 63% faster driving",PRO-level control - get precise performance with a variable speed trigger and 3-speed mode select. Speeds 1 and 2 are optimized to match the installation speeds of commonly used self-drilling and tapping screws. Refer to the impact driver manual and screw manufacturer instructions for proper installation,"PRO-level power - power through tough jobs with up to 2,500 in-lbs. MAX torque and a no-load speed up to 3,800 RPM",Built-in LEDs - 9 built-in LEDs and 20-minute work light setting provide additional illumination,1/4 in. Quick-connect hex chuck - conveniently work with compatible 1/4 in. Quick-connect hex chuck,Simplify asset management - this Tool Connect Chip ready (chip sold separately) tool connects with the Tool Connect Site Manager app to help you track and manage assets,Part of our best performing line of 20V MAX* power tools - innovative power tools designed to deliver certainty for the worlds toughest pros,,,,,,,,,,,,,,,,,(1) DCF860 Impact Driver and (1) Belt Hook,Cordless High Torque Impact Driver,Series,MAX XR® Series,,Tool/Kit,Tool,,Torque Rating,2500,in-lb,Chuck Size,1/4,in,Chuck Type,Quick-Connect Hex,,Chuck Material,,,Voltage Rating,20,V,Battery Type,MAX XR® Lithium-Ion,,Battery Capacity,,,Speed Rating,0 to 3800,rpm,Speed Setting,3,,Housing Material,,,Housing Color,Black/Yellow,,Switch Type,Trigger,,Handle Type,Main,,Handle Material,,,Handle Color,,,Sound Level,,,Overall Length,5.63,in,Overall Width,3.38,in,Overall Depth,8.38,in,Additional Information,"4500 bpm No Load Speed, Brushless Motor",,,,,,,,,,,,,,,,,,,,,,,,,,,,,,,,,,,,,,,,,,,,,,,,,,,,,,,,,,,,,,,,,,,,,,,,,,,,,,,,,,,,,,885911817639,,,,3 Year Limited,,,,,,,,,,,,,,,DeWALT_DCF860B.jpg,DeWALT_DCF860B_1.jpg,DeWALT_DCF860B_2.jpg,DeWALT_DCF860B_3.jpg,DeWALT_DCF860B_4.jpg,,,,,,DeWALT_DCF860B_Instruction_Installation_Manual.pdf,,,,,,,,,,,,,,,,,Yes
https://www.milwaukeetool.com/products/details/m12-subcompact-brushless-3-8-drill-driver/3401-20,,,,,,24712313,Tools,Cordless Power Tools,Drills - Drivers,1514615,3401-20,3401-20 Milw M12 Drill Driver - Brushless Compact (Bare),-- Unbranded --,-- No Unilog Brand --,-- No DIB Brand --,Milwaukee Accessory (4031),Milwaukee Tool,Milwaukee®,,3401-20,,Tools & Equipment>Power Tools>Power Drills>Cordless Drills,"Milwaukee, Subcompact Brushless Drill/Driver, M12 Series, 3401-20, 350in-lb",DRILL/DRIVER BRUSHLESS SUBCOMPACT KIT,"Milwaukee® M12™ Series 3401-20 Subcompact Brushless Drill/Driver, Tool/Kit: Kit, 350 in-lb, 3/8 in Chuck, 12 V, 2 Ah","Milwaukee® Subcompact Brushless Drill/Driver, M12™ Series, Kit, 350 in-lb Torque, 3/8 in Chuck, Keyless Chuck, Metal Chuck, 12 V, M12™ REDLITHIUM™ CP2.0 Battery, 2 Ah Battery, 0 to 450 rpm Low, 0 to 1550 rpm High, 2 Speed Setting, Rubber Housing, Black/Red Housing, Trigger Switch, 54 in Overall Length, Additional Information: Spindle Lock, 0 to 125 deg F Operating Temperature, Brushless Motor","M12™ Series Subcompact Brushless Drill/Driver, Tool/Kit: Kit, 350 in-lb, 3/8 in Chuck, Keyless Chuck, 12 V, 2 Ah","Our M12™ Subcompact Brushless 3/8"" Drill/Driver Bare Tool features the most compact and lightest weight drill/driver, providing ultimate access into tight spaces. The compact drill is only 5.4"" in length and under 2 pounds with a battery, allowing for minimal fatigue and excellent control, especially while working overhead or in tight spaces. The brushless motor delivers optimal tool performance at 350 in-lbs. of torque and up to 1,550 RPM, tackling a wide range of drilling and fastening applications. The drill features premium components, including a 3/8"" metal chuck, providing best-in-class durability. MILWAUKEE® REDLINK™ Intelligence communicates with the M12™ REDLITHIUM™ batteries (sold separately) to deliver optimal performance for the tools. The M12™ Subcompact Brushless Drill/Driver is part of the M12™ system, fully compatible with over 150+ solutions.","Subcompact design: superior balance and control, ideal for overhead drilling or driving fasteners in tight spaces","Only 5.4"" in length",350 in-lbs. of torque,0-450 RPM in low & 0-1550 RPM in high,2 lbs. with kitted battery,Metal 3/8 in. chuck: maximum durability,REDLINK Intelligence™: Advanced overload protection defends against heavy duty applications and monitors the temperature to prevent damage and ensure maximum tool & battery life,"REDLITHIUM™ Battery: Superior pack construction, electronics, and performance deliver more work per charge and more work over pack life than any battery on the market",Compatible with the Milwaukee® Accessory Bit holder 49-16-3697,"5 year tool warranty, 2 year battery","Kit Includes: M12™ Subcompact Brushless 3/8"" Drill/Driver, (2) M12™ REDLITHIUM™ CP 2.0 battery packs, M12™ charger and contractor bag","Part of the M12™ System, featuring over 150+ tools",,,,,,,,,,,,,,Subcompact Brushless Drill/Driver,Series,M12™ Series,,Tool/Kit,Kit,,Torque Rating,350,in-lb,Chuck Size,3/8,in,Chuck Type,Keyless,,Chuck Material,Metal,,Voltage Rating,12,V,Battery Type,M12™ REDLITHIUM™ CP2.0,,Battery Capacity,2,Ah,Speed Rating,"0 to 450 rpm Low, 0 to 1550 rpm High",,Speed Setting,2,,Housing Material,Rubber,,Housing Color,Black/Red,,Switch Type,Trigger,,Handle Type,,,Handle Material,,,Handle Color,,,Sound Level,,,Overall Length,54,in,Overall Width,,,Overall Depth,,,Additional Information,"Spindle Lock, 0 to 125 deg F Operating Temperature, Brushless Motor",,,,,,,,,,,,,,,,,,,,,,,,,,,,,,,,,,,,,,,,,,,,,,,,,,,,,,,,,,,,,,,,,,,,,,,,,,,,,,,,,,,,,,,,,,5 Year Limited,,,,,,,,,,,,,,,Milwaukee_3401_20.jpg,Milwaukee_3401_20_1.jpg,Milwaukee_3401_20_2.jpg,Milwaukee_3401_20_3.jpg,Milwaukee_3401_20_4.jpg,,,,,,Milwaukee_3401_20_Instruction_Installation_Manual.pdf,,,,,,,,,,,,,,,,,Yes
https://www.dewalt.com/en-us/product/dcd1007b/20v-max-xr-brushless-12-hammer-drill-tool-only,,,,,,22093611,Tools,Corded Hand Power Tools,Drills,341733,DCD1007B,"DCD1007B Dewalt 20V Cordless - 1/2"" Hammer Drill (Bare)",-- Unbranded --,-- No Unilog Brand --,DEWALT,Black & Decker/dewlt (2585),Stanley Black & Decker,DeWALT®,,DCD1007B,,Tools & Equipment>Power Tools>Power Drills>Cordless Hammer Drills,"Stanley Black & Decker DeWALT, Hammer Drill, MAX XR Series, DCD1007B, 18V",DRILL HMR TOOL 1/2IN KEYLESS RATCHETING,"DeWALT® MAX XR® Series DCD1007B Hammer Drill, Tool/Kit: Tool, 1/2 in Chuck, Keyless, Ratcheting Chuck, 38250 bpm","DeWALT® Hammer Drill, MAX XR® Series, Tool, 2100 in-lb Torque, 1/2 in Chuck, Keyless, Ratcheting Chuck, Metal Chuck, 38250 bpm, 18 V, MAX XR® Lithium-Ion Battery, 3 Speed Setting, Forward/Reverse Control Button, Trigger Switch, Main, Side Handle, 15.2 in Overall Length, 3.94 in Overall Width, 8-1/2 in Overall Depth, Additional Information: Brushless Motor, 11 Clutch Settings","MAX XR® Series Hammer Drill, Tool/Kit: Tool, 1/2 in Chuck, Keyless, Ratcheting Chuck, 38250 bpm, 18 V, 15.2 in OAL","With 50% higher torque than a leading competitor, the 20V MAX* XR Brushless 1/2 in. Hammer Drill (battery and charger sold separately) is the industry's highest rated max torque cordless 1/2 in. hammer drill with 2,100 in-lbs. of max torque. Make large diameter holes in wood, metal, and concrete with this tool that delivers up to 275 holes per charge. The PERFORM & PROTECT™ ANTI-ROTATION system senses rotational motion of the tool from bind ups and shuts it down. Featuring an all-metal transmission construction to help withstand tough applications, this hammer drill is equipped with a pivoting 3-position, push-button LED to help illuminate dim work areas.","50% Higher torque than a leading competitor - The industry's highest rated max torque cordless 1/2 in. hammer drill** makes large diameter holes in metal, wood, and concrete with 2,100 in-lbs. of max torque","Our most powerful 20V MAX* 1/2 in. Hammer Drill - Make large diameter holes in wood, metal, and concrete",Help maximize control - Equipped with the ANTI-ROTATION System that senses the rotational motion of the tool and shuts it down if the motion is excessive,Minimize downtime - Make up to 275 holes per charge and complete jobs quickly with a speed of application of only 2.6 seconds,Advanced maneuverability - Access and maneuver in tight areas with the shortest length DEWALT® premium 3-speed drill,3-Speed High-Performance Transmission - Help optimize runtime and performance with an all metal transmission,"Illuminate dim areas - Brighten your workspace with the pivoting 3-position, push-button LED",Strong bit grip - Get high bit-retention with the 1/2 in. ratcheting nitro-carburized metal chuck with carbide inserts,TOOL CONNECT™ CHIP READY™ - Track and manage in the TOOL CONNECT™ system (chip sold separately),,,,,,,,,,,,,,,,"(1) DCD1007 20 V MAX XR® Brushless Cordless 1/2 in 3-Speed Hammer Drill, (1) Side Handle and (1) Belt Hook",Hammer Drill,Series,MAX XR® Series,,Tool/Kit,Tool,,Torque Rating,2100,in-lb,Chuck Size,1/2,in,Chuck Type,"Keyless, Ratcheting",,Chuck Material,Metal,,Blows per Minute,38250,bpm,No Load Speed,,,Voltage Rating,18,V,Battery Type,MAX XR® Lithium-Ion,,Battery Capacity,,,Speed Setting,3,,Housing Material,,,Housing Color,,,Switch Type,"Forward/Reverse Control Button, Trigger",,Handle Type,"Main, Side",,Handle Material,,,Handle Color,,,Sound Level,,,Overall Length,15.2,in,Overall Width,3.94,in,Overall Depth,8-1/2,in,Additional Information,"Brushless Motor, 11 Clutch Settings",,,,,,,,,,,,,,,,,,,,,,,,,,,,,,,,,,,,,,,,,,,,,,,,,,,,,,,,,,,,,,,,,,,,,,,,,,,,,,,,,,,885911802871,,,,3 Year Limited,,,,,,,,,,,,,,,DeWALT_DCD1007B.jpg,DeWALT_DCD1007B_1.jpg,DeWALT_DCD1007B_2.jpg,DeWALT_DCD1007B_3.jpg,DeWALT_DCD1007B_4.jpg,,,,,,DeWALT_DCD1007B_Instruction_Installation_Manual.pdf,,,,,,,,,,,,,,,,,Yes
https://www.dewalt.com/en-us/product/dcd799b/20v-max-atomic-12-hammer-drill-tool-only,,,,,,22093621,Tools,Cordless Power Tools,Drills - Drivers,1515999,DCD799B,DCD799B Dewalt Drill,-- Unbranded --,-- No Unilog Brand --,-- No DIB Brand --,Black & Decker/dewlt (2585),Stanley Black & Decker,DeWALT®,,DCD799B,,Tools & Equipment>Power Tools>Power Drills>Cordless Hammer Drills,"Stanley Black & Decker DeWALT, Hammer Drill, MAX Atomic Compact Series, DCD799B",DRILL HMR TOOL 1/2IN KEYLESS 1650RPM 18V,"DeWALT® MAX Atomic™ Compact Series DCD799B Hammer Drill, Tool/Kit: Tool, 1/2 in Chuck, Keyless Chuck, 1650 rpm No Load","DeWALT® Hammer Drill, MAX Atomic™ Compact Series, Tool, 1/2 in Chuck, Keyless Chuck, Metal Chuck, 0 to 28050 bpm, 1650 rpm No Load, 18 V, MAX Atomic™ Battery, 2 Speed Setting, Forward/Reverse Control Button, Trigger Switch, Main Handle, 7.1 in Overall Length, 2.93 in Overall Width, 8.38 in Overall Depth, Additional Information: Brushless Motor","MAX Atomic™ Compact Series Hammer Drill, Tool/Kit: Tool, 1/2 in Chuck, Keyless Chuck, 0 to 28050 bpm, 18 V",Unlock power for tough masonry drilling applications with the ATOMIC™ 20V MAX* 1/2 in. Hammer drill. This compact hammer drill delivers up to 585 UWO so you can maintain productivity in tight areas. Battery & charger sold separately.,Our shortest 20V MAX* hammer drill - at 6.5 in. (tool head length only) to access hard to reach areas,"Get up to 14% more power- and up to 1,650 rpms for a variety of drilling applications",1/2 in. Metal chuck with high bit retention,"Unlock power in a compact size - with 585 UWO"" and up to 28,050 bpms to tackle tough jobs in tight spaces",Illuminate workspaces - using the on-tool LED work light,,,,,,,,,,,,,,,,,,,,(1) DCD799 1/2 in Hammer Drill and (1) Belt Hook,Hammer Drill,Series,MAX Atomic™ Compact Series,,Tool/Kit,Tool,,Torque Rating,,,Chuck Size,1/2,in,Chuck Type,Keyless,,Chuck Material,Metal,,Blows per Minute,0 to 28050,bpm,No Load Speed,1650,rpm,Voltage Rating,18,V,Battery Type,MAX Atomic™,,Battery Capacity,,,Speed Setting,2,,Housing Material,,,Housing Color,,,Switch Type,"Forward/Reverse Control Button, Trigger",,Handle Type,Main,,Handle Material,,,Handle Color,,,Sound Level,,,Overall Length,7.1,in,Overall Width,2.93,in,Overall Depth,8.38,in,Additional Information,Brushless Motor,,,,,,,,,,,,,,,,,,,,,,,,,,,,,,,,,,,,,,,,,,,,,,,,,,,,,,,,,,,,,,,,,,,,,,,,,,,,,,,,,,,885911812085,,,,3 Year Limited,,,,,,,,,,,,,,,DeWALT_DCD799B.jpg,DeWALT_DCD799B_1.jpg,DeWALT_DCD799B_2.jpg,DeWALT_DCD799B_3.jpg,DeWALT_DCD799B_4.jpg,,,,,,DeWALT_DCD799B_Instruction_Installation_Manual.pdf,,,,,,,,,,,,,,,,,Yes
https://www.dewalt.com/en-us/product/dcn930b/20v-max-xr-brushless-30deg-paper-collated-framing-nailer-tool-only,,,,,,22093721,Tools,Cordless Power Tools,Nailers - Staplers,309629,DCN930B,DCN930B Dewalt 20V 30 Degree - Framing Nailer,-- Unbranded --,-- No Unilog Brand --,DEWALT,Black & Decker/dewlt (2585),Stanley Black & Decker,DeWALT®,,DCN930B,,Tools & Equipment>Power Tools>Power Fastening Tools>Power Nailers>Cordless Nailers,"Stanley Black & Decker DeWALT, Framing Nailer, MAX XR Series, DCN930B, 20V",NAILER FRAMING TOOL 2-STP 2 TO 3-1/2IN,"DeWALT® MAX XR® Series DCN930B Framing Nailer, Tool/Kit: Tool, 2-Strip Nail, 2 to 3-1/2 in L Nail, Strip Magazine","DeWALT® Framing Nailer, MAX XR® Series, Tool, 2-Strip Nail Capacity, 2 to 3-1/2 in Nail Length, 0.113 to 0.131 in Nail Diameter, 30 ga Nail Gauge, Clipped, Full Round, Full Round Offset Nail Head Style, Strip Magazine Style, 30 deg Magazine Angle, Side Magazine Loading, Bump, Sequential, 20 V, MAX XR® Lithium-Ion Battery, 5 Ah Battery, Lock‑Off, Trigger Switch, Main Handle, 15.13 in Overall Length, 14.81 in Overall Width, 6 in Overall Depth, Additional Information: Brushless Motor, Paper Collation Type, 530 sq-ft per Charge Framing Capacity","MAX XR® Series Framing Nailer, Tool/Kit: Tool, 2-Strip Nail, 2 to 3-1/2 in L Nail, Strip Magazine, 30 deg Magazine","Complete a wide variety of framing jobs with the DEWALT® 20V MAX* brushless cordless 30 deg paper collated framing nailer. Designed to help minimize downtime between shots with an innovative flywheel that stays active for 6 seconds after the trigger is released, this lightweight cordless nailer removes the need for hoses and compressors. Install up to 530 sqft of subflooring per charge and complete up to 100 ft. Of wall framing per charge"" with this next-generation tool that delivers powerful performance in a wide range of applications. Battery & charger sold separately.",Cordless convenience - pneumatic framing pros can save up to 20 min. Daily in setup and clean-up time by switching from a pneumatic nailer to a DEWALT® cordless framing nailer,Lightweight design - lighten your load on tough jobs with this tool that weighs only 8.65 lbs. (Tool Only),"Innovative nose design - align, grip, and drive nails at aggressive angles with the redesigned nose specifically built for ""toe-nailing""u009D applications",Help minimize downtime - help minimize time between shots with active flywheel technology in rapid sequential mode eliminating ramp-up time between shots,Quick setup - show-up and get right to work with this cordless nailer requiring no compressors or hoses,Simplify inventory management - track and manage this chip-ready tool in the Tool Connect system (chip sold separately),Nail capacity - take on tough jobs with up to a 3-1/2 in. Nail capacity,On-site serviceability - limit maintenance delays with field serviceable springs and driver blade,Compatible with extended magazine (dzn920) - hold 2 strips of nails using an optional extended magazine (dzn920) constructed from high-grade magnesium (magazine sold separately),"Help maximize productivity - install up to 530 sqft of subflooring per charge and complete up to 100 ft. Of wall framing per charge""",,,,,,,,,,,,,,,"(1) Nailer, (1) Belt Hook and Screw, (1) No-Mar Tip, (1) Manual and (1) Hex Wrench",Framing Nailer,Series,MAX XR® Series,,Tool/Kit,Tool,,Nail Capacity,2-Strip,,Nail Length,2 to 3-1/2,in,Nail Diameter,0.113 to 0.131,in,Nail Gauge,30,ga,Nail Head Style,"Clipped, Full Round, Full Round Offset",,Magazine Style,Strip,,Magazine Angle,30,deg,Magazine Loading Type,Side,,Firing/Actuation Type,"Bump, Sequential",,Fastening Rate,,,Voltage Rating,20,V,Battery Type,MAX XR® Lithium-Ion,,Battery Capacity,5,Ah,Speed Rating,,,Housing Material,,,Housing Color,,,Switch Type,"Lock‑Off, Trigger",,Handle Type,Main,,Handle Material,,,Handle Color,,,Sound Level,,,Overall Length,15.13,in,Overall Width,14.81,in,Overall Depth,6,in,Additional Information,"Brushless Motor, Paper Collation Type, 530 sq-ft per Charge Framing Capacity",,,,,,,,,,,,,,,,,,,,,,,,,,,,,,,,,,,,,,,,,,,,,,,,,,,,,,,,,,,,,,,,,,,,,,,885911814683,,,,3 Year Limited,,,,,,,,,,,,,,,DeWALT_DCN930B.jpg,DeWALT_DCN930B_1.jpg,DeWALT_DCN930B_2.jpg,DeWALT_DCN930B_3.jpg,DeWALT_DCN930B_4.jpg,,,,,,DeWALT_DCN930B_Instruction_Installation_Manual.pdf,,,,,,,,,,,,,,,,,Yes
https://www.dewalt.com/en-us/product/dcn930p1/20v-max-brushless-cordless-30deg-paper-tape-framing-nailer-kit,,,,,,22093722,Tools,Cordless Power Tools,Nailers - Staplers,314852,DCN930P1,DCN930P1 Dewalt 20V 30 Degree - Framing Nailer Kit,-- Unbranded --,-- No Unilog Brand --,DEWALT,Black & Decker/dewlt (2585),Stanley Black & Decker,DeWALT®,,DCN930P1,,Tools & Equipment>Power Tools>Power Fastening Tools>Power Nailers>Cordless Nailers,"Stanley Black & Decker DeWALT, Cordless Framing Nailer Kit, MAX Series, DCN930P1",KIT NAILER FRAMING CORDLESS KIT 2-STP,"DeWALT® MAX Series DCN930P1 Cordless Framing Nailer Kit, Tool/Kit: Kit, 2-Strip Nail, 2 to 3-1/2 in L Nail, 20 V, 5 Ah","DeWALT® Cordless Framing Nailer Kit, MAX Series, Kit, 2-Strip Nail Capacity, 2 to 3-1/2 in Nail Length, 0.113 to 0.131 in Nail Diameter, 30 ga Nail Gauge, Clipped, Full Round, Full Round Offset Nail Head Style, Strip Magazine Style, 30 deg Magazine Angle, Side Magazine Loading, Bump, Sequential, 20 V, MAX Lithium-Ion Battery, 5 Ah Battery, Lock‑Off, Trigger Switch, Main Handle, 17.63 in Overall Length, 17.17 in Overall Width, 7 in Overall Depth, Additional Information: Brushless Motor, Paper Collation Type, 530 sq-ft per Charge Framing Capacity","MAX Series Cordless Framing Nailer Kit, Tool/Kit: Kit, 2-Strip Nail, 2 to 3-1/2 in L Nail, Strip Magazine, 20 V, 5 Ah","Complete a wide variety of framing jobs with the DEWALT® 20V MAX* brushless cordless 30 deg paper collated framing nailer kit. Designed to help minimize downtime between shots with an innovative flywheel that stays active for 6 seconds after the trigger is released, this lightweight cordless nailer removes the need for hoses and compressors. Install up to 530 sqft of sublooring per charge and complete up to 100 ft. Of wall framing per charge"" with this next-generation tool that delivers powerful performance in a wide range of applications.",Cordless convenience - pneumatic framing pros can save up to 20 min. Daily in setup and clean-up time by switching from a pneumatic nailer to a DEWALT® cordless framing nailer,"Help maximize productivity - install up to 530 sq. Ft. Of subflooring per charge and complete up to 100 ft. Of wall framing per charge""",Powerful performance - finish a wide-range of applications with an powerful brushless motor,"Up to 72% more sub-flush"" "" - drive nails up to 72% more sub-flush than previous generation",High-strength magnesium magazine - high- strength magnesium magazine for durability,Lightweight design - lighten your load on tough jobs with this tool that weighs only 8.65 lbs. (Tool Only),"Innovative nose design - align, grip, and drive nails at aggressive angles with the redesigned nose specifically built for ""toe-nailing""u009D applications",Help minimize downtime - help minimize time between shots with active flywheel technology in rapid sequential mode eliminating ramp-up time between shots,Quick setup - show-up and get right to work with this cordless nailer requiring no compressors or hoses,Simplify inventory management - track and manage this chip-ready tool in the Tool Connect system (chip sold separately),,,,,,,,,,,,,,,"(1) Nailer, (1) DCB205 Battery, (1) DCB1104 Charger, (1) Belt Hook and Screw, (1) No-Mar Tip, (1) Manual, (1) Hex Wrench and (1) Soft Bag",Cordless Framing Nailer Kit,Series,MAX Series,,Tool/Kit,Kit,,Nail Capacity,2-Strip,,Nail Length,2 to 3-1/2,in,Nail Diameter,0.113 to 0.131,in,Nail Gauge,30,ga,Nail Head Style,"Clipped, Full Round, Full Round Offset",,Magazine Style,Strip,,Magazine Angle,30,deg,Magazine Loading Type,Side,,Firing/Actuation Type,"Bump, Sequential",,Fastening Rate,,,Voltage Rating,20,V,Battery Type,MAX Lithium-Ion,,Battery Capacity,5,Ah,Speed Rating,,,Housing Material,,,Housing Color,,,Switch Type,"Lock‑Off, Trigger",,Handle Type,Main,,Handle Material,,,Handle Color,,,Sound Level,,,Overall Length,17.63,in,Overall Width,17.17,in,Overall Depth,7,in,Additional Information,"Brushless Motor, Paper Collation Type, 530 sq-ft per Charge Framing Capacity",,,,,,,,,,,,,,,,,,,,,,,,,,,,,,,,,,,,,,,,,,,,,,,,,,,,,,,,,,,,,,,,,,,,,,,885911901628,,,,3 Year Limited,,,,,,,,,,,,,,,DeWALT_DCN930P1.jpg,DeWALT_DCN930P1_1.jpg,DeWALT_DCN930P1_2.jpg,DeWALT_DCN930P1_3.jpg,DeWALT_DCN930P1_4.jpg,,,,,,DeWALT_DCN930P1_Instruction_Installation_Manual.pdf,,,,,,,,,,,,,,,,,Yes
https://makitatools.com/products/details/XNB04Z,,,,,,25286046,Tools,Cordless Power Tools,Nailers - Staplers,1516042,XNB04Z,"XNB04Z Makita 18V 2"" Brad Nailer 18GA (Bare)",-- Unbranded --,-- No Unilog Brand --,-- No DIB Brand --,Makita Usa Inc (5142),Makita,Makita®,,XNB04Z,,Tools & Equipment>Power Tools>Power Fastening Tools>Power Nailers>Cordless Nailers,"Makita, Brushless Cordless Nailer, LXT Series, XNB04Z, Tool/Kit: Tool, 18V",NAILER CORDLESS BRUSHLESS TOOL 110 STP,"Makita® LXT Series XNB04Z Brushless Cordless Nailer, Tool/Kit: Tool, 110 Nail, 5/8 to 2 in L Nail, Strip Magazine","Makita® Brushless Cordless Nailer, LXT Series, Tool, 110 Nail Capacity, 5/8 to 2 in Nail Length, 18 ga Nail Gauge, Brad Nail Head Style, Strip Magazine Style, Rear Magazine Loading, Bump, Selectable, Sequential, 18 V, LXT Lithium-Ion Battery, 2 Ah, 5 Ah Battery, Selector Switch, Ergonomic, Soft Grip Handle, Rubber Handle, 9-11/16 in Overall Length, 3-3/4 in Overall Width, 11-7/8 in Overall Depth, Additional Information: 4250 Nails with 5 Ah Battery, 1700 Nails with 2 Ah Battery","LXT Series Brushless Cordless Nailer, Tool/Kit: Tool, 110 Nail, 5/8 to 2 in L Nail, Strip Magazine, 18 V, 2 Ah, 5 Ah","The 18V LXT® 2"" Brad Nailer, 18 Gauge (XNB04) delivers class-leading cordless performance with up to 2x faster nailing speeds* and can powerfully drive nails sub-flush in both hardwood and softwood applications. The 2"" Brad Nailer features a slim nose design that allows easy nailing access in confined areas and assists with accurate nail placement. The XNB04 features an ultra-compact ergonomic design and weighs only 6.1 lbs. with battery for improved maneuverability (battery sold separately). It is equipped with an anti-dry fire mechanism engineered to help prevent driving blanks. The 2"" Brad Nailer features a two-mode selector switch that allows the operator to select sequential nailing or bump fire options. The Brad Nailer features a ""tool-less"" depth adjustment engineered for more precise flush and countersink nailing. The XNB04 is engineered to drive the most nails per charge in its class; up to 4,250 nails per charge with a 5.0Ah battery and 1,700 nails with a 2.0Ah 18V LXT® battery. (batteries sold separately). It drives a range of 18-gauge brad nails from 5/8"" to 2"" with a magazine capacity of up to 110 nails. It features a ""tool-less"" easy to clear nose for fast nail extraction. The 2"" Brad Nailer features a non-marring rubber nose and bumpers protect the wood surface from being scratched or damaged and includes two removable no-mar tips with convenient on-tool storage. Convenience features include a built-in L.E.D. light illuminates the work area, a belt hook that secures the tool when not in use, and an ergonomically designed handle with rubberized soft grip provides increased comfort. The Brad Nailer was engineered to be cordless for increased convenience to eliminate the need for a compressor and air hose, giving the user greater mobility for a variety of applications. It's part of Makita's expanding 18V LXT® System, the world's largest cordless tool system powered by 18V lithium-ion slide-style batteries. Makita® 18V LXT® Lithium-Ion Batteries have the fastest charge times in their categories, so they spend more time working and less time sitting on the charger. For improved tool performance and extended battery life, Makita created Star Protection Computer Controls™. Star Protection is communication technology that allows the Star Protection-equipped tool and battery to exchange data in real time and monitor conditions during use to protect against overloading, over-discharging and overheating. For increased versatility, the tool can also be powered by Makita® 18V LXT® Lithium-Ion Batteries with the star symbol on the battery indicating Star Protection inside.",Delivers class-leading cordless performance with up to 2X faster nailing speeds*,Powerfully drives nails sub-flush in both hardwood and softwood,Slim nose design allows easy nailing access in confined areas and accurate nail placement,Ultra compact ergonomic design up to 17% lighter;* weighs only 6.1 lbs. with battery for improved maneuverability (battery not included),"Drives the most nails per charge in its class; up to 4,250 nails per charge with a 5.0Ah battery and 1,700 nails with a 2.0Ah 18V LXT® battery.","""Tool-less"" easy to clear nose for fast and easy nail extraction","Easy to use ""tool-less"" depth adjustment dial for more precise flush and countersink nailing","Drives a range of 18 gauge brad nails from 5/8"" to 2""; magazine capacity up to 110 nails",Non-marring rubber nose and bumpers protect the wood surface from being scratched or damaged,2-mode selector switch allows operator to select sequential nailing or bump fire options,Built-in L.E.D. light illuminates the work area,Belt hook secures the tool when not in use,Ergonomically designed handle with rubberized soft grip provides increased comfort,Anti-dry fire mechanism engineered to help prevent driving blanks,Cordless for increased convenience; eliminates the need for a compressor and air hose,Includes two removable no-mar tips with convenient on-tool storage,"Equipped with Star Protection Computer Controls™ to protect against overloading, over-discharging and over-heating",Compatible with Makita 18V Lithium-Ion batteries with a Star symbol,"3-year limited warranty on tool, battery and charger",Only use genuine Makita batteries and chargers,,,,,(1) 346449-3 Belt Clip and (1) 422B81-0 No-Mar Tip,Brushless Cordless Nailer,Series,LXT Series,,Tool/Kit,Tool,,Nail Capacity,110,,Nail Length,5/8 to 2,in,Nail Diameter,,,Nail Gauge,18,ga,Nail Head Style,Brad,,Magazine Style,Strip,,Magazine Angle,,,Magazine Loading Type,Rear,,Firing/Actuation Type,"Bump, Selectable, Sequential",,Fastening Rate,,,Voltage Rating,18,V,Battery Type,LXT Lithium-Ion,,Battery Capacity,"2 Ah, 5 Ah",,Speed Rating,,,Housing Material,,,Housing Color,,,Switch Type,Selector,,Handle Type,"Ergonomic, Soft Grip",,Handle Material,Rubber,,Handle Color,,,Sound Level,,,Overall Length,9-11/16,in,Overall Width,3-3/4,in,Overall Depth,11-7/8,in,Additional Information,"4250 Nails with 5 Ah Battery, 1700 Nails with 2 Ah Battery",,,,,,,,,,,,,,,,,,,,,,,,,,,,,,,,,,,,,,,,,,,,,,,,,,,,,,,,,,,,,,,,,,,,,,,197050008169,,,,3 Year Limited,,,,,10.28,in,4.69,in,13.94,in,6.73,lb,,,Makita_XNB04Z.jpg,Makita_XNB04Z_1.jpg,Makita_XNB04Z_2.jpg,Makita_XNB04Z_3.jpg,Makita_XNB04Z_4.jpg,,,,,,Makita_XNB04Z_Instruction_Installation_Manual.pdf,,,,,,,,,,,,,https://www.youtube.com/watch?v=KyiRxV911wI,https://www.youtube.com/watch?v=VNEuknoP83o,,,Yes
https://makitatools.com/products/details/XNB07Z,,,,,,25286132,Tools,Cordless Power Tools,Nailers - Staplers,1516538,XNB07Z,XNB07Z Makita 18V LXT BL 30 Nailer (Bare),-- Unbranded --,-- No Unilog Brand --,-- No DIB Brand --,Makita Usa Inc (5142),Makita,Makita®,,XNB07Z,,Tools & Equipment>Power Tools>Power Fastening Tools>Power Nailers>Cordless Nailers,"Makita, Brushless Cordless Framing Nailer, LXT Series, XNB07Z, Tool/Kit: Tool",NAILER FRAMING CORDLESS BRUSHLESS TOOL,"Makita® LXT Series XNB07Z Brushless Cordless Framing Nailer, Tool/Kit: Tool, 58 Nail, 2 to 3-1/2 in L Nail, 18 V, 6 Ah","Makita® Brushless Cordless Framing Nailer, LXT Series, Tool, 58 Nail Capacity, 2 to 3-1/2 in Nail Length, 0.113 to 0.131 in Nail Diameter, Clipped Nail Head Style, Strip Magazine Style, 30 to 34 deg Magazine Angle, Rear Magazine Loading, Bump, Sequential, 18 V, LXT Lithium-Ion Battery, 6 Ah Battery, Selector Switch, Ergonomic, Soft Grip Handle, Rubber Handle, 12-7/8 in Overall Length, 7-3/8 in Overall Width, 14-1/8 in Overall Depth, Additional Information: 1000 Nails per Charge","LXT Series Brushless Cordless Framing Nailer, Tool/Kit: Tool, 58 Nail, 2 to 3-1/2 in L Nail, Strip Magazine, 18 V","The Makita 18V LXT® 30 deg Clipped Head 3 1/2"" Framing Nailer (XNB07) drives 30 deg clipped head framing nails into dense engineered lumber with the power of a pneumatic nailer. The XNB07 can drive up to 1,000 framing nails on a single charge of an 18V LXT® 6.0Ah battery (battery sold separately). The 30 deg Clipped Head 3 1/2"" Framing Nailer features a two-mode selector switch that allows the operator to select sequential nailing or bump fire options. It features an anti-slip nose for controlled nailing at almost any angle. The Framing Nailer features a ""tool-less"" depth adjustment engineered for more precise flush and countersink nailing. The XNB07 is equipped with an anti-dry fire mechanism engineered to help prevent driving blanks, and the Nailer features a rear lock-and-load magazine with a capacity of 58 nails for maximum efficiency. An accessory for the Nailer is the Extended Capacity Magazine Set (1914P1-6, sold separately), which holds 97 nails for more user productivity. The Framing Nailer Drives 30 deg clipped head framing nails from 2"" to 3-1/2"" in length and .113 to .131 in diameter. It weighs only 11.9 lbs. with an 18V LXT® battery (battery not included) for reduced operator fatigue. Convenience features include a built-in L.E.D. light that illuminates the work area, a belt hook with a retractable extra-wide tool hook that secures the tool when not in use, and an ergonomically designed handle with a rubberized soft grip that provides increased user comfort. It's part of Makita's expanding 18V LXT® System, the world's largest cordless tool system powered by 18V lithium-ion slide-style batteries. Makita® 18V LXT® Lithium-Ion Batteries have the fastest charge times in their categories, so they spend more time working and less time sitting on the charger. For improved tool performance and extended battery life, Makita created Star Protection Computer Controls™. Star Protection is communication technology that allows the Star Protection-equipped tool and battery to exchange data in real time and monitor conditions during use to protect against overloading, over-discharging and overheating. For increased versatility, the tool can also be powered by Makita® 18V LXT® Lithium-Ion Batteries with the star symbol on the battery indicating Star Protection inside.",Drives clipped head nails into dense engineered lumber with power and ease,"Drives up to1,000 framing nails on a single charge (battery not included)*",2-mode selector switch allows operator to select sequential nailing or bump fire options,Anti-slip nose for controlled nailing at an angle,"""Tool-less"" depth adjustment engineered for more precise flush and countersink nailing",Anti-dry fire mechanism engineered to help prevent driving blanks,Weighs only 11.9 lbs. with 18V LXT® battery (battery not included) for reduced operator fatigue,"Rear lock-and-load magazine, with 58 nail capacity for maximum efficiency",Built-in L.E.D. light illuminates the work area,Belt Hook with retractable extra-wide tool hook secures the tool when not in use,Ergonomically designed handle with rubberized soft grip provides increased comfort,"Drives 30 deg clipped head framing nails from 2"" to 3-1/2"" in length and .113 to .131 in diameter",Extended Capacity Magazine Set that holds 97 Nails part no.1914P1-6 available (sold separately),18V LXT® Lithium-Ion 6.0Ah battery BL1860B reaches a full charge in 55 minutes or less (battery sold separately),"Rapid Optimum Charger communicates with the battery's built-in chip throughout the charging process to optimize battery life by actively controlling current, voltage and temperature (battery and charger sold separately)","Equipped with Star Protection Computer Controls™ to protect against overloading, over-discharging and over-heating",Makita technology delivers category-leading charge time so the battery spends more time working and less time sitting on the charger (battery and charger sold separately),Compatible with Makita 18V Lithium-Ion batteries with a Star symbol (battery sold separately),3-year limited warranty,Only use genuine Makita batteries and chargers,,,,,"(1) 4130T1-3 No-Mar Tip, (1) 783202-0 Hex Wrench, (1) 347C14-9 Belt Hook, (1) 141X57-7 Rafter Hook and (1) Tool Case",Brushless Cordless Framing Nailer,Series,LXT Series,,Tool/Kit,Tool,,Nail Capacity,58,,Nail Length,2 to 3-1/2,in,Nail Diameter,0.113 to 0.131,in,Nail Gauge,,,Nail Head Style,Clipped,,Magazine Style,Strip,,Magazine Angle,30 to 34,deg,Magazine Loading Type,Rear,,Firing/Actuation Type,"Bump, Sequential",,Fastening Rate,,,Voltage Rating,18,V,Battery Type,LXT Lithium-Ion,,Battery Capacity,6,Ah,Speed Rating,,,Housing Material,,,Housing Color,,,Switch Type,Selector,,Handle Type,"Ergonomic, Soft Grip",,Handle Material,Rubber,,Handle Color,,,Sound Level,,,Overall Length,12-7/8,in,Overall Width,7-3/8,in,Overall Depth,14-1/8,in,Additional Information,1000 Nails per Charge,,,,,,,,,,,,,,,,,,,,,,,,,,,,,,,,,,,,,,,,,,,,,,,,,,,,,,,,,,,,,,,,,,,,,,,197050009609,,,,3 Year Limited,,,,,17.72,in,7.28,in,21.65,in,11.91,lb,,,Makita_XNB07Z.jpg,Makita_XNB07Z_1.jpg,Makita_XNB07Z_2.jpg,Makita_XNB07Z_3.jpg,Makita_XNB07Z_4.jpg,,,,,,Makita_XNB07Z_Instruction_Installation_Manual.pdf,,,,,,,,,,,,,https://www.youtube.com/watch?v=VNEuknoP83o,,,,Yes
https://www.milwaukeetool.com/products/details/6pc-shockwave-impact-duty-6-magnetic-nut-driver-set/49-66-4567,,,,,,22027279,Tools,Bits and Cutters,Drill - Driver Bit Sets,1513985,49-66-4567,"49-66-4567 Milw 6"" Magnetic - Impact Driver Set 6pc",-- Unbranded --,-- No Unilog Brand --,-- No DIB Brand --,Milwaukee Accessory (4031),Milwaukee Tool,Milwaukee®,,49-66-4567,,Tools & Equipment>Power Tools>Power Fastening Tools>Power Screwdrivers>Power Nut Setters & Bit Holders,"Milwaukee, 6-Piece Impact-Duty Magnetic Nut Driver Set, SHOCKWAVE Series",SET DRVR NUT MAG IMP-DUTY 6-PC HEX 1/4IN,"Milwaukee® SHOCKWAVE™ Series 49-66-4567 6-Piece Impact-Duty Magnetic Nut Driver Set, Hex Drive, 1/4 in Shank, 6 in OAL","Milwaukee® 6-Piece Impact-Duty Magnetic Nut Driver Set, SHOCKWAVE™ Series, 1/4 in, 5/16 in, 3/8 in, 7/16 in, 1/2 in, 9/16 in Drive, Hex Drive, 1/4 in Shank, 6 in Overall Length, ALLOY76™ Steel, Black/Red, For Use With: Impact Drivers, Drill Drivers","SHOCKWAVE™ Series 6-Piece Impact-Duty Magnetic Nut Driver Set, 1/4 in, 5/16 in, 3/8 in, 7/16 in, 1/2 in, 9/16 in Drive",Our SHOCKWAVE™ Impact Duty Magnetic Nut Drivers are engineered with the Most Durable Magnet to withstand heavy-duty applications throughout the life of the nut driver. The magnetic nut driver securely holds screws during application set-up providing unyielding bit engagement. Made from heat-treated CUSTOM ALLOY76™ steel to control hardness for extended bit life. The optimized SHOCK ZONE™ absorbs peak torque and prevents bit breakage. Our magnetic nut drivers feature a chamfered edge for maximum screw-head engagement while the improved hex geometry allows for the best fit and reduced stripping during use. The nut drivers also feature color-coded bands that aid with selecting the right diameter. Designed for use with bit holders in impact drivers and drill drivers.,IMPACT DUTY Magnet prevents magnet loosening over time,Magnetic nut driver holds screws securely during application set-up,Optimized SHOCK ZONE™ absorbs peak torque and prevents breakage,Color-coded bands aid with selecting the right size nut driver,CUSTOM ALLOY76™ Steel is engineered to extend bit life,"6"" Magnetic nut driver allows for extended reach and tight-access applications",Chamfered edge for maximum screw-head engagement,Improved hex geometry for best fit and reduced stripping,Designed for heavy-duty impact applications,Designed for use with Impact Drivers and Drill Drivers,,,,,,,,,,,,,,,,6-Piece Impact-Duty Magnetic Nut Driver Set,Series,SHOCKWAVE™ Series,,Drive Size,"1/4 in, 5/16 in, 3/8 in, 7/16 in, 1/2 in, 9/16 in",,Drive Type,Hex,,Shank Size,1/4,in,Shank Type,,,Overall Length,6,in,Material,ALLOY76™ Steel,,Finish,,,Color,Black/Red,,Suitable For Use With,"Impact Drivers, Drill Drivers",,Additional Information,,,,,,,,,,,,,,,,,,,,,,,,,,,,,,,,,,,,,,,,,,,,,,,,,,,,,,,,,,,,,,,,,,,,,,,,,,,,,,,,,,,,,,,,,,,,,,,,,,,,,,,,,,,,,,,,,,,,,,,,,,,,,,,,,,,,,,,,,,,Milwaukee_49_66_4567.jpg,Milwaukee_49_66_4567_1.jpg,Milwaukee_49_66_4567_2.jpg,Milwaukee_49_66_4567_3.jpg,Milwaukee_49_66_4567_4.jpg,,,,,,,,,,,,,,,,,,,,,,,Yes
https://makitatools.com/products/details/XTS02Z,,,,,,25286047,Tools,Cordless Power Tools,Nailers - Staplers,1516043,XTS02Z,"XTS02Z Makita 18V 1/4"" Narrow Crown Stapler 18GA",-- Unbranded --,-- No Unilog Brand --,-- No DIB Brand --,Makita Usa Inc (5142),Makita,Makita®,,XTS02Z,,Tools & Equipment>Power Tools>Power Fastening Tools>Power Staplers & Riveters>Cordless Staplers,"Makita, Brushless Cordless Stapler, LXT Series, XTS02Z, Tool/Kit: Tool, 18V",STAPLER CORDLESS BRUSHLESS TOOL 110 18V,"Makita® LXT Series XTS02Z Brushless Cordless Stapler, Tool/Kit: Tool, 110 Staple, 3/8 to 1-1/2 in L Stable Leg, 18 V","Makita® Brushless Cordless Stapler, LXT Series, Tool, 110 Staple, 3/8 to 1-1/2 in Stable Leg Length, 1/4 in Staple Width, Narrow Crown Staple, 18 ga, Sequential, Contact, 18 V, LXT Lithium-Ion Battery, 2 Ah, 5 Ah Battery, Selector Switch, Soft Grip Handle, Rubber Handle, 9-11/16 in Overall Length, 3-3/4 in Overall Width, 11-1/8 in Overall Depth","LXT Series Brushless Cordless Stapler, Tool/Kit: Tool, 110 Staple, 3/8 to 1-1/2 in L Stable Leg, Narrow Crown Staple","The 18V LXT® 1/4"" Narrow Crown Stapler, 18 Ga., (XTS02) delivers class-leading cordless performance with up to 1.25x faster stapling speeds*. It can powerfully drive staples sub-flush in both hardwood and softwood. The 1/4"" Narrow Crown Stapler features a slim nose design that allows easy nailing access in confined areas and assists with accurate nail placement. It features an ultra-compact ergonomic design and weighs only 6.3 lbs. with battery for improved maneuverability (battery sold separately). It is equipped with an anti-dry fire mechanism engineered to help prevent driving blanks. The XTS02 features a two-mode selector switch that allows the operator to select sequential nailing or bump fire options. It features a ""tool-less"" depth adjustment engineered for more precise flush and countersink nailing. The XTS02 is engineered to drive the most staples per charge in its class; up to 4,500 staples per charge with a 5.0Ah battery and 1,800 staples with a 2.0Ah 18V LXT® battery (batteries sold separately). It drives a range of 18 gauge 1/4"" narrow crown staples from 3/8"" to 1-1/2"", with a magazine capacity up to 110 staples. It features a ""tool-less"" easy to clear nose for fast nail extraction. The 1/4"" Narrow Crown Stapler features a non-marring rubber nose and bumpers protect the wood surface from being scratched or damaged and includes two removable no-mar tips with convenient on-tool storage. Convenience features include a built-in L.E.D. light illuminates the work area, a belt hook that secures the tool when not in use, and an ergonomically designed handle with rubberized soft grip provides increased comfort. The Brad Nailer was engineered to be cordless for increased convenience to eliminate the need for a compressor and air hose, giving the user greater mobility for a variety of applications. It's part of Makita's expanding 18V LXT® System, the world's largest cordless tool system powered by 18V lithium-ion slide-style batteries. Makita® 18V LXT® Lithium-Ion Batteries have the fastest charge times in their categories, so they spend more time working and less time sitting on the charger. For improved tool performance and extended battery life, Makita created Star Protection Computer Controls™. Star Protection is communication technology that allows the Star Protection-equipped tool and battery to exchange data in real time and monitor conditions during use to protect against overloading, over-discharging and overheating. For increased versatility, the tool can also be powered by Makita® 18V LXT® Lithium-Ion Batteries with the star symbol on the battery indicating Star Protection inside.",Delivers class-leading cordless performance with up to 1.25x faster stapling speeds*,Powerfully drives staples sub-flush in both hardwood and softwood,Slim nose design allows easy stapling access in confined areas and accurate staple placement,Ultra compact ergonomic design up to 4% lighter;* weighs only 6.3 lbs. with battery for improved maneuverability (battery not included),"Drives the most staples per charge in its class; up to 4,500 staples per charge with a 5.0Ah battery and 1,800 staples with a 2.0Ah 18V LXT® battery.","Easy to use ""tool-less"" depth adjustment dial for more precise flush and countersink stapling","Drives a range of 18 gauge 1/4"" narrow crown staples from 3/8"" to 1-1/2""; magazine capacity up to 110 staples",Non-marring rubber nose and bumpers protect the wood surface from being scratched or damaged,2-mode selector switch allows operator to select sequential stapling or bump fire options,Built-in L.E.D. light illuminates the work area,Belt hook secures the tool when not in use,Ergonomically designed handle with rubberized soft grip provides increased comfort,Anti-dry fire mechanism engineered to help prevent driving blanks,Includes two removable no-mar tips with convenient on-tool storage,"Equipped with Star Protection Computer Controls™ to protect against overloading, over-discharging and over-heating",Compatible with Makita 18V Lithium-Ion batteries with a Star symbol,3-year limited warranty,Only use genuine Makita batteries and chargers,,,,,,,(1) 346449-3 Belt Clip and (1) 422B94-1 No‑Mar Tip,Brushless Cordless Stapler,Series,LXT Series,,Tool/Kit,Tool,,Staple Capacity,110,,Stable Leg Length,3/8 to 1-1/2,in,Staple Width,1/4,in,Staple Type,Narrow Crown,,Staple Gauge,18,ga,Firing/Actuation Type,"Sequential, Contact",,Voltage Rating,18,V,Battery Type,LXT Lithium-Ion,,Battery Capacity,"2 Ah, 5 Ah",,Speed Rating,,,Housing Material,,,Housing Color,,,Switch Type,Selector,,Handle Type,Soft Grip,,Handle Material,Rubber,,Handle Color,,,Sound Level,,,Overall Length,9-11/16,in,Overall Width,3-3/4,in,Overall Depth,11-1/8,in,Additional Information,,,,,,,,,,,,,,,,,,,,,,,,,,,,,,,,,,,,,,,,,,,,,,,,,,,,,,,,,,,,,,,,,,,,,,,,,,,,,,,,,,,,197050009036,,,,3 Year Limited,,,,,4.45,in,11.14,in,12.91,in,6.59,lb,,,Makita_XTS02Z.jpg,Makita_XTS02Z_1.jpg,Makita_XTS02Z_2.jpg,Makita_XTS02Z_3.jpg,Makita_XTS02Z_4.jpg,,,,,,Makita_XTS02Z_Instruction_Installation_Manual.pdf,,,,,,,,,,,,,https://www.youtube.com/watch?v=VNEuknoP83o,,,,Yes
https://www.dewalt.ca/product/dcf809d1/atomic-compact-series-20v-max-14-brushless-cordless-compact-impact-driver-kit?tid=,,,,,,22093655,Tools,Cordless Power Tools,3pc Kit,389170,DCF809D1,"DCF809D1 Dewalt Atomic 20V 1/4"" Impact Driver Kit",-- Unbranded --,-- No Unilog Brand --,DEWALT,Black & Decker/dewlt (2585),Stanley Black & Decker,DeWALT®,,DCF809D1,,Tools & Equipment>Power Tools>Power Fastening Tools>Power Wrenches & Ratchets>Cordless Impact Drivers,"Stanley Black & Decker DeWALT, Cordless Compact Impact Driver Kit, DCF809D1",KIT DRVR IMP COMPACT CORDLESS KIT 1/4IN,"DeWALT® Atomic™ Compact Series DCF809D1 Cordless Compact Impact Driver Kit, Tool/Kit: Kit, 1/4 in Drive, 1700 in-lb","DeWALT® Cordless Compact Impact Driver Kit, Atomic™ Compact Series, Kit, 1/4 in Drive, Hex, Quick-Release Drive, 1700 in-lb Torque, 0 to 3200 ipm, 20 V, MAX Atomic™ Lithium-Ion Battery, 2 Ah Battery, 0 to 2800 rpm, Variable Speed Setting, Yellow Housing, Trigger Switch, Ergonomic Handle, 9.57 in Overall Length, 3.82 in Overall Width, 11.97 in Overall Depth, Additional Information: 5.1 in L Tool","Atomic™ Compact Series Cordless Compact Impact Driver Kit, Tool/Kit: Kit, 1/4 in Drive, He, Quick-Release Drive, 20 V","Complete jobs in compact spaces with the ATOMIC COMPACT SERIES™ 20V MAX* Brushless 1/4 in. Compact Impact Driver. At only 5.1 in. long (front to back), this Impact Driver delivers up to 1,700 in-lbs. of torque. For user convenience, this kit includes a 20V MAX* 2Ah Battery. a charger, and a durable storage bag for portability on the jobsite.",Only 5.1 in. in length to fit in tight spaces,1700 in-lbs of torque delivering the power you need to get a majority of applications done,Variable speed trigger allows for control and precision on delicate work surfaces,Brushless motor for efficient performance and runtime,3 bright LEDs for dimly lit workspaces,,,,,,,,,,,,,,,,,,,,"(1) DCF809 Atomic Compact Series™ 20 V MAX 1/4 in Brushless Cordless Compact Impact Driver, (1) DCB203 20 V MAX Battery, (1) DCB107 Charger and (1) Belt Clip",Cordless Compact Impact Driver Kit,Series,Atomic™ Compact Series,,Tool/Kit,Kit,,Drive Size,1/4,in,Drive Type,"Hex, Quick-Release",,Torque Rating,1700,in-lb,Impacts per Minute,0 to 3200,ipm,Voltage Rating,20,V,Battery Type,MAX Atomic™ Lithium-Ion,,Battery Capacity,2,Ah,Speed Rating,0 to 2800,rpm,Speed Setting,Variable,,Housing Material,,,Housing Color,Yellow,,Switch Type,Trigger,,Handle Type,Ergonomic,,Handle Material,,,Handle Color,,,Sound Level,,,Overall Length,9.57,in,Overall Width,3.82,in,Overall Depth,11.97,in,Additional Information,5.1 in L Tool,,,,,,,,,,,,,,,,,,,,,,,,,,,,,,,,,,,,,,,,,,,,,,,,,,,,,,,,,,,,,,,,,,,,,,,,,,,,,,,,,,,,,,,,,,3 Year Limited,,,,,,,,,,,,,,,DeWALT_DCF809D1.jpg,DeWALT_DCF809D1_1.jpg,DeWALT_DCF809D1_2.jpg,DeWALT_DCF809D1_3.jpg,DeWALT_DCF809D1_4.jpg,,,,,,,,,,,,,,,,,,,,,,,Yes
https://www.milwaukeetool.com/products/details/m18-fuel-surge-1-4-hex-hydraulic-driver-kit/2761-22,,,,,,24747354,Tools,Cordless Power Tools,2pc Kit,1517443,2761-22,2761-22 Milw M18 Surge Kit,-- Unbranded --,-- No Unilog Brand --,-- No DIB Brand --,Milwaukee Accessory (4031),Milwaukee Tool,Milwaukee®,,2761-22,,Tools & Equipment>Power Tools>Power Fastening Tools>Power Wrenches & Ratchets>Cordless Impact Drivers,"Milwaukee, Hydraulic Driver Kit, M18 Fuel SURGE Series, 2761-22, 1/4in Drive",KIT DRVR HC KIT 1/4IN HEX 1000IN-LB 18V,"Milwaukee® M18 Fuel™ SURGE™ Series 2761-22 Hydraulic Driver Kit, Tool/Kit: Kit, 1/4 in Drive, Hex Drive, 1000 in-lb","Milwaukee® Hydraulic Driver Kit, M18 Fuel™ SURGE™ Series, Kit, 1/4 in Drive, Hex Drive, 1000 in-lb Torque, 0 to 6300 ipm, 18 V, M18™ Battery, 5 Ah Battery, 0 to 3200 rpm, 3 Speed Setting, Black/Red Housing, Trigger Switch, 4.33 in Overall Length, 2.46 in Overall Width, 7.78 in Overall Depth","M18 Fuel™ SURGE™ Series Hydraulic Driver Kit, Tool/Kit: Kit, 1/4 in Drive, Hex Drive, 1000 in-lb, 0 to 6300 ipm, 18 V","Our new M18 FUEL™ SURGE™ 1/4"" Hex Hydraulic Driver has been redesigned from the ground up to significantly increase productivity while maintaining industry-leading reductions in sound and vibration. Optimized for use in occupied spaces and to reduce end user fatigue, the new M18 FUEL™ SURGE™ utilizes a redesigned FLUID-DRIVE™ Hydraulic Powertrain to deliver 50% quieter operation with smoother driving and 3X less vibration compared to standard impact drivers. The second-generation Hydraulic Driver leverages a POWERSTATE™ Brushless Motor to deliver up to 3X faster driving speeds than the previous generation and 1000in-lbs of torque for added capability. REDLINK PLUS™ Intelligence features advanced electronics that provide increased thermal capability for more back-to-back applications and protects the tool from damage caused by overheating. Reducing size to improve access, the new tool is 0.7"" shorter. The second-generation tool also includes Tri-LED lighting for increased workspace visibility. Continuing to lead in sound and vibration reduction, the second-generation M18 FUEL™ SURGE™ 1/4"" Hex Hydraulic Driver now delivers greater speed and capability for increased productivity across a variety of applications.",50% quieter than a standard impact driver,Smoother driving and 3X less vibration than a standard impact driver,Up to 3X faster application speed than the previous generation,FLUID-DRIVE™ Hydraulic Powertrain reduces metal on metal contact within the tool for quieter operation and a smoother driving experience,POWERSTATE™ brushless motor delivers 1000in-lbs of torque,REDLINK PLUS™ provides increased thermal capability and prevents damage to the tool and battery due to overloading or overheating,"Compact size (4.33"") for access in tight spaces",3-MODE DRIVE CONTROL™ provides greater control over speed and power,Tri-LED lighting for maximum workspace visibility,Single handed bit insertion,"Includes: (1) M18 FUEL SURGE 1/4"" Hex Hydraulic Driver (2761-20); (2) M18 REDLITHIUM XC5.0 Extended Capacity Battery Pack (48-11-1850); (1) M18 & M12 Multi-Voltage Charger (48-59-1812); (1) Carrying Case; (1) Belt Clip",Compatible with all M18™ batteries,,,,,,,,,,,,,"(1) 2761-20 M18 FUEL™ SURGE™ 1/4 in Hex Hydraulic Driver, (2) 48-11-1850 M18™ Redlithium™ XC5.0 Extended Capacity Battery Pack, (1) 48-59-1812 M18™ and M12™ Multi-Voltage Charger, (1) Carrying Case and (1) Belt Clip",Hydraulic Driver Kit,Series,M18 Fuel™ SURGE™ Series,,Tool/Kit,Kit,,Drive Size,1/4,in,Drive Type,Hex,,Torque Rating,1000,in-lb,Impacts per Minute,0 to 6300,ipm,Voltage Rating,18,V,Battery Type,M18™,,Battery Capacity,5,Ah,Speed Rating,0 to 3200,rpm,Speed Setting,3,,Housing Material,,,Housing Color,Black/Red,,Switch Type,Trigger,,Handle Type,,,Handle Material,,,Handle Color,,,Sound Level,,,Overall Length,4.33,in,Overall Width,2.46,in,Overall Depth,7.78,in,Additional Information,,,,,,,,,,,,,,,,,,,,,,,,,,,,,,,,,,,,,,,,,,,,,,,,,,,,,,,,,,,,,,,,,,,,,,,,,,,,,,,,,,,,,,,,,,,"5 Year on Tool, 3 Year on Battery",,,,,,,,,,,,,,,Milwaukee_2761_22.jpg,Milwaukee_2761_22_1.jpg,Milwaukee_2761_22_2.jpg,Milwaukee_2761_22_3.jpg,Milwaukee_2761_22_4.jpg,,,,,,,,,,,,,,,,,,,,,,,Yes
https://www.milwaukeetool.com/products/details/m12-fuel-3-8-subcompact-impact-wrench-w-friction-ring/3049-20,,,,,,22026082,Tools,Cordless Power Tools,Drills - Drivers,1516125,3049-20,"3049-20 Milw M12 3/8"" Impact Wrench w/Friction Ring",-- Unbranded --,-- No Unilog Brand --,-- No DIB Brand --,Milwaukee Accessory (4031),Milwaukee Tool,Milwaukee®,,3049-20,,Tools & Equipment>Power Tools>Power Fastening Tools>Power Wrenches & Ratchets>Cordless Impact Wrenches,"Milwaukee, Subcompact Impact Wrench, M12 Fuel Series, 3049-20, Tool/Kit: Tool",WRENCH IMP SUBCOMPACT TOOL 3/8IN SQ 12V,"Milwaukee® M12 Fuel™ Series 3049-20 Subcompact Impact Wrench With Friction Ring, Tool/Kit: Tool, 3/8 in Drive, 12 V","Milwaukee® Subcompact Impact Wrench, M12 Fuel™ Series, Tool, 3/8 in Drive, Square Drive, 200 ft-lb Fastening, 225 ft-lb Breakaway, 15 ft-lb Working Torque, 0 to 3600 ipm, 12 V, M12™ Battery, 0 to 3400 rpm, 4 Speed Setting, Black/Red Housing, Lock-Off, Trigger Switch, Rubber Handle, 4-1/2 in Overall Length, 2 in Overall Width, Additional Information: POWERSTATE™ Brushless Motor","M12 Fuel™ Series Subcompact Impact Wrench, Tool/Kit: Tool, 3/8 in Drive, Square Drive, 0 to 3600 ipm, 12 V","Our M12 FUEL™ 3/8"" Subcompact Impact Wrench with Friction Ring delivers the Best Underhood Access for all automotive applications. Measuring 4.5"" in length and 2.0"" in width, this Subcompact Impact Wrench fits into the tightest spots, minimizing the time spent on removing additional components under the hood. The M12 FUEL™ Subcompact Impact Wrench delivers up to 225 ft-lbs of nut-busting torque when paired with our M12™ REDLITHIUM™ HIGH OUTPUT™ CP2.5 Battery Pack while providing up to 30% faster application speeds, maximizing productivity in the shop. This solution excels in both performance and size. Weighing only 1.6 lbs as a bare tool, it is the Lightest Weight in its class, reducing fatigue throughout the workday and fitting into the tightest spaces without additional extensions, swivels, or adapters. Equipped with a Tri-LED work light, it illuminates your work area without casting shadows. The tool has a variable speed trigger with 4-Mode DRIVE CONTROL™, which offers greater precision and customization of power output, including AUTO SHUT-OFF™ that limits torque to 15 ft-lbs for hand-tight applications, preventing overtightening in forward mode. In reverse, the bolt removal mode slows down RPM once the bolt is free, preventing fastener drops in your workspace. Mode changes are effortless with single-handed operation. By shifting the forward-reverse shuttle into neutral and double-tapping the trigger, you can easily switch modes.",Best Underhood Access,Up to 225 ft-lbs of Nut-Busting Torque,Lightest Weight,30% Faster Application Speeds,"Mode 1 RPM: 0-1,150; Mode 2 RPM: 0-2,400; Mode 3 RPM: 0-3,400; Mode 4 RPM: FWD: 0-1,600, REV: 0-3,400 / 0-1,500",Tri-LEDs deliver high definition lighting to increase workspace visibility with less shadows,Variable speed trigger for precise control,4-Mode DRIVE CONTROL™ provides greater control over output speed and power. Includes auto shut-off and bolt-removal mode,Auto shut-off mode prevents over tightening and increases productivity by applying no more than 15 ft-lbs. of torque,Friction ring socket retention system: Reduces downtime on applications involving frequent changing of accessories,Compatible with all M12™ batteries & Chargers,Single-handed mode changes for increased productivity,"Mode 1 IPM: 0 - 1,000; Mode 2 IPM: 0 - 3,400; Mode 3 IPM: 0 - 3,600; Mode 4 IPM: 0 - 3,600",,,,,,,,With Friction Ring,,,,,Subcompact Impact Wrench,Series,M12 Fuel™ Series,,Tool/Kit,Tool,,Drive Size,3/8,in,Drive Type,Square,,Torque Rating,"200 ft-lb Fastening, 225 ft-lb Breakaway, 15 ft-lb Working",,Impacts per Minute,0 to 3600,ipm,Voltage Rating,12,V,Battery Type,M12™,,Battery Capacity,,,Speed Rating,0 to 3400,rpm,Speed Setting,4,,Housing Material,,,Housing Color,Black/Red,,Switch Type,"Lock-Off, Trigger",,Handle Type,,,Handle Material,Rubber,,Handle Color,,,Sound Level,,,Overall Length,4-1/2,in,Overall Width,2,in,Overall Depth,,,Additional Information,POWERSTATE™ Brushless Motor,,,,,,,,,,,,,,,,,,,,,,,,,,,,,,,,,,,,,,,,,,,,,,,,,,,,,,,,,,,,,,,,,,,,,,,,,,,,,,,,,,,,,,,,,,5 Year Limited,,,,,,,,,,,,,,,Milwaukee_3049_20.jpg,Milwaukee_3049_20_1.jpg,Milwaukee_3049_20_2.jpg,Milwaukee_3049_20_3.jpg,Milwaukee_3049_20_4.jpg,,,,,,,,Milwaukee_3048_20_Owners_User_Manual.pdf,,,,,,,,,,,,,,,Yes
https://www.dewalt.com/en-us/product/dcf961b/20v-max-xr-brushless-cordless-12-high-torque-impact-wrench-hog-ring-anvil-tool-only,https://www.dewalt.ca/product/dcf961b/20v-max-xr-12-brushless-high-torque-impact-wrench-hog-ring-anvil-tool-only,,,,,22093671,Tools,Cordless Power Tools,Impacts,350342,DCF961B,"Dewalt DCF961B 20V 1/2"" Impact - Bare Tool",-- Unbranded --,-- No Unilog Brand --,DEWALT,Black & Decker/dewlt (2585),Stanley Black & Decker,DeWALT®,,DCF961B,,Tools & Equipment>Power Tools>Power Fastening Tools>Power Wrenches & Ratchets>Cordless Impact Wrenches,"Stanley Black & Decker DeWALT, Cordless High Torque Impact Wrench, DCF961B",WRENCH IMP TRQ HIGH CORDLESS TOOL 1/2IN,"DeWALT® MAX XR® Series DCF961B Cordless High Torque Impact Wrench With Hog Ring Anvil, Tool/Kit: Tool, 1/2 in Drive","DeWALT® Cordless High Torque Impact Wrench, MAX XR® Series, Tool, 1/2 in Drive, Square Drive, 1200 ft-lb Fastening, 1750 ft-lb Breakaway Torque, 0 to 1890 ipm, 20 V, Lithium-Ion Battery, 0 to 1200 rpm, 3 Speed Setting, Glass Filled Nylon Housing, Black/Yellow Housing, Pushbutton/Trigger Switch, 8.43 in Overall Length, 11 in Overall Width, 4.7 in Overall Depth, Additional Information: Brushless Motor","MAX XR® Series Cordless High Torque Impact Wrench, Tool/Kit: Tool, 1/2 in Drive, Square Drive, 0 to 1890 ipm, 20 V","Complete tough jobs utilizing the power of the 20V MAX* XR® 1/2"" high torque impact wrench. The industry's highest rated MAX torque cordless 1/2"" impact wrench delivers up to 28% more torque when using XR® battery (sold separately), making it ideal heavy-duty applications. This tool features a glass-filled nylon housing to help protect against oils and harmful solvents. Other features such as precision wrench mode, which helps prevent overtightening and fastener run-off, as well as a 4-mode push button switch, to easily change speeds and LED brightness, are included to help maximize efficiency and productivity on the jobsite. Battery sold separately.",The industry's highest rated MAX torque cordless 1/2 in. Impact wrench - delivers 1200 ft-lbs of MAX fastening torque and 1750 ft-lbs of MAX breakaway torque,Get up to 71% more torque - to complete tough fastening applications,3 speed settings and precision wrench mode - to help prevent overtightening and fastening run-off,,,,,,,,,,,,,,,,,,With Hog Ring Anvil,,,,,Cordless High Torque Impact Wrench,Series,MAX XR® Series,,Tool/Kit,Tool,,Drive Size,1/2,in,Drive Type,Square,,Torque Rating,"1200 ft-lb Fastening, 1750 ft-lb Breakaway",,Impacts per Minute,0 to 1890,ipm,Voltage Rating,20,V,Battery Type,Lithium-Ion,,Battery Capacity,,,Speed Rating,0 to 1200,rpm,Speed Setting,3,,Housing Material,Glass Filled Nylon,,Housing Color,Black/Yellow,,Switch Type,Pushbutton/Trigger,,Handle Type,,,Handle Material,,,Handle Color,,,Sound Level,,,Overall Length,8.43,in,Overall Width,11,in,Overall Depth,4.7,in,Additional Information,Brushless Motor,,,,,,,,,,,,,,,,,,,,,,,,,,,,,,,,,,,,,,,,,,,,,,,,,,,,,,,,,,,,,,,,,,,,,,,,,,,,,,,,,,,,,,885911700146,,,,3 Year Limited,,,,,,,,,,,,,,,DeWALT_DCF961B.jpg,DeWALT_DCF961B_1.jpg,DeWALT_DCF961B_2.jpg,DeWALT_DCF961B_3.jpg,DeWALT_DCF961B_4.jpg,,,,,,DeWALT_DCF961B_Instruction_Installation_Manual.pdf,,,,,,,,,,,,,,,,,Yes
https://www.dewalt.com/en-us/product/dcf964b/20v-max-xr-brushless-cordless-34-high-torque-impact-wrench-hog-ring-anvil-tool-only,https://www.dewalt.ca/product/dcf964b/20v-max-xr-brushless-cordless-34-high-torque-impact-wrench-hog-ring-anvil-tool-only,,,,,22093673,Tools,Cordless Power Tools,Impacts,313619,DCF964B,"DCF964B Dewalt 20V 3/4"" Impact - Wrench (Bare)",-- Unbranded --,-- No Unilog Brand --,DEWALT,Black & Decker/dewlt (2585),Stanley Black & Decker,DeWALT®,,DCF964B,,Tools & Equipment>Power Tools>Power Fastening Tools>Power Wrenches & Ratchets>Cordless Impact Wrenches,"Stanley Black & Decker DeWALT, Cordless High Torque Impact Wrench, DCF964B",WRENCH IMP TRQ HIGH CORDLESS TOOL 3/4IN,"DeWALT® MAX XR® Series DCF964B Cordless High Torque Impact Wrench With Hog Ring Anvil, Tool/Kit: Tool, 3/4 in Drive","DeWALT® Cordless High Torque Impact Wrench, MAX XR® Series, Tool, 3/4 in Drive, Square Drive, 1420 ft-lb Fastening, 1900 ft-lb Breakaway Torque, 0 to 1890 ipm, 20 V, Lithium-Ion Battery, 0 to 1200 rpm, 3 Speed Setting, Glass Filled Nylon Housing, Black/Yellow Housing, Pushbutton/Trigger Switch, 8.78 in Overall Length, 11.1 in Overall Width, 4-1/2 in Overall Depth, Additional Information: Brushless Motor","MAX XR® Series Cordless High Torque Impact Wrench, Tool/Kit: Tool, 3/4 in Drive, Square Drive, 0 to 1890 ipm, 20 V","Complete tough jobs utilizing the power of the 20V MAX* XR® 3/4"" high torque impact wrench. Our highest rated MAX torque 3/4"" impact wrench delivers up to 102% more torque, making it ideal for heavy-duty applications. This tool features a glass-filled nylon housing to help protect against oils & harmful solvents. Other features such as precision wrench mode, which helps prevent overtightening and fastener run-off, as well as a 4-mode push button switch, to easily change speeds and LED brightness, are included to help maximize efficiency and productivity on the jobsite. Battery sold separately.","Our highest rated MAX torque cordless 3/4 "" impact wrench - delivers 1420 ft-lbs of MAX fastening torque and 1900 ft-lbs of MAX breakaway torque""",Get up to 102% more torque - to complete tough fastener applications,3 speed settings and precision wrench mode - to help prevent overtightening and fastener run-off,"Combats harsh environments - resist damage from oil, grease, and solvents with oil-resistant tool housing",Operate on-tool LED work light - to illuminate dark workspaces,"Part of our best performing line of 20V MAX* power tools"" - innovative tool technologies designed to deliver certainty for the world's toughest pros",,,,,,,,,,,,,,,With Hog Ring Anvil,,,,,Cordless High Torque Impact Wrench,Series,MAX XR® Series,,Tool/Kit,Tool,,Drive Size,3/4,in,Drive Type,Square,,Torque Rating,"1420 ft-lb Fastening, 1900 ft-lb Breakaway",,Impacts per Minute,0 to 1890,ipm,Voltage Rating,20,V,Battery Type,Lithium-Ion,,Battery Capacity,,,Speed Rating,0 to 1200,rpm,Speed Setting,3,,Housing Material,Glass Filled Nylon,,Housing Color,Black/Yellow,,Switch Type,Pushbutton/Trigger,,Handle Type,,,Handle Material,,,Handle Color,,,Sound Level,,,Overall Length,8.78,in,Overall Width,11.1,in,Overall Depth,4-1/2,in,Additional Information,Brushless Motor,,,,,,,,,,,,,,,,,,,,,,,,,,,,,,,,,,,,,,,,,,,,,,,,,,,,,,,,,,,,,,,,,,,,,,,,,,,,,,,,,,,,,,885911818476,,,,3 Year Limited,,,,,,,,,,,,,,,DeWALT_DCF964B.jpg,DeWALT_DCF964B_1.jpg,DeWALT_DCF964B_2.jpg,DeWALT_DCF964B_3.jpg,DeWALT_DCF964B_4.jpg,,,,,,DeWALT_DCF961B_Instruction_Installation_Manual.pdf,,,,,,,,,,,,,,,,,Yes
https://www.dewalt.com/en-us/product/dcf510b/20v-xr-brushless-38-12-sealed-head-ratchet-tool-only,,,,,,22093649,Tools,Cordless Power Tools,Impacts,333596,DCF510B,Dewalt DCF510B 20V Rachet - Interchangeable Anvil,-- Unbranded --,-- No Unilog Brand --,DEWALT,Black & Decker/dewlt (2585),Stanley Black & Decker,DeWALT®,,DCF510B,,Tools & Equipment>Power Tools>Power Fastening Tools>Power Wrenches & Ratchets>Cordless Ratchet Wrenches,"Stanley Black & Decker DeWALT, Sealed Head Ratchet, MAX XR Series, DCF510B",RATCHET H SLD TOOL 3/8 IN 1/2 IN SQ 20V,"DeWALT® MAX XR® Series DCF510B Sealed Head Ratchet, Tool/Kit: Tool, 3/8 in, 1/2 in Drive, Square Drive, 75 ft-lb","DeWALT® Sealed Head Ratchet, MAX XR® Series, Tool, 3/8 in, 1/2 in Drive, Square Drive, 75 ft-lb Torque, 20 V, MAX Lithium-Ion Battery, 0 to 300 rpm, Variable Speed Setting, Glass Filled Nylon Housing, Black/Yellow Housing, Trigger Switch, Main Handle, 16.73 in Overall Length, 2.91 in Overall Width, 2.99 in Overall Depth, Additional Information: Brushless Motor","MAX XR® Series Sealed Head Ratchet, Tool/Kit: Tool, 3/8 in, 1/2 in Drive, Square Drive, 75 ft-lb, 20 V, 16.73 in OAL","Engineered with the professional in mind, the 20V MAX* XR® 3/8"" & 1/2"" sealed head ratchet has the power, versatility, and durability, needed on the job. This cordless ratchet has a brushless motor that delivers 75 ft-lbs. Of MAX torque and a no-load speed of 0-300 RPM to fasten and remove stubborn nuts and bolts. Maximize versatility with the ability to quickly swap between interchangeable 3/8"" and 1/2"" square drive anvils for a variety of applications, as well as quickly change from forward/reverse for efficient working. The sealed head design and glass-filled nylon tool housing is designed to help prevent damage from automotive oils and solvents found on the job. Brighten your workspace with the integrated LED light and prevent accidental tool activation using the tool's trigger lock. Battery & charger sold separately.","Interchangeable anvil design - provides the ability to quickly swap between 3/8 "" and 1/2 "" square drives",Brushless motor - delivers 75 ft-lbs of MAX torque and 0-300 no-load RPM,Help prevent damage from automotive oils and solvents - with glass-filled nylon tool housing,On-board LED light - helps to illuminate lowlight spaces,Variable speed trigger - helps optimize user speed and control based on application,Forward/reverse switch - allows for efficient working in tight spaces,Trigger lock - helps prevent accidental activation when applied,,,,,,,,,,,,,,,,,,"(1) DCF510 Ratchet, (1) 3/8 in Square Drive and (1) 1/2 in Square Drive",Sealed Head Ratchet,Series,MAX XR® Series,,Tool/Kit,Tool,,Drive Size,"3/8 in, 1/2 in",,Drive Type,Square,,Torque Rating,75,ft-lb,Voltage Rating,20,V,Battery Type,MAX Lithium-Ion,,Battery Capacity,,,Speed Rating,0 to 300,rpm,Speed Setting,Variable,,Housing Material,Glass Filled Nylon,,Housing Color,Black/Yellow,,Switch Type,Trigger,,Handle Type,Main,,Handle Material,,,Handle Color,,,Sound Level,,,Overall Length,16.73,in,Overall Width,2.91,in,Overall Depth,2.99,in,Additional Information,Brushless Motor,,,,,,,,,,,,,,,,,,,,,,,,,,,,,,,,,,,,,,,,,,,,,,,,,,,,,,,,,,,,,,,,,,,,,,,,,,,,,,,,,,,,,,,,,885911738323,,,,3 Year Limited,,,,,,,,,,,,,,,DeWALT_DCF510B.jpg,DeWALT_DCF510B_1.jpg,DeWALT_DCF510B_2.jpg,DeWALT_DCF510B_3.jpg,DeWALT_DCF510B_4.jpg,,,,,,DeWALT_DCF510B_Instruction_Installation_Manual.pdf,,,,,,,,,,,,,,,,,Yes
https://www.milwaukeetool.com/products/details/m12-fuel-1-4-ratchet/3052-20,,,,,,25284480,Tools,Cordless Power Tools,Impacts,321041,3052-20,"3052-20 Milw M12 Fuel 1/4"" Rachet",-- Unbranded --,-- No Unilog Brand --,-- No DIB Brand --,Milwaukee Accessory (4031),Milwaukee Tool,Milwaukee®,,3052-20,,Tools & Equipment>Power Tools>Power Fastening Tools>Power Wrenches & Ratchets>Cordless Ratchet Wrenches,"Milwaukee, Ratchet, M12 Fuel Series, 3052-20, Tool/Kit: Tool, 1/4in Drive",RATCHET TOOL 1/4IN SQ 45FT-LB 12V M12™,"Milwaukee® M12 Fuel™ Series 3052-20 Ratchet, Tool/Kit: Tool, 1/4 in Drive, Square Drive, 45 ft-lb, 12 V, M12™ Battery","Milwaukee® Ratchet, M12 Fuel™ Series, Tool, 1/4 in Drive, Square Drive, 45 ft-lb Torque, 12 V, M12™ Battery, 0 to 550 rpm, Variable Speed Setting, Metal Housing, Trigger Switch, Ergonomic, Contoured Grip Handle, 2.2 in Overall Length, 1.6 in Overall Width, 12 in Overall Depth, Additional Information: 0 to 125 deg F Operating Temperature, POWERSTATE™ Brushless Motor","M12 Fuel™ Series Ratchet, Tool/Kit: Tool, 1/4 in Drive, Square Drive, 45 ft-lb, 12 V, M12™ Battery, 2.2 in OAL","Our M12 FUEL™ 1/4"" Ratchet redefines productivity, capability, & comfort for users looking for the ultimate cordless ratchet to tackle any job. Our new POWERSTATE™ Brushless outer rotor motor delivers the FASTEST CORDLESS RATCHET with 550 RPM & 45 ft-lbs of torque, giving you the ability to remove and install fasteners at a higher rate of speed. This solution also delivers the MOST COMPACT HEAD & BODY SIZE to allow users full body access into tight spaces, maintaining a 3/4"" head profile & at only 1.5 lbs bare tool. The M12 FUEL™ Ratchet provides users UNMATCHED COMFORT with an ergonomic contoured grip & reduces fatigue during a full day of wrenching. It also features a new-to-the-world modular trigger, so users will be able to switch between various button or paddle trigger configurations for customizable comfort. Equipped with a targeted LED work light, battery isolation system, and optimized forward-reverse shuttle, this ratchet tackles core frustrations and delivers uncompromising performance.",550 RPM for fastest application speeds,Up to 45 ft-lbs of max torque,Most Compact head & body size for increased access to tight spaces,Contoured Grip for Unmatched comfort,Modular trigger for personalized grip point - button & paddle cap included,Raised F/R shuttle for easier direction changes,Integrated Grease Port for Self Lubrication,Metal reinforced housing for increased durability,POWERSTATE™ Brushless Outer Rotor Motor for greatest performance,REDLINK PLUS™ intelligence prevents damage to the tool and battery due to overloading or overheating,Bi-directional firmware for consistent breakaway torque,Targeted LED light for greater illumination,Part of the M12™ System featuring 150+ tools,,,,,,,,,ANSI Z87.1 Specified,,,,Ratchet,Series,M12 Fuel™ Series,,Tool/Kit,Tool,,Drive Size,1/4,in,Drive Type,Square,,Torque Rating,45,ft-lb,Voltage Rating,12,V,Battery Type,M12™,,Battery Capacity,,,Speed Rating,0 to 550,rpm,Speed Setting,Variable,,Housing Material,Metal,,Housing Color,,,Switch Type,Trigger,,Handle Type,"Ergonomic, Contoured Grip",,Handle Material,,,Handle Color,,,Sound Level,,,Overall Length,2.2,in,Overall Width,1.6,in,Overall Depth,12,in,Additional Information,"0 to 125 deg F Operating Temperature, POWERSTATE™ Brushless Motor",,,,,,,,,,,,,,,,,,,,,,,,,,,,,,,,,,,,,,,,,,,,,,,,,,,,,,,,,,,,,,,,,,,,,,,,,,,,,,,,,,,,,,,,,,,,,5 Year,,,,,,,,,,,,,,,Milwaukee_3052_20.jpg,Milwaukee_3052_20_1.jpg,Milwaukee_3052_20_2.jpg,Milwaukee_3052_20_3.jpg,Milwaukee_3052_20_4.jpg,,,,,,Milwaukee_3052_20_Instruction_Installation_Manual.pdf,,,,,,,,,,,,,,,,,Yes
https://www.milwaukeetool.com/products/details/m12-fuel-1-2-ratchet/3054-20,,,,,,25284500,Tools,Cordless Power Tools,Impacts,345650,3054-20,"3054-20 Milw M12 1/2"" Ratchet (Bare)",-- Unbranded --,-- No Unilog Brand --,-- No DIB Brand --,Milwaukee Accessory (4031),Milwaukee Tool,Milwaukee®,,3054-20,,Tools & Equipment>Power Tools>Power Fastening Tools>Power Wrenches & Ratchets>Cordless Ratchet Wrenches,"Milwaukee, Ratchet, M12 Fuel Series, 3054-20, Tool/Kit: Tool, 1/2in Drive",RATCHET TOOL 1/2IN SQ 80FT-LB 12V M12™ R,"Milwaukee® M12 Fuel™ Series 3054-20 Ratchet, Tool/Kit: Tool, 1/2 in Drive, Square Drive, 80 ft-lb, 12 V, M12™ Battery","Milwaukee® Ratchet, M12 Fuel™ Series, Tool, 1/2 in Drive, Square Drive, 80 ft-lb Torque, 12 V, M12™ Battery, 0 to 300 rpm, Variable Speed Setting, Metal Housing, Red Housing, Trigger Switch, Contoured Grip Handle, Black Handle, 2.2 in Overall Length, 1.6 in Overall Width, 12.2 in Overall Depth, Additional Information: 0 to 125 deg F Operating Temperature, POWERSTATE™ Brushless Motor","M12 Fuel™ Series Ratchet, Tool/Kit: Tool, 1/2 in Drive, Square Drive, 80 ft-lb, 12 V, M12™ Battery, 2.2 in OAL","Our M12 FUEL™ 1/2"" Ratchet redefines productivity, capability, & comfort for users looking for the ultimate cordless ratchet to tackle any job. Our new POWERSTATE™ Brushless outer rotor motor delivers the BEST COMBINATION OF POWER AND SPEED with 80 ft-lbs of torque to breakaway stubborn fasteners, & 300 RPM to remove and install fasteners at higher rates of speed. This solution also delivers the MOST COMPACT HEAD & BODY SIZE to allow users full body access into tight spaces, maintaining a 3/4"" head profile & at only 1.7 lbs bare tool, without sacrificing durability. The M12 FUEL™ Ratchet provides users UNMATCHED COMFORT with a dedicated contoured grip & reduces fatigue during a full day of wrenching. Also featuring a new to world modular trigger cap, this will allow users to switch between various button or paddle trigger configurations for customizable comfort. Equipped with a targeted LED work light, battery isolation system, and & optimized forward reverse shuttle - this ratchet tackles core user frustrations and delivers uncompromising performance.",Up to 80 ft-lbs of max torque,300 RPM for faster application speeds,Most Compact head & body size for increased access to tight spaces,Contoured Grip for Unmatched comfort,Modular trigger for personalized grip point - button & paddle cap included,Raised F/R shuttle for easier direction changes,Integrated Grease Port for Self Lubrication,Metal reinforced housing for increased durability,POWERSTATE™ Brushless Outer Rotor Motor for greatest performance,REDLINK PLUS™ intelligence prevents damage to the tool & battery due to overloading or overheating,Bi-Directional Motor Firmware for consistent breakaway torque,Targeted LED light for greater illumination,Part of the M12™ System featuring 150+ Tools,,,,,,,,,ANSI Z87.1 Specified,,,,Ratchet,Series,M12 Fuel™ Series,,Tool/Kit,Tool,,Drive Size,1/2,in,Drive Type,Square,,Torque Rating,80,ft-lb,Voltage Rating,12,V,Battery Type,M12™,,Battery Capacity,,,Speed Rating,0 to 300,rpm,Speed Setting,Variable,,Housing Material,Metal,,Housing Color,Red,,Switch Type,Trigger,,Handle Type,Contoured Grip,,Handle Material,,,Handle Color,Black,,Sound Level,,,Overall Length,2.2,in,Overall Width,1.6,in,Overall Depth,12.2,in,Additional Information,"0 to 125 deg F Operating Temperature, POWERSTATE™ Brushless Motor",,,,,,,,,,,,,,,,,,,,,,,,,,,,,,,,,,,,,,,,,,,,,,,,,,,,,,,,,,,,,,,,,,,,,,,,,,,,,,,,,,,,,,,,,,,,,5 Year,,,,,,,,,,,,,,,Milwaukee_3054_20.jpg,Milwaukee_3054_20_1.jpg,Milwaukee_3054_20_2.jpg,Milwaukee_3054_20_3.jpg,Milwaukee_3054_20_4.jpg,,,,,,Milwaukee_3052_20_Instruction_Installation_Manual.pdf,,,,,,,,,,,,,,,,,Yes
https://www.dewalt.com/en-us/product/dcf513eb/20v-max-atomic-brushless-cordless-38-extended-reach-ratchet-tool-only,,,,,,25286356,Tools,Cordless Power Tools,Impacts,1517671,DCF513EB,"DCF513EB Dewalt 3/8"" Open Head Rachet",-- Unbranded --,-- No Unilog Brand --,-- No DIB Brand --,Black & Decker/dewlt (2585),Stanley Black & Decker,DeWALT®,,DCF513EB,,Tools & Equipment>Power Tools>Power Fastening Tools>Power Wrenches & Ratchets>Cordless Ratchet Wrenches,"Stanley Black & Decker DeWALT, Cordless Extended Reach Ratchet, DCF513EB, 20V",RATCHET REACH EXTENDED CORDLESS TOOL SQ,"DeWALT® MAX Atomic™ Series DCF513EB Cordless Extended Reach Ratchet, Tool/Kit: Tool, 3/8 in Drive, Square Drive, 20 V","DeWALT® Cordless Extended Reach Ratchet, MAX Atomic™ Series, Tool, 3/8 in Drive, Square Drive, 0 to 70 ft-lb Torque, 20 V, MAX Lithium-Ion Battery, 0 to 250 rpm, Variable Speed Setting, Glass Filled Nylon Housing, Black/Yellow Housing, Trigger Switch, Main Handle, 19.56 in Overall Length, 3 in Overall Width, 2.94 in Overall Depth, Additional Information: Brushless Motor","MAX Atomic™ Series Cordless Extended Reach Ratchet, Tool/Kit: Tool, 3/8 in Drive, Square Drive, 0 to 70 ft-lb, 20 V","Fasten and remove tough bolts with the 20V MAX* ATOMIC™ brushless cordless 3/8 in. Extended reach ratchet (battery and charger sold separately). Break stubborn fasteners with up to 70 ft-lbs. Of MAX torque"" and help maximize productivity with a variable speed trigger offering no load-speed up to 250 RPM"" . Featuring a long neck design, this ratchet allows efficient access in tight spaces that require additional reach. The glass-filled nylon tool housing provides durability when working with harsh chemicals and solvents. Designed with a trigger lock switch to help prevent unintentional tool activation and an easy-to-engage forward/reverse switch, the 20V MAX* ATOMIC™ brushless cordless 3/8 in. Extended reach ratchet tool was built for ease-of-use and user control.","Powerful brushless motor - complete heavy-duty applications with a powerful brushless motor that delivers up to 70 ft-lbs. Of MAX torque""","Help optimize performance - match speed to application with a variable speed trigger and no load-speed up to 250 RPM""",Extended reach - access tight spaces and loosen difficult-to-reach fasteners with a long neck design and low profile head,Ergonomic design - change direction of the tool with gloves or greasy hands with the easy-to-activate forward/reverse switch,High visibility - help illuminate your work surface with an integrated LED,"Durable tool housing - help prevent damage from harsh fluids, chemicals, and solvents with a glass-filled nylon tool housing",Trigger lock - helps prevent accidental activation when applied,Tool only - compatible with all DEWALT® 20V MAX* batteries (sold separately),,,,,,,,,,,,,,,,,,Cordless Extended Reach Ratchet,Series,MAX Atomic™ Series,,Tool/Kit,Tool,,Drive Size,3/8,in,Drive Type,Square,,Torque Rating,0 to 70,ft-lb,Voltage Rating,20,V,Battery Type,MAX Lithium-Ion,,Battery Capacity,,,Speed Rating,0 to 250,rpm,Speed Setting,Variable,,Housing Material,Glass Filled Nylon,,Housing Color,Black/Yellow,,Switch Type,Trigger,,Handle Type,Main,,Handle Material,,,Handle Color,,,Sound Level,,,Overall Length,19.56,in,Overall Width,3,in,Overall Depth,2.94,in,Additional Information,Brushless Motor,,,,,,,,,,,,,,,,,,,,,,,,,,,,,,,,,,,,,,,,,,,,,,,,,,,,,,,,,,,,,,,,,,,,,,,,,,,,,,,,,,,,,,,,,198706011625,,,,3 Year Limited,,,,,,,,,,,,,,,DeWALT_DCF513EB.jpg,DeWALT_DCF513EB_1.jpg,DeWALT_DCF513EB_2.jpg,DeWALT_DCF513EB_3.jpg,DeWALT_DCF513EB_4.jpg,,,,,,DeWALT_DCF513EB_Instruction_Installation_Manual.pdf,,,,,,,,,,,,,,,,,Yes
https://makitatools.com/products/details/XVP01Z,,,,,,25286050,Tools,Cordless Power Tools,Sanders,1516046,XVP01Z,"XVP01Z Makita 18V 3"" Polisher/ 2"" Sander",-- Unbranded --,-- No Unilog Brand --,-- No DIB Brand --,Makita Usa Inc (5142),Makita,Makita®,,XVP01Z,,Tools & Equipment>Power Tools>Power Finishing Tools>Power Buffers & Polishers>Cordless Buffers & Polishers,"Makita, Brushless Cordless Sander, LXT Series, XVP01Z, Tool/Kit: Tool, 18V",SANDER CORDLESS BRUSHLESS TOOL 3IN 18V,"Makita® LXT Series XVP01Z Brushless Cordless Sander, Tool/Kit: Tool, 3 in Pad, 5/16-24 Spindle Thread, 18 V","Makita® Brushless Cordless Sander, LXT Series, Tool, 3 in Pad, 5/16-24 Spindle Thread, 18 V, LXT Lithium-Ion Battery, 0 to 2800 rpm Polish Mode, 0 to 9500 rpm Sanding, Variable Speed Setting, Lock-On, Trigger Switch, T-Handle, Rubber Handle, 6-11/16 in Overall Length, 3-1/8 in Overall Width, 8-1/8 in Overall Depth, Additional Information: 2 in Sanding Disc Size","LXT Series Brushless Cordless Sander, Tool/Kit: Tool, 3 in Pad, 5/16-24 Spindle Thread, 18 V, LXT Lithium-Ion Battery","The 18V LXT® 3"" Polisher / 2"" Sander (XVP01) features a compact and ergonomic design for precision detail work in both polishing and sanding applications. The XVP01 features a Makita-built Brushless Motor, which is electronically controlled to optimize battery energy for longer run time performance. The Polisher/Sander features a dual speed selector that provides 0-2,800 RPM in Polish Mode and 0-9,500 RPM in Sanding Mode. It features a variable speed trigger with power lock-on that provides added convenience for various sanding/polishing applications. The Polisher/Sader features a spindle lock button for easy wheel changes. The XVP01 features a rubberized gear housing to protect delicate surfaces from accidental damage. It also features a side handle that is angled away from the work surface, preventing unwanted contact while providing for two-handed control. The Polisher/Sander features anti-restart protection that is engineered to prevent the motor from starting up when the battery is inserted, while the power switch is locked on. It also features wire mesh air vent intake covers that help prevent pad fibers from entering the motor. It is equipped with a 3"" polishing backing plate and a 2"" sanding backing plate for increased versatility. Convenience features include an ergonomically designed rubberized T-handle for increased comfort and control. The XVP01 features a lock-off power switch for added user convenience. It's part of Makita's expanding 18V LXT® System, the world's largest cordless tool system powered by 18V lithium-ion slide-style batteries. Makita® 18V LXT® Lithium-Ion Batteries have the fastest charge times in their categories, so they spend more time working and less time sitting on the charger. For improved tool performance and extended battery life, Makita created Star Protection Computer Controls™. Star Protection is communication technology that allows the Star Protection-equipped tool and battery to exchange data in real time and monitor conditions during use to protect against overloading, over-discharging, and overheating. For increased versatility, the tool can also be powered by Makita® 18V LXT® Lithium-Ion Batteries with the star symbol on the battery indicating Star Protection inside.",Compact & ergonomic design for precision detail work,"Dual speed selector provides 0-2,800 RPM in polish mode and 0-9,500 RPM in sanding mode","Includes 3"" polishing backing plate, wool cutting pad, yellow foam polishing pad, white foam polishing pad and 2"" sanding backing pad","Tool-Free accessory changes between 3"" polishing backing plate and 2"" sanding backing pad with spindle lock",Lock-on button for user comfort during continuous operation,Variable speed trigger enables the user to match the speed to the application,Trigger lock prevents the switch trigger from being accidentally pulled,Side handle for two-handed control,Side handle is angled away from the work surface preventing unwanted contact,Rubberized soft grip provides increased comfort on the job,Rubberized gear housing helps protect delicate surfaces,Wire mesh air vent intake cover prevents pad fibers from entering the motor,Extreme Protection Technology (XPT™) engineered for improved dust and water resistance for operation in harsh conditions,"Equipped with Star Protection Computer Controls™ to protect against overloading, over-discharging and over-heating",3-year limited warranty,Only use genuine Makita® Batteries and Chargers,,,,,,,,,"(1) 743125-4 3 in Polishing Backing Plate Hook and Loop, (1) 191N92-5 3 in Hook and Loop Short-Haired Wool Cutting Pad, (1) 191N90-9 3 in Hook and Loop Foam Polishing Pad Yellow, (1) 191N91-7 3 in Hook and Loop Foam Polishing Pad White, (1) 743124-6 2 in Round Type TR Sanding Backing Pa, (1) 743126-2 Backing Pad Adapter and (1) 140X75-2 Side Handle",Brushless Cordless Sander,Series,LXT Series,,Tool/Kit,Tool,,Pad Size,3,in,Spindle Thread Size,5/16-24,,Voltage Rating,18,V,Battery Type,LXT Lithium-Ion,,Battery Capacity,,,Speed Rating,"0 to 2800 rpm Polish Mode, 0 to 9500 rpm Sanding",,Speed Setting,Variable,,Housing Material,,,Housing Color,,,Switch Type,"Lock-On, Trigger",,Handle Type,T-Handle,,Handle Material,Rubber,,Handle Color,,,Sound Level,,,Overall Length,6-11/16,in,Overall Width,3-1/8,in,Overall Depth,8-1/8,in,Additional Information,2 in Sanding Disc Size,,,,,,,,,,,,,,,,,,,,,,,,,,,,,,,,,,,,,,,,,,,,,,,,,,,,,,,,,,,,,,,,,,,,,,,,,,,,,,,,,,,,,,,,,,,,197050009654,,,,3 Year Limited,,,,,8.58,in,4.13,in,12.13,in,3.09,lb,,,Makita_XVP01Z.jpg,Makita_XVP01Z_1.jpg,Makita_XVP01Z_2.jpg,Makita_XVP01Z_3.jpg,Makita_XVP01Z_4.jpg,,,,,,Makita_XVP01Z_Instruction_Installation_Manual.pdf,,,,,,,,,,,,,https://www.youtube.com/watch?v=wMKpAbZDgb0,,,,Yes
https://www.milwaukeetool.com/products/details/m12-fuel-1-4-right-angle-die-grinder/3485-20,,,,,,23179145,Tools,Corded Hand Power Tools,Grinders,368214,3485-20,"3485-20 Milw M12 1/4"" Right Angle Die Grinder",-- Unbranded --,-- No Unilog Brand --,-- No DIB Brand --,Milwaukee Accessory (4031),Milwaukee Tool,Milwaukee®,,3485-20,,Tools & Equipment>Power Tools>Power Finishing Tools>Power Grinders>Cordless Die & Straight Grinders,"Milwaukee, Right Angle Die Grinder, M12 Fuel Series, 3485-20, Tool/Kit: Tool",GRINDER DIE ANGLE R TOOL 2IN 1/4IN RTANG,"Milwaukee® M12 Fuel™ Series 3485-20 Right Angle Die Grinder, Tool/Kit: Tool, 2 in Dia Wheel, 1/4 in Collet, 12 V","Milwaukee® Right Angle Die Grinder, M12 Fuel™ Series, Tool, 2 in Wheel Diameter, 1/4 in Collet, Right Angle Grinder Orientation, 12 V, M12™ REDLITHIUM™ Battery, 0 to 20000 rpm, 4 Speed Setting, Alloy Steel/Glass Filled Nylon Housing, Black/Red Housing, Trigger Switch, Barrel Grip, Ergonomic Handle, 4.1 in Overall Length, 2.2 in Overall Width, 8.2 in Overall Depth, Additional Information: 0 to 125 deg F Operating Temperature, 3 in Sanding Pad Size, POWERSTATE™ Brushless Motor","M12 Fuel™ Series Right Angle Die Grinder, Tool/Kit: Tool, 2 in Dia Wheel, 1/4 in Collet, 12 V, 0 to 20000 rpm Speed","Our M12 FUEL™ 1/4"" Right Angle Die Grinder the latest cordless right angle die grinder that delivers the performance and size professional service mechanics demand. The die grinder delivers 50% more power than pneumatic competition and features our POWERSTATE™ Brushless Motor Technology with improved torque. The cordless die grinder provides greater mobility and accessibility to help fit in tight places without giving up on performance. The M12™ Right Angle Die Grinder features an improved ergonomic handle with 4-Mode speed control and a responsive variable-speed trigger, giving you unmatched control. New shadowless lighting and a single-wrench spindle lock allow for improved ease of use. The new M12 FUEL™ 1/4"" Right Angle Die Grinder takes productivity and accessibility to the next level.",Generates 0.4 HP motor output,Greater mobility & access,4-mode RPM control with responsive variable-speed trigger precision allows users to alter the speed based on the application,"POWERSTATE™ Brushless Motor Technology provides more power, more run-time, and longer life","20,000 RPM Brushless Motor is designed to deliver greater than pneumatic performance with 2"" Cutting Wheels and 3"" Sanding Accessories",M12™ REDLITHIUM™ Battery Technology,"Spindle Lock, One Wrench Accessory Change","Shadowless LED Work Light, Maximizing Visibility","Fits 1/4"" Shank Accessories",,,,,,,,,,,,,,,,(1) 3485-20 M12 FUEL™ 1/4 in Right Angle Die Grinder and (1) Wrench,Right Angle Die Grinder,Series,M12 Fuel™ Series,,Tool/Kit,Tool,,Wheel Diameter,2,in,Collet Size,1/4,in,Grinder Orientation,Right Angle,,Voltage Rating,12,V,Battery Type,M12™ REDLITHIUM™,,Battery Capacity,,,Speed Rating,0 to 20000,rpm,Speed Setting,4,,Housing Material,Alloy Steel/Glass Filled Nylon,,Housing Color,Black/Red,,Switch Type,Trigger,,Handle Type,"Barrel Grip, Ergonomic",,Handle Material,,,Handle Color,,,Sound Level,,,Overall Length,4.1,in,Overall Width,2.2,in,Overall Depth,8.2,in,Additional Information,"0 to 125 deg F Operating Temperature, 3 in Sanding Pad Size, POWERSTATE™ Brushless Motor",,,,,,,,,,,,,,,,,,,,,,,,,,,,,,,,,,,,,,,,,,,,,,,,,,,,,,,,,,,,,,,,,,,,,,,,,,,,,,,,,,,,,,,,,,,,,5 Year Limited,,,,,,,,,,,,,,,Milwaukee_3485_20.jpg,Milwaukee_3485_20_1.jpg,Milwaukee_3485_20_2.jpg,Milwaukee_3485_20_3.jpg,Milwaukee_3485_20_4.jpg,,,,,,Milwaukee_3485_20_Instruction_Installation_Manual.pdf,,,,,,,,,,,,,,,,,Yes
https://www.dewalt.com/en-us/product/dcg422b/20v-max-atomic-right-angle-die-grinder-tool-only,,,,,,24718317,Tools,Corded Hand Power Tools,Grinders,1517801,DCG422B,DCG422B Dewalt 20V Right Angle Die Grinder (Bare),-- Unbranded --,-- No Unilog Brand --,-- No DIB Brand --,Black & Decker/dewlt (2585),Stanley Black & Decker,DeWALT®,,DCG422B,,Tools & Equipment>Power Tools>Power Finishing Tools>Power Grinders>Cordless Die & Straight Grinders,"Stanley Black & Decker DeWALT, Die Grinder, MAX Atomic Series, DCG422B, 20V",GRINDER DIE TOOL 1/4IN RTANG 20V 10.79IN,"DeWALT® MAX Atomic™ Series DCG422B Die Grinder, Tool/Kit: Tool, 1/4 in Collet, Right Angle Grinder Orientation, 20 V","DeWALT® Die Grinder, MAX Atomic™ Series, Tool, 1/4 in Collet, Right Angle Grinder Orientation, 20 V, MAX Lithium-Ion Battery, 10000 to 24500 rpm, 4 Speed Setting, Glass Filled Nylon Housing, Black/Yellow Housing, Trigger Switch, 10.79 in Overall Length, 4.17 in Overall Width, 3-1/2 in Overall Depth, Additional Information: Brushless Motor","MAX Atomic™ Series Die Grinder, Tool/Kit: Tool, 1/4 in Collet, Right Angle Grinder Orientation, 20 V, 10.79 in OAL","Complete high-powered applications in tight spaces with the ATOMIC™ 20V MAX* right angle die grinder (battery and charger sold separately) that delivers optimized maneuverability and up to 455 MWO. This tool is equipped with the DEWALT® anti-rotation system to help maximize control. This feature quickly stops the wheel when a pinch, stall, or bind-up event is sensed, reducing reactionary torque. An ergonomic design allows this tool to access ultra tight spaces. Replace pneumatic die grinders with this cordless solution that delivers untethered performance, productivity, and pneumatic-like power"".","Help maximize control - equipped with the DEWALT® anti-rotation system. This feature quickly stops the wheel when a pinch, stall, or bind-up event is sensed, reducing reactionary torque. The switch needs to be cycled (turned on and off) to restart the tool",Electronic brake - help maintain control with the electronic brake designed to stop the wheel in less than 1 second after the ON/OFF trigger is released,Compact design - access hard-to-reach areas with an equal gripping diameter to a low voltage cordless die grinder,"Up to 53% more power than Milwaukee m12 die grinder"" - help maximize productivity and work fast with up to 53% more power than Milwaukee m12 die grinder",Combat harsh environments - help protect against oils and harmful solvents with a glass-filled nylon tool housing and battery,"Tool Connect Chip ready - pair the Tool Connect Chip (sold separately) and DEWALT® Tool Connect app"""" for data on jobsite asset management and tool location","Where size meets power - ATOMIC™ power tools are part of the expanding DEWALT® 20V MAX* system, offering size without compromise",,,,,,,,,,,,,,,,,,"(1) DCG422 Atomic™ 20 V MAX Right Angle Die Grinder, (1) 1/4 in Collet and (1) Wrench",Die Grinder,Series,MAX Atomic™ Series,,Tool/Kit,Tool,,Wheel Diameter,,,Collet Size,1/4,in,Grinder Orientation,Right Angle,,Voltage Rating,20,V,Battery Type,MAX Lithium-Ion,,Battery Capacity,,,Speed Rating,10000 to 24500,rpm,Speed Setting,4,,Housing Material,Glass Filled Nylon,,Housing Color,Black/Yellow,,Switch Type,Trigger,,Handle Type,,,Handle Material,,,Handle Color,,,Sound Level,,,Overall Length,10.79,in,Overall Width,4.17,in,Overall Depth,3-1/2,in,Additional Information,Brushless Motor,,,,,,,,,,,,,,,,,,,,,,,,,,,,,,,,,,,,,,,,,,,,,,,,,,,,,,,,,,,,,,,,,,,,,,,,,,,,,,,,,,,,,,,,,885911969956,,,,3 Year Limited,,,,,,,,,,,,,,,DeWALT_DCG422B.jpg,DeWALT_DCG422B_1.jpg,DeWALT_DCG422B_2.jpg,DeWALT_DCG422B_3.jpg,DeWALT_DCG422B_4.jpg,,,,,,DeWALT_DCG422B_Instruction_Installation_Manual.pdf,,,,,,,,,,,,,,,,,Yes
https://diablotools.com/products/D0760UX,,,,,,25284497,Tools,Blades,10 in. Circ Blades,343883,D0760UX,"D0760UX Diablo 7-1/4"" 60T Circ - Saw Blade",-- Unbranded --,-- No Unilog Brand --,Diablo,Freud Inc (2435),"Freud America, Inc",DIABLO®,,D0760UX,,Tools & Equipment>Power Tools>Power Saw Blades>Circular Saw Blades,"Freud America, Inc DIABLO, Circular Saw Blade, Wood Demon Series, D0760UX",BLADE SAW CIRCULAR 7-1/4IN 0.059IN,"DIABLO® Wood Demon™ Series D0760UX Circular Saw Blade, 7-1/4 in Dia, 0.059 in W Cut, Hi-ATB Teeth, 60-Teeth","DIABLO® Circular Saw Blade, Wood Demon™ Series, 7-1/4 in Diameter, Carbide Cutting Edge, Steel Blade, 0.04 in Blade Thickness, Hi-ATB Teeth, 60 Teeth, Diamond Knock Out Arbor, 5/8 in Arbor, Cross, Rip Cut, 0.059 in Cut Width, 0.059 in Kerf, 7 deg Hook Angle, 8000 rpm Maximum Speed, Perma-Shield-Coated, Cut Materials: Crosscut Wood, Hardwood, Laminate, Melamine, Plywood, Softwood, Veneered Plywood, For Use With: Cordless Circular Saws, Corded Circular Saws, Cordless Slide Miter Saws, Corded Slide Miter Saws, 1 Piece","Wood Demon™ Series Circular Saw Blade, 7-1/4 in Dia, 0.059 in W Cut, Hi-ATB Teeth, 60-Teeth, 7 deg Hook, 5/8 in Arbor","Diablo's Wood Demon™ Ultimate Finish saw blade sets a higher standard for quality and precision that on-the-go fine carpenters demand. It delivers sandpaper-like finish cuts and boosts productivity up to 10X longer than standard blades. Crafted with custom-formulated TiCo Hi-Density carbide teeth featuring Dura-Blend™, this blade excels in achieving ultra-fine finishes in delicate wood materials, leaving no room for errors. Its advanced laser-cut super thin kerf design and Axial Shear Face grind (ASFG) enhance jobsite efficiency by allowing up to 2X more cuts per charge compared to other brands. A Hi-Alternate Top Bevel (Hi-ATB) tooth geometry gracefully shears through delicate woods for precise, chip-free cuts that require virtually no rework, making it perfect for working with finer, more expensive wood materials. This blade is ideal for use with cordless and corded slide miter and circular saws when making ultra-fine crosscuts in materials such as oak, pine, melamine, veneer plywood, and delicate molding.",Diablo made TiCo™ Hi-Density special blend carbide is made of an ultra-fine grain carbide with titanium and cobalt to maximize the life and performance of the saw blade,Optimized Diablo made Dura-Blend™ carbide for extreme durability longer cutting life vs. standard carbide blades,"Expanded cutting surface area reduces blowout, guaranteeing a sandpaper-like top and bottom finishes and improving productivity by lasting 10X longer than standard blades",Axial Shear-Face Grind (ASFG) features a five-degree (5 deg ) angle for up to 2X more cuts per charge in cordless slide miter and circular saws,A seven-degree (7 deg ) positive hook angle allows for maximum performance on both miter and circular saws,"Hi-Alternate Top Bevel (Hi-ATB) tooth geometry consists of a high bevel angle that shears through delicate woods for precise, clean cuts that require virtually no rework","Perma-SHIELD® non-stick aluminum alloy coating reduces drag and shields the blade against heat, gumming, and corrosion","Thin kerf blade body removes less material providing for ease of feed, accuracy, and maximum performance",Tri-metal shock resistant brazing allows carbide tips to withstand extreme impact for maximum durability,"Laser cut stabilizer vents absorb noise and vibration, keeping the blade straight and true for finish quality cuts","Hardened steel blade body provides better finish quality and straighter cuts, leading to longer life","Laser-cut blade plate for true cuts featuring a 5/8"" arbor with diamond knockout",Optimized for maximum performance on cordless and corded slide miter and circular saws by extending battery life and delivering more cuts per charge,,,,,,,,,,,"For ultimate finish crosscuts and rip cuts in wood, plywood, melamine and for trim, cabinetry and remodeling projects",,Circular Saw Blade,Series,Wood Demon™ Series,,Diameter,7-1/4,in,Cutting Edge Material,Carbide,,Blade Material,Steel,,Blade Thickness,0.04,in,Teeth Type,Hi-ATB,,Number of Teeth,60,,Teeth per Inch,,,Arbor Type,Diamond Knock Out,,Arbor Size,5/8,in,Cut Type,"Cross, Rip",,Cut Width,0.059,in,Maximum Cutting Depth,,,Kerf,0.059,in,Grade,,,Hook Angle,7,deg,Maximum Speed Rating,8000,rpm,Finish,Perma-Shield-Coated,,Color,,,Cut Materials,"Crosscut Wood, Hardwood, Laminate, Melamine, Plywood, Softwood, Veneered Plywood",,Suitable For Use With,"Cordless Circular Saws, Corded Circular Saws, Cordless Slide Miter Saws, Corded Slide Miter Saws",,Number of Pieces,1,,Additional Information,,,,,,,,,,,,,,,,,,,,,,,,,,,,,,,,,,,,,,,,,,,,,,,,,,,,,,,,,,,,,,,,,,,,,,,,,,,,,,,,,,,,,,,,,,,,,,,,,,,,,,,DIABLO_D0760UX.jpg,DIABLO_D0760UX_1.jpg,DIABLO_D0760UX_2.jpg,DIABLO_D0760UX_3.jpg,,,,,,,,,,,,,,,,,,,,,,,,Yes
https://www.milwaukeetool.com/products/details/4-1-2-diamond-max-continuous-tile-diamond-blade/49-93-9204,,,,,,22079973,Tools,Corded-Cordless Hand Tool Acc,Grinder Accessories,1514622,49-93-9204,"49-93-9204 Milw 4-1/2"" Diamond - Tile Blade",-- Unbranded --,-- No Unilog Brand --,-- No DIB Brand --,Milwaukee Accessory (4031),Milwaukee Tool,Milwaukee®,,49-93-9204,,Tools & Equipment>Power Tools>Power Saw Blades>Diamond Saw Blades,"Milwaukee, Tile Diamond Blade, DIAMOND MAX Series, 49-93-9204, 4-1/2in Dia",BLADE DMD TILE 4-1/2IN CONTINUOUS DMD R,"Milwaukee® DIAMOND MAX Series 49-93-9204 Tile Diamond Blade, 4-1/2 in Dia, Continuous Rim, 5/8 in, 7/8 in, 20 mm Arbor","Milwaukee® Tile Diamond Blade, DIAMOND MAX Series, 4-1/2 in Diameter, 0.055 in Thickness, Continuous Rim, Dry/Wet Cut, 5/8 in, 7/8 in, 20 mm Arbor, 13300 rpm Maximum Speed, Diamond Cutting Edge, Steel Blade, Red, Cut Materials: Ceramic Tile, Marble and Granite, Porcelain Tile, For Use With: Milwaukee® Angle Grinders, 1 Piece","DIAMOND MAX Series Tile Diamond Blade, 4-1/2 in Dia, Continuous Rim, 5/8 in, 7/8 in, 20 mm Arbor, 13300 rpm Max Speed","Our DIAMOND MAX™ Continuous Tile Diamond Blades offer ultimate precision in porcelain tile. Designed with a unique diamond formula, these blades deliver up to 5x longer life in porcelain. The vented steel core and laser slots provide cool, precise cuts, without interference to the rim. The continuous rim diamond blade minimizes chipping in tile cutting. Ideal for use in porcelain, ceramic, marble, and granite. For use wet and dry.",Ultimate Precision in Porcelain,Up to 5X Life in Porcelain,"Cool, Precise Cuts with Vented Steel Core and Laser Slots",Minimized Chipping with Continuous Rim,"For Use In Ceramic Tile, Porcelain Tile, Marble, and Granite",For Use With Angle Grinders,"Arbor Size: 7/8""-20MM-5/8""",For Wet and Dry Use,"Max RPM: 13,300",,,,,,,,,,,,,,,,,Tile Diamond Blade,Series,DIAMOND MAX Series,,Diameter,4-1/2,in,Thickness,0.055,in,Rim Type,Continuous,,Cut Type,Dry/Wet,,Cut Width,,,Maximum Cutting Depth,,,Arbor Type,,,Arbor Size,"5/8 in, 7/8 in, 20 mm",,Grade,,,Maximum Speed Rating,13300,rpm,Cutting Edge Material,Diamond,,Blade Material,Steel,,Color,Red,,Cut Materials,"Ceramic Tile, Marble and Granite, Porcelain Tile",,Suitable For Use With,Milwaukee® Angle Grinders,,Number of Pieces,1,,Additional Information,,,,,,,,,,,,,,,,,,,,,,,,,,,,,,,,,,,,,,,,,,,,,,,,,,,,,,,,,,,,,,,,,,,,,,,,,,,,,,,,,,,,,,,,,,,,,,,,,,,,,,,,,,,,,,,,,,,,,,Milwaukee_49_93_9204.jpg,Milwaukee_49_93_9204_1.jpg,Milwaukee_49_93_9204_2.jpg,Milwaukee_49_93_9204_3.jpg,Milwaukee_49_93_9204_4.jpg,,,,,,,,,,,,,,,,,,,,,,,Yes
https://www.milwaukeetool.com/products/details/7-diamond-max-continuous-tile-diamond-blade/49-93-9207,,,,,,22079974,Tools,Corded-Cordless Hand Tool Acc,Grinder Accessories,1514620,49-93-9207,"49-93-9207 Milw 7"" Diamond - Tile Blade",-- Unbranded --,-- No Unilog Brand --,-- No DIB Brand --,Milwaukee Accessory (4031),Milwaukee Tool,Milwaukee®,,49-93-9207,,Tools & Equipment>Power Tools>Power Saw Blades>Diamond Saw Blades,"Milwaukee, Tile Diamond Blade, DIAMOND MAX Series, 49-93-9207, 7in Dia",BLADE DMD TILE 7IN CONTINUOUS 5/8IN DMD,"Milwaukee® DIAMOND MAX Series 49-93-9207 Tile Diamond Blade, 7 in Dia, Continuous Rim, 5/8 in Arbor, 8730 rpm Max Speed","Milwaukee® Tile Diamond Blade, DIAMOND MAX Series, 7 in Diameter, 0.063 in Thickness, Continuous Rim, Dry/Wet Cut, 5/8 in Arbor, 8730 rpm Maximum Speed, Diamond Cutting Edge, Steel Blade, Red, Cut Materials: Ceramic Tile, Marble and Granite, Porcelain Tile, For Use With: Milwaukee® Tile Saws, 1 Piece","DIAMOND MAX Series Tile Diamond Blade, 7 in Dia, Continuous Rim, 5/8 in Arbor, 8730 rpm Max Speed, Steel Blade","Our DIAMOND MAX™ Continuous Tile Diamond Blades offer ultimate precision in porcelain tile. Designed with a unique diamond formula, these blades deliver up to 5x longer life in porcelain. The vented steel core and laser slots provide cool, precise cuts, without interference to the rim and reduced burning. Equipped with a reinforced hub for increased stability during cuts while the continuous rim diamond blade minimizes chipping . Ideal for use in porcelain, ceramic, marble, and granite. For use wet and dry.",Ultimate Precision in Porcelain,Up to 5X Life in Porcelain,"Cool, Precise Cuts with Vented Steel Core and Laser Slots",Minimized Chipping with Continuous Rim,Increased Stability with Reinforced Hub,"For Use In Ceramic Tile, Porcelain Tile, Marble, and Granite",For Use With Tile Saws,"Arbor Size: 5/8""",For Wet and Dry Use,"Max RPM: 8,730",,,,,,,,,,,,,,,,Tile Diamond Blade,Series,DIAMOND MAX Series,,Diameter,7,in,Thickness,0.063,in,Rim Type,Continuous,,Cut Type,Dry/Wet,,Cut Width,,,Maximum Cutting Depth,,,Arbor Type,,,Arbor Size,5/8,in,Grade,,,Maximum Speed Rating,8730,rpm,Cutting Edge Material,Diamond,,Blade Material,Steel,,Color,Red,,Cut Materials,"Ceramic Tile, Marble and Granite, Porcelain Tile",,Suitable For Use With,Milwaukee® Tile Saws,,Number of Pieces,1,,Additional Information,,,,,,,,,,,,,,,,,,,,,,,,,,,,,,,,,,,,,,,,,,,,,,,,,,,,,,,,,,,,,,,,,,,,,,,,,,,,,,,,,,,,,,,,,,,,,,,,,,,,,,,,,,,,,,,,,,,,,,Milwaukee_49_93_9207.jpg,Milwaukee_49_93_9204_1.jpg,Milwaukee_49_93_9204_2.jpg,Milwaukee_49_93_9204_3.jpg,Milwaukee_49_93_9204_4.jpg,,,,,,,,,,,,,,,,,,,,,,,Yes
https://www.milwaukeetool.com/products/details/10-diamond-max-continuous-tile-diamond-blade/49-93-9210,,,,,,22079975,Tools,Corded-Cordless Hand Tool Acc,Grinder Accessories,1514619,49-93-9210,"49-93-9210 Milw 10"" Diamond - Tile Blade",-- Unbranded --,-- No Unilog Brand --,-- No DIB Brand --,Milwaukee Accessory (4031),Milwaukee Tool,Milwaukee®,,49-93-9210,,Tools & Equipment>Power Tools>Power Saw Blades>Diamond Saw Blades,"Milwaukee, Tile Diamond Blade, DIAMOND MAX Series, 49-93-9210, 10in Dia",BLADE DMD TILE 10IN CONTINUOUS 5/8IN DMD,"Milwaukee® DIAMOND MAX Series 49-93-9210 Tile Diamond Blade, 10 in Dia, Continuous Rim, 5/8 in Arbor, Steel Blade","Milwaukee® Tile Diamond Blade, DIAMOND MAX Series, 10 in Diameter, 0.065 in Thickness, Continuous Rim, Dry/Wet Cut, 5/8 in Arbor, 6115 rpm Maximum Speed, Diamond Cutting Edge, Steel Blade, Red, Cut Materials: Ceramic Tile, Marble and Granite, Porcelain Tile, For Use With: Milwaukee® Tile Saws, 1 Piece","DIAMOND MAX Series Tile Diamond Blade, 10 in Dia, Continuous Rim, 5/8 in Arbor, 6115 rpm Max Speed, Steel Blade","Our DIAMOND MAX™ Continuous Tile Diamond Blades offer ultimate precision in porcelain tile. Designed with a unique diamond formula, these blades deliver up to 5x longer life in porcelain. The vented steel core and laser slots provide cool, precise cuts, without interference to the rim and reduced burning. Equipped with a reinforced hub for increased stability during cuts while the continuous rim diamond blade minimizes chipping . Ideal for use in porcelain, ceramic, marble, and granite. For use wet and dry.",Ultimate Precision in Porcelain,Up to 5X Life in Porcelain,"Cool, Precise Cuts with Vented Steel Core and Laser Slots",Minimized Chipping with Continuous Rim,Increased Stability with Reinforced Hub,"For Use In Ceramic Tile, Porcelain Tile, Marble, and Granite",For Use With Tile Saws,"Arbor Size: 5/8""",For Wet and Dry Use,"Max RPM: 6,115",,,,,,,,,,,,,,,,Tile Diamond Blade,Series,DIAMOND MAX Series,,Diameter,10,in,Thickness,0.065,in,Rim Type,Continuous,,Cut Type,Dry/Wet,,Cut Width,,,Maximum Cutting Depth,,,Arbor Type,,,Arbor Size,5/8,in,Grade,,,Maximum Speed Rating,6115,rpm,Cutting Edge Material,Diamond,,Blade Material,Steel,,Color,Red,,Cut Materials,"Ceramic Tile, Marble and Granite, Porcelain Tile",,Suitable For Use With,Milwaukee® Tile Saws,,Number of Pieces,1,,Additional Information,,,,,,,,,,,,,,,,,,,,,,,,,,,,,,,,,,,,,,,,,,,,,,,,,,,,,,,,,,,,,,,,,,,,,,,,,,,,,,,,,,,,,,,,,,,,,,,,,,,,,,,,,,,,,,,,,,,,,,Milwaukee_49_93_9210.jpg,Milwaukee_49_93_9204_1.jpg,Milwaukee_49_93_9204_2.jpg,Milwaukee_49_93_9204_3.jpg,Milwaukee_49_93_9204_4.jpg,,,,,,,,,,,,,,,,,,,,,,,Yes
https://www.milwaukeetool.com/products/details/4-diamond-max-continuous-tile-diamond-blade/49-93-9202,,,,,,24710392,Tools,Corded-Cordless Hand Tool Acc,Grinder Accessories,1514623,49-93-9202,"49-93-9202 Milw 4"" Diamond - Tile Blade",-- Unbranded --,-- No Unilog Brand --,-- No DIB Brand --,Milwaukee Accessory (4031),Milwaukee Tool,Milwaukee®,,49-93-9202,,Tools & Equipment>Power Tools>Power Saw Blades>Diamond Saw Blades,"Milwaukee, Tile Diamond Blade, DIAMOND MAX Series, 49-93-9202, 4in Dia",BLADE DMD TILE 4IN CONTINUOUS 15000RPM R,"Milwaukee® DIAMOND MAX Series 49-93-9202 Tile Diamond Blade, 4 in Dia, Continuous Rim, 5/8 in, 7/8 in, 20 mm Arbor","Milwaukee® Tile Diamond Blade, DIAMOND MAX Series, 4 in Diameter, 0.055 in Thickness, Continuous Rim, Dry/Wet Cut, 5/8 in, 7/8 in, 20 mm Arbor, 15000 rpm Maximum Speed, Diamond Cutting Edge, Steel Blade, Red, Cut Materials: Ceramic Tile, Marble and Granite, Porcelain Tile, For Use With: Milwaukee® Angle Grinders, 1 Piece","DIAMOND MAX Series Tile Diamond Blade, 4 in Dia, Continuous Rim, 5/8 in, 7/8 in, 20 mm Arbor, 15000 rpm Max Speed","Our DIAMOND MAX™ Continuous Tile Diamond Blades offer ultimate precision in porcelain tile. Designed with a unique diamond formula, these blades deliver up to 5x longer life in porcelain. The vented steel core and laser slots provide cool, precise cuts, without interference to the rim. The continuous rim diamond blade minimizes chipping in tile cutting. Ideal for use in porcelain, ceramic, marble, and granite. For use wet and dry.",Ultimate Precision in Porcelain,Up to 5X Life in Porcelain,"Cool, Precise Cuts with Vented Steel Core and Laser Slots",Minimized Chipping with Continuous Rim,"For Use In Ceramic Tile, Porcelain Tile, Marble, and Granite",For Use With Angle Grinders,"Arbor Size: 7/8""-20MM-5/8""",For Wet and Dry Use,"Max RPM: 15,000",,,,,,,,,,,,,,,,,Tile Diamond Blade,Series,DIAMOND MAX Series,,Diameter,4,in,Thickness,0.055,in,Rim Type,Continuous,,Cut Type,Dry/Wet,,Cut Width,,,Maximum Cutting Depth,,,Arbor Type,,,Arbor Size,"5/8 in, 7/8 in, 20 mm",,Grade,,,Maximum Speed Rating,15000,rpm,Cutting Edge Material,Diamond,,Blade Material,Steel,,Color,Red,,Cut Materials,"Ceramic Tile, Marble and Granite, Porcelain Tile",,Suitable For Use With,Milwaukee® Angle Grinders,,Number of Pieces,1,,Additional Information,,,,,,,,,,,,,,,,,,,,,,,,,,,,,,,,,,,,,,,,,,,,,,,,,,,,,,,,,,,,,,,,,,,,,,,,,,,,,,,,,,,,,,,,,,,,,,,,,,,,,,,,,,,,,,,,,,,,,,Milwaukee_49_93_9202.jpg,Milwaukee_49_93_9204_1.jpg,Milwaukee_49_93_9204_2.jpg,Milwaukee_49_93_9204_3.jpg,Milwaukee_49_93_9204_4.jpg,,,,,,,,,,,,,,,,,,,,,,,Yes
https://www.milwaukeetool.com/products/details/5-diamond-max-continuous-tile-diamond-blade/49-93-9205,,,,,,24710393,Tools,Corded-Cordless Hand Tool Acc,Grinder Accessories,1514621,49-93-9205,"49-93-9205 Milw 5"" Diamond - Tile Blade",-- Unbranded --,-- No Unilog Brand --,-- No DIB Brand --,Milwaukee Accessory (4031),Milwaukee Tool,Milwaukee®,,49-93-9205,,Tools & Equipment>Power Tools>Power Saw Blades>Diamond Saw Blades,"Milwaukee, Tile Diamond Blade, DIAMOND MAX Series, 49-93-9205, 5in Dia",BLADE DMD TILE 5IN CONTINUOUS 12000RPM R,"Milwaukee® DIAMOND MAX Series 49-93-9205 Tile Diamond Blade, 5 in Dia, Continuous Rim, 5/8 in, 7/8 in, 20 mm Arbor","Milwaukee® Tile Diamond Blade, DIAMOND MAX Series, 5 in Diameter, 0.055 in Thickness, Continuous Rim, Dry/Wet Cut, 5/8 in, 7/8 in, 20 mm Arbor, 12000 rpm Maximum Speed, Diamond Cutting Edge, Steel Blade, Red, Cut Materials: Ceramic Tile, Marble and Granite, Porcelain Tile, For Use With: Milwaukee® Angle Grinders, 1 Piece","DIAMOND MAX Series Tile Diamond Blade, 5 in Dia, Continuous Rim, 5/8 in, 7/8 in, 20 mm Arbor, 12000 rpm Max Speed","Our DIAMOND MAX™ Continuous Tile Diamond Blades offer ultimate precision in porcelain tile. Designed with a unique diamond formula, these blades deliver up to 5x longer life in porcelain. The vented steel core and laser slots provide cool, precise cuts, without interference to the rim. The continuous rim diamond blade minimizes chipping in tile cutting. Ideal for use in porcelain, ceramic, marble, and granite. For use wet and dry.",Ultimate Precision in Porcelain,Up to 5X Life in Porcelain,"Cool, Precise Cuts with Vented Steel Core and Laser Slots",Minimized Chipping with Continuous Rim,"For Use In Ceramic Tile, Porcelain Tile, Marble, and Granite",For Use With Angle Grinders,"Arbor Size: 7/8""-20MM-5/8""",For Wet and Dry Use,"Max RPM: 12,000",,,,,,,,,,,,,,,,,Tile Diamond Blade,Series,DIAMOND MAX Series,,Diameter,5,in,Thickness,0.055,in,Rim Type,Continuous,,Cut Type,Dry/Wet,,Cut Width,,,Maximum Cutting Depth,,,Arbor Type,,,Arbor Size,"5/8 in, 7/8 in, 20 mm",,Grade,,,Maximum Speed Rating,12000,rpm,Cutting Edge Material,Diamond,,Blade Material,Steel,,Color,Red,,Cut Materials,"Ceramic Tile, Marble and Granite, Porcelain Tile",,Suitable For Use With,Milwaukee® Angle Grinders,,Number of Pieces,1,,Additional Information,,,,,,,,,,,,,,,,,,,,,,,,,,,,,,,,,,,,,,,,,,,,,,,,,,,,,,,,,,,,,,,,,,,,,,,,,,,,,,,,,,,,,,,,,,,,,,,,,,,,,,,,,,,,,,,,,,,,,,Milwaukee_49_93_9205.jpg,Milwaukee_49_93_9204_1.jpg,Milwaukee_49_93_9204_2.jpg,Milwaukee_49_93_9204_3.jpg,Milwaukee_49_93_9204_4.jpg,,,,,,,,,,,,,,,,,,,,,,,Yes
https://www.milwaukeetool.com/products/details/12pc-quik-lok-hole-dozer-bi-metal-kit-with-packout-compact-organizer/49-22-4702,,,,,,25284464,Tools,Bits and Cutters,Hole Saws - Circle Cutters,310828,49-22-4702,49-22-4702 Milw 13pc Quik-Lock Hole Dozer Kit,-- Unbranded --,-- No Unilog Brand --,-- No DIB Brand --,Milwaukee Accessory (4031),Milwaukee Tool,Milwaukee®,,49-22-4702,,Tools & Equipment>Power Tools>Power Saw Blades>Hole Saws & Accessories>Hole Saw Sets,"Milwaukee, Hole Saw Kit, QUIK LOK HOLE DOZER Series, 49-22-4702, 9-Hole Saw",KIT SAW HOLE 3/4 TO 2-1/2IN 9 13 THD 4IN,"Milwaukee® QUIK LOK™ HOLE DOZER™ Series 49-22-4702 Hole Saw Kit With Packout™ Compact Organizer, 3/4 to 2-1/2 in Dia Saw","Milwaukee® Hole Saw Kit, QUIK LOK™ HOLE DOZER™ Series, 3/4 to 2-1/2 in Saw Diameter, 1/2-20, 5/8-18 Arbor Hole, Threaded Arbor Hole, 1/4 in Pilot Drill Diameter, 4 in Pilot Drill Length, HSS Pilot Drill, 7/16 in Shank, Bi-Metal Body, Cut Materials: Aluminum, Drywall, Metal, Nail, Wood, 9 Hole Saws, 13 Piece, Additional Information: 4.6 in L x 9.25 in W x 16.5 in H Dimensions","QUIK LOK™ HOLE DOZER™ Series Hole Saw Kit, 3/4 to 2-1/2 in Dia Saw, 1/2-20, 5/8-18 Arbor Hole, 9-Hole Saw, 13-Piece","Our 12-Piece HOLE DOZER™ Bi-Metal Hole Saw Kit includes the QUIK-LOK™ Arbor System delivering the fastest hole saw changes and universal fit in a PACKOUT™ Storage Organizer. The QUIK-LOK™ Arbor System includes pre-assembled adapters on all hole saw sizes, which eliminates the need for multiple arbors and saves you time with the fastest hole saw changes. The threaded adapter design allows for Hole Enlargement capability with our Large Thread Pin Adapters. Our ALL-ACCESS SLOTS paired with the QUIK-LOK™ Arbor System offer the best solution to frustrating plug removal, making you more productive with less downtime between holes. Our proprietary slot design also gives you increased pilot bit visibility for accurate placement and faster chip ejection, keeping your hole saw cutting cooler longer. The MILWAUKEE® HOLE DOZER™ Bi-Metal Hole Saws feature a tooth design that offers you the longest life backed by the industry's only Lifetime Tooth Break Warranty and can take on all general-purpose applications, including Metal, Aluminum, Drywall, Wood, and Wood with/ Nails. Our HOLE DOZER™ Bi-Metal hole saws are proudly made in the USA.",Includes QUIK-LOK™ Arbor System for Fastest Changes,Bi-Metal HOLE DOZER™ Lifetime Tooth Break Warranty,All Access Slots for Fast Plug Removal,Includes PACKOUT™ Compact Organizer,Designed for Faster Cutting,"Faster, Easier Plug Removal","Adapters Pre-Assembled On Hole Saws, No Assembly Required","Reusable, Universal Fit Large Thread Pin Adapters",Made in USA,,,,,,,,,,,,With Packout™ Compact Organizer,,,,"(1) 49-56-7555 5-Piece 7/16 in QUIK-LOK™ Arbor Set, (2) 49-56-8000 1/4 x 4 in High Speed Steel Pilot Bit, (1) 49-56-9605 3/4 in HOLE DOZER™ Bi-Metal Hole Saw, (1) 49-56-9607 7/8 in HOLE DOZER™ Bi-Metal Hole Saw, (1) 49-56-9611 1-1/8 in HOLE DOZER™ Bi-Metal Hole Saw, (1) 49-56-9615 1-3/8 in HOLE DOZER™ Bi-Metal Hole Saw, (1) 49-56-9617 1-1/2 in HOLE DOZER™ Bi-Metal Hole Saw, (1) 49-56-9621 1-3/4 in HOLE DOZER™ Bi-Metal Hole Saw, (1) 49-56-9624 2 in HOLE DOZER™ Bi-Metal Hole Saw, (1) 49-56-9626 2-1/8 in HOLE DOZER™ Bi-Metal Hole Saw, (1) 49-56-9631 2-1/2 in HOLE DOZER™ Bi-Metal Hole Saw and (1) 48-22-8435 Packout™ Compact Organizer",Hole Saw Kit,Series,QUIK LOK™ HOLE DOZER™ Series,,Saw Diameter,3/4 to 2-1/2,in,Arbor Hole Size,"1/2-20, 5/8-18",,Arbor Hole Type,Threaded,,Cutting Depth,,,Pilot Drill Diameter,1/4,in,Pilot Drill Length,4,in,Pilot Drill Material,HSS,,Shank Size,7/16,in,Teeth per Inch,,,Tooth Style,,,Tooth Material,,,Body Material,Bi-Metal,,Cut Materials,"Aluminum, Drywall, Metal, Nail, Wood",,Number of Hole Saws,9,,Number of Pieces,13,,Additional Information,4.6 in L x 9.25 in W x 16.5 in H Dimensions,,,,,,,,,,,,,,,,,,,,,,,,,,,,,,,,,,,,,,,,,,,,,,,,,,,,,,,,,,,,,,,,,,,,,,,,,,,,,,,,,,,,,,,,,,,,,,,,,,,,,,,,,Limited Lifetime Toothbreak,,,,,,,,,,,,,,,Milwaukee_49_22_4702.jpg,Milwaukee_49_22_4702_1.jpg,Milwaukee_49_22_4702_2.jpg,Milwaukee_49_22_4702_3.jpg,Milwaukee_49_22_4702_4.jpg,,,,,Milwaukee_49_22_4702_Specification_Sheet.pdf,,,,,,,,,,,,,,,,,,Yes
https://www.cmtorangetools.com/na-en/hwm-reversible-knives-for-portable-planers,https://www.cmtorangetools.com/downloads/8500/1176/03.60.3012_CAT_CMTUSA_2026.pdf,,,,,25285890,Tools,Corded-Cordless Hand Tool Acc,Planer Accessories,1514727,790.820,790.820 CMT Planer Blade 2pc,-- Unbranded --,-- No Unilog Brand --,-- No DIB Brand --,CMT USA Inc (CMTUS),CMT ORANGE TOOLS,CMT ORANGE TOOLS®,,790.820,,Tools & Equipment>Power Tools>Power Saw Blades>Planer Blades,"CMT ORANGE TOOLS, Reversible Insert Knife, 790.820, 82mm L, 5.5mm W",KNIFE INSR RVSBL 82MM 1.1MM CARBIDE H500,"CMT ORANGE TOOLS® 790.820 Reversible Insert Knife, 82 mm L, 5.5 mm W, 1.1 mm Thick, Carbide","CMT ORANGE TOOLS® Reversible Insert Knife, 790 Series, 82 mm Length, 5.5 mm Width, 1.1 mm Thickness, Carbide, Cut Materials: Hardwood, Plywood, Softwood, For Use With: AEG EH82, EH825, EH822, EH450, EH700, EH82-1, H500, H750, EH700R, Black and Decker DN76, Bosch PHO 100, PHO 150, PHO 200, PHO 300, 4387, PHO 2-82, PHO 3-82, Gustav HOO882, Casals CE82, DeWALT DW678, DW678EK, DW680, ELU HH15, HH40, HH40K, HH40EK, FEIN HS2151, Felisatti TP282 Portable Planers, 2 Piece, Additional Information: Blister Case, 90.3 HRA Hardness, 377000 psi Transverse Rupture Strength","790 Series Reversible Insert Knife, 82 mm L, 5.5 mm W, 1.1 mm Thick, Carbide",,,,,,,,,,,,,,,,,,,,,,,,"Prop65 Warning: This product can expose you to chemicals including Nickel and Lead, which are known to the State of California to cause cancer and birth defects or other reproductive harm. For more information go to www.P65Warnings.ca.gov.",,,Reversible Insert Knife,Series,790 Series,,Length,82,mm,Width,5.5,mm,Thickness,1.1,mm,Cut Style,,,Material,Carbide,,Cut Materials,"Hardwood, Plywood, Softwood",,Suitable For Use With,"AEG EH82, EH825, EH822, EH450, EH700, EH82-1, H500, H750, EH700R, Black and Decker DN76, Bosch PHO 100, PHO 150, PHO 200, PHO 300, 4387, PHO 2-82, PHO 3-82, Gustav HOO882, Casals CE82, DeWALT DW678, DW678EK, DW680, ELU HH15, HH40, HH40K, HH40EK, FEIN HS2151, Felisatti TP282 Portable Planers",,Number of Pieces,2,,Additional Information,"Blister Case, 90.3 HRA Hardness, 377000 psi Transverse Rupture Strength",,,,,,,,,,,,,,,,,,,,,,,,,,,,,,,,,,,,,,,,,,,,,,,,,,,,,,,,,,,,,,,,,,,,,,,,,,,,,,,,,,,,,,,,,,,,,,,,,,,,,,,,,,,,,,,,,,,,,,,,,,,,,,,,,,,,,,,,,,,,,CMT_ORANGE_TOOLS_790_820.jpg,CMT_ORANGE_TOOLS_790_820_1.jpg,,,,,,,,CMT_ORANGE_TOOLS_790_820_Specification_Sheet.pdf,,,,,,,,,,,,,,,,,,Yes
https://www.cmtorangetools.com/na-en/cutter-heads-knives/planer-joint-knives,https://www.cmtorangetools.com/downloads/8500/1176/03.60.3012_CAT_CMTUSA_2026.pdf,,,,,25285926,Tools,Corded-Cordless Hand Tool Acc,Planer Accessories,1514915,794.321,794.321 HS Planer Knives 3pc,-- Unbranded --,-- No Unilog Brand --,-- No DIB Brand --,CMT USA Inc (CMTUS),CMT ORANGE TOOLS,CMT ORANGE TOOLS®,,794.321,,Tools & Equipment>Power Tools>Power Saw Blades>Planer Blades,"CMT ORANGE TOOLS, Planer and Koint Knife, 794.321, 12-1/2in L, 11/16in W",KNIFE PLANER AND KOINT 12-1/2IN 1/8IN,"CMT ORANGE TOOLS® 794.321 Planer and Koint Knife, 12-1/2 in L, 11/16 in W, 1/8 in Thick, HSS","CMT ORANGE TOOLS® Planer and Koint Knife, 794 Series, 12-1/2 in Length, 11/16 in Width, 1/8 in Thickness, HSS, Cut Materials: Glulam, Hardwood, Softwood, 3 Piece","794 Series Planer and Koint Knife, 12-1/2 in L, 11/16 in W, 1/8 in Thick, HSS","CMT's new selection of planer & jointer knives are carefully ground from fine European high speed steel. You'll appreciate the high quality finish on these tools, and more important, you'll love the excellent finish they produce on your work!",These items are sold in quadropack packing,,,,,,,,,,,,,,,,,,,,,,"Prop65 Warning: This product can expose you to chemicals including Nickel and Lead, which are known to the State of California to cause cancer and birth defects or other reproductive harm. For more information go to www.P65Warnings.ca.gov.",,,Planer and Koint Knife,Series,794 Series,,Length,12-1/2,in,Width,11/16,in,Thickness,1/8,in,Cut Style,,,Material,HSS,,Cut Materials,"Glulam, Hardwood, Softwood",,Suitable For Use With,,,Number of Pieces,3,,Additional Information,,,,,,,,,,,,,,,,,,,,,,,,,,,,,,,,,,,,,,,,,,,,,,,,,,,,,,,,,,,,,,,,,,,,,,,,,,,,,,,,,,,,,,,,,,,,,,,,,,,,,,,,,,,,,,,,,,,,,,,,,,,,,,,,,,,,,,,,,,,,,,CMT_ORANGE_TOOLS_794_321_RI.jpg,CMT_ORANGE_TOOLS_794_321_1.jpg,CMT_ORANGE_TOOLS_794_321_2.jpg,,,,,,,,,,,,,,,,,,,,,,,,,No
https://jettools.com/jwbs-14sfx-14-bandsaw-1-3-4hp-115-230v,,,,,,25286398,Tools,Stationary - Bench Top Tools,Bandsaws,1518167,JT9-714400K,"JWBS-14SFX 14"" Bandsaw JTP-714400K",-- Unbranded --,-- No Unilog Brand --,-- No DIB Brand --,JPW Industries (JPWIN),JPW Industries,JET®,,JT9-714400K,,Tools & Equipment>Power Tools>Power Saws>Band Saws>Corded Band Saws,"JPW Industries JET, Bandsaw, JT9-714400K, Tool/Kit: Tool, 116in L Blade",BANDSAW TOOL 13IN 116IN 115/230V 1-3/4HP,"JET® JT9-714400K Bandsaw, Tool/Kit: Tool, 13 in Cutting Capacity, 116 in L Blade, 115/230 V, 1.3 kW, 1-3/4 hp","JET® Bandsaw, Tool, 13 in Cutting Capacity, 116 in Blade Length, 115/230 V, 7.5 to 15 A, 60 Hz, 1.3 kW, 1-3/4 hp, 765 rpm, Steel Housing, 5-15P Plug, 6 ft Cord Length, Industrial-Style Pushbutton On/Off Switch, Handwheel Handle, 75 dB Sound Level, 37 in Overall Length, 27-1/2 in Overall Width, 75-3/8 in Overall Depth, Additional Information: 1 ph Phase, JWBS-14SFX Model, 14 in Blade Wheel Diameter, 1/8 to 3/4 in Saw Blade Width, 4 in Dust Port, 350 cfm Air Flow Rate, 21 x 17 in Table Size, 45 deg Right Table Tilt Angle, 40 in Table Height from Floor, 13-1/2 in Throat Capacity, 3000 fpm Blade Speed","Bandsaw, Tool/Kit: Tool, 13 in Cutting Capacity, 116 in L Blade, 115/230 V, 1.3 kW, 1-3/4 hp, 765 rpm Speed, 37 in OAL","The JET 14 in. 14SFX Steel Frame Bandsaw is built for woodworkers who expect their tools to keep up with their ambition. Powered by a 1-3/4 HP motor and engineered with a rigid steel frame, this bandsaw delivers the stability and precision needed to take on demanding cuts with confidence. A massive 360 sq. in. cast iron table provides a solid work surface for improved material support, while over 13 in. of resaw capacity opens the door to taller stock and more advanced woodworking projects. The machined, dual-height aluminum fence system and independently adjustable ball bearing blade guides work together to maintain accuracy, helping every cut track true. From intricate curves to heavy resaw work, the 14 in. 14SFX Steel Frame Bandsaw gives you the control, power, and reliability to push your craft further-so you can do more in your shop every day. Looking for even smoother material movement and additional surface protection. Explore the JET BLACK Performance Coated version of this bandsaw for enhanced glide and rust resistance.","360 sq. in. Cast Iron Table - Large, stable work surface provides better support and control when cutting larger workpieces.","13 in. Resaw Capacity - Easily handle taller stock, veneers, and demanding resaw operations.","Precision Aluminum Dual-Height Fence System - Clear measurement scale and rigid design deliver consistent, accurate cuts.","Adjustable Ball Bearing Blade Guides - Upper and lower guides keep blades tracking true for smoother, more precise results.",Heavy-Duty Steel Frame Construction - Rigid steel design reduces vibration for greater stability and cutting confidence.,Dual 4 in. Dust Ports - Improved dust collection keeps the workspace cleaner and visibility clear while cutting.,5-Year Warranty Support - Backed by JET's industry-leading warranty for long-term reliability and peace of mind.,,,,,,,,,,,,,,,,Prop65 Warning: This product can expose you to chemicals which are known to the State of California to cause cancer and reproductive harm. For more information go to www.P65Warnings.ca.gov.,,,Bandsaw,Series,,,Tool/Kit,Tool,,Cutting Capacity,13,in,Blade Length,116,in,Blade Material,,,Drive Type,,,Voltage Rating,115/230,V,Amperage Rating,7.5 to 15,A,Frequency Rating,60,Hz,Power Rating,1.3,kW,HP Rating,1-3/4,hp,Speed Rating,765,rpm,Speed Setting,,,Housing Material,Steel,,Housing Color,,,Plug Type,5-15P,,Cord Length,6,ft,Cord Color,,,Switch Type,Industrial-Style Pushbutton On/Off,,Handle Type,Handwheel,,Handle Material,,,Handle Color,,,Sound Level,75,dB,Overall Length,37,in,Overall Width,27-1/2,in,Overall Depth,75-3/8,in,Additional Information,"1 ph Phase, JWBS-14SFX Model, 14 in Blade Wheel Diameter, 1/8 to 3/4 in Saw Blade Width, 4 in Dust Port, 350 cfm Air Flow Rate, 21 x 17 in Table Size, 45 deg Right Table Tilt Angle, 40 in Table Height from Floor, 13-1/2 in Throat Capacity, 3000 fpm Blade Speed",,,,,,,,,,,,,,,,,,,,,,,,,,,,,,,,,,,,,,,,,,,,,,,,,,,,,,,,,,,,,,,,,,,,,,,,,,,5 Year,,,,,,,,,,,,,,,JET_JT9_714400K.jpg,JET_JT9_714400K_1.jpg,JET_JT9_714400K_2.jpg,JET_JT9_714400K_3.jpg,JET_JT9_714400K_4.jpg,,,,,JET_JT9_714400K_Specification_Sheet.pdf,JET_JT9_714400K_Instruction_Installation_Manual.pdf,,,,,,,,,,,,,,,,,Yes
https://www.milwaukeetool.com/products/details/m18-fuel-7-1-4-circular-saw-kit/2834-21hd,,,,,,22076064,Tools,Cordless Power Tools,Circ Saws / Miter Saws,384761,2834-21HD,"2834-21HD Milw M18 7-1/4"" Circ - Saw Kit",-- Unbranded --,-- No Unilog Brand --,Milwaukee,Milwaukee Accessory (4031),Milwaukee Tool,Milwaukee®,,2834-21HD,,Tools & Equipment>Power Tools>Power Saws>Circular Saws>Cordless Circular Saws,"Milwaukee, Circular Saw Kit, M18 Fuel Series, 2834-21HD, Tool/Kit: Kit, 18V",KIT SAW CIRCULAR KIT 7-1/4IN 2-5/8IN 18V,"Milwaukee® M18 Fuel™ Series 2834-21HD Circular Saw Kit, Tool/Kit: Kit, 7-1/4 in Dia Blade, 2-5/8 in D Cutting, 18 V","Milwaukee® Circular Saw Kit, M18 Fuel™ Series, Kit, 7-1/4 in Blade Diameter, Thick Kerf Framing Blade, 2-5/8 in Cutting Depth, 5/8 in Arbor, 22.5 to 45 deg Cutting Angle, 18 V, M18™ REDLITHIUM™ FORGE™ HD12.0 Battery, 12 Ah Battery, 6000 rpm, Magnesium Housing, Trigger Switch, Top Handle, 17-1/2 in Overall Length, 7.4 in Overall Width, 8-1/2 in Overall Depth, Additional Information: 0 to 125 deg F Operating Temperature, POWERSTATE™ Brushless Motor","M18 Fuel™ Series Circular Saw Kit, Tool/Kit: Kit, 7-1/4 in Dia Blade, 2-5/8 in D Cutting, 18 V, 12 Ah, 6000 rpm Speed","Our M18 FUEL 7-1/4"" Circular Saw is designed for the professional carpenter, remodeler, and general contractors who rely on high-performing and durable tools. Leveraging the latest in cordless technology, this saw offers class-leading performance, providing the power to complete more demanding applications and the cut speed to achieve greater productivity. The POWERSTATE™ Brushless Motor delivers 6,000 RPM, maintaining high speed under load, providing users the ability to complete their most demanding applications efficiently. The latest in REDLINK PLUS™ Electronics ensures maximum tool performance and protection from overload, overheating, and over-discharge. When paired with an M18 REDLITHIUM™ FORGE™ HD12.0 Battery this saw delivers 750 cuts per charge and is fully compatible with all M18 REDLITHIUM™ batteries. The ergonomic, compact, and lightweight design makes the saw a perfect solution for all-day cutting. Positive bevel detents and depth detents offer added productivity and reduce downtime. Additionally, the saw has an electric blade brake, LED work light, rafter hook, and all magnesium guards and shoes, keeping the user productive and providing the durability to handle the toughest job site conditions.",POWERSTATE™ Brushless Motor provides the power to complete more demanding applications and the cut speed to achieve greater productivity,"REDLINK PLUS™ Intelligence ensures maximum performance and protects from overloads, heating, and over-discharge",Up to 750 Cuts Per Charge (M18 REDLITHIUM™ FORGE™ HD12.0 battery),"2-5/8"" Cut Capacity: Capability to cut 3x material in one pass",Bevel detents at 22.5 and 45 degrees,"Depth detents at 1/2"", 3/4"", and 1-1/2""",Integrated dust port on guard and included vac adaptor,LED light for increased accuracy and visibility,Integrated rafter hook for easy storage,Magnesium shoe and guards for maximum durability,Electric brake to stop blade after trigger is released,"Fully Compatible with the M18™ System, Featuring Over 250+ Tools",,,,,,,,,,,,,"(1) 2834-20 M18 FUEL™ 7-1/4 in Circular Saw (Tool Only), (1) 48-11-1813 M18™ Redlithium™ FORGE™ HD12.0 Battery Pack, (1) 48-40-0740 7-1/4 in 24T THK Kerf Framing Circular Saw Blade, (1) 48-59-1808 M18™ and M12™ Rapid Charger, (1) Vacuum Adapter, (1) Blade Wrench and (1) Contractor Bag",Circular Saw Kit,Series,M18 Fuel™ Series,,Tool/Kit,Kit,,Blade Diameter,7-1/4,in,Blade Type,Thick Kerf Framing,,Blade Material,,,Cutting Depth,2-5/8,in,Arbor Size,5/8,in,Cutting Angle,22.5 to 45,deg,Voltage Rating,18,V,Battery Type,M18™ REDLITHIUM™ FORGE™ HD12.0,,Battery Capacity,12,Ah,Speed Rating,6000,rpm,Speed Setting,,,Housing Material,Magnesium,,Housing Color,,,Switch Type,Trigger,,Handle Type,Top,,Handle Material,,,Handle Color,,,Sound Level,,,Overall Length,17-1/2,in,Overall Width,7.4,in,Overall Depth,8-1/2,in,Additional Information,"0 to 125 deg F Operating Temperature, POWERSTATE™ Brushless Motor",,,,,,,,,,,,,,,,,,,,,,,,,,,,,,,,,,,,,,,,,,,,,,,,,,,,,,,,,,,,,,,,,,,,,,,,,,,,,,,,,,,,5 Year Limited,,,,,,,,,,,,,,,Milwaukee_2834_21HD.jpg,Milwaukee_2834_21HD_1.jpg,Milwaukee_2834_21HD_2.jpg,Milwaukee_2834_21HD_3.jpg,Milwaukee_2834_21HD_4.jpg,,,,,,Milwaukee_2834_21HD_Instruction_Installation_Manual.pdf,,,,,,,,,,,,,,,,,Yes
https://www.milwaukeetool.com/products/details/m12-fuel-jig-saw/2545-20,,,,,,20778341,Tools,Cordless Power Tools,Jig Saws,305564,2545-20,2545-20 Milw M12 Jig Saw,-- Unbranded --,-- No Unilog Brand --,Milwaukee,Milwaukee Accessory (4031),Milwaukee Tool,Milwaukee®,,2545-20,,Tools & Equipment>Power Tools>Power Saws>Jig Saws>Cordless Jig Saws,"Milwaukee, Jig Saw, M12 Fuel Series, 2545-20, Tool/Kit: Tool, 12V",SAW JIG TOOL 7/8IN ORBITAL 12V M12™,"Milwaukee® M12 Fuel™ Series 2545-20 Jig Saw, Tool/Kit: Tool, 7/8 in L Stroke, Orbital Stroke, 12 V, M12™ Battery","Milwaukee® Jig Saw, M12 Fuel™ Series, Tool, 7/8 in Stroke Length, Orbital Stroke, 0 to 45 deg Base Tilt Angle, 12 V, M12™ Battery, 800 to 3000 spm, 5 Speed Setting, Metal Housing, Black/Red Housing, Barrel Grip, Ergonomic Handle, 8.9 in Overall Length, 2.9 in Overall Width, 7.2 in Overall Depth, Additional Information: 0 to 125 deg F Operating Temperature, POWERSTATE™ Brushless Motor","M12 Fuel™ Series Jig Saw, Tool/Kit: Tool, 7/8 in L Stroke, Orbital Stroke, 12 V, M12™ Battery, 800 to 3000 spm Speed","Designed for the professional carpenter and remodeler, our M12 FUEL™ Jig Saw is optimized for power and precision on the jobsite. The M12 FUEL™ Jig Saw delivers the Fastest 12V Blade Speed Under Load, More Control in More Orientations, and Maximum Cut Line Visibility. The POWERSTATE™ Brushless Motor and REDLINK PLUS™ Intelligence deliver 3000 strokes per minute at a 7/8"" stroke for clean, controlled cuts in a wide variety of finish materials. The compact size, low vibration, and ergonomic barrel-grip design provide more control across standard and inverted orientations of usage. The saw is equipped with an on/off LED light and on/off dust blower to optimize cut line visibility for the application at hand. Our M12™ FUEL Jig Saw features orbital action with 5 adjustment levels, variable speed dial, blade storage, tool-less blade change, a durable aluminum base plate with bevel detents, and carries our industry-leading 5-year limited power tool warranty.",POWERSTATE™ Brushless Motor: Generates the power to cut hardwoods and metals under load.,"REDLINK PLUS™ Intelligence: Ensures maximum performance and protects from overloads, heating, and over-discharge.",Ergonomic barrel grip design delivers more control and enhanced maneuverability.,Variable speed dial provides 5 adjustment settings that range from 3000 - 800 SPM.,Orbital action with 5 adjustment levels offers greater cut versatility in application.,LED light illuminates the workpiece and allows user to turn off during inverted use.,Integrated blower clears the cut line of debris and allows user to turn off when using dust extraction.,Accepts T-Shank jig saw blades.,On-board blade storage,Tool-free quick eject blade change,"Durable aluminum base plate with bevel detents at 0 deg , 15 deg , 30 deg , and 45 deg .","Includes Dust Cover, Splinter Guard, Shoe Cover, Vacuum Shroud","On-board hex wrench for quick, efficient bevel adjustments.",Compatible with over 125+ tools on the M12™ System.,,,,,,,,,,,"Dust Cover, Splinter Guard, Shoe Cover and Vacuum Shroud",Jig Saw,Series,M12 Fuel™ Series,,Tool/Kit,Tool,,Stroke Length,7/8,in,Stroke,Orbital,,Base Tilt Angle,0 to 45,deg,Blade Size,,,Blade Material,,,Voltage Rating,12,V,Battery Type,M12™,,Battery Capacity,,,Speed Rating,800 to 3000,spm,Speed Setting,5,,Housing Material,Metal,,Housing Color,Black/Red,,Switch Type,,,Handle Type,"Barrel Grip, Ergonomic",,Handle Material,,,Handle Color,,,Sound Level,,,Overall Length,8.9,in,Overall Width,2.9,in,Overall Depth,7.2,in,Additional Information,"0 to 125 deg F Operating Temperature, POWERSTATE™ Brushless Motor",,,,,,,,,,,,,,,,,,,,,,,,,,,,,,,,,,,,,,,,,,,,,,,,,,,,,,,,,,,,,,,,,,,,,,,,,,,,,,,,,,,,,,,5 Year Limited,,,,,,,,,,,,,,,Milwaukee_2545_20.jpg,Milwaukee_2545_20_1.jpg,Milwaukee_2545_20_2.jpg,Milwaukee_2545_20_3.jpg,Milwaukee_2545_20_4.jpg,,,,,,Milwaukee_2545_20_Instruction_Installation_Manual.pdf,,,,,,,,,,,,,,,,,Yes
https://www.dewalt.com/en-us/product/dcs714b/20v-max-xr-10-double-bevel-fixed-miter-saw-tool-only,,,,,,22093739,Tools,Cordless Power Tools,Circ Saws / Miter Saws,1515182,DCS714B,"DCS714B Dewalt 20V Miter Saw - (Bare) 10"" Double Bevel Fixed",-- Unbranded --,-- No Unilog Brand --,-- No DIB Brand --,Black & Decker/dewlt (2585),Stanley Black & Decker,DeWALT®,,DCS714B,,Tools & Equipment>Power Tools>Power Saws>Miter Saws>Cordless Miter Saws,"Stanley Black & Decker DeWALT, Double Bevel Fixed Miter Saw, MAX XR Series",SAW MIT FXD BEV DBL TOOL 10IN 5-1/4IN,"DeWALT® MAX XR® Series DCS714B Double Bevel Fixed Miter Saw, Tool/Kit: Tool, 10 in Dia Blade, 5-1/4 in H Cutting, 20 V","DeWALT® Double Bevel Fixed Miter Saw, MAX XR® Series, Tool, 10 in Blade Diameter, Crosscut Blade, 5-1/4 in Cutting Height, 6 in Cutting Width, 0/22.5/33.9/45/90 deg Cutting Angle, 20 V, MAX Lithium-Ion Battery, 8 Ah Battery, 4900 rpm, Black/Yellow Housing, Trigger Switch, Lock, Carry Handle, Black/Yellow Handle, 22-3/4 in Overall Length, 19.35 in Overall Width, 20-3/4 in Overall Depth, Additional Information: Brushless Motor","MAX XR® Series Double Bevel Fixed Miter Saw, Tool/Kit: Tool, 10 in Dia Blade, 5-1/4 in H Cutting, 6 in W Cutting, 20 V","Precisely execute miter and bevel cuts with the 20V MAX* XR® 10 in. Double bevel fixed miter saw, our most powerful 20V MAX* compact miter saw"" . Featuring regenerative braking technology, this miter saw offers exceptional runtime and efficiency. The bevel gear transmission helps maximize runtime by minimizing the power lost in the system. As a next-generation XR® tool, this saw makes up to 434 cuts in 3-1/4 in. MDF base molding and up to 311 cuts in 2 in. X 4 in. SPF. Designed to help maximize productivity, this product captures up to 97% of dust"" "" to help maintain a clean work environment (battery and charger sold separately).","Our most powerful 20V MAX* compact miter saw"" - make up to 434 cuts in 3-1/4 in. MDF base molding and up to 311 cuts in 2 in. X 4 in. SPF",Cut. Capture. Charge. - take advantage of exceptional runtime and efficiency with the bevel gear transmission that helps maximize runtime by minimizing the power lost in the system,Cordless compatibility - our first 10 in. Miter saw compatible with the full range of DEWALT® 20V MAX* and DEWALT® FLEXVOLT® batteries (sold separately),"Efficient dust collection - capture up to 97% of dust"" "" during use","Large cut capacity - cut up to 6 in. Horizontally, 5-1/4 in. Baseboard vertically or 5-1/4 in. Crown nested",Proven accuracy - get adjustment-free cut line indication with the cutline blade positioning system,Easy portability - move around the jobsite with ease utilizing the convenient carry handle and a lightweight design of only 34 lbs. (Tool Only),Quick bevel adjustments - set bevel cuts to 22.5 deg or 33.9 deg fast with the included bevel pawls,Intuitive design - easily adjust miter and bevel cut settings with simple touchpoints,Tool Connect Tag ready - featuring Tool Connect Tag ready functionality (DEWALT® tag sold separately) when paired with the DEWALT® site manager app that shows data on asset management and tool location,,,,,,,,,,,,,,,"(1) DCS714 20 V MAX XR® 10 in Double Bevel Fixed Miter Saw, (1) 10 in 32-Teeth Blade, (1) Stabilizer Bar, (1) Dust Bag, (1) Non-Airlock Vacuum Adapter, (1) Blade Wrench and (1) Material Clamp",Double Bevel Fixed Miter Saw,Series,MAX XR® Series,,Tool/Kit,Tool,,Blade Diameter,10,in,Blade Type,Crosscut,,Blade Material,,,Cutting Height,5-1/4,in,Cutting Width,6,in,Arbor Size,,,Cutting Angle,0/22.5/33.9/45/90,deg,Voltage Rating,20,V,Battery Type,MAX Lithium-Ion,,Battery Capacity,8,Ah,Speed Rating,4900,rpm,Speed Setting,,,Housing Material,,,Housing Color,Black/Yellow,,Switch Type,Trigger,,Handle Type,"Lock, Carry",,Handle Material,,,Handle Color,Black/Yellow,,Sound Level,,,Overall Length,22-3/4,in,Overall Width,19.35,in,Overall Depth,20-3/4,in,Additional Information,Brushless Motor,,,,,,,,,,,,,,,,,,,,,,,,,,,,,,,,,,,,,,,,,,,,,,,,,,,,,,,,,,,,,,,,,,,,,,,,,,,,,885911999113,,,,3 Year Limited,,,,,,,,,,,,,,,DeWALT_DCS714B.jpg,DeWALT_DCS714B_1.jpg,DeWALT_DCS714B_2.jpg,DeWALT_DCS714B_3.jpg,DeWALT_DCS714B_4.jpg,,,,,,DeWALT_DCS714B_Instruction_Installation_Manual.pdf,,,,,,,,,,,,,,,,,Yes
https://www.dewalt.com/en-us/product/dcs785b/20v-max-xr-12-double-bevel-sliding-miter-saw-tool-only,,,,,,22093740,Tools,Cordless Power Tools,Circ Saws / Miter Saws,1515181,DCS785B,"DCS785B Dewalt 20V Miter Saw - Kit 12"" Double Bevel Sliding",-- Unbranded --,-- No Unilog Brand --,-- No DIB Brand --,Black & Decker/dewlt (2585),Stanley Black & Decker,DeWALT®,,DCS785B,,Tools & Equipment>Power Tools>Power Saws>Miter Saws>Cordless Miter Saws,"Stanley Black & Decker DeWALT, Double Bevel Sliding Miter Saw, MAX XR Series",SAW MIT SL BEV DBL TOOL 12IN 6-1/2IN 20V,"DeWALT® MAX XR® Series DCS785B Double Bevel Sliding Miter Saw, Tool/Kit: Tool, 12 in Dia Blade, 6-1/2 in H Cutting","DeWALT® Double Bevel Sliding Miter Saw, MAX XR® Series, Tool, 12 in Blade Diameter, Crosscut Blade, 6-1/2 in Cutting Height, 14 in Cutting Width, 1 in Arbor, 0/22.5/33.9/45/90 deg Cutting Angle, 20 V, MAX Lithium-Ion Battery, 8 Ah Battery, 3800 rpm, Black/Yellow Housing, Trigger Switch, Lock, Carry Handle, Black/Yellow Handle, 33.57 in Overall Length, 23.81 in Overall Width, 19-1/2 in Overall Depth, Additional Information: Brushless Motor","MAX XR® Series Double Bevel Sliding Miter Saw, Tool/Kit: Tool, 12 in Dia Blade, 6-1/2 in H Cutting, 14 in W Cutting","Precisely execute miter and bevel cuts with the 20V MAX* XR® 12 in. Double bevel sliding miter saw, our first 12 in. 20V MAX* miter saw compatible with our entire range of 20V MAX* and DEWALT® FLEXVOLT® batteries (sold separately). Featuring regenerative braking technology, this miter saw offers exceptional runtime and efficiency. The bevel gear transmission helps maximize runtime by minimizing the power lost in the system. As our largest cut capacity 20V MAX* miter saw, this saw delivers up to 371 cuts in 3 1/4 in. MDF base molding and up to 153 cuts in pressure treated 4 in. X 4 in. Timber. With integrated wireless tool control designed to maximize productivity, this product captures up to 97% of dust to help maintain a clean work environment (battery and charger sold separately).","Our largest cut capacity 20V MAX* miter saw - cut up to 14 in. Horizontally, 6-1/2 in. Baseboard standing up, or 6-1/2 in. Crown nested",Cut. Capture. Charge. - help maximize productivity and battery life. Regenerative braking technology helps deliver up to 371 cuts in 3 1/4 in. MDF base molding and up to 153 cuts in pressure treated 4 in. X 4 in. Timber,Cordless compatibility - our first 12 in. Miter saw compatible with the full range of DEWALT® 20V MAX* and DEWALT® FLEXVOLT® batteries,"Efficient dust collection - capture up to 97% of dust"" "" during use","Help minimize clean-up - help maintain a clean work environment with integrated wireless tool control that enables vacuum operation with the pull of a trigger (dust bag and vacuum adaptor included, vacuum sold separately)",Proven accuracy - get adjustment-free cut line indication with the cutline blade positioning system,Bevel gear transmission - work confidently with a transmission designed to help minimize power loss,Easy portability - move around the jobsite with ease utilizing the convenient carry handles and a lightweight design of only 51.7 lbs. (Tool Only),Quick bevel adjustments - set bevel cuts to 22.5 deg or 33.9 deg fast with the included bevel pawls,Intuitive design - set the depth of cut and adjust miter and bevel cut settings with simple touchpoints,,,,,,,,,,,,,,,"(1) DCS785 20 V MAX XR® 12 in Double Bevel Sliding Miter Saw, (1) 12 in 60-Teeth Blade, (1) Stabilizer Bar, (1) Dust Bag, (1) Non-Airlock Vacuum Adapter, (1) Blade Wrench, (2) Base Extensions, (1) Material Clamp, (1) DCB2108 battery and (1) Charger",Double Bevel Sliding Miter Saw,Series,MAX XR® Series,,Tool/Kit,Tool,,Blade Diameter,12,in,Blade Type,Crosscut,,Blade Material,,,Cutting Height,6-1/2,in,Cutting Width,14,in,Arbor Size,1,in,Cutting Angle,0/22.5/33.9/45/90,deg,Voltage Rating,20,V,Battery Type,MAX Lithium-Ion,,Battery Capacity,8,Ah,Speed Rating,3800,rpm,Speed Setting,,,Housing Material,,,Housing Color,Black/Yellow,,Switch Type,Trigger,,Handle Type,"Lock, Carry",,Handle Material,,,Handle Color,Black/Yellow,,Sound Level,,,Overall Length,33.57,in,Overall Width,23.81,in,Overall Depth,19-1/2,in,Additional Information,Brushless Motor,,,,,,,,,,,,,,,,,,,,,,,,,,,,,,,,,,,,,,,,,,,,,,,,,,,,,,,,,,,,,,,,,,,,,,,,,,,,,885911923118,,,,3 Year Limited,,,,,,,,,,,,,,,DeWALT_DCS785B.jpg,DeWALT_DCS785B_1.jpg,DeWALT_DCS785B_2.jpg,DeWALT_DCS785B_3.jpg,DeWALT_DCS785B_4.jpg,,,,,,DeWALT_DCS785B_Instruction_Installation_Manual.pdf,,,,,,,,,,,,,,,,,Yes
https://makitatools.com/products/details/GSL02M1,,,,,,24702687,Tools,Cordless Power Tools,Circ Saws / Miter Saws,1511567,GSL02M1,"GSL02M1 Makita Miter Saw - 40V 8-1/2""",-- Unbranded --,-- No Unilog Brand --,-- No DIB Brand --,Makita Usa Inc (5142),Makita,Makita®,,GSL02M1,,Tools & Equipment>Power Tools>Power Saws>Miter Saws>Cordless Miter Saws,"Makita, Cordless Dual-Bevel Sliding Compound Miter Saw Kit, XGT Series, GSL02M1",KIT KIT 8-1/2IN 1-3/16 TO 2-3/4IN 40V,"Makita® XGT® Series GSL02M1 Cordless Dual-Bevel Sliding Compound Miter Saw Kit, Tool/Kit: Kit, 8-1/2 in Dia Blade, 40 V","Makita® Cordless Dual-Bevel Sliding Compound Miter Saw Kit, XGT® Series, Kit, 8-1/2 in Blade Diameter, Carbide Blade, 1-3/16 to 2-3/4 in Cutting Height, 6-1/8 to 12-1/4 in Cutting Width, 5/8 in Arbor, 0 to 60 deg Miter, 0 to 48 deg Bevel Cutting Angle, 40 V, MAX XGT® Lithium-Ion Battery, 4 Ah Battery, 4800 rpm, Trigger Switch, Lever/Carry Handle, 27-5/8 in Overall Length, 21-3/4 in Overall Width, 22 in Overall Depth, Additional Information: 3/32 in Kerf","XGT® Series Cordless Dual-Bevel Sliding Compound Miter Saw Kit, Tool/Kit: Kit, 8-1/2 in Dia Blade, 40 V, 4 Ah","The 40V max XGT® Brushless 8-1/2"" Dual-Bevel Sliding Compound Miter Saw Kit (GSL02M1) provides 4,800 RPM for faster and smoother cutting. The rail-forward design maximizes workspace when the miter saw is positioned flush against a wall. The miter saw has a large 2-3/4"" x 12-1/4"" cutting capacity at 90-degrees. The saw miters 0 deg to 60 deg left and right and bevels from 0 deg to 48 deg (left and right). The efficient brushless motor runs cooler and more efficiently for longer tool life. The GSL02M1 features Automatic Speed Change™ technology to adjust cutting speed and torque under load for optimum performance and a soft start to suppress start-up reaction for smooth start-ups and longer gear life. Extension wings all for cutting longer materials and retract for easier storage. An electric brake provides maximum productivity.","OUTPOWER: Makita-built brushless motor delivers 4,800 RPM for faster cutting performance",OUTSMART: The digital communication within XGT® optimizes performance to provide up to 2X longer sustained power under heavy-load applications,"OUTLAST: The digital communication within XGT® actively monitors and protects against overload, over-discharge and overheating","Large 2-3/4"" x 12-1/4"" cutting capacity at 90 deg",Miters 0-60 deg left and right; bevels 0-48 deg left and right,L.E.D. light casts a shadow of the saw blade onto the material creating an exact cutting line,Dust reduction with dual dust collection ports and blade case design,Rail-forward design to maximize work space against a wall and compact storage,Auto-start wireless System (AWS®) utilizes Bluetooth technology for wireless on-off communication between the tool and dust extractor,AWS® capable with Auto-start Wireless Transmitter (part no. 198901-5) sold separately,Extension wings for cutting longer material; retractable for more compact storage,Bevel angle lock and release dial at front of tool for easy access and repositioning,Electric brake for maximum productivity,Soft start suppresses start-up reaction for smooth start-ups and longer gear life,Convenient onboard hex wrench storage for blade changes,"The digital communication within XGT® actively monitors and protects against overload, over-discharge and overheating",XGT® Tools and Batteries are designed with a multi-layer contact interface for more constant power delivery to take on high-current demands,XGT® Batteries feature rigid rails with impact-resistant construction to secure the battery to the tool during high-demand applications,The XGT® Rapid Charger with dual-fan design circulates air through the battery to cool the battery and circuit board quickly for faster charging,"The XGT® Rapid Charger's digital display indicates battery charge level (-80%, +80%, 100%)",,,,,"(1) 40V MAX XGT® Brushless 8-1/2 in Dual-Bevel Sliding Compound Miter Saw, GSL02Z AWS® Capable, (1) BL4040 40V MAX XGT® 4.0Ah Battery, (1) DC40RA 40V MAX XGT® Rapid Optimum Charger, (1) 762001-3 Triangular Rule, (1) 783022-2 Hex Wrench, (1) E-06965 8-1/2 in 45T Carbide-Tipped Max Efficiency Miter Saw Blade and (1) Dust Bag",Cordless Dual-Bevel Sliding Compound Miter Saw Kit,Series,XGT® Series,,Tool/Kit,Kit,,Blade Diameter,8-1/2,in,Blade Type,,,Blade Material,Carbide,,Cutting Height,1-3/16 to 2-3/4,in,Cutting Width,6-1/8 to 12-1/4,in,Arbor Size,5/8,in,Cutting Angle,"0 to 60 deg Miter, 0 to 48 deg Bevel",,Voltage Rating,40,V,Battery Type,MAX XGT® Lithium-Ion,,Battery Capacity,4,Ah,Speed Rating,4800,rpm,Speed Setting,,,Housing Material,,,Housing Color,,,Switch Type,Trigger,,Handle Type,Lever/Carry,,Handle Material,,,Handle Color,,,Sound Level,,,Overall Length,27-5/8,in,Overall Width,21-3/4,in,Overall Depth,22,in,Additional Information,3/32 in Kerf,,,,,,,,,,,,,,,,,,,,,,,,,,,,,,,,,,,,,,,,,,,,,,,,,,,,,,,,,,,,,,,,,,,,,,,,,,,,,088381747202,,,,3 Year Limited,,,,,21.26,in,18.5,in,32.09,in,55.13,lb,,,Makita_GSL02M1.jpg,Makita_GSL02M1_1.jpg,Makita_GSL02M1_2.jpg,Makita_GSL02M1_3.jpg,Makita_GSL02M1_4.jpg,,,,,,Makita_GSL02M1_Instruction_Installation_Manual.pdf,,,,,,,,,,,,,https://www.youtube.com/watch?v=F1SpHz-U3L0,https://www.youtube.com/watch?v=yRUwWmcWV68,,,Yes
https://www.dewalt.com/en-us/product/dcb606c/20v60v-max-flexvolt-6ah-battery-kit,,,,,,14328189,Tools,Cordless Power Tools,60V Battery,1517179,DCB606C,DCB606C Dewalt Flexvolt Starter Kit,-- Unbranded --,-- No Unilog Brand --,-- No DIB Brand --,Black & Decker/dewlt (2585),Stanley Black & Decker,DeWALT®,,DCB606C,,Tools & Equipment>Power Tools>Power Tool Accessories>Cordless Tool Batteries,"Stanley Black & Decker DeWALT, Battery and Charger Kit, DCB606C, 20/60V",KIT BAT AND CHARGER 20/60V 6AH 1 11.94IN,"DeWALT® DCB606C Battery and Charger Kit, 20/60 V, 6 Ah Battery Capacity, Lithium-Ion Battery Chemistry, 1-Battery","DeWALT® Battery and Charger Kit, Battery Series: FLEXVOLT® MAX, 20/60 V, 6 Ah Battery, Lithium-Ion, 1 Batteries, 11.94 in Overall Length, 3.9 in Overall Width, 7.06 in Overall Height, For Use With: DeWALT 20 V, 60 V MAX Tools, Additional Information: 90 min Charge Time","Battery and Charger Kit, 20/60 V, 6 Ah Battery Capacity, Lithium-Ion Battery Chemistry, 1-Battery","Get the most out of your 20V MAX and 60V MAX tools with this FLEXVOLT® 6ah battery engineered with flexible battery technology. Designed to automatically switch voltages when you change your tool, our most versatile battery helps maximize performance for tough jobs.",Power and runtime - take on tough applications and help maximize productivity with a 6ah capacity,State-of-charge - get quick visibility to your battery's state-of-charge with the LED indicator to help avoid interruptions,Dual-voltage flexible technology - maximize the performance of your 20V MAX and 60V MAX tools with this battery that automatically switches voltage when you change your tools,,,,,,,,,,,,,,,,,,,,,,(1) DCB606 20/60 V MAX Flexvolt® 6 Ah Battery and (1) Charger,Battery and Charger Kit,Series,,,Battery Series,FLEXVOLT® MAX,,Voltage Rating,20/60,V,Battery Capacity,6,Ah,Battery Chemistry,Lithium-Ion,,Number of Batteries,1,,Overall Length,11.94,in,Overall Width,3.9,in,Overall Height,7.06,in,Suitable For Use With,"DeWALT 20 V, 60 V MAX Tools",,Additional Information,90 min Charge Time,,,,,,,,,,,,,,,,,,,,,,,,,,,,,,,,,,,,,,,,,,,,,,,,,,,,,,,,,,,,,,,,,,,,,,,,,,,,,,,,,,,,,,,,,,,,,,,,,,,,,,,,,,,,,,,,,,,,,,,885911719865,,,,3 Year Limited,,,,,,,,,,,,,,,DeWALT_DCB606C.jpg,DeWALT_DCB606C_1.jpg,,,,,,,,,DeWALT_DCB606C_Instruction_Installation_Manual.pdf,,,,,,,,,,,,,,,,,Yes
https://www.dewalt.com/en-us/product/dcb205c/20v-max-50-ah-starter-kit,,,,,,22093580,Tools,Cordless Power Tools,20V Battery,321523,DCB205C,DCB205C 20V Starter Kit,-- Unbranded --,-- No Unilog Brand --,DEWALT,Black & Decker/dewlt (2585),Stanley Black & Decker,DeWALT®,,DCB205C,,Tools & Equipment>Power Tools>Power Tool Accessories>Cordless Tool Batteries,"Stanley Black & Decker DeWALT, Battery and Charger Starter Kit, DCB205C, 20V",KIT START BAT AND CHARGER 20V 5AH 1 MAX,"DeWALT® DCB205C Battery and Charger Starter Kit, 20 V, 5 Ah Battery Capacity, Lithium-Ion Battery Chemistry","DeWALT® Battery and Charger Starter Kit, Battery Series: MAX, 20 V, 5 Ah Battery, Lithium-Ion, 1 Batteries, 9.43 in Overall Length, 3-1/2 in Overall Width, 6.94 in Overall Height, For Use With: DeWALT 20 V MAX Tools, Additional Information: 100 W-hr Energy Rating","Battery and Charger Starter Kit, 20 V, 5 Ah Battery Capacity, Lithium-Ion Battery Chemistry, 1-Battery","Stay productive and power your 20V MAX tools with the 20V MAX 5ah battery. Featuring immediate feedback on its state of charge with a 3-LED fuel gauge system, this battery delivers long runtime for tough jobs.",5ah capacity,State of charge indicator,Compatible with all 20V MAX tools,,,,,,,,,,,,,,,,,,,,,,(1) Battery and (1) Charger,Battery and Charger Starter Kit,Series,,,Battery Series,MAX,,Voltage Rating,20,V,Battery Capacity,5,Ah,Battery Chemistry,Lithium-Ion,,Number of Batteries,1,,Overall Length,9.43,in,Overall Width,3-1/2,in,Overall Height,6.94,in,Suitable For Use With,DeWALT 20 V MAX Tools,,Additional Information,100 W-hr Energy Rating,,,,,,,,,,,,,,,,,,,,,,,,,,,,,,,,,,,,,,,,,,,,,,,,,,,,,,,,,,,,,,,,,,,,,,,,,,,,,,,,,,,,,,,,,,,,,,,,,,,,,,,,,,,,,,,,,,,,,,,885911948951,,,,3 Year Limited,,,,,,,,,,,,,,,DeWALT_DCB205C.jpg,DeWALT_DCB205C_1.jpg,DeWALT_DCB205C_2.jpg,,,DeWALT_DCB205C_SDS.pdf,,,,,,,,,,,,,,,,,,,,,,Yes
https://www.dewalt.com/en-us/product/dcb2108/20v-max-xr-8-ah-battery,,,,,,22093584,Tools,Cordless Power Tools,20V Battery,375784,DCB2108,DCB2108 Dewalt 20V 8Ah Battery - Max XR Powerpack,-- Unbranded --,-- No Unilog Brand --,DEWALT,Black & Decker/dewlt (2585),Stanley Black & Decker,DeWALT®,,DCB2108,,Tools & Equipment>Power Tools>Power Tool Accessories>Cordless Tool Batteries,"Stanley Black & Decker DeWALT, Battery, DCB2108, 20V, 8Ah Battery Capacity",BATTERY 20V 8AH LITHIUM-ION 1 MAX XR®,"DeWALT® DCB2108 Battery, 20 V, 8 Ah Battery Capacity, Lithium-Ion Battery Chemistry, 1-Battery","DeWALT® Battery, Battery Series: MAX XR®, 20 V, 8 Ah Battery, Lithium-Ion, 1 Batteries, 5.88 in Overall Length, 3.8 in Overall Width, 5.6 in Overall Height, For Use With: DeWALT 20 V MAX Tools","Battery, 20 V, 8 Ah Battery Capacity, Lithium-Ion Battery Chemistry, 1-Battery","The 20V MAX XR® 8ah battery delivers 50% more power and a longer lifespan. Engineered with tabless cell technology, our best performing 20V MAX 8ah battery"" Powers through tough jobs, day in and day out. XR® batteries are a part of our best performing line of 20V MAX batteries"" and are compatible with 20V MAX* tools.",50% more power - tackle tough jobs with 50% more power,Longer lifespan - help maximize longevity day in and day out with this battery that delivers longer life than traditional cylindrical batteries,"Resists wear-and-tear - take on the elements with a durable, overmolded base designed to provide a high level of impact resistance",State-of-charge - get quick visibility to your battery's state-of-charge with the LED indicator to help avoid interruptions,Part of our best performing line of 20V MAX batteries - these XR® batteries are compatible with 20V MAX tools and chargers,,,,,,,,,,,,,,,,,,,,,Battery,Series,,,Battery Series,MAX XR®,,Voltage Rating,20,V,Battery Capacity,8,Ah,Battery Chemistry,Lithium-Ion,,Number of Batteries,1,,Overall Length,5.88,in,Overall Width,3.8,in,Overall Height,5.6,in,Suitable For Use With,DeWALT 20 V MAX Tools,,Additional Information,,,,,,,,,,,,,,,,,,,,,,,,,,,,,,,,,,,,,,,,,,,,,,,,,,,,,,,,,,,,,,,,,,,,,,,,,,,,,,,,,,,,,,,,,,,,,,,,,,,,,,,,,,,,,,,,,,,,,,,,885911963350,,,,3 Year Limited,,,,,,,,,,,,,,,DeWALT_DCB2108.jpg,DeWALT_DCB2108_1.jpg,DeWALT_DCB2108_2.jpg,DeWALT_DCB2108_3.jpg,DeWALT_DCB2108_4.jpg,,,,,,DeWALT_DCB2108_Instruction_Installation_Manual.pdf,,,,,,,,,,,,,,,,,Yes
https://www.dewalt.com/en-us/product/dcb2108-2/20v-max-xr-8-ah-battery-2-pk,,,,,,22093585,Tools,Cordless Power Tools,20V Battery,1511563,DCB2108-2,DCB2108-2 Dewalt 20V 8Ah 2pk - Battery Max XR Powerpack,-- Unbranded --,-- No Unilog Brand --,-- No DIB Brand --,Black & Decker/dewlt (2585),Stanley Black & Decker,DeWALT®,,DCB2108-2,,Tools & Equipment>Power Tools>Power Tool Accessories>Cordless Tool Batteries,"Stanley Black & Decker DeWALT, Battery, DCB2108-2, 20V, 2 -Battery",BATTERY 20V 8AH LITHIUM-ION 2 MAX XR®,"DeWALT® DCB2108-2 Battery, 20 V, 8 Ah Battery Capacity, Lithium-Ion Battery Chemistry, 2-Battery","DeWALT® Battery, Battery Series: MAX XR®, 20 V, 8 Ah Battery, Lithium-Ion, 2 Batteries, 7.1 in Overall Length, 3.8 in Overall Width, 7.15 in Overall Height, For Use With: DeWALT 20 V MAX Tools","Battery, 20 V, 8 Ah Battery Capacity, Lithium-Ion Battery Chemistry, 2-Battery","The 20V MAX XR® 8ah battery delivers 50% more power and a longer lifespan. Engineered with tabless cell technology, our best performing 20V MAX 8ah battery"" Powers through tough jobs, day in and day out. XR® batteries are a part of our best performing line of 20V MAX batteries"" and are compatible with 20V MAX* tools.",50% more power - tackle tough jobs with 50% more power,Longer lifespan - help maximize longevity day in and day out with this battery that delivers longer life than traditional cylindrical batteries,"Resists wear-and-tear - take on the elements with a durable, overmolded base designed to provide a high level of impact resistance",State-of-charge - get quick visibility to your battery's state-of-charge with the LED indicator to help avoid interruptions,"Part of our best performing line of 20V MAX batteries"" - these XR® batteries are compatible with 20V MAX tools and chargers",,,,,,,,,,,,,,,,,,,,,Battery,Series,,,Battery Series,MAX XR®,,Voltage Rating,20,V,Battery Capacity,8,Ah,Battery Chemistry,Lithium-Ion,,Number of Batteries,2,,Overall Length,7.1,in,Overall Width,3.8,in,Overall Height,7.15,in,Suitable For Use With,DeWALT 20 V MAX Tools,,Additional Information,,,,,,,,,,,,,,,,,,,,,,,,,,,,,,,,,,,,,,,,,,,,,,,,,,,,,,,,,,,,,,,,,,,,,,,,,,,,,,,,,,,,,,,,,,,,,,,,,,,,,,,,,,,,,,,,,,,,,,,,885911962414,,,,3 Year Limited,,,,2/PK,,,,,,,,,,,DeWALT_DCB2108_2.jpg,DeWALT_DCB2108_2_1.jpg,DeWALT_DCB2108_2_2.jpg,DeWALT_DCB2108_2_3.jpg,,,,,,,DeWALT_DCB2108_Instruction_Installation_Manual.pdf,,,,,,,,,,,,,,,,,Yes
https://www.senco.com/senco-accessory/18v-2-0ah-lithium-ion-battery/,,,,,,24790461,Tools,Cordless Power Tools,18V Battery,1518160,VB0212,VB0212 Senco 18V 2.0 AH Lithium Battery,-- Unbranded --,-- No Unilog Brand --,-- No DIB Brand --,Senco Products Inc (4650),KYOCERA Corporation,SENCO®,,VB0212,,Tools & Equipment>Power Tools>Power Tool Accessories>Cordless Tool Batteries,"KYOCERA Corporation SENCO, Battery, VB0212, 18V, 2Ah Battery Capacity",BATTERY 18V 2AH LITHIUM-ION 1 5-5/8IN,"SENCO® VB0212 Battery, 18 V, 2 Ah Battery Capacity, Lithium-Ion Battery Chemistry, 1-Battery","SENCO® Battery, 18 V, 2 Ah Battery, Lithium-Ion, 1 Batteries, 5-5/8 in Overall Length, 5-5/8 in Overall Width, 2-1/4 in Overall Height, For Use With: SENCO DuraSpin, Fusion Tools, Additional Information: 37 W-hr Energy Rating, 18650 Cell Type","Battery, 18 V, 2 Ah Battery Capacity, Lithium-Ion Battery Chemistry, 1-Battery",SENCO batteries use highly efficient Li-ion cells and are compatible with all SENCO DuraSpin and Fusion tools.,"Ultra-bright LED's indicate state of charge, both on the tool or in the charger",Cell design increases the performance of tools by lowering the internal resistance and keeps the battery outer profile small,Rubberized overmold improves grip and withstands everyday jobsite abuse,UL Certified,,,,,,,,,,,,,,,,,,UL Listed,,,Battery and Instruction Manual,Battery,Series,,,Battery Series,,,Voltage Rating,18,V,Battery Capacity,2,Ah,Battery Chemistry,Lithium-Ion,,Number of Batteries,1,,Overall Length,5-5/8,in,Overall Width,5-5/8,in,Overall Height,2-1/4,in,Suitable For Use With,"SENCO DuraSpin, Fusion Tools",,Additional Information,"37 W-hr Energy Rating, 18650 Cell Type",,,,,,,,,,,,,,,,,,,,,,,,,,,,,,,,,,,,,,,,,,,,,,,,,,,,,,,,,,,,,,,,,,,,,,,,,,,,,,,,,,,,,,,,,,,,,,,,,,,,,,,,,,,,,,,,,,,,,,,,,,,1 Year,,,,,,,,,,,,,,,SENCO_VB0212.jpg,SENCO_VB0212_1.jpg,,,,,,,,,,,,,,,,,,,,,,,,,,Yes
https://www.milwaukeetool.com/products/details/m12-redlithium-cp2-0-battery-two-pack/48-11-2422,,,,,,25286369,Tools,Cordless Power Tools,12V Battery,1517746,48-11-2422,48-11-2422 Milw M12 CP2.0 Battery Two Pack,-- Unbranded --,-- No Unilog Brand --,-- No DIB Brand --,Milwaukee Accessory (4031),Milwaukee Tool,Milwaukee®,,48-11-2422,,Tools & Equipment>Power Tools>Power Tool Accessories>Cordless Tool Batteries,"Milwaukee, Battery Pack, 48-11-2422, 12V, 2Ah Battery Capacity",PACK BAT 12V 2AH LITHIUM-ION 2 2.02IN,"Milwaukee® 48-11-2422 Battery Pack, 12 V, 2 Ah Battery Capacity, Lithium-Ion Battery Chemistry, 2-Battery","Milwaukee® Battery Pack, Battery Series: M12™ REDLITHIUM™ CP2.0, 12 V, 2 Ah Battery, Lithium-Ion, 2 Batteries, 2.02 in Overall Length, 1.83 in Overall Width, 3.35 in Overall Height, For Use With: Milwaukee® M12™ Cordless Power Tools, Additional Information: Black/Red Color","Battery Pack, 12 V, 2 Ah Battery Capacity, Lithium-Ion Battery Chemistry, 2-Battery","Our M12™ REDLITHIUM™ CP2.0 Compact Battery 2-Pack features superior pack construction, electronics, and performance. The rechargeable battery offers you 2.0 amp-hours of runtime. Each battery pack is durably built for heavy-duty use, runs cooler, and performs in climates below 0 deg F/-18 deg C. Its compact, lightweight design allows you to work in tight workspaces and reduces fatigue. Built-in REDLINK™ Intelligence protects the battery from overloads, preventing damage to your cordless power tools in heavy-duty situations, while discharge protection safeguards the cell. An integrated temperature management system and individual cell monitoring help to maximize your battery's life. Compatible with all products in the M12™ Cordless tool system, REDLITHIUM™ battery packs will provide unmatched runtime, performance, and durability for the professional tradesman.",All-weather performance: Delivers fade-free power in extreme jobsite conditions,Best-in-class construction: Offers long-lasting performance and durability,"REDLINK™ Intelligence: Provides optimized performance and overload protection using total system communication between tool, battery and charger",Versatility: Powers all Milwaukee M12™ cordless power tools,,,,,,,,,,,,,,,,,,,,,,Battery Pack,Series,,,Battery Series,M12™ REDLITHIUM™ CP2.0,,Voltage Rating,12,V,Battery Capacity,2,Ah,Battery Chemistry,Lithium-Ion,,Number of Batteries,2,,Overall Length,2.02,in,Overall Width,1.83,in,Overall Height,3.35,in,Suitable For Use With,Milwaukee® M12™ Cordless Power Tools,,Additional Information,Black/Red Color,,,,,,,,,,,,,,,,,,,,,,,,,,,,,,,,,,,,,,,,,,,,,,,,,,,,,,,,,,,,,,,,,,,,,,,,,,,,,,,,,,,,,,,,,,,,,,,,,,,,,,,,,,,,,,,,,,,,,,,,,,,2 Year Limited,,,,2/PK,,,,,,,,,,,Milwaukee_48_11_2422.jpg,Milwaukee_48_11_2422_1.jpg,Milwaukee_48_11_2422_2.jpg,Milwaukee_48_11_2422_3.jpg,Milwaukee_48_11_2422_4.jpg,,,,,,,,,,,,,,,,,,,,,,,Yes
https://www.milwaukeetool.com/products/details/m18-and-m12-gangbox-rapid-charger/48-59-1804,,,,,,24716942,Tools,Cordless Power Tools,Chargers,1516126,48-59-1804,48-59-1804 Milw M18 and M12 Rapid Charger,-- Unbranded --,-- No Unilog Brand --,-- No DIB Brand --,Milwaukee Accessory (4031),Milwaukee Tool,Milwaukee®,,48-59-1804,,Tools & Equipment>Power Tools>Power Tool Accessories>Cordless Tool Battery Chargers,"Milwaukee, Gangbox Rapid Charger, 48-59-1804, 120 to 127V, 12/18V Battery",CHARGER RAPID GANGBOX 120 TO 127V 12/18V,"Milwaukee® 48-59-1804 Gangbox Rapid Charger, 120 to 127 V, 12/18 V Battery, Lithium-Ion Battery Chemistry, 4-Port","Milwaukee® Gangbox Rapid Charger, 120 to 127 V, 12/18 V Battery, Lithium-Ion, 4 Ports, Charger Class: Rapid, Simultaneous, Rapid Charging, 130 min Charge, 7.2 in Overall Length, 24.4 in Overall Width, 5.2 in Overall Height, For Use With: All M18 and M12 Batteries, Work Lights, Additional Information: 6 A Output Amperage Rating, 2.8 A Input Amperage Rating, Corded, Polycarbonate Material","Gangbox Rapid Charger, 120 to 127 V, 12/18 V Battery, Lithium-Ion Battery Chemistry, 4-Port","Our M18™ and M12™ Gangbox Rapid Charger is uniquely designed for users working out of gangboxes and other steel storage spaces on commercial job sites. By utilizing the strong magnetic base or cleat, the rapid charger can be mounted in multiple different orientations, maximizing storage space within a gangbox. This battery charger includes a 450L flood light, which illuminates stored supplies, allowing users to spend less time at the gangbox and get back to work quicker. This four-bay M18™ and M12™ charger can charge two batteries simultaneously at a rapid rate and then automatically move to the next two, leading to less downtime. The charger features two M18™ Only bays and two M18™ and M12™ Hybrid Bays, allowing users who operate with both systems to utilize one charger. The M18™ and M12™ Gangbox Rapid Charger include (2) USB-C 15W ports, providing users the ability to charge small devices such as Milwaukee's rechargeable personal lighting solutions, phones, and tablets. The rapid charger is optimized for all major models and brands of gangboxes and steel storage found on commercial job sites. Through its faster charging and intentional design, the M18™ and M12™ Gangbox Rapid Charger are redefining the way our users charge batteries on commercial job sites.",Maximizes Storage Space,Illuminates Stored Supplies With Built In 450L Flood Light,"Faster M18™, M12™, And Device Charging",Strong Magnetic Base And Cleat For Multiple Mounting Orientations,Two USB-C 15W Port,Charge Two Batteries Simultaneously At A Rapid Charge Rate,"M18™ Or M12™ Hybrid Bay Design Allows For A 25"" Length To Accommodate Two Chargers Side By Side In Most Common Gangboxes",Optimized For All Major Models And Brands Of Gangboxes And Steel Storage Found On Commercial Jobsites,Two Integrated Magnet Release Levers For Quick Removal From Metal Surfaces,Compatible With All M18™ and M12™ Batteries,REDLINK Intelligence™: Charger communicates with the battery pack to ensure optimized charge speed and performance,Power Source: AC,5 Year Warranty,,,,,,,,,,,,,Gangbox Rapid Charger,Series,,,Voltage Rating,120 to 127,V,Battery Capacity,,,Battery Voltage,12/18,V,Battery Chemistry,Lithium-Ion,,Number of Ports,4,,Charger Class,Rapid,,Charging Type,"Simultaneous, Rapid",,Charge Time,130,min,Plug Type,,,Overall Length,7.2,in,Overall Width,24.4,in,Overall Height,5.2,in,Suitable For Use With,"All M18 and M12 Batteries, Work Lights",,Additional Information,"6 A Output Amperage Rating, 2.8 A Input Amperage Rating, Corded, Polycarbonate Material",,,,,,,,,,,,,,,,,,,,,,,,,,,,,,,,,,,,,,,,,,,,,,,,,,,,,,,,,,,,,,,,,,,,,,,,,,,,,,,,,,,,,,,,,,,,,,,,,,,,,,,,,,,,,,,5 Year,,,,,,,,,,,,,,,Milwaukee_48_59_1804.jpg,Milwaukee_48_59_1804_1.jpg,Milwaukee_48_59_1804_2.jpg,Milwaukee_48_59_1804_3.jpg,Milwaukee_48_59_1804_4.jpg,,,,,,Milwaukee_48_59_1804_Instruction_Installation_Manual.pdf,,,,,,,,,,,,,,,,,Yes
https://www.milwaukeetool.com/products/details/m12-top-off-power-supply-and-charger/48-59-1211,,,,,,22027208,Tools,Cordless Power Tools,Chargers,384352,48-59-1211,48-59-1211 Milw Power Supply - Charger,-- Unbranded --,-- No Unilog Brand --,Milwaukee,Milwaukee Accessory (4031),Milwaukee Tool,Milwaukee®,,48-59-1211,,Tools & Equipment>Power Tools>Power Tool Accessories>Cordless Tool Power Supplies & Battery Adapters,"Milwaukee, Power Supply and Charger, M12 TOP-OFF Series, 48-59-1211, 12V",SUPPLY AND CHARGER PWR 12V LITHIUM-ION,"Milwaukee® M12™ TOP-OFF™ Series 48-59-1211 Power Supply and Charger, 12 V, Lithium-Ion Battery, 2-Port","Milwaukee® Power Supply and Charger, M12™ TOP-OFF™ Series, 12 V, Lithium-Ion Battery, 2 Ports, 3 Piece, 4-1/2 in Overall Length, 2 in Overall Width, 1.8 in Overall Height, For Use With: M12 Batteries, M12 Heated Gears, Additional Information: Red Color","M12™ TOP-OFF™ Series Power Supply and Charger, 12 V, Lithium-Ion Battery, 2-Port","Our M12™ TOP-OFF™ Power Supply and Charger provides M12™ battery users a 2-in-1 battery and personal device charging experience whether on or off the jobsite. The power source pairs with any M12™ battery providing 15W of power to charge personal devices, including phones, tablets, headphones, or other small electronics. This next generation M12™ Power Supply provides up to 50% faster personal device and M12™ battery charging with it's bi-directional USB-C port to increase productivity throughout the day. It can also be used to power all M12™ Heated Gear for increased functionality. Included with the power supply is a 2ft USB-C braided cable and USB-C wall adapter.",2-in-1 Battery and Device Charging,"15W Bi-directional USB-C Port To Charge Phones, Tablets, And Other Personal Devices",50% Faster Personal Device and M12™ Battery Charging,Compact Size Maximizes Portability For Use On And Off The Jobsite,Compatible with all M12™ Heated Gear,Fuel Gauge Allows for Fast Checking of M12™ Battery Charge,2ft Jobsite Tough USB-C Braided Cable and Wall Adapter Included,Fit's All M12™ Batteries. Battery Not Included,5 Year Warranty,,,,,,,,,,,,,,,,"(1) 48-59-1211 M12™ Top-Off™ Power Supply and Charger, (1) USB Type-C Cable and (1) USB Type-C Wall Adapter",Power Supply and Charger,Series,M12™ TOP-OFF™ Series,,Voltage Rating,12,V,Battery Capacity,,,Battery Type,Lithium-Ion,,Number of Ports,2,,Number of Pieces,3,,Overall Length,4-1/2,in,Overall Width,2,in,Overall Height,1.8,in,Suitable For Use With,"M12 Batteries, M12 Heated Gears",,Additional Information,Red Color,,,,,,,,,,,,,,,,,,,,,,,,,,,,,,,,,,,,,,,,,,,,,,,,,,,,,,,,,,,,,,,,,,,,,,,,,,,,,,,,,,,,,,,,,,,,,,,,,,,,,,,,,,,,,,,,,,,,,,,,,,,5 Year,,,,,,,,,,,,,,,Milwaukee_48_59_1211.jpg,Milwaukee_48_59_1211_1.jpg,Milwaukee_48_59_1211_2.jpg,Milwaukee_48_59_1211_3.jpg,Milwaukee_48_59_1211_4.jpg,,,,,,,,,,,,,,,,,,,,,,,Yes
https://www.milwaukeetool.com/products/details/m18-top-off-charger-power-supply/2847-20,,,,,,24752708,Tools,Cordless Power Tools,Chargers,1516128,2847-20,2847-20 Milw M18 Charger and Power Supply,-- Unbranded --,-- No Unilog Brand --,-- No DIB Brand --,Milwaukee Accessory (4031),Milwaukee Tool,Milwaukee®,,2847-20,,Tools & Equipment>Power Tools>Power Tool Accessories>Cordless Tool Power Supplies & Battery Adapters,"Milwaukee, Power Supply and Charger, M18 TOP-OFF Series, 2847-20, 18V",SUPPLY AND CHARGER PWR 18V LITHIUM-ION,"Milwaukee® M18™ TOP-OFF™ Series 2847-20 Power Supply and Charger, 18 V, Lithium-Ion Battery, 2-Port","Milwaukee® Power Supply and Charger, M18™ TOP-OFF™ Series, 18 V, Lithium-Ion Battery, 2 Ports, 3.71 in Overall Length, 3.04 in Overall Width, 1.9 in Overall Height, For Use With: M18 Batteries, Additional Information: 6 A Amperage, Overload Protection, 105 min Charge Time","M18™ TOP-OFF™ Series Power Supply and Charger, 18 V, Lithium-Ion Battery, 2-Port, For Use With: M18 Batteries","Our M18™ TOP-OFF™ Charger and Power Supply is the most compact M18™ battery charger, up to 65% smaller than traditional kitted chargers, offering a portable solution for charging Milwaukee Tool M18™ batteries. It features advanced USB-C PD technology for faster headlamps, phones, tablets, and laptop charging. It includes a 100W USB-C cord and a 65W wall charger, with dual USB-C ports for small electronics and larger devices. Compatible with all M18™ batteries, it can charge a phone up to five times with an M18™ XC 5.0 Battery. Recharging the M18™ XC 5.0 Battery takes approximately 105 minutes with a 65W wall charger.",Fits All M18™ Batteries,Has (1) 100W PD port (1) 15W port,"Includes: 1 charger (100W), 1 cable (100W) & 1 wall adaptor (65W)",115W Continuous Power,"Ideal for headlamps, cellphones, tablet and computers","Lightweight, Compact Design",5-Year Tool Warranty,,,,,,,,,,,,,,,,,,"(1) 2847-20 M18™ Top-Off™ Charger and Power Supply, (1) 65 W USB-C Wall Adapter and (1) 100 W USB-C Cable",Power Supply and Charger,Series,M18™ TOP-OFF™ Series,,Voltage Rating,18,V,Battery Capacity,,,Battery Type,Lithium-Ion,,Number of Ports,2,,Number of Pieces,,,Overall Length,3.71,in,Overall Width,3.04,in,Overall Height,1.9,in,Suitable For Use With,M18 Batteries,,Additional Information,"6 A Amperage, Overload Protection, 105 min Charge Time",,,,,,,,,,,,,,,,,,,,,,,,,,,,,,,,,,,,,,,,,,,,,,,,,,,,,,,,,,,,,,,,,,,,,,,,,,,,,,,,,,,,,,,,,,,,,,,,,,,,,,,,,,,,,,,,,,,,,,,,,,,5 Year Limited,,,,,,,,,,,,,,,Milwaukee_2847_20.jpg,Milwaukee_2847_20_1.jpg,Milwaukee_2847_20_2.jpg,Milwaukee_2847_20_3.jpg,Milwaukee_2847_20_4.jpg,,,,,,Milwaukee_2847_20_Instruction_Installation_Manual.pdf,,,,,,,,,,,,,,,,,Yes
https://www.dewalt.com/en-us/product/dwv9401/paper-bag-dust-extractors-5-pk,,,,,,16095504,Tools,Pressure Washr-Vac-Wobblelight,Shop Vacs,1510970,DWV9401,DWV9401 Dewalt Paper Bag - 5pk,-- Unbranded --,-- No Unilog Brand --,-- No DIB Brand --,Black & Decker/dewlt (2585),Stanley Black & Decker,DeWALT®,,DWV9401,,Tools & Equipment>Power Tools>Power Tool Accessories>Dust Collector Accessories,"Stanley Black & Decker DeWALT, Dust Extractor Bag, DWV9401, Paper",BAG EXTR DUST PPR BR 12-1/2IN 2.23IN,"DeWALT® DWV9401 Dust Extractor Bag, Paper","DeWALT® Dust Extractor Bag, Paper, Brown, 12-1/2 in Width, 2.23 in Height, 18-1/2 in Depth, For Use With: DeWALT Dust Extractors, Additional Information: 3 gal Capacity","Dust Extractor Bag, Paper",The DWV9401 paper bag for DEWALT® dust extractors allows user to quickly and efficiently empty the tank without releasing harmful dust to the environment.,Allows user to quickly and efficiently empty the tank without releasing harmful dust to the environment,,,,,,,,,,,,,,,,,,,,,,,,,Dust Extractor Bag,Series,,,Material,Paper,,Finish,,,Color,Brown,,Diameter,,,Width,12-1/2,in,Height,2.23,in,Depth,18-1/2,in,Suitable For Use With,DeWALT Dust Extractors,,Additional Information,3 gal Capacity,,,,,,,,,,,,,,,,,,,,,,,,,,,,,,,,,,,,,,,,,,,,,,,,,,,,,,,,,,,,,,,,,,,,,,,,,,,,,,,,,,,,,,,,,,,,,,,,,,,,,,,,,,,,,,,,,,,,,,,,,,885911302951,,,,,,,,5/PK,,,,,,,,,,,DeWALT_DWV9401.jpg,,,,,,,,,,,,,,,,,,,,,,,,,,,Yes
https://www.dewalt.com/en-us/product/dck225d2/20v-max-atomic-brushles-compact-drilldriver-and-impact-driver-combo-kit,,,,,,22093689,Tools,Cordless Power Tools,2pc Kit,364916,DCK225D2,DCK225D2 Dewalt Impact/Drill - Kit,-- Unbranded --,-- No Unilog Brand --,DEWALT,Black & Decker/dewlt (2585),Stanley Black & Decker,DeWALT®,,DCK225D2,,Tools & Equipment>Power Tools>Power Tool Combination Kits,"Stanley Black & Decker DeWALT, MAX Atomic Compact Series, DCK225D2, 20V",KIT 20V 2 2 MAX ATOMIC™ LITHIUM-ION 2AH,"DeWALT® MAX Atomic™ Compact Series DCK225D2 Brushless Compact Drill/Driver and Impact Driver Combo Kit, 20 V, 2-Tool","DeWALT® Brushless Compact Drill/Driver and Impact Driver Combo Kit, MAX Atomic™ Compact Series, 20 V, 2 Tools, 2 Batteries, MAX Atomic™ Lithium-Ion Battery, 2 Ah Battery, Additional Information: Brushless Motor, Black/Yellow Color, 1/4 in Compact Impact Driver","MAX Atomic™ Compact Series Brushless Compact Drill/Driver and Impact Driver Combo Kit, 20 V, 2-Tool, 2-Battery","Expand your system with ATOMIC™ COMPACT SERIES 20V MAX* tools powered by innovation. Take on tight spaces with the lightweight 20V MAX* brushless compact drill/driver and the ATOMIC™ 20V MAX* brushless cordless 1/4 in. Compact impact driver. This kit features the DCD794, our shortest 20V MAX* drill/driver (at 5.88 in. Tool head length only) and the DCF809 impact driver that delivers 1,700 in-lbs of torque for extreme application versatility. Manuever in small spaces with this kit featuring tools designed compact without sacrificing performance.",Our shortest 20V MAX* drill/driver- manuever in tight spaces with the DCD794 designed 5.88 in. (tool head length only) to access hard to reach areas,"Up to 16% more power"" for drilling applications - take on a variety of drilling applications with the DCD794 that delivers power without compromise",Illuminate dim workspaces - brighten low-light areas with these tools featuring onboard LEDs,Compact design - complete jobs in small areas with the DCF809 that is only 5.1 in. In length,"Powerful performance - get powerful performance for tough jobs with 1,700 in-lbs of torque for application versatility","Part of the ATOMIC™ COMPACT SERIES - engineered to deliver professional performance with a lightweight design, ATOMIC™ COMPACT SERIES tools are where size meets power",,,,,,,,,,,,,,,,,,,"(1) DCD794 Drill/Driver, (1) DCF809 Impact Driver, (2) DCB203 20 V MAX Batteries, (1) Charger, (1) Kit Bag and (2) Belt Hooks",Brushless Compact Drill/Driver and Impact Driver Combo Kit,Series,MAX Atomic™ Compact Series,,Voltage Rating,20,V,Number of Tools,2,,Number of Batteries,2,,Battery Type,MAX Atomic™ Lithium-Ion,,Battery Capacity,2,Ah,Material,,,Additional Information,"Brushless Motor, Black/Yellow Color, 1/4 in Compact Impact Driver",,,,,,,,,,,,,,,,,,,,,,,,,,,,,,,,,,,,,,,,,,,,,,,,,,,,,,,,,,,,,,,,,,,,,,,,,,,,,,,,,,,,,,,,,,,,,,,,,,,,,,,,,,,,,,,,,,,,,,,,,,,,,,,,885911909631,,,,,,,,,,,,,,,,,,,DeWALT_DCK225D2.jpg,DeWALT_DCK225D2_1.jpg,DeWALT_DCK225D2_2.jpg,,,,,,,,,,,,,,,,,,,,,,,,,Yes
https://olivermachinery.net/13-inch-hcx-helical-head-benchtop-planer-10045,,,,,,25286163,Tools,Stationary - Bench Top Tools,Planers,1516640,10045.201,"10045.201 Oliver 13"" Benchtop Planer 2HP,115V 1Ph",-- Unbranded --,-- No Unilog Brand --,-- No DIB Brand --,Oliver Machinery Company (OLIMA),Oliver Machinery Company,Oliver Machinery,,10045.201,,Tools & Equipment>Woodworking Tools & Machinery>Woodworking Machinery>Woodworking Planer Machines,"Oliver Machinery, Helical Cutterhead Planer, 10045.201, 13in W Cutting, 115V",PLANER CUTTERHEAD HLCL 13IN 6IN 115V 2HP,"Oliver Machinery 10045.201 Helical Cutterhead Planer, 13 in W Cutting, 6 in Thick Cutting, 115 V, 2 hp, 10.2 in L Table","Oliver Machinery Helical Cutterhead Planer, 13 in Cutting Width, 6 in Cutting Thickness, 1/16 in, 1/64 in Depth of Cut, 115 V, 15 A, 60 Hz, 2 hp, 17 fpm, 26 fpm Feed Rating, 1 ph Phase, 10000 rpm, 2 Speed, 10.2 in Table Length, 13 in Table Width, Digital, Paddle Switch Control, Crank Handle, Steel Handle, 103 dB Sound Level, 20-1/2 in Overall Length, 23 in Overall Width, 16 in Overall Depth, Additional Information: 10045 Model","Helical Cutterhead Planer, 13 in W Cutting, 6 in Thick Cutting, 1/16 in, 1/64 in Depth of Cut, 115 V, 2 hp","Our 10044 Benchtop Planer is a tough act to follow. However, we have acted on customer feedback to improve existing and add new features. These improvements will keep our NEW 10045 benchtop planer at the top of the category. Winner of a 2025 Popular Mechanics Power Tool Award.",Two Speed Gear Box for Different Feed Rates,Authentic Oliver HCX Helical Shearing Cutterhead,"13"" Cutting Capacity",Steel Top and Carry Handles,Heavy-Duty Power Switch with lock-out,Adjustable Infeed/Outfeed Tables,Powerful 2HP 1Ph 15Amp 115V motor,4-post design ensures cutter head alignment to table,Built-in carriage lock for stability during operation,Wixey Digital Read Out (DRO),Elevation crank includes an easy-to-read scale,On-board adjustment wrench storage,"4-depth stops allow easy set-up from 3/4"" to 5/32""",Front material removal gauge allows for quicker set-up,Fold-up extension wings for easy storage,Built-in carry handles for easy portability,Blower assists in chip ejection during operation,"Dust port allows 2-1/2"" or 4"" hose hook up",Safety switch features overload protection and lock-out,,,CSA Certified|C-UL-US 93K7 E98714,,,(5) Oliver HCX Cutter Inserts,Helical Cutterhead Planer,Series,,,Cutting Width,13,in,Cutting Thickness,6,in,Depth of Cut,"1/16 in, 1/64 in",,Voltage Rating,115,V,Amperage Rating,15,A,Frequency Rating,60,Hz,Wattage,,,HP Rating,2,hp,Feed Rating,"17 fpm, 26 fpm",,Phase,1,ph,Speed Rating,10000,rpm,Number of Speeds,2,,Table Length,10.2,in,Table Width,13,in,Tilt Angle,,,Cuts per Minute,,,Housing Material,,,Housing Color,,,Control Type,"Digital, Paddle Switch",,Handle Type,Crank,,Handle Material,Steel,,Handle Color,,,Sound Level,103,dB,Overall Length,20-1/2,in,Overall Width,23,in,Overall Depth,16,in,Additional Information,10045 Model,,,,,,,,,,,,,,,,,,,,,,,,,,,,,,,,,,,,,,,,,,,,,,,,,,,,,,,,,,,,,,,,,,,,,,,,"1 Year on Motor and Electronics, 2 Year on All Other Parts",,,,,25,in,21,in,17,in,82,lb,,,Oliver_Machinery_10045_201.jpg,Oliver_Machinery_10045_201_1.jpg,Oliver_Machinery_10045_201_2.jpg,Oliver_Machinery_10045_201_3.jpg,Oliver_Machinery_10045_201_4.jpg,,,,Oliver_Machinery_10045_201_Catalog.pdf,,,,Oliver_Machinery_10045_201_Owners_User_Manual.pdf,,,,,,,,,,,,,TW,,Yes
https://olivermachinery.net/15-planer-3hp-1ph-with-helical-cutterhead,,,,,,25286164,Tools,Stationary - Bench Top Tools,Planers,1516641,10014.201,"10014.201 Oliver 15"" Planer 3HP 1Ph 220V",-- Unbranded --,-- No Unilog Brand --,-- No DIB Brand --,Oliver Machinery Company (OLIMA),Oliver Machinery Company,Oliver Machinery,,10014.201,,Tools & Equipment>Woodworking Tools & Machinery>Woodworking Machinery>Woodworking Planer Machines,"Oliver Machinery, Helical Cutterhead Planer, 10014.201, 15in W Cutting, 230V",PLANER CUTTERHEAD HLCL 15IN 6IN 230V 3HP,"Oliver Machinery 10014.201 Helical Cutterhead Planer, 15 in W Cutting, 6 in Thick Cutting, 1/8 in, 3/16 in Depth of Cut","Oliver Machinery Helical Cutterhead Planer, 15 in Cutting Width, 6 in Cutting Thickness, 1/8 in, 3/16 in Depth of Cut, 230 V, 12 A, 60 Hz, 3 hp, 16 fpm, 20 fpm Feed Rating, 1 ph Phase, 5000 rpm, 2 Speed, 19-5/8 in Table Length, 15 in Table Width, Iron Housing, Digital, Magnetic Switch Control, Handwheel Handle, 85 dB Sound Level, 47-1/2 in Overall Length, 29 in Overall Width, 32 in Overall Depth, Additional Information: 10014 Model","Helical Cutterhead Planer, 15 in W Cutting, 6 in Thick Cutting, 1/8 in, 3/16 in Depth of Cut, 230 V, 3 hp",,Unique design allows motor and cutter head to move in unison,Auto-depth lock features twin nitrogen cylinders virtually eliminates snipping,Oliver HCX Helical cutterhead with premium carbide inserts,4-sided cutting inserts are indexed and easy to replace,Heavy cast iron construction including extension wings,Table and extensions wings are precision ground for smooth stock feeding,Table is fixed allowing easy use of auxiliary stock support,Wixey digital read out allows precise thickness settings,Large hand wheel and support struts allow easy height adjustment,Four-post design ensures head alignment regardless of stock thickness,Two-speed feed gearbox for better cuts,Oil bath gear lubrication for years of performance,"4"" port allows excellent dust management",Built-in heavy-duty casters for mobility,Magnetic switch for added protection and safety,,,,,,,CSA 175370 Specified,,,(10) Cutter Inserts and Compatible Torx Screws,Helical Cutterhead Planer,Series,,,Cutting Width,15,in,Cutting Thickness,6,in,Depth of Cut,"1/8 in, 3/16 in",,Voltage Rating,230,V,Amperage Rating,12,A,Frequency Rating,60,Hz,Wattage,,,HP Rating,3,hp,Feed Rating,"16 fpm, 20 fpm",,Phase,1,ph,Speed Rating,5000,rpm,Number of Speeds,2,,Table Length,19-5/8,in,Table Width,15,in,Tilt Angle,,,Cuts per Minute,,,Housing Material,Iron,,Housing Color,,,Control Type,"Digital, Magnetic Switch",,Handle Type,Handwheel,,Handle Material,,,Handle Color,,,Sound Level,85,dB,Overall Length,47-1/2,in,Overall Width,29,in,Overall Depth,32,in,Additional Information,10014 Model,,,,,,,,,,,,,,,,,,,,,,,,,,,,,,,,,,,,,,,,,,,,,,,,,,,,,,,,,,,,,,,,,,,,,,,,"1 Year on Motor and Electronics, 2 Year on All Other Parts",,,,,32,in,49.5,in,30,in,470,lb,,,Oliver_Machinery_10014_201.jpg,Oliver_Machinery_10014_201_1.jpg,Oliver_Machinery_10014_201_2.jpg,Oliver_Machinery_10014_201_3.jpg,Oliver_Machinery_10014_201_4.jpg,,,,Oliver_Machinery_10045_201_Catalog.pdf,,,,Oliver_Machinery_10014_201_Owners_User_Manual.pdf,,,,,,,,,,,,,TW,,Yes
https://olivermachinery.net/20-planer-5hp-1ph-with-helical-cutterhead,,,,,,25286165,Tools,Stationary - Bench Top Tools,Planers,1516642,4430.201,"4430.201 Oliver 20"" Planer 5HP 1Ph 230V",-- Unbranded --,-- No Unilog Brand --,-- No DIB Brand --,Oliver Machinery Company (OLIMA),Oliver Machinery Company,Oliver Machinery,,4430.201,,Tools & Equipment>Woodworking Tools & Machinery>Woodworking Machinery>Woodworking Planer Machines,"Oliver Machinery, Helical Cutterhead Planer, 4430.201, 20in W Cutting, 230V",PLANER CUTTERHEAD HLCL 20IN 8IN 230V 5HP,"Oliver Machinery 4430.201 Helical Cutterhead Planer, 20 in W Cutting, 8 in Thick Cutting, 1/4 in, 1/8 in Depth of Cut","Oliver Machinery Helical Cutterhead Planer, 20 in Cutting Width, 8 in Cutting Thickness, 1/4 in, 1/8 in Depth of Cut, 230 V, 18 A, 60 Hz, 5 hp, 16 fpm, 20 fpm Feed Rating, 1 ph Phase, 3450 rpm, 2 Speed, 21 in Table Length, 20 in Table Width, Iron Housing, Digital, Magnetic Switch Control, Handwheel Handle, 85 dB Sound Level, 51 in Overall Length, 40 in Overall Width, 46-1/2 in Overall Depth, Additional Information: 4430 Model","Helical Cutterhead Planer, 20 in W Cutting, 8 in Thick Cutting, 1/4 in, 1/8 in Depth of Cut, 230 V, 5 hp, 21 in L Table",,Unique design allows motor and cutter head to move in unison,Auto-depth lock features twin nitrogen cylinders virtually eliminates snipping,Oliver HCX Helical cutterhead with premium carbide inserts,4-sided cutting inserts are indexed and easy to replace,Heavy cast iron construction including extension wings,Table is precision ground for smooth stock feeding,Table is fixed allowing easy use of auxiliary stock support,Wixey digital read out allows precise thickness settings,Large hand wheel and support struts allow easy height adjustment,Four-post design ensures head alignment regardless of stock thickness,Top mounted roller for easy multiple passes,Two-speed feed gearbox for better cuts,Oil bath gear lubrication for years of performance,"5"" port allows excellent dust management",Built-in heavy-duty casters for mobility,Magnetic switch for added protection and safety,,,,,,CSA 175370 Specified,,,(10) Cutter Inserts and Compatible Torx Screws,Helical Cutterhead Planer,Series,,,Cutting Width,20,in,Cutting Thickness,8,in,Depth of Cut,"1/4 in, 1/8 in",,Voltage Rating,230,V,Amperage Rating,18,A,Frequency Rating,60,Hz,Wattage,,,HP Rating,5,hp,Feed Rating,"16 fpm, 20 fpm",,Phase,1,ph,Speed Rating,3450,rpm,Number of Speeds,2,,Table Length,21,in,Table Width,20,in,Tilt Angle,,,Cuts per Minute,,,Housing Material,Iron,,Housing Color,,,Control Type,"Digital, Magnetic Switch",,Handle Type,Handwheel,,Handle Material,,,Handle Color,,,Sound Level,85,dB,Overall Length,51,in,Overall Width,40,in,Overall Depth,46-1/2,in,Additional Information,4430 Model,,,,,,,,,,,,,,,,,,,,,,,,,,,,,,,,,,,,,,,,,,,,,,,,,,,,,,,,,,,,,,,,,,,,,,,,"1 Year on Motor and Electronics, 2 Year on All Other Parts",,,,,38.25,in,51.75,in,32,in,625,lb,,,Oliver_Machinery_4430_201.jpg,Oliver_Machinery_4430_201_1.jpg,Oliver_Machinery_4430_201_2.jpg,Oliver_Machinery_4430_201_3.jpg,Oliver_Machinery_4430_201_4.jpg,,,,Oliver_Machinery_10045_201_Catalog.pdf,,,,Oliver_Machinery_4430_201_Owners_User_Manual.pdf,,,,,,,,,,,https://www.youtube.com/watch?v=DekwPVsRCt4,https://vimeo.com/1027834057?fl=pl&fe=cm,TW,,Yes
https://olivermachinery.net/15-inch-hcx-helical-head-benchtop-planer,,,,,,25286166,Tools,Stationary - Bench Top Tools,Planers,1516643,10055.201,"10055.201 Oliver 15"" Benchtop Planer 2.5HP 1Ph 230V",-- Unbranded --,-- No Unilog Brand --,-- No DIB Brand --,Oliver Machinery Company (OLIMA),Oliver Machinery Company,Oliver Machinery,,10055.201,,Tools & Equipment>Woodworking Tools & Machinery>Woodworking Machinery>Woodworking Planer Machines,"Oliver Machinery, Benchtop Helical Cutterhead Planer, 10055.201, 230V",PLANER CUTTERHEAD HLCL BENCHTOP 15IN 6IN,"Oliver Machinery 10055.201 Benchtop Helical Cutterhead Planer, 15 in W Cutting, 6 in Thick Cutting, 230 V, 2-1/2 hp","Oliver Machinery Benchtop Helical Cutterhead Planer, 15 in Cutting Width, 6 in Cutting Thickness, 1/8 in, 3/16 in Depth of Cut, 230 V, 12 A, 60 Hz, 2-1/2 hp, 12 fpm, 22 fpm Feed Rating, 1 ph Phase, 5600 rpm, 2 Speed, 23 in Table Length, 15 in Table Width, Safety Lock-Out Switch Control, Crank Handle, 90 dB Sound Level, 48-3/4 in Overall Length, 28 in Overall Width, 23 in Overall Depth, Additional Information: 10055 Model","Benchtop Helical Cutterhead Planer, 15 in W Cutting, 6 in Thick Cutting, 1/8 in, 3/16 in Depth of Cut, 230 V, 2-1/2 hp","Our 10055 15"" Benchtop Planer combines everything we know about building planers, from current and previous generations, and adds to our already industry leading benchtop line-up. We anticipate the new 10055 will be a category leader with the Oliver HCX Helical Cutterhead, increased cutting capacity, and powerful 2.5HP 1Ph 230V motor.",Powerful 2.5HP 1Ph 12Amp 230V motor,Plenty of power for smooth cuts and no blowing 110V breakers,2-Speed gearbox provides 12 or 22 FPM feed rates,4-post design ensures cutter head alignment to table,Oliver HCX Helical Cutterhead (not segmented or spiral),Oliver DRO for precise material removal,"Large 15"" x 23"" table size (15""x48"" with included extension tables)","4-depth stops allow easy set-up from 1/4"" to 1""",Elevation crank with lock includes an easy-to-read scale,"4"" Dust port to evacuate shavings",Safety switch features overload protection and lock-out,,,,,,,,,,,CSA 175370 Specified,,,(5) Oliver HCX Cutter Inserts,Benchtop Helical Cutterhead Planer,Series,,,Cutting Width,15,in,Cutting Thickness,6,in,Depth of Cut,"1/8 in, 3/16 in",,Voltage Rating,230,V,Amperage Rating,12,A,Frequency Rating,60,Hz,Wattage,,,HP Rating,2-1/2,hp,Feed Rating,"12 fpm, 22 fpm",,Phase,1,ph,Speed Rating,5600,rpm,Number of Speeds,2,,Table Length,23,in,Table Width,15,in,Tilt Angle,,,Cuts per Minute,,,Housing Material,,,Housing Color,,,Control Type,Safety Lock-Out Switch,,Handle Type,Crank,,Handle Material,,,Handle Color,,,Sound Level,90,dB,Overall Length,48-3/4,in,Overall Width,28,in,Overall Depth,23,in,Additional Information,10055 Model,,,,,,,,,,,,,,,,,,,,,,,,,,,,,,,,,,,,,,,,,,,,,,,,,,,,,,,,,,,,,,,,,,,,,,,,"1 Year on Motor and Electronics, 2 Year on All Other Parts",,,,,29.5,in,21,in,27.25,in,172,lb,,,Oliver_Machinery_10055_201.jpg,Oliver_Machinery_10055_201_1.jpg,Oliver_Machinery_10055_201_2.jpg,Oliver_Machinery_10055_201_3.jpg,Oliver_Machinery_10055_201_4.jpg,,,,Oliver_Machinery_10045_201_Catalog.pdf,,,,Oliver_Machinery_10055_201_Owners_User_Manual.pdf,,,,,,,,,,,https://vimeo.com/982050222?fl=pl&fe=cm,https://vimeo.com/1059032076?fl=pl&fe=cm,TW,,Yes